Copyright 1986-2022 Xilinx, Inc. All Rights Reserved. Copyright 2022-2025 Advanced Micro Devices, Inc. All Rights Reserved.
-----------------------------------------------------------------------------------------------------------------------------------------------------------------------------------------------------------------------------------------------------------
| Tool Version      : Vivado v.2025.2 (win64) Build 6299465 Fri Nov 14 19:35:11 GMT 2025
| Date              : Wed Apr 29 02:45:02 2026
| Host              : Kushal2009 running 64-bit major release  (build 9200)
| Command           : report_timing_summary -max_paths 10 -routable_nets -report_unconstrained -file system_wrapper_timing_summary_routed.rpt -pb system_wrapper_timing_summary_routed.pb -rpx system_wrapper_timing_summary_routed.rpx -warn_on_violation
| Design            : system_wrapper
| Device            : xczu3eg-sfvc784
| Speed File        : -2  PRODUCTION 1.30 05-15-2022
| Design State      : Routed
| Temperature Grade : E
-----------------------------------------------------------------------------------------------------------------------------------------------------------------------------------------------------------------------------------------------------------

Timing Summary Report

------------------------------------------------------------------------------------------------
| Timer Settings
| --------------
------------------------------------------------------------------------------------------------

  Enable Multi Corner Analysis               :  Yes
  Enable Pessimism Removal                   :  Yes
  Pessimism Removal Resolution               :  Nearest Common Node
  Enable Input Delay Default Clock           :  No
  Enable Preset / Clear Arcs                 :  No
  Disable Flight Delays                      :  No
  Ignore I/O Paths                           :  No
  Timing Early Launch at Borrowing Latches   :  No
  Borrow Time for Max Delay Exceptions       :  Yes
  Merge Timing Exceptions                    :  Yes
  Inter-SLR Compensation                     :  Conservative

  Corner  Analyze    Analyze    
  Name    Max Paths  Min Paths  
  ------  ---------  ---------  
  Slow    Yes        Yes        
  Fast    Yes        Yes        


------------------------------------------------------------------------------------------------
| Report Methodology
| ------------------
------------------------------------------------------------------------------------------------

Rule       Severity  Description                    Violations  
---------  --------  -----------------------------  ----------  
DPIR-2     Warning   Asynchronous driver check      129         
TIMING-18  Warning   Missing input or output delay  37          

Note: This report is based on the most recent report_methodology run and may not be up-to-date. Run report_methodology on the current design for the latest report.



check_timing report

Table of Contents
-----------------
1. checking no_clock (0)
2. checking constant_clock (0)
3. checking pulse_width_clock (0)
4. checking unconstrained_internal_endpoints (0)
5. checking no_input_delay (13)
6. checking no_output_delay (16)
7. checking multiple_clock (0)
8. checking generated_clocks (0)
9. checking loops (0)
10. checking partial_input_delay (0)
11. checking partial_output_delay (0)
12. checking latch_loops (0)

1. checking no_clock (0)
------------------------
 There are 0 register/latch pins with no clock.


2. checking constant_clock (0)
------------------------------
 There are 0 register/latch pins with constant_clock.


3. checking pulse_width_clock (0)
---------------------------------
 There are 0 register/latch pins which need pulse_width check


4. checking unconstrained_internal_endpoints (0)
------------------------------------------------
 There are 0 pins that are not constrained for maximum delay.

 There are 0 pins that are not constrained for maximum delay due to constant clock.


5. checking no_input_delay (13)
-------------------------------
 There are 13 input ports with no input delay specified. (HIGH)

 There are 0 input ports with no input delay but user has a false path constraint.


6. checking no_output_delay (16)
--------------------------------
 There are 16 ports with no output delay specified. (HIGH)

 There are 0 ports with no output delay but user has a false path constraint

 There are 0 ports with no output delay but with a timing clock defined on it or propagating through it


7. checking multiple_clock (0)
------------------------------
 There are 0 register/latch pins with multiple clocks.


8. checking generated_clocks (0)
--------------------------------
 There are 0 generated clocks that are not connected to a clock source.


9. checking loops (0)
---------------------
 There are 0 combinational loops in the design.


10. checking partial_input_delay (0)
------------------------------------
 There are 0 input ports with partial input delay specified.


11. checking partial_output_delay (0)
-------------------------------------
 There are 0 ports with partial output delay specified.


12. checking latch_loops (0)
----------------------------
 There are 0 combinational latch loops in the design through latch input



------------------------------------------------------------------------------------------------
| Design Timing Summary
| ---------------------
------------------------------------------------------------------------------------------------

    WNS(ns)      TNS(ns)  TNS Failing Endpoints  TNS Total Endpoints      WHS(ns)      THS(ns)  THS Failing Endpoints  THS Total Endpoints     WPWS(ns)     TPWS(ns)  TPWS Failing Endpoints  TPWS Total Endpoints  
    -------      -------  ---------------------  -------------------      -------      -------  ---------------------  -------------------     --------     --------  ----------------------  --------------------  
     12.465        0.000                      0                21421        0.010        0.000                      0                21421        8.812        0.000                       0                  7382  


All user specified timing constraints are met.


------------------------------------------------------------------------------------------------
| Clock Summary
| -------------
------------------------------------------------------------------------------------------------

Clock     Waveform(ns)       Period(ns)      Frequency(MHz)
-----     ------------       ----------      --------------
clk_pl_0  {0.000 10.313}     20.625          48.485          


------------------------------------------------------------------------------------------------
| Intra Clock Table
| -----------------
------------------------------------------------------------------------------------------------

Clock             WNS(ns)      TNS(ns)  TNS Failing Endpoints  TNS Total Endpoints      WHS(ns)      THS(ns)  THS Failing Endpoints  THS Total Endpoints     WPWS(ns)     TPWS(ns)  TPWS Failing Endpoints  TPWS Total Endpoints  
-----             -------      -------  ---------------------  -------------------      -------      -------  ---------------------  -------------------     --------     --------  ----------------------  --------------------  
clk_pl_0           12.465        0.000                      0                14745        0.010        0.000                      0                14745        8.812        0.000                       0                  7382  


------------------------------------------------------------------------------------------------
| Inter Clock Table
| -----------------
------------------------------------------------------------------------------------------------

From Clock    To Clock          WNS(ns)      TNS(ns)  TNS Failing Endpoints  TNS Total Endpoints      WHS(ns)      THS(ns)  THS Failing Endpoints  THS Total Endpoints  
----------    --------          -------      -------  ---------------------  -------------------      -------      -------  ---------------------  -------------------  


------------------------------------------------------------------------------------------------
| Other Path Groups Table
| -----------------------
------------------------------------------------------------------------------------------------

Path Group         From Clock         To Clock               WNS(ns)      TNS(ns)  TNS Failing Endpoints  TNS Total Endpoints      WHS(ns)      THS(ns)  THS Failing Endpoints  THS Total Endpoints  
----------         ----------         --------               -------      -------  ---------------------  -------------------      -------      -------  ---------------------  -------------------  
**async_default**  clk_pl_0           clk_pl_0                17.464        0.000                      0                 6676        1.265        0.000                      0                 6676  


------------------------------------------------------------------------------------------------
| User Ignored Path Table
| -----------------------
------------------------------------------------------------------------------------------------

Path Group    From Clock    To Clock    
----------    ----------    --------    
(none)                      clk_pl_0      
(none)        clk_pl_0      clk_pl_0      


------------------------------------------------------------------------------------------------
| Unconstrained Path Table
| ------------------------
------------------------------------------------------------------------------------------------

Path Group    From Clock    To Clock    
----------    ----------    --------    
(none)        clk_pl_0                    
(none)                      clk_pl_0      


------------------------------------------------------------------------------------------------
| Timing Details
| --------------
------------------------------------------------------------------------------------------------


---------------------------------------------------------------------------------------------------
From Clock:  clk_pl_0
  To Clock:  clk_pl_0

Setup :            0  Failing Endpoints,  Worst Slack       12.465ns,  Total Violation        0.000ns
Hold  :            0  Failing Endpoints,  Worst Slack        0.010ns,  Total Violation        0.000ns
PW    :            0  Failing Endpoints,  Worst Slack        8.812ns,  Total Violation        0.000ns
---------------------------------------------------------------------------------------------------


Max Delay Paths
--------------------------------------------------------------------------------------
Slack (MET) :             12.465ns  (required time - arrival time)
  Source:                 system_i/axi_sc/inst/s00_nodes/s00_ar_node/inst/inst_mi_handler/gen_normal_area.inst_fifo_node_payld/gen_reg_fifo.inst_reg_fifo/gen_single_rank.data_reg[113]/C
                            (rising edge-triggered cell FDRE clocked by clk_pl_0  {rise@0.000ns fall@10.312ns period=20.625ns})
  Destination:            system_i/hft_core/inst/u_core/u_axi_regs/s_axi_rdata_reg[17]/D
                            (rising edge-triggered cell FDCE clocked by clk_pl_0  {rise@0.000ns fall@10.312ns period=20.625ns})
  Path Group:             clk_pl_0
  Path Type:              Setup (Max at Slow Process Corner)
  Requirement:            20.625ns  (clk_pl_0 rise@20.625ns - clk_pl_0 rise@0.000ns)
  Data Path Delay:        7.875ns  (logic 0.535ns (6.793%)  route 7.340ns (93.206%))
  Logic Levels:           5  (LUT5=2 LUT6=1 MUXF7=2)
  Clock Path Skew:        -0.103ns (DCD - SCD + CPR)
    Destination Clock Delay (DCD):    1.607ns = ( 22.232 - 20.625 ) 
    Source Clock Delay      (SCD):    1.807ns
    Clock Pessimism Removal (CPR):    0.097ns
  Clock Uncertainty:      0.207ns  ((TSJ^2 + DJ^2)^1/2) / 2 + PE
    Total System Jitter     (TSJ):    0.071ns
    Discrete Jitter          (DJ):    0.409ns
    Phase Error              (PE):    0.000ns
  Clock Net Delay (Source):      1.608ns (routing 0.591ns, distribution 1.017ns)
  Clock Net Delay (Destination): 1.447ns (routing 0.533ns, distribution 0.914ns)

    Location             Delay type                Incr(ns)  Path(ns)    Netlist Resource(s)
  -------------------------------------------------------------------    -------------------
                         (clock clk_pl_0 rise edge)
                                                      0.000     0.000 r  
    PS8_X0Y0             PS8                          0.000     0.000 r  system_i/zynq_ps/inst/PS8_i/PLCLK[0]
                         net (fo=1, routed)           0.171     0.171    system_i/zynq_ps/inst/pl_clk_unbuffered[0]
    BUFG_PS_X0Y58        BUFG_PS (Prop_BUFG_PS_I_O)
                                                      0.028     0.199 r  system_i/zynq_ps/inst/buffer_pl_clk_0.PL_CLK_0_BUFG/O
    X0Y1 (CLOCK_ROOT)    net (fo=7382, routed)        1.608     1.807    system_i/axi_sc/inst/s00_nodes/s00_ar_node/inst/inst_mi_handler/gen_normal_area.inst_fifo_node_payld/gen_reg_fifo.inst_reg_fifo/s_sc_aclk
    SLICE_X4Y49          FDRE                                         r  system_i/axi_sc/inst/s00_nodes/s00_ar_node/inst/inst_mi_handler/gen_normal_area.inst_fifo_node_payld/gen_reg_fifo.inst_reg_fifo/gen_single_rank.data_reg[113]/C
  -------------------------------------------------------------------    -------------------
    SLICE_X4Y49          FDRE (Prop_FFF_SLICEM_C_Q)
                                                      0.076     1.883 r  system_i/axi_sc/inst/s00_nodes/s00_ar_node/inst/inst_mi_handler/gen_normal_area.inst_fifo_node_payld/gen_reg_fifo.inst_reg_fifo/gen_single_rank.data_reg[113]/Q
                         net (fo=605, routed)         5.747     7.630    system_i/hft_core/inst/u_core/u_axi_regs/s_axi_araddr[4]
    SLICE_X21Y157        MUXF7 (Prop_F7MUX_GH_SLICEL_S_O)
                                                      0.070     7.700 r  system_i/hft_core/inst/u_core/u_axi_regs/s_axi_rdata_reg[17]_i_30/O
                         net (fo=1, routed)           0.302     8.002    system_i/hft_core/inst/u_core/u_axi_regs/s_axi_rdata_reg[17]_i_30_n_0
    SLICE_X24Y156        LUT6 (Prop_G6LUT_SLICEM_I1_O)
                                                      0.123     8.125 r  system_i/hft_core/inst/u_core/u_axi_regs/s_axi_rdata[17]_i_11/O
                         net (fo=1, routed)           0.017     8.142    system_i/hft_core/inst/u_core/u_axi_regs/s_axi_rdata[17]_i_11_n_0
    SLICE_X24Y156        MUXF7 (Prop_F7MUX_GH_SLICEM_I1_O)
                                                      0.067     8.209 r  system_i/hft_core/inst/u_core/u_axi_regs/s_axi_rdata_reg[17]_i_4/O
                         net (fo=1, routed)           0.702     8.911    system_i/hft_core/inst/u_core/u_axi_regs/s_axi_rdata_reg[17]_i_4_n_0
    SLICE_X16Y124        LUT5 (Prop_H6LUT_SLICEM_I0_O)
                                                      0.053     8.964 r  system_i/hft_core/inst/u_core/u_axi_regs/s_axi_rdata[17]_i_2/O
                         net (fo=1, routed)           0.523     9.487    system_i/hft_core/inst/u_core/u_quote_book/s_axi_rdata_reg[17]
    SLICE_X6Y124         LUT5 (Prop_D6LUT_SLICEL_I0_O)
                                                      0.146     9.633 r  system_i/hft_core/inst/u_core/u_quote_book/s_axi_rdata[17]_i_1/O
                         net (fo=1, routed)           0.049     9.682    system_i/hft_core/inst/u_core/u_axi_regs/D[17]
    SLICE_X6Y124         FDCE                                         r  system_i/hft_core/inst/u_core/u_axi_regs/s_axi_rdata_reg[17]/D
  -------------------------------------------------------------------    -------------------

                         (clock clk_pl_0 rise edge)
                                                     20.625    20.625 r  
    PS8_X0Y0             PS8                          0.000    20.625 r  system_i/zynq_ps/inst/PS8_i/PLCLK[0]
                         net (fo=1, routed)           0.135    20.760    system_i/zynq_ps/inst/pl_clk_unbuffered[0]
    BUFG_PS_X0Y58        BUFG_PS (Prop_BUFG_PS_I_O)
                                                      0.025    20.785 r  system_i/zynq_ps/inst/buffer_pl_clk_0.PL_CLK_0_BUFG/O
    X0Y1 (CLOCK_ROOT)    net (fo=7382, routed)        1.447    22.232    system_i/hft_core/inst/u_core/u_axi_regs/clk
    SLICE_X6Y124         FDCE                                         r  system_i/hft_core/inst/u_core/u_axi_regs/s_axi_rdata_reg[17]/C
                         clock pessimism              0.097    22.329    
                         clock uncertainty           -0.207    22.122    
    SLICE_X6Y124         FDCE (Setup_DFF_SLICEL_C_D)
                                                      0.025    22.147    system_i/hft_core/inst/u_core/u_axi_regs/s_axi_rdata_reg[17]
  -------------------------------------------------------------------
                         required time                         22.147    
                         arrival time                          -9.682    
  -------------------------------------------------------------------
                         slack                                 12.465    

Slack (MET) :             12.560ns  (required time - arrival time)
  Source:                 system_i/axi_sc/inst/s00_nodes/s00_ar_node/inst/inst_mi_handler/gen_normal_area.inst_fifo_node_payld/gen_reg_fifo.inst_reg_fifo/gen_single_rank.data_reg[113]/C
                            (rising edge-triggered cell FDRE clocked by clk_pl_0  {rise@0.000ns fall@10.312ns period=20.625ns})
  Destination:            system_i/hft_core/inst/u_core/u_axi_regs/s_axi_rdata_reg[9]/D
                            (rising edge-triggered cell FDCE clocked by clk_pl_0  {rise@0.000ns fall@10.312ns period=20.625ns})
  Path Group:             clk_pl_0
  Path Type:              Setup (Max at Slow Process Corner)
  Requirement:            20.625ns  (clk_pl_0 rise@20.625ns - clk_pl_0 rise@0.000ns)
  Data Path Delay:        7.797ns  (logic 0.451ns (5.784%)  route 7.346ns (94.216%))
  Logic Levels:           5  (LUT6=2 MUXF7=2 MUXF8=1)
  Clock Path Skew:        -0.085ns (DCD - SCD + CPR)
    Destination Clock Delay (DCD):    1.625ns = ( 22.250 - 20.625 ) 
    Source Clock Delay      (SCD):    1.807ns
    Clock Pessimism Removal (CPR):    0.097ns
  Clock Uncertainty:      0.207ns  ((TSJ^2 + DJ^2)^1/2) / 2 + PE
    Total System Jitter     (TSJ):    0.071ns
    Discrete Jitter          (DJ):    0.409ns
    Phase Error              (PE):    0.000ns
  Clock Net Delay (Source):      1.608ns (routing 0.591ns, distribution 1.017ns)
  Clock Net Delay (Destination): 1.465ns (routing 0.533ns, distribution 0.932ns)

    Location             Delay type                Incr(ns)  Path(ns)    Netlist Resource(s)
  -------------------------------------------------------------------    -------------------
                         (clock clk_pl_0 rise edge)
                                                      0.000     0.000 r  
    PS8_X0Y0             PS8                          0.000     0.000 r  system_i/zynq_ps/inst/PS8_i/PLCLK[0]
                         net (fo=1, routed)           0.171     0.171    system_i/zynq_ps/inst/pl_clk_unbuffered[0]
    BUFG_PS_X0Y58        BUFG_PS (Prop_BUFG_PS_I_O)
                                                      0.028     0.199 r  system_i/zynq_ps/inst/buffer_pl_clk_0.PL_CLK_0_BUFG/O
    X0Y1 (CLOCK_ROOT)    net (fo=7382, routed)        1.608     1.807    system_i/axi_sc/inst/s00_nodes/s00_ar_node/inst/inst_mi_handler/gen_normal_area.inst_fifo_node_payld/gen_reg_fifo.inst_reg_fifo/s_sc_aclk
    SLICE_X4Y49          FDRE                                         r  system_i/axi_sc/inst/s00_nodes/s00_ar_node/inst/inst_mi_handler/gen_normal_area.inst_fifo_node_payld/gen_reg_fifo.inst_reg_fifo/gen_single_rank.data_reg[113]/C
  -------------------------------------------------------------------    -------------------
    SLICE_X4Y49          FDRE (Prop_FFF_SLICEM_C_Q)
                                                      0.076     1.883 r  system_i/axi_sc/inst/s00_nodes/s00_ar_node/inst/inst_mi_handler/gen_normal_area.inst_fifo_node_payld/gen_reg_fifo.inst_reg_fifo/gen_single_rank.data_reg[113]/Q
                         net (fo=605, routed)         6.209     8.092    system_i/hft_core/inst/u_core/u_axi_regs/s_axi_araddr[4]
    SLICE_X17Y163        MUXF7 (Prop_F7MUX_AB_SLICEL_S_O)
                                                      0.065     8.157 r  system_i/hft_core/inst/u_core/u_axi_regs/s_axi_rdata_reg[9]_i_41/O
                         net (fo=1, routed)           0.000     8.157    system_i/hft_core/inst/u_core/u_axi_regs/s_axi_rdata_reg[9]_i_41_n_0
    SLICE_X17Y163        MUXF8 (Prop_F8MUX_BOT_SLICEL_I1_O)
                                                      0.026     8.183 r  system_i/hft_core/inst/u_core/u_axi_regs/s_axi_rdata_reg[9]_i_20/O
                         net (fo=1, routed)           0.724     8.907    system_i/hft_core/inst/u_core/u_axi_regs/s_axi_rdata_reg[9]_i_20_n_0
    SLICE_X17Y137        LUT6 (Prop_C6LUT_SLICEL_I0_O)
                                                      0.096     9.003 r  system_i/hft_core/inst/u_core/u_axi_regs/s_axi_rdata[9]_i_9/O
                         net (fo=1, routed)           0.010     9.013    system_i/hft_core/inst/u_core/u_axi_regs/s_axi_rdata[9]_i_9_n_0
    SLICE_X17Y137        MUXF7 (Prop_F7MUX_CD_SLICEL_I1_O)
                                                      0.064     9.077 r  system_i/hft_core/inst/u_core/u_axi_regs/s_axi_rdata_reg[9]_i_3/O
                         net (fo=1, routed)           0.354     9.431    system_i/hft_core/inst/u_core/u_pos_tracker/s_axi_rdata_reg[9]_0
    SLICE_X15Y128        LUT6 (Prop_B6LUT_SLICEL_I2_O)
                                                      0.124     9.555 r  system_i/hft_core/inst/u_core/u_pos_tracker/s_axi_rdata[9]_i_1/O
                         net (fo=1, routed)           0.049     9.604    system_i/hft_core/inst/u_core/u_axi_regs/D[9]
    SLICE_X15Y128        FDCE                                         r  system_i/hft_core/inst/u_core/u_axi_regs/s_axi_rdata_reg[9]/D
  -------------------------------------------------------------------    -------------------

                         (clock clk_pl_0 rise edge)
                                                     20.625    20.625 r  
    PS8_X0Y0             PS8                          0.000    20.625 r  system_i/zynq_ps/inst/PS8_i/PLCLK[0]
                         net (fo=1, routed)           0.135    20.760    system_i/zynq_ps/inst/pl_clk_unbuffered[0]
    BUFG_PS_X0Y58        BUFG_PS (Prop_BUFG_PS_I_O)
                                                      0.025    20.785 r  system_i/zynq_ps/inst/buffer_pl_clk_0.PL_CLK_0_BUFG/O
    X0Y1 (CLOCK_ROOT)    net (fo=7382, routed)        1.465    22.250    system_i/hft_core/inst/u_core/u_axi_regs/clk
    SLICE_X15Y128        FDCE                                         r  system_i/hft_core/inst/u_core/u_axi_regs/s_axi_rdata_reg[9]/C
                         clock pessimism              0.097    22.347    
                         clock uncertainty           -0.207    22.139    
    SLICE_X15Y128        FDCE (Setup_BFF_SLICEL_C_D)
                                                      0.025    22.164    system_i/hft_core/inst/u_core/u_axi_regs/s_axi_rdata_reg[9]
  -------------------------------------------------------------------
                         required time                         22.164    
                         arrival time                          -9.604    
  -------------------------------------------------------------------
                         slack                                 12.560    

Slack (MET) :             12.689ns  (required time - arrival time)
  Source:                 system_i/axi_sc/inst/s00_nodes/s00_ar_node/inst/inst_mi_handler/gen_normal_area.inst_fifo_node_payld/gen_reg_fifo.inst_reg_fifo/gen_single_rank.data_reg[113]/C
                            (rising edge-triggered cell FDRE clocked by clk_pl_0  {rise@0.000ns fall@10.312ns period=20.625ns})
  Destination:            system_i/hft_core/inst/u_core/u_axi_regs/s_axi_rdata_reg[14]/D
                            (rising edge-triggered cell FDCE clocked by clk_pl_0  {rise@0.000ns fall@10.312ns period=20.625ns})
  Path Group:             clk_pl_0
  Path Type:              Setup (Max at Slow Process Corner)
  Requirement:            20.625ns  (clk_pl_0 rise@20.625ns - clk_pl_0 rise@0.000ns)
  Data Path Delay:        7.653ns  (logic 0.529ns (6.912%)  route 7.124ns (93.088%))
  Logic Levels:           5  (LUT6=2 MUXF7=2 MUXF8=1)
  Clock Path Skew:        -0.100ns (DCD - SCD + CPR)
    Destination Clock Delay (DCD):    1.610ns = ( 22.235 - 20.625 ) 
    Source Clock Delay      (SCD):    1.807ns
    Clock Pessimism Removal (CPR):    0.097ns
  Clock Uncertainty:      0.207ns  ((TSJ^2 + DJ^2)^1/2) / 2 + PE
    Total System Jitter     (TSJ):    0.071ns
    Discrete Jitter          (DJ):    0.409ns
    Phase Error              (PE):    0.000ns
  Clock Net Delay (Source):      1.608ns (routing 0.591ns, distribution 1.017ns)
  Clock Net Delay (Destination): 1.450ns (routing 0.533ns, distribution 0.917ns)

    Location             Delay type                Incr(ns)  Path(ns)    Netlist Resource(s)
  -------------------------------------------------------------------    -------------------
                         (clock clk_pl_0 rise edge)
                                                      0.000     0.000 r  
    PS8_X0Y0             PS8                          0.000     0.000 r  system_i/zynq_ps/inst/PS8_i/PLCLK[0]
                         net (fo=1, routed)           0.171     0.171    system_i/zynq_ps/inst/pl_clk_unbuffered[0]
    BUFG_PS_X0Y58        BUFG_PS (Prop_BUFG_PS_I_O)
                                                      0.028     0.199 r  system_i/zynq_ps/inst/buffer_pl_clk_0.PL_CLK_0_BUFG/O
    X0Y1 (CLOCK_ROOT)    net (fo=7382, routed)        1.608     1.807    system_i/axi_sc/inst/s00_nodes/s00_ar_node/inst/inst_mi_handler/gen_normal_area.inst_fifo_node_payld/gen_reg_fifo.inst_reg_fifo/s_sc_aclk
    SLICE_X4Y49          FDRE                                         r  system_i/axi_sc/inst/s00_nodes/s00_ar_node/inst/inst_mi_handler/gen_normal_area.inst_fifo_node_payld/gen_reg_fifo.inst_reg_fifo/gen_single_rank.data_reg[113]/C
  -------------------------------------------------------------------    -------------------
    SLICE_X4Y49          FDRE (Prop_FFF_SLICEM_C_Q)
                                                      0.076     1.883 r  system_i/axi_sc/inst/s00_nodes/s00_ar_node/inst/inst_mi_handler/gen_normal_area.inst_fifo_node_payld/gen_reg_fifo.inst_reg_fifo/gen_single_rank.data_reg[113]/Q
                         net (fo=605, routed)         5.970     7.853    system_i/hft_core/inst/u_core/u_axi_regs/s_axi_araddr[4]
    SLICE_X17Y156        MUXF7 (Prop_F7MUX_EF_SLICEL_S_O)
                                                      0.065     7.918 r  system_i/hft_core/inst/u_core/u_axi_regs/s_axi_rdata_reg[14]_i_44/O
                         net (fo=1, routed)           0.000     7.918    system_i/hft_core/inst/u_core/u_axi_regs/s_axi_rdata_reg[14]_i_44_n_0
    SLICE_X17Y156        MUXF8 (Prop_F8MUX_TOP_SLICEL_I1_O)
                                                      0.026     7.944 r  system_i/hft_core/inst/u_core/u_axi_regs/s_axi_rdata_reg[14]_i_23/O
                         net (fo=1, routed)           0.537     8.481    system_i/hft_core/inst/u_core/u_axi_regs/s_axi_rdata_reg[14]_i_23_n_0
    SLICE_X20Y137        LUT6 (Prop_C6LUT_SLICEM_I0_O)
                                                      0.145     8.626 r  system_i/hft_core/inst/u_core/u_axi_regs/s_axi_rdata[14]_i_12/O
                         net (fo=1, routed)           0.021     8.647    system_i/hft_core/inst/u_core/u_axi_regs/s_axi_rdata[14]_i_12_n_0
    SLICE_X20Y137        MUXF7 (Prop_F7MUX_CD_SLICEM_I1_O)
                                                      0.068     8.715 r  system_i/hft_core/inst/u_core/u_axi_regs/s_axi_rdata_reg[14]_i_4/O
                         net (fo=1, routed)           0.548     9.263    system_i/hft_core/inst/u_core/u_pos_tracker/s_axi_rdata_reg[14]_0
    SLICE_X10Y128        LUT6 (Prop_G6LUT_SLICEL_I2_O)
                                                      0.149     9.412 r  system_i/hft_core/inst/u_core/u_pos_tracker/s_axi_rdata[14]_i_1/O
                         net (fo=1, routed)           0.048     9.460    system_i/hft_core/inst/u_core/u_axi_regs/D[14]
    SLICE_X10Y128        FDCE                                         r  system_i/hft_core/inst/u_core/u_axi_regs/s_axi_rdata_reg[14]/D
  -------------------------------------------------------------------    -------------------

                         (clock clk_pl_0 rise edge)
                                                     20.625    20.625 r  
    PS8_X0Y0             PS8                          0.000    20.625 r  system_i/zynq_ps/inst/PS8_i/PLCLK[0]
                         net (fo=1, routed)           0.135    20.760    system_i/zynq_ps/inst/pl_clk_unbuffered[0]
    BUFG_PS_X0Y58        BUFG_PS (Prop_BUFG_PS_I_O)
                                                      0.025    20.785 r  system_i/zynq_ps/inst/buffer_pl_clk_0.PL_CLK_0_BUFG/O
    X0Y1 (CLOCK_ROOT)    net (fo=7382, routed)        1.450    22.235    system_i/hft_core/inst/u_core/u_axi_regs/clk
    SLICE_X10Y128        FDCE                                         r  system_i/hft_core/inst/u_core/u_axi_regs/s_axi_rdata_reg[14]/C
                         clock pessimism              0.097    22.332    
                         clock uncertainty           -0.207    22.124    
    SLICE_X10Y128        FDCE (Setup_GFF_SLICEL_C_D)
                                                      0.025    22.149    system_i/hft_core/inst/u_core/u_axi_regs/s_axi_rdata_reg[14]
  -------------------------------------------------------------------
                         required time                         22.149    
                         arrival time                          -9.460    
  -------------------------------------------------------------------
                         slack                                 12.689    

Slack (MET) :             12.809ns  (required time - arrival time)
  Source:                 system_i/axi_sc/inst/s00_nodes/s00_ar_node/inst/inst_mi_handler/gen_normal_area.inst_fifo_node_payld/gen_reg_fifo.inst_reg_fifo/gen_single_rank.data_reg[113]/C
                            (rising edge-triggered cell FDRE clocked by clk_pl_0  {rise@0.000ns fall@10.312ns period=20.625ns})
  Destination:            system_i/hft_core/inst/u_core/u_axi_regs/s_axi_rdata_reg[22]/D
                            (rising edge-triggered cell FDCE clocked by clk_pl_0  {rise@0.000ns fall@10.312ns period=20.625ns})
  Path Group:             clk_pl_0
  Path Type:              Setup (Max at Slow Process Corner)
  Requirement:            20.625ns  (clk_pl_0 rise@20.625ns - clk_pl_0 rise@0.000ns)
  Data Path Delay:        7.532ns  (logic 0.418ns (5.550%)  route 7.114ns (94.450%))
  Logic Levels:           5  (LUT5=2 LUT6=1 MUXF7=2)
  Clock Path Skew:        -0.102ns (DCD - SCD + CPR)
    Destination Clock Delay (DCD):    1.608ns = ( 22.233 - 20.625 ) 
    Source Clock Delay      (SCD):    1.807ns
    Clock Pessimism Removal (CPR):    0.097ns
  Clock Uncertainty:      0.207ns  ((TSJ^2 + DJ^2)^1/2) / 2 + PE
    Total System Jitter     (TSJ):    0.071ns
    Discrete Jitter          (DJ):    0.409ns
    Phase Error              (PE):    0.000ns
  Clock Net Delay (Source):      1.608ns (routing 0.591ns, distribution 1.017ns)
  Clock Net Delay (Destination): 1.448ns (routing 0.533ns, distribution 0.915ns)

    Location             Delay type                Incr(ns)  Path(ns)    Netlist Resource(s)
  -------------------------------------------------------------------    -------------------
                         (clock clk_pl_0 rise edge)
                                                      0.000     0.000 r  
    PS8_X0Y0             PS8                          0.000     0.000 r  system_i/zynq_ps/inst/PS8_i/PLCLK[0]
                         net (fo=1, routed)           0.171     0.171    system_i/zynq_ps/inst/pl_clk_unbuffered[0]
    BUFG_PS_X0Y58        BUFG_PS (Prop_BUFG_PS_I_O)
                                                      0.028     0.199 r  system_i/zynq_ps/inst/buffer_pl_clk_0.PL_CLK_0_BUFG/O
    X0Y1 (CLOCK_ROOT)    net (fo=7382, routed)        1.608     1.807    system_i/axi_sc/inst/s00_nodes/s00_ar_node/inst/inst_mi_handler/gen_normal_area.inst_fifo_node_payld/gen_reg_fifo.inst_reg_fifo/s_sc_aclk
    SLICE_X4Y49          FDRE                                         r  system_i/axi_sc/inst/s00_nodes/s00_ar_node/inst/inst_mi_handler/gen_normal_area.inst_fifo_node_payld/gen_reg_fifo.inst_reg_fifo/gen_single_rank.data_reg[113]/C
  -------------------------------------------------------------------    -------------------
    SLICE_X4Y49          FDRE (Prop_FFF_SLICEM_C_Q)
                                                      0.076     1.883 r  system_i/axi_sc/inst/s00_nodes/s00_ar_node/inst/inst_mi_handler/gen_normal_area.inst_fifo_node_payld/gen_reg_fifo.inst_reg_fifo/gen_single_rank.data_reg[113]/Q
                         net (fo=605, routed)         5.846     7.729    system_i/hft_core/inst/u_core/u_axi_regs/s_axi_araddr[4]
    SLICE_X23Y158        MUXF7 (Prop_F7MUX_GH_SLICEL_S_O)
                                                      0.070     7.799 r  system_i/hft_core/inst/u_core/u_axi_regs/s_axi_rdata_reg[22]_i_26/O
                         net (fo=1, routed)           0.214     8.013    system_i/hft_core/inst/u_core/u_axi_regs/s_axi_rdata_reg[22]_i_26_n_0
    SLICE_X23Y158        LUT6 (Prop_D6LUT_SLICEL_I3_O)
                                                      0.050     8.063 r  system_i/hft_core/inst/u_core/u_axi_regs/s_axi_rdata[22]_i_9/O
                         net (fo=1, routed)           0.009     8.072    system_i/hft_core/inst/u_core/u_axi_regs/s_axi_rdata[22]_i_9_n_0
    SLICE_X23Y158        MUXF7 (Prop_F7MUX_CD_SLICEL_I0_O)
                                                      0.063     8.135 r  system_i/hft_core/inst/u_core/u_axi_regs/s_axi_rdata_reg[22]_i_4/O
                         net (fo=1, routed)           0.463     8.598    system_i/hft_core/inst/u_core/u_axi_regs/s_axi_rdata_reg[22]_i_4_n_0
    SLICE_X19Y128        LUT5 (Prop_F6LUT_SLICEM_I0_O)
                                                      0.123     8.721 r  system_i/hft_core/inst/u_core/u_axi_regs/s_axi_rdata[22]_i_2/O
                         net (fo=1, routed)           0.533     9.254    system_i/hft_core/inst/u_core/u_quote_book/s_axi_rdata_reg[22]
    SLICE_X10Y128        LUT5 (Prop_D6LUT_SLICEL_I0_O)
                                                      0.036     9.290 r  system_i/hft_core/inst/u_core/u_quote_book/s_axi_rdata[22]_i_1/O
                         net (fo=1, routed)           0.049     9.339    system_i/hft_core/inst/u_core/u_axi_regs/D[22]
    SLICE_X10Y128        FDCE                                         r  system_i/hft_core/inst/u_core/u_axi_regs/s_axi_rdata_reg[22]/D
  -------------------------------------------------------------------    -------------------

                         (clock clk_pl_0 rise edge)
                                                     20.625    20.625 r  
    PS8_X0Y0             PS8                          0.000    20.625 r  system_i/zynq_ps/inst/PS8_i/PLCLK[0]
                         net (fo=1, routed)           0.135    20.760    system_i/zynq_ps/inst/pl_clk_unbuffered[0]
    BUFG_PS_X0Y58        BUFG_PS (Prop_BUFG_PS_I_O)
                                                      0.025    20.785 r  system_i/zynq_ps/inst/buffer_pl_clk_0.PL_CLK_0_BUFG/O
    X0Y1 (CLOCK_ROOT)    net (fo=7382, routed)        1.448    22.233    system_i/hft_core/inst/u_core/u_axi_regs/clk
    SLICE_X10Y128        FDCE                                         r  system_i/hft_core/inst/u_core/u_axi_regs/s_axi_rdata_reg[22]/C
                         clock pessimism              0.097    22.330    
                         clock uncertainty           -0.207    22.122    
    SLICE_X10Y128        FDCE (Setup_DFF_SLICEL_C_D)
                                                      0.025    22.147    system_i/hft_core/inst/u_core/u_axi_regs/s_axi_rdata_reg[22]
  -------------------------------------------------------------------
                         required time                         22.147    
                         arrival time                          -9.339    
  -------------------------------------------------------------------
                         slack                                 12.809    

Slack (MET) :             12.836ns  (required time - arrival time)
  Source:                 system_i/axi_sc/inst/s00_nodes/s00_ar_node/inst/inst_mi_handler/gen_normal_area.inst_fifo_node_payld/gen_reg_fifo.inst_reg_fifo/gen_single_rank.data_reg[113]/C
                            (rising edge-triggered cell FDRE clocked by clk_pl_0  {rise@0.000ns fall@10.312ns period=20.625ns})
  Destination:            system_i/hft_core/inst/u_core/u_axi_regs/s_axi_rdata_reg[11]/D
                            (rising edge-triggered cell FDCE clocked by clk_pl_0  {rise@0.000ns fall@10.312ns period=20.625ns})
  Path Group:             clk_pl_0
  Path Type:              Setup (Max at Slow Process Corner)
  Requirement:            20.625ns  (clk_pl_0 rise@20.625ns - clk_pl_0 rise@0.000ns)
  Data Path Delay:        7.522ns  (logic 0.432ns (5.743%)  route 7.090ns (94.257%))
  Logic Levels:           5  (LUT6=2 MUXF7=2 MUXF8=1)
  Clock Path Skew:        -0.084ns (DCD - SCD + CPR)
    Destination Clock Delay (DCD):    1.626ns = ( 22.251 - 20.625 ) 
    Source Clock Delay      (SCD):    1.807ns
    Clock Pessimism Removal (CPR):    0.097ns
  Clock Uncertainty:      0.207ns  ((TSJ^2 + DJ^2)^1/2) / 2 + PE
    Total System Jitter     (TSJ):    0.071ns
    Discrete Jitter          (DJ):    0.409ns
    Phase Error              (PE):    0.000ns
  Clock Net Delay (Source):      1.608ns (routing 0.591ns, distribution 1.017ns)
  Clock Net Delay (Destination): 1.466ns (routing 0.533ns, distribution 0.933ns)

    Location             Delay type                Incr(ns)  Path(ns)    Netlist Resource(s)
  -------------------------------------------------------------------    -------------------
                         (clock clk_pl_0 rise edge)
                                                      0.000     0.000 r  
    PS8_X0Y0             PS8                          0.000     0.000 r  system_i/zynq_ps/inst/PS8_i/PLCLK[0]
                         net (fo=1, routed)           0.171     0.171    system_i/zynq_ps/inst/pl_clk_unbuffered[0]
    BUFG_PS_X0Y58        BUFG_PS (Prop_BUFG_PS_I_O)
                                                      0.028     0.199 r  system_i/zynq_ps/inst/buffer_pl_clk_0.PL_CLK_0_BUFG/O
    X0Y1 (CLOCK_ROOT)    net (fo=7382, routed)        1.608     1.807    system_i/axi_sc/inst/s00_nodes/s00_ar_node/inst/inst_mi_handler/gen_normal_area.inst_fifo_node_payld/gen_reg_fifo.inst_reg_fifo/s_sc_aclk
    SLICE_X4Y49          FDRE                                         r  system_i/axi_sc/inst/s00_nodes/s00_ar_node/inst/inst_mi_handler/gen_normal_area.inst_fifo_node_payld/gen_reg_fifo.inst_reg_fifo/gen_single_rank.data_reg[113]/C
  -------------------------------------------------------------------    -------------------
    SLICE_X4Y49          FDRE (Prop_FFF_SLICEM_C_Q)
                                                      0.076     1.883 r  system_i/axi_sc/inst/s00_nodes/s00_ar_node/inst/inst_mi_handler/gen_normal_area.inst_fifo_node_payld/gen_reg_fifo.inst_reg_fifo/gen_single_rank.data_reg[113]/Q
                         net (fo=605, routed)         6.013     7.896    system_i/hft_core/inst/u_core/u_axi_regs/s_axi_araddr[4]
    SLICE_X16Y158        MUXF7 (Prop_F7MUX_EF_SLICEM_S_O)
                                                      0.070     7.966 r  system_i/hft_core/inst/u_core/u_axi_regs/s_axi_rdata_reg[11]_i_41/O
                         net (fo=1, routed)           0.000     7.966    system_i/hft_core/inst/u_core/u_axi_regs/s_axi_rdata_reg[11]_i_41_n_0
    SLICE_X16Y158        MUXF8 (Prop_F8MUX_TOP_SLICEM_I1_O)
                                                      0.028     7.994 r  system_i/hft_core/inst/u_core/u_axi_regs/s_axi_rdata_reg[11]_i_20/O
                         net (fo=1, routed)           0.524     8.518    system_i/hft_core/inst/u_core/u_axi_regs/s_axi_rdata_reg[11]_i_20_n_0
    SLICE_X18Y137        LUT6 (Prop_C6LUT_SLICEL_I0_O)
                                                      0.096     8.614 r  system_i/hft_core/inst/u_core/u_axi_regs/s_axi_rdata[11]_i_9/O
                         net (fo=1, routed)           0.010     8.624    system_i/hft_core/inst/u_core/u_axi_regs/s_axi_rdata[11]_i_9_n_0
    SLICE_X18Y137        MUXF7 (Prop_F7MUX_CD_SLICEL_I1_O)
                                                      0.064     8.688 r  system_i/hft_core/inst/u_core/u_axi_regs/s_axi_rdata_reg[11]_i_3/O
                         net (fo=1, routed)           0.494     9.182    system_i/hft_core/inst/u_core/u_pos_tracker/s_axi_rdata_reg[11]_0
    SLICE_X15Y127        LUT6 (Prop_B6LUT_SLICEL_I2_O)
                                                      0.098     9.280 r  system_i/hft_core/inst/u_core/u_pos_tracker/s_axi_rdata[11]_i_1/O
                         net (fo=1, routed)           0.049     9.329    system_i/hft_core/inst/u_core/u_axi_regs/D[11]
    SLICE_X15Y127        FDCE                                         r  system_i/hft_core/inst/u_core/u_axi_regs/s_axi_rdata_reg[11]/D
  -------------------------------------------------------------------    -------------------

                         (clock clk_pl_0 rise edge)
                                                     20.625    20.625 r  
    PS8_X0Y0             PS8                          0.000    20.625 r  system_i/zynq_ps/inst/PS8_i/PLCLK[0]
                         net (fo=1, routed)           0.135    20.760    system_i/zynq_ps/inst/pl_clk_unbuffered[0]
    BUFG_PS_X0Y58        BUFG_PS (Prop_BUFG_PS_I_O)
                                                      0.025    20.785 r  system_i/zynq_ps/inst/buffer_pl_clk_0.PL_CLK_0_BUFG/O
    X0Y1 (CLOCK_ROOT)    net (fo=7382, routed)        1.466    22.251    system_i/hft_core/inst/u_core/u_axi_regs/clk
    SLICE_X15Y127        FDCE                                         r  system_i/hft_core/inst/u_core/u_axi_regs/s_axi_rdata_reg[11]/C
                         clock pessimism              0.097    22.348    
                         clock uncertainty           -0.207    22.140    
    SLICE_X15Y127        FDCE (Setup_BFF_SLICEL_C_D)
                                                      0.025    22.165    system_i/hft_core/inst/u_core/u_axi_regs/s_axi_rdata_reg[11]
  -------------------------------------------------------------------
                         required time                         22.165    
                         arrival time                          -9.329    
  -------------------------------------------------------------------
                         slack                                 12.836    

Slack (MET) :             12.871ns  (required time - arrival time)
  Source:                 system_i/axi_sc/inst/s00_nodes/s00_ar_node/inst/inst_mi_handler/gen_normal_area.inst_fifo_node_payld/gen_reg_fifo.inst_reg_fifo/gen_single_rank.data_reg[113]/C
                            (rising edge-triggered cell FDRE clocked by clk_pl_0  {rise@0.000ns fall@10.312ns period=20.625ns})
  Destination:            system_i/hft_core/inst/u_core/u_axi_regs/s_axi_rdata_reg[18]/D
                            (rising edge-triggered cell FDCE clocked by clk_pl_0  {rise@0.000ns fall@10.312ns period=20.625ns})
  Path Group:             clk_pl_0
  Path Type:              Setup (Max at Slow Process Corner)
  Requirement:            20.625ns  (clk_pl_0 rise@20.625ns - clk_pl_0 rise@0.000ns)
  Data Path Delay:        7.469ns  (logic 0.445ns (5.958%)  route 7.024ns (94.042%))
  Logic Levels:           5  (LUT5=2 LUT6=1 MUXF7=2)
  Clock Path Skew:        -0.103ns (DCD - SCD + CPR)
    Destination Clock Delay (DCD):    1.607ns = ( 22.232 - 20.625 ) 
    Source Clock Delay      (SCD):    1.807ns
    Clock Pessimism Removal (CPR):    0.097ns
  Clock Uncertainty:      0.207ns  ((TSJ^2 + DJ^2)^1/2) / 2 + PE
    Total System Jitter     (TSJ):    0.071ns
    Discrete Jitter          (DJ):    0.409ns
    Phase Error              (PE):    0.000ns
  Clock Net Delay (Source):      1.608ns (routing 0.591ns, distribution 1.017ns)
  Clock Net Delay (Destination): 1.447ns (routing 0.533ns, distribution 0.914ns)

    Location             Delay type                Incr(ns)  Path(ns)    Netlist Resource(s)
  -------------------------------------------------------------------    -------------------
                         (clock clk_pl_0 rise edge)
                                                      0.000     0.000 r  
    PS8_X0Y0             PS8                          0.000     0.000 r  system_i/zynq_ps/inst/PS8_i/PLCLK[0]
                         net (fo=1, routed)           0.171     0.171    system_i/zynq_ps/inst/pl_clk_unbuffered[0]
    BUFG_PS_X0Y58        BUFG_PS (Prop_BUFG_PS_I_O)
                                                      0.028     0.199 r  system_i/zynq_ps/inst/buffer_pl_clk_0.PL_CLK_0_BUFG/O
    X0Y1 (CLOCK_ROOT)    net (fo=7382, routed)        1.608     1.807    system_i/axi_sc/inst/s00_nodes/s00_ar_node/inst/inst_mi_handler/gen_normal_area.inst_fifo_node_payld/gen_reg_fifo.inst_reg_fifo/s_sc_aclk
    SLICE_X4Y49          FDRE                                         r  system_i/axi_sc/inst/s00_nodes/s00_ar_node/inst/inst_mi_handler/gen_normal_area.inst_fifo_node_payld/gen_reg_fifo.inst_reg_fifo/gen_single_rank.data_reg[113]/C
  -------------------------------------------------------------------    -------------------
    SLICE_X4Y49          FDRE (Prop_FFF_SLICEM_C_Q)
                                                      0.076     1.883 r  system_i/axi_sc/inst/s00_nodes/s00_ar_node/inst/inst_mi_handler/gen_normal_area.inst_fifo_node_payld/gen_reg_fifo.inst_reg_fifo/gen_single_rank.data_reg[113]/Q
                         net (fo=605, routed)         5.936     7.819    system_i/hft_core/inst/u_core/u_axi_regs/s_axi_araddr[4]
    SLICE_X23Y157        MUXF7 (Prop_F7MUX_CD_SLICEL_S_O)
                                                      0.070     7.889 r  system_i/hft_core/inst/u_core/u_axi_regs/s_axi_rdata_reg[18]_i_27/O
                         net (fo=1, routed)           0.125     8.014    system_i/hft_core/inst/u_core/u_axi_regs/s_axi_rdata_reg[18]_i_27_n_0
    SLICE_X23Y156        LUT6 (Prop_D6LUT_SLICEL_I5_O)
                                                      0.036     8.050 r  system_i/hft_core/inst/u_core/u_axi_regs/s_axi_rdata[18]_i_9/O
                         net (fo=1, routed)           0.009     8.059    system_i/hft_core/inst/u_core/u_axi_regs/s_axi_rdata[18]_i_9_n_0
    SLICE_X23Y156        MUXF7 (Prop_F7MUX_CD_SLICEL_I0_O)
                                                      0.063     8.122 r  system_i/hft_core/inst/u_core/u_axi_regs/s_axi_rdata_reg[18]_i_4/O
                         net (fo=1, routed)           0.528     8.650    system_i/hft_core/inst/u_core/u_axi_regs/s_axi_rdata_reg[18]_i_4_n_0
    SLICE_X21Y129        LUT5 (Prop_G6LUT_SLICEL_I0_O)
                                                      0.149     8.799 r  system_i/hft_core/inst/u_core/u_axi_regs/s_axi_rdata[18]_i_2/O
                         net (fo=1, routed)           0.354     9.153    system_i/hft_core/inst/u_core/u_quote_book/s_axi_rdata_reg[18]
    SLICE_X9Y129         LUT5 (Prop_D6LUT_SLICEM_I0_O)
                                                      0.051     9.204 r  system_i/hft_core/inst/u_core/u_quote_book/s_axi_rdata[18]_i_1/O
                         net (fo=1, routed)           0.072     9.276    system_i/hft_core/inst/u_core/u_axi_regs/D[18]
    SLICE_X9Y129         FDCE                                         r  system_i/hft_core/inst/u_core/u_axi_regs/s_axi_rdata_reg[18]/D
  -------------------------------------------------------------------    -------------------

                         (clock clk_pl_0 rise edge)
                                                     20.625    20.625 r  
    PS8_X0Y0             PS8                          0.000    20.625 r  system_i/zynq_ps/inst/PS8_i/PLCLK[0]
                         net (fo=1, routed)           0.135    20.760    system_i/zynq_ps/inst/pl_clk_unbuffered[0]
    BUFG_PS_X0Y58        BUFG_PS (Prop_BUFG_PS_I_O)
                                                      0.025    20.785 r  system_i/zynq_ps/inst/buffer_pl_clk_0.PL_CLK_0_BUFG/O
    X0Y1 (CLOCK_ROOT)    net (fo=7382, routed)        1.447    22.232    system_i/hft_core/inst/u_core/u_axi_regs/clk
    SLICE_X9Y129         FDCE                                         r  system_i/hft_core/inst/u_core/u_axi_regs/s_axi_rdata_reg[18]/C
                         clock pessimism              0.097    22.329    
                         clock uncertainty           -0.207    22.122    
    SLICE_X9Y129         FDCE (Setup_DFF_SLICEM_C_D)
                                                      0.025    22.147    system_i/hft_core/inst/u_core/u_axi_regs/s_axi_rdata_reg[18]
  -------------------------------------------------------------------
                         required time                         22.147    
                         arrival time                          -9.276    
  -------------------------------------------------------------------
                         slack                                 12.871    

Slack (MET) :             12.945ns  (required time - arrival time)
  Source:                 system_i/axi_sc/inst/s00_nodes/s00_ar_node/inst/inst_mi_handler/gen_normal_area.inst_fifo_node_payld/gen_reg_fifo.inst_reg_fifo/gen_single_rank.data_reg[113]/C
                            (rising edge-triggered cell FDRE clocked by clk_pl_0  {rise@0.000ns fall@10.312ns period=20.625ns})
  Destination:            system_i/hft_core/inst/u_core/u_axi_regs/s_axi_rdata_reg[10]/D
                            (rising edge-triggered cell FDCE clocked by clk_pl_0  {rise@0.000ns fall@10.312ns period=20.625ns})
  Path Group:             clk_pl_0
  Path Type:              Setup (Max at Slow Process Corner)
  Requirement:            20.625ns  (clk_pl_0 rise@20.625ns - clk_pl_0 rise@0.000ns)
  Data Path Delay:        7.409ns  (logic 0.314ns (4.238%)  route 7.095ns (95.762%))
  Logic Levels:           5  (LUT6=2 MUXF7=2 MUXF8=1)
  Clock Path Skew:        -0.089ns (DCD - SCD + CPR)
    Destination Clock Delay (DCD):    1.621ns = ( 22.246 - 20.625 ) 
    Source Clock Delay      (SCD):    1.807ns
    Clock Pessimism Removal (CPR):    0.097ns
  Clock Uncertainty:      0.207ns  ((TSJ^2 + DJ^2)^1/2) / 2 + PE
    Total System Jitter     (TSJ):    0.071ns
    Discrete Jitter          (DJ):    0.409ns
    Phase Error              (PE):    0.000ns
  Clock Net Delay (Source):      1.608ns (routing 0.591ns, distribution 1.017ns)
  Clock Net Delay (Destination): 1.461ns (routing 0.533ns, distribution 0.928ns)

    Location             Delay type                Incr(ns)  Path(ns)    Netlist Resource(s)
  -------------------------------------------------------------------    -------------------
                         (clock clk_pl_0 rise edge)
                                                      0.000     0.000 r  
    PS8_X0Y0             PS8                          0.000     0.000 r  system_i/zynq_ps/inst/PS8_i/PLCLK[0]
                         net (fo=1, routed)           0.171     0.171    system_i/zynq_ps/inst/pl_clk_unbuffered[0]
    BUFG_PS_X0Y58        BUFG_PS (Prop_BUFG_PS_I_O)
                                                      0.028     0.199 r  system_i/zynq_ps/inst/buffer_pl_clk_0.PL_CLK_0_BUFG/O
    X0Y1 (CLOCK_ROOT)    net (fo=7382, routed)        1.608     1.807    system_i/axi_sc/inst/s00_nodes/s00_ar_node/inst/inst_mi_handler/gen_normal_area.inst_fifo_node_payld/gen_reg_fifo.inst_reg_fifo/s_sc_aclk
    SLICE_X4Y49          FDRE                                         r  system_i/axi_sc/inst/s00_nodes/s00_ar_node/inst/inst_mi_handler/gen_normal_area.inst_fifo_node_payld/gen_reg_fifo.inst_reg_fifo/gen_single_rank.data_reg[113]/C
  -------------------------------------------------------------------    -------------------
    SLICE_X4Y49          FDRE (Prop_FFF_SLICEM_C_Q)
                                                      0.076     1.883 r  system_i/axi_sc/inst/s00_nodes/s00_ar_node/inst/inst_mi_handler/gen_normal_area.inst_fifo_node_payld/gen_reg_fifo.inst_reg_fifo/gen_single_rank.data_reg[113]/Q
                         net (fo=605, routed)         6.202     8.085    system_i/hft_core/inst/u_core/u_axi_regs/s_axi_araddr[4]
    SLICE_X16Y163        MUXF7 (Prop_F7MUX_AB_SLICEM_S_O)
                                                      0.069     8.154 r  system_i/hft_core/inst/u_core/u_axi_regs/s_axi_rdata_reg[10]_i_43/O
                         net (fo=1, routed)           0.000     8.154    system_i/hft_core/inst/u_core/u_axi_regs/s_axi_rdata_reg[10]_i_43_n_0
    SLICE_X16Y163        MUXF8 (Prop_F8MUX_BOT_SLICEM_I1_O)
                                                      0.028     8.182 r  system_i/hft_core/inst/u_core/u_axi_regs/s_axi_rdata_reg[10]_i_21/O
                         net (fo=1, routed)           0.441     8.623    system_i/hft_core/inst/u_core/u_axi_regs/s_axi_rdata_reg[10]_i_21_n_0
    SLICE_X19Y139        LUT6 (Prop_C6LUT_SLICEM_I1_O)
                                                      0.037     8.660 r  system_i/hft_core/inst/u_core/u_axi_regs/s_axi_rdata[10]_i_9/O
                         net (fo=1, routed)           0.021     8.681    system_i/hft_core/inst/u_core/u_axi_regs/s_axi_rdata[10]_i_9_n_0
    SLICE_X19Y139        MUXF7 (Prop_F7MUX_CD_SLICEM_I1_O)
                                                      0.068     8.749 r  system_i/hft_core/inst/u_core/u_axi_regs/s_axi_rdata_reg[10]_i_3/O
                         net (fo=1, routed)           0.382     9.131    system_i/hft_core/inst/u_core/u_pos_tracker/s_axi_rdata_reg[10]_0
    SLICE_X15Y126        LUT6 (Prop_D6LUT_SLICEL_I2_O)
                                                      0.036     9.167 r  system_i/hft_core/inst/u_core/u_pos_tracker/s_axi_rdata[10]_i_1/O
                         net (fo=1, routed)           0.049     9.216    system_i/hft_core/inst/u_core/u_axi_regs/D[10]
    SLICE_X15Y126        FDCE                                         r  system_i/hft_core/inst/u_core/u_axi_regs/s_axi_rdata_reg[10]/D
  -------------------------------------------------------------------    -------------------

                         (clock clk_pl_0 rise edge)
                                                     20.625    20.625 r  
    PS8_X0Y0             PS8                          0.000    20.625 r  system_i/zynq_ps/inst/PS8_i/PLCLK[0]
                         net (fo=1, routed)           0.135    20.760    system_i/zynq_ps/inst/pl_clk_unbuffered[0]
    BUFG_PS_X0Y58        BUFG_PS (Prop_BUFG_PS_I_O)
                                                      0.025    20.785 r  system_i/zynq_ps/inst/buffer_pl_clk_0.PL_CLK_0_BUFG/O
    X0Y1 (CLOCK_ROOT)    net (fo=7382, routed)        1.461    22.246    system_i/hft_core/inst/u_core/u_axi_regs/clk
    SLICE_X15Y126        FDCE                                         r  system_i/hft_core/inst/u_core/u_axi_regs/s_axi_rdata_reg[10]/C
                         clock pessimism              0.097    22.343    
                         clock uncertainty           -0.207    22.136    
    SLICE_X15Y126        FDCE (Setup_DFF_SLICEL_C_D)
                                                      0.025    22.161    system_i/hft_core/inst/u_core/u_axi_regs/s_axi_rdata_reg[10]
  -------------------------------------------------------------------
                         required time                         22.161    
                         arrival time                          -9.216    
  -------------------------------------------------------------------
                         slack                                 12.945    

Slack (MET) :             12.971ns  (required time - arrival time)
  Source:                 system_i/hft_core/inst/u_core/u_strategy/signal_symbol_reg[1]_rep/C
                            (rising edge-triggered cell FDCE clocked by clk_pl_0  {rise@0.000ns fall@10.312ns period=20.625ns})
  Destination:            system_i/hft_core/inst/u_core/u_risk/pending_sell_reg[6][14]/D
                            (rising edge-triggered cell FDCE clocked by clk_pl_0  {rise@0.000ns fall@10.312ns period=20.625ns})
  Path Group:             clk_pl_0
  Path Type:              Setup (Max at Slow Process Corner)
  Requirement:            20.625ns  (clk_pl_0 rise@20.625ns - clk_pl_0 rise@0.000ns)
  Data Path Delay:        7.305ns  (logic 1.960ns (26.830%)  route 5.345ns (73.170%))
  Logic Levels:           19  (CARRY8=7 LUT1=1 LUT3=2 LUT4=2 LUT5=2 LUT6=5)
  Clock Path Skew:        -0.166ns (DCD - SCD + CPR)
    Destination Clock Delay (DCD):    1.635ns = ( 22.260 - 20.625 ) 
    Source Clock Delay      (SCD):    1.898ns
    Clock Pessimism Removal (CPR):    0.097ns
  Clock Uncertainty:      0.207ns  ((TSJ^2 + DJ^2)^1/2) / 2 + PE
    Total System Jitter     (TSJ):    0.071ns
    Discrete Jitter          (DJ):    0.409ns
    Phase Error              (PE):    0.000ns
  Clock Net Delay (Source):      1.699ns (routing 0.591ns, distribution 1.108ns)
  Clock Net Delay (Destination): 1.475ns (routing 0.533ns, distribution 0.942ns)

    Location             Delay type                Incr(ns)  Path(ns)    Netlist Resource(s)
  -------------------------------------------------------------------    -------------------
                         (clock clk_pl_0 rise edge)
                                                      0.000     0.000 r  
    PS8_X0Y0             PS8                          0.000     0.000 r  system_i/zynq_ps/inst/PS8_i/PLCLK[0]
                         net (fo=1, routed)           0.171     0.171    system_i/zynq_ps/inst/pl_clk_unbuffered[0]
    BUFG_PS_X0Y58        BUFG_PS (Prop_BUFG_PS_I_O)
                                                      0.028     0.199 r  system_i/zynq_ps/inst/buffer_pl_clk_0.PL_CLK_0_BUFG/O
    X0Y1 (CLOCK_ROOT)    net (fo=7382, routed)        1.699     1.898    system_i/hft_core/inst/u_core/u_strategy/clk
    SLICE_X22Y121        FDCE                                         r  system_i/hft_core/inst/u_core/u_strategy/signal_symbol_reg[1]_rep/C
  -------------------------------------------------------------------    -------------------
    SLICE_X22Y121        FDCE (Prop_HFF2_SLICEL_C_Q)
                                                      0.080     1.978 r  system_i/hft_core/inst/u_core/u_strategy/signal_symbol_reg[1]_rep/Q
                         net (fo=91, routed)          1.305     3.283    system_i/hft_core/inst/u_core/u_risk/pending_sell[1][15]_i_9_0
    SLICE_X19Y74         LUT6 (Prop_A6LUT_SLICEM_I2_O)
                                                      0.125     3.408 r  system_i/hft_core/inst/u_core/u_risk/pending_buy[1][7]_i_72/O
                         net (fo=1, routed)           0.150     3.558    system_i/hft_core/inst/u_core/u_risk/pending_buy[1][7]_i_72_n_0
    SLICE_X20Y74         LUT6 (Prop_F6LUT_SLICEM_I5_O)
                                                      0.123     3.681 f  system_i/hft_core/inst/u_core/u_risk/pending_buy[1][7]_i_37/O
                         net (fo=2, routed)           0.438     4.119    system_i/hft_core/inst/u_core/u_risk/pending_buy[1][7]_i_37_n_0
    SLICE_X22Y93         LUT3 (Prop_D5LUT_SLICEL_I2_O)
                                                      0.110     4.229 f  system_i/hft_core/inst/u_core/u_risk/approved_valid_i_278/O
                         net (fo=3, routed)           0.434     4.663    system_i/hft_core/inst/u_core/u_strategy/approved_valid_reg_i_129_12
    SLICE_X22Y113        LUT4 (Prop_C5LUT_SLICEL_I0_O)
                                                      0.158     4.821 f  system_i/hft_core/inst/u_core/u_strategy/approved_valid_i_276/O
                         net (fo=2, routed)           0.155     4.976    system_i/hft_core/inst/u_core/u_strategy/approved_valid_i_276_n_0
    SLICE_X22Y113        LUT5 (Prop_F6LUT_SLICEL_I4_O)
                                                      0.035     5.011 r  system_i/hft_core/inst/u_core/u_strategy/approved_valid_i_210/O
                         net (fo=2, routed)           0.136     5.147    system_i/hft_core/inst/u_core/u_strategy/approved_valid_i_210_n_0
    SLICE_X21Y113        LUT6 (Prop_F6LUT_SLICEL_I4_O)
                                                      0.035     5.182 r  system_i/hft_core/inst/u_core/u_strategy/approved_valid_i_217/O
                         net (fo=1, routed)           0.011     5.193    system_i/hft_core/inst/u_core/u_strategy/approved_valid_i_217_n_0
    SLICE_X21Y113        CARRY8 (Prop_CARRY8_SLICEL_S[5]_CO[7])
                                                      0.155     5.348 r  system_i/hft_core/inst/u_core/u_strategy/approved_valid_reg_i_129/CO[7]
                         net (fo=1, routed)           0.026     5.374    system_i/hft_core/inst/u_core/u_strategy/approved_valid_reg_i_129_n_0
    SLICE_X21Y114        CARRY8 (Prop_CARRY8_SLICEL_CI_CO[7])
                                                      0.015     5.389 r  system_i/hft_core/inst/u_core/u_strategy/approved_valid_reg_i_45/CO[7]
                         net (fo=1, routed)           0.026     5.415    system_i/hft_core/inst/u_core/u_pos_tracker/approved_valid_i_95[0]
    SLICE_X21Y115        CARRY8 (Prop_CARRY8_SLICEL_CI_O[0])
                                                      0.056     5.471 f  system_i/hft_core/inst/u_core/u_pos_tracker/approved_valid_reg_i_10/O[0]
                         net (fo=3, routed)           0.147     5.618    system_i/hft_core/inst/u_core/u_pos_tracker/signal_symbol_reg[3]_16[0]
    SLICE_X20Y115        LUT1 (Prop_B6LUT_SLICEM_I0_O)
                                                      0.149     5.767 r  system_i/hft_core/inst/u_core/u_pos_tracker/approved_valid_i_206/O
                         net (fo=1, routed)           0.016     5.783    system_i/hft_core/inst/u_core/u_pos_tracker/approved_valid_i_206_n_0
    SLICE_X20Y115        CARRY8 (Prop_CARRY8_SLICEM_S[1]_CO[7])
                                                      0.190     5.973 r  system_i/hft_core/inst/u_core/u_pos_tracker/approved_valid_reg_i_120/CO[7]
                         net (fo=1, routed)           0.026     5.999    system_i/hft_core/inst/u_core/u_pos_tracker/approved_valid_reg_i_120_n_0
    SLICE_X20Y116        CARRY8 (Prop_CARRY8_SLICEM_CI_O[5])
                                                      0.116     6.115 r  system_i/hft_core/inst/u_core/u_pos_tracker/approved_valid_reg_i_44/O[5]
                         net (fo=2, routed)           0.233     6.348    system_i/hft_core/inst/u_core/u_pos_tracker/approved_valid_i_128_0[5]
    SLICE_X19Y115        LUT4 (Prop_G6LUT_SLICEM_I0_O)
                                                      0.150     6.498 r  system_i/hft_core/inst/u_core/u_pos_tracker/approved_valid_i_37/O
                         net (fo=1, routed)           0.016     6.514    system_i/hft_core/inst/u_core/u_axi_regs/approved_valid_reg_i_3[6]
    SLICE_X19Y115        CARRY8 (Prop_CARRY8_SLICEM_S[6]_CO[7])
                                                      0.117     6.631 r  system_i/hft_core/inst/u_core/u_axi_regs/approved_valid_reg_i_7/CO[7]
                         net (fo=1, routed)           0.026     6.657    system_i/hft_core/inst/u_core/u_pos_tracker/approved_valid_i_2_1[0]
    SLICE_X19Y116        CARRY8 (Prop_CARRY8_SLICEM_CI_CO[0])
                                                      0.052     6.709 r  system_i/hft_core/inst/u_core/u_pos_tracker/approved_valid_reg_i_3/CO[0]
                         net (fo=2, routed)           0.277     6.987    system_i/hft_core/inst/u_core/u_pos_tracker/u_risk/pass_pos00_in
    SLICE_X20Y112        LUT5 (Prop_F6LUT_SLICEM_I4_O)
                                                      0.037     7.024 f  system_i/hft_core/inst/u_core/u_pos_tracker/pending_buy[1][15]_i_109/O
                         net (fo=4, routed)           0.217     7.240    system_i/hft_core/inst/u_core/u_pos_tracker/pending_buy[1][15]_i_109_n_0
    SLICE_X20Y104        LUT6 (Prop_H6LUT_SLICEM_I0_O)
                                                      0.039     7.279 r  system_i/hft_core/inst/u_core/u_pos_tracker/pending_sell[1][15]_i_22/O
                         net (fo=216, routed)         0.630     7.909    system_i/hft_core/inst/u_core/u_pos_tracker/pending_sell[1][15]_i_22_n_0
    SLICE_X27Y74         LUT3 (Prop_C6LUT_SLICEL_I1_O)
                                                      0.096     8.005 f  system_i/hft_core/inst/u_core/u_pos_tracker/pending_sell[1][15]_i_7/O
                         net (fo=256, routed)         1.027     9.032    system_i/hft_core/inst/u_core/u_pos_tracker/pending_sell[1][15]_i_7_n_0
    SLICE_X33Y93         LUT6 (Prop_D6LUT_SLICEL_I3_O)
                                                      0.122     9.154 r  system_i/hft_core/inst/u_core/u_pos_tracker/pending_sell[6][14]_i_1/O
                         net (fo=1, routed)           0.049     9.203    system_i/hft_core/inst/u_core/u_risk/pending_sell_reg[6][15]_1[14]
    SLICE_X33Y93         FDCE                                         r  system_i/hft_core/inst/u_core/u_risk/pending_sell_reg[6][14]/D
  -------------------------------------------------------------------    -------------------

                         (clock clk_pl_0 rise edge)
                                                     20.625    20.625 r  
    PS8_X0Y0             PS8                          0.000    20.625 r  system_i/zynq_ps/inst/PS8_i/PLCLK[0]
                         net (fo=1, routed)           0.135    20.760    system_i/zynq_ps/inst/pl_clk_unbuffered[0]
    BUFG_PS_X0Y58        BUFG_PS (Prop_BUFG_PS_I_O)
                                                      0.025    20.785 r  system_i/zynq_ps/inst/buffer_pl_clk_0.PL_CLK_0_BUFG/O
    X0Y1 (CLOCK_ROOT)    net (fo=7382, routed)        1.475    22.260    system_i/hft_core/inst/u_core/u_risk/clk
    SLICE_X33Y93         FDCE                                         r  system_i/hft_core/inst/u_core/u_risk/pending_sell_reg[6][14]/C
                         clock pessimism              0.097    22.357    
                         clock uncertainty           -0.207    22.150    
    SLICE_X33Y93         FDCE (Setup_DFF_SLICEL_C_D)
                                                      0.025    22.175    system_i/hft_core/inst/u_core/u_risk/pending_sell_reg[6][14]
  -------------------------------------------------------------------
                         required time                         22.175    
                         arrival time                          -9.203    
  -------------------------------------------------------------------
                         slack                                 12.971    

Slack (MET) :             12.971ns  (required time - arrival time)
  Source:                 system_i/axi_sc/inst/s00_nodes/s00_ar_node/inst/inst_mi_handler/gen_normal_area.inst_fifo_node_payld/gen_reg_fifo.inst_reg_fifo/gen_single_rank.data_reg[113]/C
                            (rising edge-triggered cell FDRE clocked by clk_pl_0  {rise@0.000ns fall@10.312ns period=20.625ns})
  Destination:            system_i/hft_core/inst/u_core/u_axi_regs/s_axi_rdata_reg[29]/D
                            (rising edge-triggered cell FDCE clocked by clk_pl_0  {rise@0.000ns fall@10.312ns period=20.625ns})
  Path Group:             clk_pl_0
  Path Type:              Setup (Max at Slow Process Corner)
  Requirement:            20.625ns  (clk_pl_0 rise@20.625ns - clk_pl_0 rise@0.000ns)
  Data Path Delay:        7.359ns  (logic 0.481ns (6.536%)  route 6.878ns (93.464%))
  Logic Levels:           5  (LUT5=2 LUT6=1 MUXF7=2)
  Clock Path Skew:        -0.112ns (DCD - SCD + CPR)
    Destination Clock Delay (DCD):    1.598ns = ( 22.223 - 20.625 ) 
    Source Clock Delay      (SCD):    1.807ns
    Clock Pessimism Removal (CPR):    0.097ns
  Clock Uncertainty:      0.207ns  ((TSJ^2 + DJ^2)^1/2) / 2 + PE
    Total System Jitter     (TSJ):    0.071ns
    Discrete Jitter          (DJ):    0.409ns
    Phase Error              (PE):    0.000ns
  Clock Net Delay (Source):      1.608ns (routing 0.591ns, distribution 1.017ns)
  Clock Net Delay (Destination): 1.438ns (routing 0.533ns, distribution 0.905ns)

    Location             Delay type                Incr(ns)  Path(ns)    Netlist Resource(s)
  -------------------------------------------------------------------    -------------------
                         (clock clk_pl_0 rise edge)
                                                      0.000     0.000 r  
    PS8_X0Y0             PS8                          0.000     0.000 r  system_i/zynq_ps/inst/PS8_i/PLCLK[0]
                         net (fo=1, routed)           0.171     0.171    system_i/zynq_ps/inst/pl_clk_unbuffered[0]
    BUFG_PS_X0Y58        BUFG_PS (Prop_BUFG_PS_I_O)
                                                      0.028     0.199 r  system_i/zynq_ps/inst/buffer_pl_clk_0.PL_CLK_0_BUFG/O
    X0Y1 (CLOCK_ROOT)    net (fo=7382, routed)        1.608     1.807    system_i/axi_sc/inst/s00_nodes/s00_ar_node/inst/inst_mi_handler/gen_normal_area.inst_fifo_node_payld/gen_reg_fifo.inst_reg_fifo/s_sc_aclk
    SLICE_X4Y49          FDRE                                         r  system_i/axi_sc/inst/s00_nodes/s00_ar_node/inst/inst_mi_handler/gen_normal_area.inst_fifo_node_payld/gen_reg_fifo.inst_reg_fifo/gen_single_rank.data_reg[113]/C
  -------------------------------------------------------------------    -------------------
    SLICE_X4Y49          FDRE (Prop_FFF_SLICEM_C_Q)
                                                      0.076     1.883 r  system_i/axi_sc/inst/s00_nodes/s00_ar_node/inst/inst_mi_handler/gen_normal_area.inst_fifo_node_payld/gen_reg_fifo.inst_reg_fifo/gen_single_rank.data_reg[113]/Q
                         net (fo=605, routed)         5.844     7.727    system_i/hft_core/inst/u_core/u_axi_regs/s_axi_araddr[4]
    SLICE_X20Y168        MUXF7 (Prop_F7MUX_GH_SLICEM_S_O)
                                                      0.076     7.803 r  system_i/hft_core/inst/u_core/u_axi_regs/s_axi_rdata_reg[29]_i_28/O
                         net (fo=1, routed)           0.179     7.982    system_i/hft_core/inst/u_core/u_axi_regs/s_axi_rdata_reg[29]_i_28_n_0
    SLICE_X20Y165        LUT6 (Prop_D6LUT_SLICEM_I3_O)
                                                      0.088     8.070 r  system_i/hft_core/inst/u_core/u_axi_regs/s_axi_rdata[29]_i_10/O
                         net (fo=1, routed)           0.025     8.095    system_i/hft_core/inst/u_core/u_axi_regs/s_axi_rdata[29]_i_10_n_0
    SLICE_X20Y165        MUXF7 (Prop_F7MUX_CD_SLICEM_I0_O)
                                                      0.069     8.164 r  system_i/hft_core/inst/u_core/u_axi_regs/s_axi_rdata_reg[29]_i_4/O
                         net (fo=1, routed)           0.415     8.579    system_i/hft_core/inst/u_core/u_axi_regs/s_axi_rdata_reg[29]_i_4_n_0
    SLICE_X21Y134        LUT5 (Prop_F6LUT_SLICEL_I0_O)
                                                      0.049     8.628 r  system_i/hft_core/inst/u_core/u_axi_regs/s_axi_rdata[29]_i_2/O
                         net (fo=1, routed)           0.365     8.993    system_i/hft_core/inst/u_core/u_quote_book/s_axi_rdata_reg[29]
    SLICE_X11Y134        LUT5 (Prop_C6LUT_SLICEL_I0_O)
                                                      0.123     9.116 r  system_i/hft_core/inst/u_core/u_quote_book/s_axi_rdata[29]_i_1/O
                         net (fo=1, routed)           0.050     9.166    system_i/hft_core/inst/u_core/u_axi_regs/D[29]
    SLICE_X11Y134        FDCE                                         r  system_i/hft_core/inst/u_core/u_axi_regs/s_axi_rdata_reg[29]/D
  -------------------------------------------------------------------    -------------------

                         (clock clk_pl_0 rise edge)
                                                     20.625    20.625 r  
    PS8_X0Y0             PS8                          0.000    20.625 r  system_i/zynq_ps/inst/PS8_i/PLCLK[0]
                         net (fo=1, routed)           0.135    20.760    system_i/zynq_ps/inst/pl_clk_unbuffered[0]
    BUFG_PS_X0Y58        BUFG_PS (Prop_BUFG_PS_I_O)
                                                      0.025    20.785 r  system_i/zynq_ps/inst/buffer_pl_clk_0.PL_CLK_0_BUFG/O
    X0Y1 (CLOCK_ROOT)    net (fo=7382, routed)        1.438    22.223    system_i/hft_core/inst/u_core/u_axi_regs/clk
    SLICE_X11Y134        FDCE                                         r  system_i/hft_core/inst/u_core/u_axi_regs/s_axi_rdata_reg[29]/C
                         clock pessimism              0.097    22.320    
                         clock uncertainty           -0.207    22.113    
    SLICE_X11Y134        FDCE (Setup_CFF_SLICEL_C_D)
                                                      0.025    22.138    system_i/hft_core/inst/u_core/u_axi_regs/s_axi_rdata_reg[29]
  -------------------------------------------------------------------
                         required time                         22.138    
                         arrival time                          -9.166    
  -------------------------------------------------------------------
                         slack                                 12.971    

Slack (MET) :             13.022ns  (required time - arrival time)
  Source:                 system_i/axi_sc/inst/s00_nodes/s00_ar_node/inst/inst_mi_handler/gen_normal_area.inst_fifo_node_payld/gen_reg_fifo.inst_reg_fifo/gen_single_rank.data_reg[113]/C
                            (rising edge-triggered cell FDRE clocked by clk_pl_0  {rise@0.000ns fall@10.312ns period=20.625ns})
  Destination:            system_i/hft_core/inst/u_core/u_axi_regs/s_axi_rdata_reg[12]/D
                            (rising edge-triggered cell FDCE clocked by clk_pl_0  {rise@0.000ns fall@10.312ns period=20.625ns})
  Path Group:             clk_pl_0
  Path Type:              Setup (Max at Slow Process Corner)
  Requirement:            20.625ns  (clk_pl_0 rise@20.625ns - clk_pl_0 rise@0.000ns)
  Data Path Delay:        7.332ns  (logic 0.483ns (6.588%)  route 6.849ns (93.412%))
  Logic Levels:           5  (LUT6=2 MUXF7=2 MUXF8=1)
  Clock Path Skew:        -0.089ns (DCD - SCD + CPR)
    Destination Clock Delay (DCD):    1.621ns = ( 22.246 - 20.625 ) 
    Source Clock Delay      (SCD):    1.807ns
    Clock Pessimism Removal (CPR):    0.097ns
  Clock Uncertainty:      0.207ns  ((TSJ^2 + DJ^2)^1/2) / 2 + PE
    Total System Jitter     (TSJ):    0.071ns
    Discrete Jitter          (DJ):    0.409ns
    Phase Error              (PE):    0.000ns
  Clock Net Delay (Source):      1.608ns (routing 0.591ns, distribution 1.017ns)
  Clock Net Delay (Destination): 1.461ns (routing 0.533ns, distribution 0.928ns)

    Location             Delay type                Incr(ns)  Path(ns)    Netlist Resource(s)
  -------------------------------------------------------------------    -------------------
                         (clock clk_pl_0 rise edge)
                                                      0.000     0.000 r  
    PS8_X0Y0             PS8                          0.000     0.000 r  system_i/zynq_ps/inst/PS8_i/PLCLK[0]
                         net (fo=1, routed)           0.171     0.171    system_i/zynq_ps/inst/pl_clk_unbuffered[0]
    BUFG_PS_X0Y58        BUFG_PS (Prop_BUFG_PS_I_O)
                                                      0.028     0.199 r  system_i/zynq_ps/inst/buffer_pl_clk_0.PL_CLK_0_BUFG/O
    X0Y1 (CLOCK_ROOT)    net (fo=7382, routed)        1.608     1.807    system_i/axi_sc/inst/s00_nodes/s00_ar_node/inst/inst_mi_handler/gen_normal_area.inst_fifo_node_payld/gen_reg_fifo.inst_reg_fifo/s_sc_aclk
    SLICE_X4Y49          FDRE                                         r  system_i/axi_sc/inst/s00_nodes/s00_ar_node/inst/inst_mi_handler/gen_normal_area.inst_fifo_node_payld/gen_reg_fifo.inst_reg_fifo/gen_single_rank.data_reg[113]/C
  -------------------------------------------------------------------    -------------------
    SLICE_X4Y49          FDRE (Prop_FFF_SLICEM_C_Q)
                                                      0.076     1.883 r  system_i/axi_sc/inst/s00_nodes/s00_ar_node/inst/inst_mi_handler/gen_normal_area.inst_fifo_node_payld/gen_reg_fifo.inst_reg_fifo/gen_single_rank.data_reg[113]/Q
                         net (fo=605, routed)         6.067     7.950    system_i/hft_core/inst/u_core/u_axi_regs/s_axi_araddr[4]
    SLICE_X16Y160        MUXF7 (Prop_F7MUX_EF_SLICEM_S_O)
                                                      0.070     8.020 r  system_i/hft_core/inst/u_core/u_axi_regs/s_axi_rdata_reg[12]_i_41/O
                         net (fo=1, routed)           0.000     8.020    system_i/hft_core/inst/u_core/u_axi_regs/s_axi_rdata_reg[12]_i_41_n_0
    SLICE_X16Y160        MUXF8 (Prop_F8MUX_TOP_SLICEM_I1_O)
                                                      0.028     8.048 r  system_i/hft_core/inst/u_core/u_axi_regs/s_axi_rdata_reg[12]_i_20/O
                         net (fo=1, routed)           0.395     8.443    system_i/hft_core/inst/u_core/u_axi_regs/s_axi_rdata_reg[12]_i_20_n_0
    SLICE_X16Y134        LUT6 (Prop_C6LUT_SLICEM_I0_O)
                                                      0.145     8.588 r  system_i/hft_core/inst/u_core/u_axi_regs/s_axi_rdata[12]_i_9/O
                         net (fo=1, routed)           0.021     8.609    system_i/hft_core/inst/u_core/u_axi_regs/s_axi_rdata[12]_i_9_n_0
    SLICE_X16Y134        MUXF7 (Prop_F7MUX_CD_SLICEM_I1_O)
                                                      0.068     8.677 r  system_i/hft_core/inst/u_core/u_axi_regs/s_axi_rdata_reg[12]_i_3/O
                         net (fo=1, routed)           0.316     8.993    system_i/hft_core/inst/u_core/u_pos_tracker/s_axi_rdata_reg[12]_0
    SLICE_X15Y126        LUT6 (Prop_C6LUT_SLICEL_I2_O)
                                                      0.096     9.089 r  system_i/hft_core/inst/u_core/u_pos_tracker/s_axi_rdata[12]_i_1/O
                         net (fo=1, routed)           0.050     9.139    system_i/hft_core/inst/u_core/u_axi_regs/D[12]
    SLICE_X15Y126        FDCE                                         r  system_i/hft_core/inst/u_core/u_axi_regs/s_axi_rdata_reg[12]/D
  -------------------------------------------------------------------    -------------------

                         (clock clk_pl_0 rise edge)
                                                     20.625    20.625 r  
    PS8_X0Y0             PS8                          0.000    20.625 r  system_i/zynq_ps/inst/PS8_i/PLCLK[0]
                         net (fo=1, routed)           0.135    20.760    system_i/zynq_ps/inst/pl_clk_unbuffered[0]
    BUFG_PS_X0Y58        BUFG_PS (Prop_BUFG_PS_I_O)
                                                      0.025    20.785 r  system_i/zynq_ps/inst/buffer_pl_clk_0.PL_CLK_0_BUFG/O
    X0Y1 (CLOCK_ROOT)    net (fo=7382, routed)        1.461    22.246    system_i/hft_core/inst/u_core/u_axi_regs/clk
    SLICE_X15Y126        FDCE                                         r  system_i/hft_core/inst/u_core/u_axi_regs/s_axi_rdata_reg[12]/C
                         clock pessimism              0.097    22.343    
                         clock uncertainty           -0.207    22.136    
    SLICE_X15Y126        FDCE (Setup_CFF_SLICEL_C_D)
                                                      0.025    22.161    system_i/hft_core/inst/u_core/u_axi_regs/s_axi_rdata_reg[12]
  -------------------------------------------------------------------
                         required time                         22.161    
                         arrival time                          -9.139    
  -------------------------------------------------------------------
                         slack                                 13.022    





Min Delay Paths
--------------------------------------------------------------------------------------
Slack (MET) :             0.010ns  (arrival time - required time)
  Source:                 system_i/hft_core/inst/u_core/u_link_rx/assemble_reg_reg[79]/C
                            (rising edge-triggered cell FDCE clocked by clk_pl_0  {rise@0.000ns fall@10.312ns period=20.625ns})
  Destination:            system_i/hft_core/inst/u_core/u_link_rx/frame_out_reg[83]/D
                            (rising edge-triggered cell FDCE clocked by clk_pl_0  {rise@0.000ns fall@10.312ns period=20.625ns})
  Path Group:             clk_pl_0
  Path Type:              Hold (Min at Slow Process Corner)
  Requirement:            0.000ns  (clk_pl_0 rise@0.000ns - clk_pl_0 rise@0.000ns)
  Data Path Delay:        0.166ns  (logic 0.061ns (36.658%)  route 0.105ns (63.342%))
  Logic Levels:           0  
  Clock Path Skew:        0.096ns (DCD - SCD - CPR)
    Destination Clock Delay (DCD):    1.870ns
    Source Clock Delay      (SCD):    1.623ns
    Clock Pessimism Removal (CPR):    0.151ns
  Clock Net Delay (Source):      1.463ns (routing 0.533ns, distribution 0.930ns)
  Clock Net Delay (Destination): 1.671ns (routing 0.591ns, distribution 1.080ns)

    Location             Delay type                Incr(ns)  Path(ns)    Netlist Resource(s)
  -------------------------------------------------------------------    -------------------
                         (clock clk_pl_0 rise edge)
                                                      0.000     0.000 r  
    PS8_X0Y0             PS8                          0.000     0.000 r  system_i/zynq_ps/inst/PS8_i/PLCLK[0]
                         net (fo=1, routed)           0.135     0.135    system_i/zynq_ps/inst/pl_clk_unbuffered[0]
    BUFG_PS_X0Y58        BUFG_PS (Prop_BUFG_PS_I_O)
                                                      0.025     0.160 r  system_i/zynq_ps/inst/buffer_pl_clk_0.PL_CLK_0_BUFG/O
    X0Y1 (CLOCK_ROOT)    net (fo=7382, routed)        1.463     1.623    system_i/hft_core/inst/u_core/u_link_rx/clk
    SLICE_X21Y149        FDCE                                         r  system_i/hft_core/inst/u_core/u_link_rx/assemble_reg_reg[79]/C
  -------------------------------------------------------------------    -------------------
    SLICE_X21Y149        FDCE (Prop_DFF2_SLICEL_C_Q)
                                                      0.061     1.684 r  system_i/hft_core/inst/u_core/u_link_rx/assemble_reg_reg[79]/Q
                         net (fo=2, routed)           0.105     1.789    system_i/hft_core/inst/u_core/u_link_rx/p_0_in1_in[83]
    SLICE_X21Y150        FDCE                                         r  system_i/hft_core/inst/u_core/u_link_rx/frame_out_reg[83]/D
  -------------------------------------------------------------------    -------------------

                         (clock clk_pl_0 rise edge)
                                                      0.000     0.000 r  
    PS8_X0Y0             PS8                          0.000     0.000 r  system_i/zynq_ps/inst/PS8_i/PLCLK[0]
                         net (fo=1, routed)           0.171     0.171    system_i/zynq_ps/inst/pl_clk_unbuffered[0]
    BUFG_PS_X0Y58        BUFG_PS (Prop_BUFG_PS_I_O)
                                                      0.028     0.199 r  system_i/zynq_ps/inst/buffer_pl_clk_0.PL_CLK_0_BUFG/O
    X0Y1 (CLOCK_ROOT)    net (fo=7382, routed)        1.671     1.870    system_i/hft_core/inst/u_core/u_link_rx/clk
    SLICE_X21Y150        FDCE                                         r  system_i/hft_core/inst/u_core/u_link_rx/frame_out_reg[83]/C
                         clock pessimism             -0.151     1.719    
    SLICE_X21Y150        FDCE (Hold_GFF_SLICEL_C_D)
                                                      0.060     1.779    system_i/hft_core/inst/u_core/u_link_rx/frame_out_reg[83]
  -------------------------------------------------------------------
                         required time                         -1.779    
                         arrival time                           1.789    
  -------------------------------------------------------------------
                         slack                                  0.010    

Slack (MET) :             0.012ns  (arrival time - required time)
  Source:                 system_i/hft_core/inst/u_core/u_pos_tracker/fills_rcvd_reg[10]/C
                            (rising edge-triggered cell FDCE clocked by clk_pl_0  {rise@0.000ns fall@10.312ns period=20.625ns})
  Destination:            system_i/hft_core/inst/u_core/u_pos_tracker/fills_rcvd_reg[16]/D
                            (rising edge-triggered cell FDCE clocked by clk_pl_0  {rise@0.000ns fall@10.312ns period=20.625ns})
  Path Group:             clk_pl_0
  Path Type:              Hold (Min at Slow Process Corner)
  Requirement:            0.000ns  (clk_pl_0 rise@0.000ns - clk_pl_0 rise@0.000ns)
  Data Path Delay:        0.273ns  (logic 0.203ns (74.249%)  route 0.070ns (25.751%))
  Logic Levels:           3  (CARRY8=2 LUT2=1)
  Clock Path Skew:        0.201ns (DCD - SCD - CPR)
    Destination Clock Delay (DCD):    1.900ns
    Source Clock Delay      (SCD):    1.602ns
    Clock Pessimism Removal (CPR):    0.097ns
  Clock Net Delay (Source):      1.442ns (routing 0.533ns, distribution 0.909ns)
  Clock Net Delay (Destination): 1.701ns (routing 0.591ns, distribution 1.110ns)

    Location             Delay type                Incr(ns)  Path(ns)    Netlist Resource(s)
  -------------------------------------------------------------------    -------------------
                         (clock clk_pl_0 rise edge)
                                                      0.000     0.000 r  
    PS8_X0Y0             PS8                          0.000     0.000 r  system_i/zynq_ps/inst/PS8_i/PLCLK[0]
                         net (fo=1, routed)           0.135     0.135    system_i/zynq_ps/inst/pl_clk_unbuffered[0]
    BUFG_PS_X0Y58        BUFG_PS (Prop_BUFG_PS_I_O)
                                                      0.025     0.160 r  system_i/zynq_ps/inst/buffer_pl_clk_0.PL_CLK_0_BUFG/O
    X0Y1 (CLOCK_ROOT)    net (fo=7382, routed)        1.442     1.602    system_i/hft_core/inst/u_core/u_pos_tracker/clk
    SLICE_X20Y119        FDCE                                         r  system_i/hft_core/inst/u_core/u_pos_tracker/fills_rcvd_reg[10]/C
  -------------------------------------------------------------------    -------------------
    SLICE_X20Y119        FDCE (Prop_CFF_SLICEM_C_Q)
                                                      0.058     1.660 r  system_i/hft_core/inst/u_core/u_pos_tracker/fills_rcvd_reg[10]/Q
                         net (fo=2, routed)           0.038     1.698    system_i/hft_core/inst/u_core/u_pos_tracker/fills_rcvd[10]
    SLICE_X20Y119        LUT2 (Prop_C6LUT_SLICEM_I0_O)
                                                      0.022     1.720 r  system_i/hft_core/inst/u_core/u_pos_tracker/fills_rcvd[8]_i_7/O
                         net (fo=1, routed)           0.019     1.739    system_i/hft_core/inst/u_core/u_pos_tracker/fills_rcvd[8]_i_7_n_0
    SLICE_X20Y119        CARRY8 (Prop_CARRY8_SLICEM_S[2]_CO[7])
                                                      0.092     1.831 r  system_i/hft_core/inst/u_core/u_pos_tracker/fills_rcvd_reg[8]_i_1/CO[7]
                         net (fo=1, routed)           0.004     1.835    system_i/hft_core/inst/u_core/u_pos_tracker/fills_rcvd_reg[8]_i_1_n_0
    SLICE_X20Y120        CARRY8 (Prop_CARRY8_SLICEM_CI_O[0])
                                                      0.031     1.866 r  system_i/hft_core/inst/u_core/u_pos_tracker/fills_rcvd_reg[16]_i_1/O[0]
                         net (fo=1, routed)           0.009     1.875    system_i/hft_core/inst/u_core/u_pos_tracker/fills_rcvd_reg[16]_i_1_n_15
    SLICE_X20Y120        FDCE                                         r  system_i/hft_core/inst/u_core/u_pos_tracker/fills_rcvd_reg[16]/D
  -------------------------------------------------------------------    -------------------

                         (clock clk_pl_0 rise edge)
                                                      0.000     0.000 r  
    PS8_X0Y0             PS8                          0.000     0.000 r  system_i/zynq_ps/inst/PS8_i/PLCLK[0]
                         net (fo=1, routed)           0.171     0.171    system_i/zynq_ps/inst/pl_clk_unbuffered[0]
    BUFG_PS_X0Y58        BUFG_PS (Prop_BUFG_PS_I_O)
                                                      0.028     0.199 r  system_i/zynq_ps/inst/buffer_pl_clk_0.PL_CLK_0_BUFG/O
    X0Y1 (CLOCK_ROOT)    net (fo=7382, routed)        1.701     1.900    system_i/hft_core/inst/u_core/u_pos_tracker/clk
    SLICE_X20Y120        FDCE                                         r  system_i/hft_core/inst/u_core/u_pos_tracker/fills_rcvd_reg[16]/C
                         clock pessimism             -0.097     1.803    
    SLICE_X20Y120        FDCE (Hold_AFF_SLICEM_C_D)
                                                      0.060     1.863    system_i/hft_core/inst/u_core/u_pos_tracker/fills_rcvd_reg[16]
  -------------------------------------------------------------------
                         required time                         -1.863    
                         arrival time                           1.875    
  -------------------------------------------------------------------
                         slack                                  0.012    

Slack (MET) :             0.012ns  (arrival time - required time)
  Source:                 system_i/hft_core/inst/u_core/u_risk/risk_rejects_reg[22]/C
                            (rising edge-triggered cell FDCE clocked by clk_pl_0  {rise@0.000ns fall@10.312ns period=20.625ns})
  Destination:            system_i/hft_core/inst/u_core/u_risk/risk_rejects_reg[24]/D
                            (rising edge-triggered cell FDCE clocked by clk_pl_0  {rise@0.000ns fall@10.312ns period=20.625ns})
  Path Group:             clk_pl_0
  Path Type:              Hold (Min at Slow Process Corner)
  Requirement:            0.000ns  (clk_pl_0 rise@0.000ns - clk_pl_0 rise@0.000ns)
  Data Path Delay:        0.268ns  (logic 0.211ns (78.613%)  route 0.057ns (21.387%))
  Logic Levels:           3  (CARRY8=2 LUT2=1)
  Clock Path Skew:        0.196ns (DCD - SCD - CPR)
    Destination Clock Delay (DCD):    1.893ns
    Source Clock Delay      (SCD):    1.600ns
    Clock Pessimism Removal (CPR):    0.097ns
  Clock Net Delay (Source):      1.440ns (routing 0.533ns, distribution 0.907ns)
  Clock Net Delay (Destination): 1.694ns (routing 0.591ns, distribution 1.103ns)

    Location             Delay type                Incr(ns)  Path(ns)    Netlist Resource(s)
  -------------------------------------------------------------------    -------------------
                         (clock clk_pl_0 rise edge)
                                                      0.000     0.000 r  
    PS8_X0Y0             PS8                          0.000     0.000 r  system_i/zynq_ps/inst/PS8_i/PLCLK[0]
                         net (fo=1, routed)           0.135     0.135    system_i/zynq_ps/inst/pl_clk_unbuffered[0]
    BUFG_PS_X0Y58        BUFG_PS (Prop_BUFG_PS_I_O)
                                                      0.025     0.160 r  system_i/zynq_ps/inst/buffer_pl_clk_0.PL_CLK_0_BUFG/O
    X0Y1 (CLOCK_ROOT)    net (fo=7382, routed)        1.440     1.600    system_i/hft_core/inst/u_core/u_risk/clk
    SLICE_X21Y119        FDCE                                         r  system_i/hft_core/inst/u_core/u_risk/risk_rejects_reg[22]/C
  -------------------------------------------------------------------    -------------------
    SLICE_X21Y119        FDCE (Prop_GFF_SLICEL_C_Q)
                                                      0.059     1.659 r  system_i/hft_core/inst/u_core/u_risk/risk_rejects_reg[22]/Q
                         net (fo=2, routed)           0.035     1.694    system_i/hft_core/inst/u_core/u_risk/risk_rejects[22]
    SLICE_X21Y119        LUT2 (Prop_G6LUT_SLICEL_I0_O)
                                                      0.065     1.759 r  system_i/hft_core/inst/u_core/u_risk/risk_rejects[16]_i_3/O
                         net (fo=1, routed)           0.009     1.768    system_i/hft_core/inst/u_core/u_risk/risk_rejects[16]_i_3_n_0
    SLICE_X21Y119        CARRY8 (Prop_CARRY8_SLICEL_S[6]_CO[7])
                                                      0.056     1.824 r  system_i/hft_core/inst/u_core/u_risk/risk_rejects_reg[16]_i_1/CO[7]
                         net (fo=1, routed)           0.004     1.828    system_i/hft_core/inst/u_core/u_risk/risk_rejects_reg[16]_i_1_n_0
    SLICE_X21Y120        CARRY8 (Prop_CARRY8_SLICEL_CI_O[0])
                                                      0.031     1.859 r  system_i/hft_core/inst/u_core/u_risk/risk_rejects_reg[24]_i_1/O[0]
                         net (fo=1, routed)           0.009     1.868    system_i/hft_core/inst/u_core/u_risk/risk_rejects_reg[24]_i_1_n_15
    SLICE_X21Y120        FDCE                                         r  system_i/hft_core/inst/u_core/u_risk/risk_rejects_reg[24]/D
  -------------------------------------------------------------------    -------------------

                         (clock clk_pl_0 rise edge)
                                                      0.000     0.000 r  
    PS8_X0Y0             PS8                          0.000     0.000 r  system_i/zynq_ps/inst/PS8_i/PLCLK[0]
                         net (fo=1, routed)           0.171     0.171    system_i/zynq_ps/inst/pl_clk_unbuffered[0]
    BUFG_PS_X0Y58        BUFG_PS (Prop_BUFG_PS_I_O)
                                                      0.028     0.199 r  system_i/zynq_ps/inst/buffer_pl_clk_0.PL_CLK_0_BUFG/O
    X0Y1 (CLOCK_ROOT)    net (fo=7382, routed)        1.694     1.893    system_i/hft_core/inst/u_core/u_risk/clk
    SLICE_X21Y120        FDCE                                         r  system_i/hft_core/inst/u_core/u_risk/risk_rejects_reg[24]/C
                         clock pessimism             -0.097     1.796    
    SLICE_X21Y120        FDCE (Hold_AFF_SLICEL_C_D)
                                                      0.060     1.856    system_i/hft_core/inst/u_core/u_risk/risk_rejects_reg[24]
  -------------------------------------------------------------------
                         required time                         -1.856    
                         arrival time                           1.868    
  -------------------------------------------------------------------
                         slack                                  0.012    

Slack (MET) :             0.012ns  (arrival time - required time)
  Source:                 system_i/hft_core/inst/u_core/u_strategy/signal_price_reg[17]/C
                            (rising edge-triggered cell FDCE clocked by clk_pl_0  {rise@0.000ns fall@10.312ns period=20.625ns})
  Destination:            system_i/hft_core/inst/u_core/u_risk/approved_price_reg[17]/D
                            (rising edge-triggered cell FDCE clocked by clk_pl_0  {rise@0.000ns fall@10.312ns period=20.625ns})
  Path Group:             clk_pl_0
  Path Type:              Hold (Min at Slow Process Corner)
  Requirement:            0.000ns  (clk_pl_0 rise@0.000ns - clk_pl_0 rise@0.000ns)
  Data Path Delay:        0.170ns  (logic 0.059ns (34.706%)  route 0.111ns (65.294%))
  Logic Levels:           0  
  Clock Path Skew:        0.098ns (DCD - SCD - CPR)
    Destination Clock Delay (DCD):    1.866ns
    Source Clock Delay      (SCD):    1.617ns
    Clock Pessimism Removal (CPR):    0.151ns
  Clock Net Delay (Source):      1.457ns (routing 0.533ns, distribution 0.924ns)
  Clock Net Delay (Destination): 1.667ns (routing 0.591ns, distribution 1.076ns)

    Location             Delay type                Incr(ns)  Path(ns)    Netlist Resource(s)
  -------------------------------------------------------------------    -------------------
                         (clock clk_pl_0 rise edge)
                                                      0.000     0.000 r  
    PS8_X0Y0             PS8                          0.000     0.000 r  system_i/zynq_ps/inst/PS8_i/PLCLK[0]
                         net (fo=1, routed)           0.135     0.135    system_i/zynq_ps/inst/pl_clk_unbuffered[0]
    BUFG_PS_X0Y58        BUFG_PS (Prop_BUFG_PS_I_O)
                                                      0.025     0.160 r  system_i/zynq_ps/inst/buffer_pl_clk_0.PL_CLK_0_BUFG/O
    X0Y1 (CLOCK_ROOT)    net (fo=7382, routed)        1.457     1.617    system_i/hft_core/inst/u_core/u_strategy/clk
    SLICE_X27Y150        FDCE                                         r  system_i/hft_core/inst/u_core/u_strategy/signal_price_reg[17]/C
  -------------------------------------------------------------------    -------------------
    SLICE_X27Y150        FDCE (Prop_DFF_SLICEL_C_Q)
                                                      0.059     1.676 r  system_i/hft_core/inst/u_core/u_strategy/signal_price_reg[17]/Q
                         net (fo=1, routed)           0.111     1.787    system_i/hft_core/inst/u_core/u_risk/approved_price_reg[31]_0[17]
    SLICE_X27Y149        FDCE                                         r  system_i/hft_core/inst/u_core/u_risk/approved_price_reg[17]/D
  -------------------------------------------------------------------    -------------------

                         (clock clk_pl_0 rise edge)
                                                      0.000     0.000 r  
    PS8_X0Y0             PS8                          0.000     0.000 r  system_i/zynq_ps/inst/PS8_i/PLCLK[0]
                         net (fo=1, routed)           0.171     0.171    system_i/zynq_ps/inst/pl_clk_unbuffered[0]
    BUFG_PS_X0Y58        BUFG_PS (Prop_BUFG_PS_I_O)
                                                      0.028     0.199 r  system_i/zynq_ps/inst/buffer_pl_clk_0.PL_CLK_0_BUFG/O
    X0Y1 (CLOCK_ROOT)    net (fo=7382, routed)        1.667     1.866    system_i/hft_core/inst/u_core/u_risk/clk
    SLICE_X27Y149        FDCE                                         r  system_i/hft_core/inst/u_core/u_risk/approved_price_reg[17]/C
                         clock pessimism             -0.151     1.715    
    SLICE_X27Y149        FDCE (Hold_EFF_SLICEL_C_D)
                                                      0.060     1.775    system_i/hft_core/inst/u_core/u_risk/approved_price_reg[17]
  -------------------------------------------------------------------
                         required time                         -1.775    
                         arrival time                           1.787    
  -------------------------------------------------------------------
                         slack                                  0.012    

Slack (MET) :             0.013ns  (arrival time - required time)
  Source:                 system_i/hft_core/inst/u_core/u_risk/approved_price_reg[21]/C
                            (rising edge-triggered cell FDCE clocked by clk_pl_0  {rise@0.000ns fall@10.312ns period=20.625ns})
  Destination:            system_i/hft_core/inst/u_core/u_order_mgr/held_frame_reg[101]/D
                            (rising edge-triggered cell FDCE clocked by clk_pl_0  {rise@0.000ns fall@10.312ns period=20.625ns})
  Path Group:             clk_pl_0
  Path Type:              Hold (Min at Slow Process Corner)
  Requirement:            0.000ns  (clk_pl_0 rise@0.000ns - clk_pl_0 rise@0.000ns)
  Data Path Delay:        0.129ns  (logic 0.058ns (44.884%)  route 0.071ns (55.116%))
  Logic Levels:           0  
  Clock Path Skew:        0.054ns (DCD - SCD - CPR)
    Destination Clock Delay (DCD):    1.880ns
    Source Clock Delay      (SCD):    1.622ns
    Clock Pessimism Removal (CPR):    0.204ns
  Clock Net Delay (Source):      1.462ns (routing 0.533ns, distribution 0.929ns)
  Clock Net Delay (Destination): 1.681ns (routing 0.591ns, distribution 1.090ns)

    Location             Delay type                Incr(ns)  Path(ns)    Netlist Resource(s)
  -------------------------------------------------------------------    -------------------
                         (clock clk_pl_0 rise edge)
                                                      0.000     0.000 r  
    PS8_X0Y0             PS8                          0.000     0.000 r  system_i/zynq_ps/inst/PS8_i/PLCLK[0]
                         net (fo=1, routed)           0.135     0.135    system_i/zynq_ps/inst/pl_clk_unbuffered[0]
    BUFG_PS_X0Y58        BUFG_PS (Prop_BUFG_PS_I_O)
                                                      0.025     0.160 r  system_i/zynq_ps/inst/buffer_pl_clk_0.PL_CLK_0_BUFG/O
    X0Y1 (CLOCK_ROOT)    net (fo=7382, routed)        1.462     1.622    system_i/hft_core/inst/u_core/u_risk/clk
    SLICE_X27Y149        FDCE                                         r  system_i/hft_core/inst/u_core/u_risk/approved_price_reg[21]/C
  -------------------------------------------------------------------    -------------------
    SLICE_X27Y149        FDCE (Prop_FFF_SLICEL_C_Q)
                                                      0.058     1.680 r  system_i/hft_core/inst/u_core/u_risk/approved_price_reg[21]/Q
                         net (fo=2, routed)           0.071     1.751    system_i/hft_core/inst/u_core/u_order_mgr/held_frame_reg[123]_1[37]
    SLICE_X27Y147        FDCE                                         r  system_i/hft_core/inst/u_core/u_order_mgr/held_frame_reg[101]/D
  -------------------------------------------------------------------    -------------------

                         (clock clk_pl_0 rise edge)
                                                      0.000     0.000 r  
    PS8_X0Y0             PS8                          0.000     0.000 r  system_i/zynq_ps/inst/PS8_i/PLCLK[0]
                         net (fo=1, routed)           0.171     0.171    system_i/zynq_ps/inst/pl_clk_unbuffered[0]
    BUFG_PS_X0Y58        BUFG_PS (Prop_BUFG_PS_I_O)
                                                      0.028     0.199 r  system_i/zynq_ps/inst/buffer_pl_clk_0.PL_CLK_0_BUFG/O
    X0Y1 (CLOCK_ROOT)    net (fo=7382, routed)        1.681     1.880    system_i/hft_core/inst/u_core/u_order_mgr/clk
    SLICE_X27Y147        FDCE                                         r  system_i/hft_core/inst/u_core/u_order_mgr/held_frame_reg[101]/C
                         clock pessimism             -0.204     1.676    
    SLICE_X27Y147        FDCE (Hold_HFF2_SLICEL_C_D)
                                                      0.062     1.738    system_i/hft_core/inst/u_core/u_order_mgr/held_frame_reg[101]
  -------------------------------------------------------------------
                         required time                         -1.738    
                         arrival time                           1.751    
  -------------------------------------------------------------------
                         slack                                  0.013    

Slack (MET) :             0.013ns  (arrival time - required time)
  Source:                 system_i/hft_core/inst/u_core/u_risk/approved_price_reg[22]/C
                            (rising edge-triggered cell FDCE clocked by clk_pl_0  {rise@0.000ns fall@10.312ns period=20.625ns})
  Destination:            system_i/hft_core/inst/u_core/u_order_mgr/held_frame_reg[102]/D
                            (rising edge-triggered cell FDCE clocked by clk_pl_0  {rise@0.000ns fall@10.312ns period=20.625ns})
  Path Group:             clk_pl_0
  Path Type:              Hold (Min at Slow Process Corner)
  Requirement:            0.000ns  (clk_pl_0 rise@0.000ns - clk_pl_0 rise@0.000ns)
  Data Path Delay:        0.129ns  (logic 0.058ns (44.884%)  route 0.071ns (55.116%))
  Logic Levels:           0  
  Clock Path Skew:        0.054ns (DCD - SCD - CPR)
    Destination Clock Delay (DCD):    1.880ns
    Source Clock Delay      (SCD):    1.622ns
    Clock Pessimism Removal (CPR):    0.204ns
  Clock Net Delay (Source):      1.462ns (routing 0.533ns, distribution 0.929ns)
  Clock Net Delay (Destination): 1.681ns (routing 0.591ns, distribution 1.090ns)

    Location             Delay type                Incr(ns)  Path(ns)    Netlist Resource(s)
  -------------------------------------------------------------------    -------------------
                         (clock clk_pl_0 rise edge)
                                                      0.000     0.000 r  
    PS8_X0Y0             PS8                          0.000     0.000 r  system_i/zynq_ps/inst/PS8_i/PLCLK[0]
                         net (fo=1, routed)           0.135     0.135    system_i/zynq_ps/inst/pl_clk_unbuffered[0]
    BUFG_PS_X0Y58        BUFG_PS (Prop_BUFG_PS_I_O)
                                                      0.025     0.160 r  system_i/zynq_ps/inst/buffer_pl_clk_0.PL_CLK_0_BUFG/O
    X0Y1 (CLOCK_ROOT)    net (fo=7382, routed)        1.462     1.622    system_i/hft_core/inst/u_core/u_risk/clk
    SLICE_X26Y149        FDCE                                         r  system_i/hft_core/inst/u_core/u_risk/approved_price_reg[22]/C
  -------------------------------------------------------------------    -------------------
    SLICE_X26Y149        FDCE (Prop_FFF_SLICEL_C_Q)
                                                      0.058     1.680 r  system_i/hft_core/inst/u_core/u_risk/approved_price_reg[22]/Q
                         net (fo=2, routed)           0.071     1.751    system_i/hft_core/inst/u_core/u_order_mgr/held_frame_reg[123]_1[38]
    SLICE_X26Y147        FDCE                                         r  system_i/hft_core/inst/u_core/u_order_mgr/held_frame_reg[102]/D
  -------------------------------------------------------------------    -------------------

                         (clock clk_pl_0 rise edge)
                                                      0.000     0.000 r  
    PS8_X0Y0             PS8                          0.000     0.000 r  system_i/zynq_ps/inst/PS8_i/PLCLK[0]
                         net (fo=1, routed)           0.171     0.171    system_i/zynq_ps/inst/pl_clk_unbuffered[0]
    BUFG_PS_X0Y58        BUFG_PS (Prop_BUFG_PS_I_O)
                                                      0.028     0.199 r  system_i/zynq_ps/inst/buffer_pl_clk_0.PL_CLK_0_BUFG/O
    X0Y1 (CLOCK_ROOT)    net (fo=7382, routed)        1.681     1.880    system_i/hft_core/inst/u_core/u_order_mgr/clk
    SLICE_X26Y147        FDCE                                         r  system_i/hft_core/inst/u_core/u_order_mgr/held_frame_reg[102]/C
                         clock pessimism             -0.204     1.676    
    SLICE_X26Y147        FDCE (Hold_HFF2_SLICEL_C_D)
                                                      0.062     1.738    system_i/hft_core/inst/u_core/u_order_mgr/held_frame_reg[102]
  -------------------------------------------------------------------
                         required time                         -1.738    
                         arrival time                           1.751    
  -------------------------------------------------------------------
                         slack                                  0.013    

Slack (MET) :             0.013ns  (arrival time - required time)
  Source:                 system_i/hft_core/inst/u_core/u_order_mgr/orders_sent_reg[22]/C
                            (rising edge-triggered cell FDCE clocked by clk_pl_0  {rise@0.000ns fall@10.312ns period=20.625ns})
  Destination:            system_i/hft_core/inst/u_core/u_order_mgr/orders_sent_reg[24]/D
                            (rising edge-triggered cell FDCE clocked by clk_pl_0  {rise@0.000ns fall@10.312ns period=20.625ns})
  Path Group:             clk_pl_0
  Path Type:              Hold (Min at Slow Process Corner)
  Requirement:            0.000ns  (clk_pl_0 rise@0.000ns - clk_pl_0 rise@0.000ns)
  Data Path Delay:        0.268ns  (logic 0.211ns (78.613%)  route 0.057ns (21.387%))
  Logic Levels:           3  (CARRY8=2 LUT2=1)
  Clock Path Skew:        0.195ns (DCD - SCD - CPR)
    Destination Clock Delay (DCD):    1.894ns
    Source Clock Delay      (SCD):    1.602ns
    Clock Pessimism Removal (CPR):    0.097ns
  Clock Net Delay (Source):      1.442ns (routing 0.533ns, distribution 0.909ns)
  Clock Net Delay (Destination): 1.695ns (routing 0.591ns, distribution 1.104ns)

    Location             Delay type                Incr(ns)  Path(ns)    Netlist Resource(s)
  -------------------------------------------------------------------    -------------------
                         (clock clk_pl_0 rise edge)
                                                      0.000     0.000 r  
    PS8_X0Y0             PS8                          0.000     0.000 r  system_i/zynq_ps/inst/PS8_i/PLCLK[0]
                         net (fo=1, routed)           0.135     0.135    system_i/zynq_ps/inst/pl_clk_unbuffered[0]
    BUFG_PS_X0Y58        BUFG_PS (Prop_BUFG_PS_I_O)
                                                      0.025     0.160 r  system_i/zynq_ps/inst/buffer_pl_clk_0.PL_CLK_0_BUFG/O
    X0Y1 (CLOCK_ROOT)    net (fo=7382, routed)        1.442     1.602    system_i/hft_core/inst/u_core/u_order_mgr/clk
    SLICE_X25Y119        FDCE                                         r  system_i/hft_core/inst/u_core/u_order_mgr/orders_sent_reg[22]/C
  -------------------------------------------------------------------    -------------------
    SLICE_X25Y119        FDCE (Prop_GFF_SLICEL_C_Q)
                                                      0.059     1.661 r  system_i/hft_core/inst/u_core/u_order_mgr/orders_sent_reg[22]/Q
                         net (fo=2, routed)           0.035     1.696    system_i/hft_core/inst/u_core/u_order_mgr/orders_sent[22]
    SLICE_X25Y119        LUT2 (Prop_G6LUT_SLICEL_I0_O)
                                                      0.065     1.761 r  system_i/hft_core/inst/u_core/u_order_mgr/orders_sent[16]_i_3/O
                         net (fo=1, routed)           0.009     1.770    system_i/hft_core/inst/u_core/u_order_mgr/orders_sent[16]_i_3_n_0
    SLICE_X25Y119        CARRY8 (Prop_CARRY8_SLICEL_S[6]_CO[7])
                                                      0.056     1.826 r  system_i/hft_core/inst/u_core/u_order_mgr/orders_sent_reg[16]_i_1/CO[7]
                         net (fo=1, routed)           0.004     1.830    system_i/hft_core/inst/u_core/u_order_mgr/orders_sent_reg[16]_i_1_n_0
    SLICE_X25Y120        CARRY8 (Prop_CARRY8_SLICEL_CI_O[0])
                                                      0.031     1.861 r  system_i/hft_core/inst/u_core/u_order_mgr/orders_sent_reg[24]_i_1/O[0]
                         net (fo=1, routed)           0.009     1.870    system_i/hft_core/inst/u_core/u_order_mgr/orders_sent_reg[24]_i_1_n_15
    SLICE_X25Y120        FDCE                                         r  system_i/hft_core/inst/u_core/u_order_mgr/orders_sent_reg[24]/D
  -------------------------------------------------------------------    -------------------

                         (clock clk_pl_0 rise edge)
                                                      0.000     0.000 r  
    PS8_X0Y0             PS8                          0.000     0.000 r  system_i/zynq_ps/inst/PS8_i/PLCLK[0]
                         net (fo=1, routed)           0.171     0.171    system_i/zynq_ps/inst/pl_clk_unbuffered[0]
    BUFG_PS_X0Y58        BUFG_PS (Prop_BUFG_PS_I_O)
                                                      0.028     0.199 r  system_i/zynq_ps/inst/buffer_pl_clk_0.PL_CLK_0_BUFG/O
    X0Y1 (CLOCK_ROOT)    net (fo=7382, routed)        1.695     1.894    system_i/hft_core/inst/u_core/u_order_mgr/clk
    SLICE_X25Y120        FDCE                                         r  system_i/hft_core/inst/u_core/u_order_mgr/orders_sent_reg[24]/C
                         clock pessimism             -0.097     1.797    
    SLICE_X25Y120        FDCE (Hold_AFF_SLICEL_C_D)
                                                      0.060     1.857    system_i/hft_core/inst/u_core/u_order_mgr/orders_sent_reg[24]
  -------------------------------------------------------------------
                         required time                         -1.857    
                         arrival time                           1.870    
  -------------------------------------------------------------------
                         slack                                  0.013    

Slack (MET) :             0.015ns  (arrival time - required time)
  Source:                 system_i/hft_core/inst/u_core/cycle_counter_reg[9]/C
                            (rising edge-triggered cell FDCE clocked by clk_pl_0  {rise@0.000ns fall@10.312ns period=20.625ns})
  Destination:            system_i/hft_core/inst/u_core/u_order_mgr/held_frame_reg[41]/D
                            (rising edge-triggered cell FDCE clocked by clk_pl_0  {rise@0.000ns fall@10.312ns period=20.625ns})
  Path Group:             clk_pl_0
  Path Type:              Hold (Min at Slow Process Corner)
  Requirement:            0.000ns  (clk_pl_0 rise@0.000ns - clk_pl_0 rise@0.000ns)
  Data Path Delay:        0.192ns  (logic 0.058ns (30.186%)  route 0.134ns (69.814%))
  Logic Levels:           0  
  Clock Path Skew:        0.115ns (DCD - SCD - CPR)
    Destination Clock Delay (DCD):    1.895ns
    Source Clock Delay      (SCD):    1.629ns
    Clock Pessimism Removal (CPR):    0.151ns
  Clock Net Delay (Source):      1.469ns (routing 0.533ns, distribution 0.936ns)
  Clock Net Delay (Destination): 1.696ns (routing 0.591ns, distribution 1.105ns)

    Location             Delay type                Incr(ns)  Path(ns)    Netlist Resource(s)
  -------------------------------------------------------------------    -------------------
                         (clock clk_pl_0 rise edge)
                                                      0.000     0.000 r  
    PS8_X0Y0             PS8                          0.000     0.000 r  system_i/zynq_ps/inst/PS8_i/PLCLK[0]
                         net (fo=1, routed)           0.135     0.135    system_i/zynq_ps/inst/pl_clk_unbuffered[0]
    BUFG_PS_X0Y58        BUFG_PS (Prop_BUFG_PS_I_O)
                                                      0.025     0.160 r  system_i/zynq_ps/inst/buffer_pl_clk_0.PL_CLK_0_BUFG/O
    X0Y1 (CLOCK_ROOT)    net (fo=7382, routed)        1.469     1.629    system_i/hft_core/inst/u_core/clk
    SLICE_X18Y134        FDCE                                         r  system_i/hft_core/inst/u_core/cycle_counter_reg[9]/C
  -------------------------------------------------------------------    -------------------
    SLICE_X18Y134        FDCE (Prop_AFF_SLICEL_C_Q)
                                                      0.058     1.687 r  system_i/hft_core/inst/u_core/cycle_counter_reg[9]/Q
                         net (fo=5, routed)           0.134     1.821    system_i/hft_core/inst/u_core/u_order_mgr/held_frame_reg[47]_0[9]
    SLICE_X20Y134        FDCE                                         r  system_i/hft_core/inst/u_core/u_order_mgr/held_frame_reg[41]/D
  -------------------------------------------------------------------    -------------------

                         (clock clk_pl_0 rise edge)
                                                      0.000     0.000 r  
    PS8_X0Y0             PS8                          0.000     0.000 r  system_i/zynq_ps/inst/PS8_i/PLCLK[0]
                         net (fo=1, routed)           0.171     0.171    system_i/zynq_ps/inst/pl_clk_unbuffered[0]
    BUFG_PS_X0Y58        BUFG_PS (Prop_BUFG_PS_I_O)
                                                      0.028     0.199 r  system_i/zynq_ps/inst/buffer_pl_clk_0.PL_CLK_0_BUFG/O
    X0Y1 (CLOCK_ROOT)    net (fo=7382, routed)        1.696     1.895    system_i/hft_core/inst/u_core/u_order_mgr/clk
    SLICE_X20Y134        FDCE                                         r  system_i/hft_core/inst/u_core/u_order_mgr/held_frame_reg[41]/C
                         clock pessimism             -0.151     1.744    
    SLICE_X20Y134        FDCE (Hold_BFF2_SLICEM_C_D)
                                                      0.062     1.806    system_i/hft_core/inst/u_core/u_order_mgr/held_frame_reg[41]
  -------------------------------------------------------------------
                         required time                         -1.806    
                         arrival time                           1.821    
  -------------------------------------------------------------------
                         slack                                  0.015    

Slack (MET) :             0.016ns  (arrival time - required time)
  Source:                 system_i/hft_core/inst/u_core/u_order_mgr/next_order_id_reg[13]/C
                            (rising edge-triggered cell FDCE clocked by clk_pl_0  {rise@0.000ns fall@10.312ns period=20.625ns})
  Destination:            system_i/hft_core/inst/u_core/u_order_mgr/held_frame_reg[61]/D
                            (rising edge-triggered cell FDCE clocked by clk_pl_0  {rise@0.000ns fall@10.312ns period=20.625ns})
  Path Group:             clk_pl_0
  Path Type:              Hold (Min at Slow Process Corner)
  Requirement:            0.000ns  (clk_pl_0 rise@0.000ns - clk_pl_0 rise@0.000ns)
  Data Path Delay:        0.136ns  (logic 0.059ns (43.301%)  route 0.077ns (56.699%))
  Logic Levels:           0  
  Clock Path Skew:        0.058ns (DCD - SCD - CPR)
    Destination Clock Delay (DCD):    1.895ns
    Source Clock Delay      (SCD):    1.634ns
    Clock Pessimism Removal (CPR):    0.203ns
  Clock Net Delay (Source):      1.474ns (routing 0.533ns, distribution 0.941ns)
  Clock Net Delay (Destination): 1.696ns (routing 0.591ns, distribution 1.105ns)

    Location             Delay type                Incr(ns)  Path(ns)    Netlist Resource(s)
  -------------------------------------------------------------------    -------------------
                         (clock clk_pl_0 rise edge)
                                                      0.000     0.000 r  
    PS8_X0Y0             PS8                          0.000     0.000 r  system_i/zynq_ps/inst/PS8_i/PLCLK[0]
                         net (fo=1, routed)           0.135     0.135    system_i/zynq_ps/inst/pl_clk_unbuffered[0]
    BUFG_PS_X0Y58        BUFG_PS (Prop_BUFG_PS_I_O)
                                                      0.025     0.160 r  system_i/zynq_ps/inst/buffer_pl_clk_0.PL_CLK_0_BUFG/O
    X0Y1 (CLOCK_ROOT)    net (fo=7382, routed)        1.474     1.634    system_i/hft_core/inst/u_core/u_order_mgr/clk
    SLICE_X27Y136        FDCE                                         r  system_i/hft_core/inst/u_core/u_order_mgr/next_order_id_reg[13]/C
  -------------------------------------------------------------------    -------------------
    SLICE_X27Y136        FDCE (Prop_EFF_SLICEL_C_Q)
                                                      0.059     1.693 r  system_i/hft_core/inst/u_core/u_order_mgr/next_order_id_reg[13]/Q
                         net (fo=5, routed)           0.077     1.770    system_i/hft_core/inst/u_core/u_order_mgr/p_0_in[61]
    SLICE_X27Y134        FDCE                                         r  system_i/hft_core/inst/u_core/u_order_mgr/held_frame_reg[61]/D
  -------------------------------------------------------------------    -------------------

                         (clock clk_pl_0 rise edge)
                                                      0.000     0.000 r  
    PS8_X0Y0             PS8                          0.000     0.000 r  system_i/zynq_ps/inst/PS8_i/PLCLK[0]
                         net (fo=1, routed)           0.171     0.171    system_i/zynq_ps/inst/pl_clk_unbuffered[0]
    BUFG_PS_X0Y58        BUFG_PS (Prop_BUFG_PS_I_O)
                                                      0.028     0.199 r  system_i/zynq_ps/inst/buffer_pl_clk_0.PL_CLK_0_BUFG/O
    X0Y1 (CLOCK_ROOT)    net (fo=7382, routed)        1.696     1.895    system_i/hft_core/inst/u_core/u_order_mgr/clk
    SLICE_X27Y134        FDCE                                         r  system_i/hft_core/inst/u_core/u_order_mgr/held_frame_reg[61]/C
                         clock pessimism             -0.203     1.692    
    SLICE_X27Y134        FDCE (Hold_GFF2_SLICEL_C_D)
                                                      0.062     1.754    system_i/hft_core/inst/u_core/u_order_mgr/held_frame_reg[61]
  -------------------------------------------------------------------
                         required time                         -1.754    
                         arrival time                           1.770    
  -------------------------------------------------------------------
                         slack                                  0.016    

Slack (MET) :             0.018ns  (arrival time - required time)
  Source:                 system_i/hft_core/inst/u_core/u_link_rx/frame_out_reg[104]/C
                            (rising edge-triggered cell FDCE clocked by clk_pl_0  {rise@0.000ns fall@10.312ns period=20.625ns})
  Destination:            system_i/hft_core/inst/u_core/u_demux/quote_frame_reg[104]/D
                            (rising edge-triggered cell FDCE clocked by clk_pl_0  {rise@0.000ns fall@10.312ns period=20.625ns})
  Path Group:             clk_pl_0
  Path Type:              Hold (Min at Slow Process Corner)
  Requirement:            0.000ns  (clk_pl_0 rise@0.000ns - clk_pl_0 rise@0.000ns)
  Data Path Delay:        0.173ns  (logic 0.060ns (34.680%)  route 0.113ns (65.320%))
  Logic Levels:           0  
  Clock Path Skew:        0.093ns (DCD - SCD - CPR)
    Destination Clock Delay (DCD):    1.868ns
    Source Clock Delay      (SCD):    1.624ns
    Clock Pessimism Removal (CPR):    0.151ns
  Clock Net Delay (Source):      1.464ns (routing 0.533ns, distribution 0.931ns)
  Clock Net Delay (Destination): 1.669ns (routing 0.591ns, distribution 1.078ns)

    Location             Delay type                Incr(ns)  Path(ns)    Netlist Resource(s)
  -------------------------------------------------------------------    -------------------
                         (clock clk_pl_0 rise edge)
                                                      0.000     0.000 r  
    PS8_X0Y0             PS8                          0.000     0.000 r  system_i/zynq_ps/inst/PS8_i/PLCLK[0]
                         net (fo=1, routed)           0.135     0.135    system_i/zynq_ps/inst/pl_clk_unbuffered[0]
    BUFG_PS_X0Y58        BUFG_PS (Prop_BUFG_PS_I_O)
                                                      0.025     0.160 r  system_i/zynq_ps/inst/buffer_pl_clk_0.PL_CLK_0_BUFG/O
    X0Y1 (CLOCK_ROOT)    net (fo=7382, routed)        1.464     1.624    system_i/hft_core/inst/u_core/u_link_rx/clk
    SLICE_X20Y151        FDCE                                         r  system_i/hft_core/inst/u_core/u_link_rx/frame_out_reg[104]/C
  -------------------------------------------------------------------    -------------------
    SLICE_X20Y151        FDCE (Prop_GFF2_SLICEM_C_Q)
                                                      0.060     1.684 r  system_i/hft_core/inst/u_core/u_link_rx/frame_out_reg[104]/Q
                         net (fo=2, routed)           0.113     1.797    system_i/hft_core/inst/u_core/u_demux/quote_frame_reg[123]_2[72]
    SLICE_X22Y152        FDCE                                         r  system_i/hft_core/inst/u_core/u_demux/quote_frame_reg[104]/D
  -------------------------------------------------------------------    -------------------

                         (clock clk_pl_0 rise edge)
                                                      0.000     0.000 r  
    PS8_X0Y0             PS8                          0.000     0.000 r  system_i/zynq_ps/inst/PS8_i/PLCLK[0]
                         net (fo=1, routed)           0.171     0.171    system_i/zynq_ps/inst/pl_clk_unbuffered[0]
    BUFG_PS_X0Y58        BUFG_PS (Prop_BUFG_PS_I_O)
                                                      0.028     0.199 r  system_i/zynq_ps/inst/buffer_pl_clk_0.PL_CLK_0_BUFG/O
    X0Y1 (CLOCK_ROOT)    net (fo=7382, routed)        1.669     1.868    system_i/hft_core/inst/u_core/u_demux/clk
    SLICE_X22Y152        FDCE                                         r  system_i/hft_core/inst/u_core/u_demux/quote_frame_reg[104]/C
                         clock pessimism             -0.151     1.717    
    SLICE_X22Y152        FDCE (Hold_DFF2_SLICEL_C_D)
                                                      0.062     1.779    system_i/hft_core/inst/u_core/u_demux/quote_frame_reg[104]
  -------------------------------------------------------------------
                         required time                         -1.779    
                         arrival time                           1.797    
  -------------------------------------------------------------------
                         slack                                  0.018    





Pulse Width Checks
--------------------------------------------------------------------------------------
Clock Name:         clk_pl_0
Waveform(ns):       { 0.000 10.312 }
Period(ns):         20.625
Sources:            { system_i/zynq_ps/inst/PS8_i/PLCLK[0] }

Check Type        Corner  Lib Pin          Reference Pin  Required(ns)  Actual(ns)  Slack(ns)  Location     Pin
Min Period        n/a     PS8/MAXIGP0ACLK  n/a            3.000         20.625      17.625     PS8_X0Y0     system_i/zynq_ps/inst/PS8_i/MAXIGP0ACLK
Min Period        n/a     SRL16E/CLK       n/a            1.064         20.625      19.561     SLICE_X5Y48  system_i/axi_sc/inst/clk_map/psr_aclk/U0/EXT_LPF/POR_SRL_I/CLK
Min Period        n/a     SRL16E/CLK       n/a            1.064         20.625      19.561     SLICE_X1Y85  system_i/rst_sys/U0/EXT_LPF/POR_SRL_I/CLK
Min Period        n/a     FDRE/C           n/a            0.550         20.625      20.075     SLICE_X6Y46  system_i/axi_sc/inst/clk_map/psr_aclk/U0/ACTIVE_LOW_BSR_OUT_DFF[0].FDRE_BSR_N/C
Min Period        n/a     FDRE/C           n/a            0.550         20.625      20.075     SLICE_X5Y48  system_i/axi_sc/inst/clk_map/psr_aclk/U0/EXT_LPF/EXT_LPF[1].exr_lpf_reg[1]/C
Min Period        n/a     FDRE/C           n/a            0.550         20.625      20.075     SLICE_X5Y48  system_i/axi_sc/inst/clk_map/psr_aclk/U0/EXT_LPF/EXT_LPF[2].exr_lpf_reg[2]/C
Min Period        n/a     FDRE/C           n/a            0.550         20.625      20.075     SLICE_X5Y48  system_i/axi_sc/inst/clk_map/psr_aclk/U0/EXT_LPF/EXT_LPF[3].exr_lpf_reg[3]/C
Min Period        n/a     FDRE/C           n/a            0.550         20.625      20.075     SLICE_X6Y48  system_i/axi_sc/inst/clk_map/psr_aclk/U0/EXT_LPF/lpf_asr_reg/C
Min Period        n/a     FDRE/C           n/a            0.550         20.625      20.075     SLICE_X5Y48  system_i/axi_sc/inst/clk_map/psr_aclk/U0/EXT_LPF/lpf_exr_reg/C
Min Period        n/a     FDRE/C           n/a            0.550         20.625      20.075     SLICE_X6Y48  system_i/axi_sc/inst/clk_map/psr_aclk/U0/EXT_LPF/lpf_int_reg/C
Low Pulse Width   Slow    PS8/MAXIGP0ACLK  n/a            1.500         10.313      8.813      PS8_X0Y0     system_i/zynq_ps/inst/PS8_i/MAXIGP0ACLK
Low Pulse Width   Fast    PS8/MAXIGP0ACLK  n/a            1.500         10.313      8.813      PS8_X0Y0     system_i/zynq_ps/inst/PS8_i/MAXIGP0ACLK
Low Pulse Width   Slow    SRL16E/CLK       n/a            0.532         10.313      9.781      SLICE_X5Y48  system_i/axi_sc/inst/clk_map/psr_aclk/U0/EXT_LPF/POR_SRL_I/CLK
Low Pulse Width   Fast    SRL16E/CLK       n/a            0.532         10.313      9.780      SLICE_X5Y48  system_i/axi_sc/inst/clk_map/psr_aclk/U0/EXT_LPF/POR_SRL_I/CLK
Low Pulse Width   Slow    SRL16E/CLK       n/a            0.532         10.312      9.780      SLICE_X1Y85  system_i/rst_sys/U0/EXT_LPF/POR_SRL_I/CLK
Low Pulse Width   Fast    SRL16E/CLK       n/a            0.532         10.313      9.780      SLICE_X1Y85  system_i/rst_sys/U0/EXT_LPF/POR_SRL_I/CLK
Low Pulse Width   Slow    FDRE/C           n/a            0.275         10.313      10.038     SLICE_X6Y46  system_i/axi_sc/inst/clk_map/psr_aclk/U0/ACTIVE_LOW_BSR_OUT_DFF[0].FDRE_BSR_N/C
Low Pulse Width   Fast    FDRE/C           n/a            0.275         10.313      10.038     SLICE_X6Y46  system_i/axi_sc/inst/clk_map/psr_aclk/U0/ACTIVE_LOW_BSR_OUT_DFF[0].FDRE_BSR_N/C
Low Pulse Width   Slow    FDRE/C           n/a            0.275         10.313      10.038     SLICE_X5Y48  system_i/axi_sc/inst/clk_map/psr_aclk/U0/EXT_LPF/EXT_LPF[1].exr_lpf_reg[1]/C
Low Pulse Width   Fast    FDRE/C           n/a            0.275         10.313      10.038     SLICE_X5Y48  system_i/axi_sc/inst/clk_map/psr_aclk/U0/EXT_LPF/EXT_LPF[1].exr_lpf_reg[1]/C
High Pulse Width  Slow    PS8/MAXIGP0ACLK  n/a            1.500         10.313      8.813      PS8_X0Y0     system_i/zynq_ps/inst/PS8_i/MAXIGP0ACLK
High Pulse Width  Fast    PS8/MAXIGP0ACLK  n/a            1.500         10.313      8.813      PS8_X0Y0     system_i/zynq_ps/inst/PS8_i/MAXIGP0ACLK
High Pulse Width  Slow    SRL16E/CLK       n/a            0.532         10.313      9.780      SLICE_X5Y48  system_i/axi_sc/inst/clk_map/psr_aclk/U0/EXT_LPF/POR_SRL_I/CLK
High Pulse Width  Fast    SRL16E/CLK       n/a            0.532         10.313      9.780      SLICE_X5Y48  system_i/axi_sc/inst/clk_map/psr_aclk/U0/EXT_LPF/POR_SRL_I/CLK
High Pulse Width  Slow    SRL16E/CLK       n/a            0.532         10.313      9.780      SLICE_X1Y85  system_i/rst_sys/U0/EXT_LPF/POR_SRL_I/CLK
High Pulse Width  Fast    SRL16E/CLK       n/a            0.532         10.313      9.780      SLICE_X1Y85  system_i/rst_sys/U0/EXT_LPF/POR_SRL_I/CLK
High Pulse Width  Slow    FDRE/C           n/a            0.275         10.313      10.038     SLICE_X6Y46  system_i/axi_sc/inst/clk_map/psr_aclk/U0/ACTIVE_LOW_BSR_OUT_DFF[0].FDRE_BSR_N/C
High Pulse Width  Fast    FDRE/C           n/a            0.275         10.312      10.037     SLICE_X6Y46  system_i/axi_sc/inst/clk_map/psr_aclk/U0/ACTIVE_LOW_BSR_OUT_DFF[0].FDRE_BSR_N/C
High Pulse Width  Slow    FDRE/C           n/a            0.275         10.313      10.038     SLICE_X5Y48  system_i/axi_sc/inst/clk_map/psr_aclk/U0/EXT_LPF/EXT_LPF[1].exr_lpf_reg[1]/C
High Pulse Width  Fast    FDRE/C           n/a            0.275         10.313      10.038     SLICE_X5Y48  system_i/axi_sc/inst/clk_map/psr_aclk/U0/EXT_LPF/EXT_LPF[1].exr_lpf_reg[1]/C



---------------------------------------------------------------------------------------------------
Path Group:  **async_default**
From Clock:  clk_pl_0
  To Clock:  clk_pl_0

Setup :            0  Failing Endpoints,  Worst Slack       17.464ns,  Total Violation        0.000ns
Hold  :            0  Failing Endpoints,  Worst Slack        1.265ns,  Total Violation        0.000ns
---------------------------------------------------------------------------------------------------


Max Delay Paths
--------------------------------------------------------------------------------------
Slack (MET) :             17.464ns  (required time - arrival time)
  Source:                 system_i/rst_sys/U0/ACTIVE_LOW_PR_OUT_DFF[0].FDRE_PER_N/C
                            (rising edge-triggered cell FDRE clocked by clk_pl_0  {rise@0.000ns fall@10.312ns period=20.625ns})
  Destination:            system_i/hft_core/inst/u_core/u_axi_regs/s_axi_bvalid_reg/CLR
                            (recovery check against rising-edge clock clk_pl_0  {rise@0.000ns fall@10.312ns period=20.625ns})
  Path Group:             **async_default**
  Path Type:              Recovery (Max at Slow Process Corner)
  Requirement:            20.625ns  (clk_pl_0 rise@20.625ns - clk_pl_0 rise@0.000ns)
  Data Path Delay:        2.782ns  (logic 0.107ns (3.846%)  route 2.675ns (96.154%))
  Logic Levels:           1  (BUFGCE=1)
  Clock Path Skew:        -0.106ns (DCD - SCD + CPR)
    Destination Clock Delay (DCD):    1.577ns = ( 22.202 - 20.625 ) 
    Source Clock Delay      (SCD):    1.783ns
    Clock Pessimism Removal (CPR):    0.101ns
  Clock Uncertainty:      0.207ns  ((TSJ^2 + DJ^2)^1/2) / 2 + PE
    Total System Jitter     (TSJ):    0.071ns
    Discrete Jitter          (DJ):    0.409ns
    Phase Error              (PE):    0.000ns
  Clock Net Delay (Source):      1.584ns (routing 0.591ns, distribution 0.993ns)
  Clock Net Delay (Destination): 1.417ns (routing 0.533ns, distribution 0.884ns)

    Location             Delay type                Incr(ns)  Path(ns)    Netlist Resource(s)
  -------------------------------------------------------------------    -------------------
                         (clock clk_pl_0 rise edge)
                                                      0.000     0.000 r  
    PS8_X0Y0             PS8                          0.000     0.000 r  system_i/zynq_ps/inst/PS8_i/PLCLK[0]
                         net (fo=1, routed)           0.171     0.171    system_i/zynq_ps/inst/pl_clk_unbuffered[0]
    BUFG_PS_X0Y58        BUFG_PS (Prop_BUFG_PS_I_O)
                                                      0.028     0.199 r  system_i/zynq_ps/inst/buffer_pl_clk_0.PL_CLK_0_BUFG/O
    X0Y1 (CLOCK_ROOT)    net (fo=7382, routed)        1.584     1.783    system_i/rst_sys/U0/slowest_sync_clk
    SLICE_X3Y84          FDRE                                         r  system_i/rst_sys/U0/ACTIVE_LOW_PR_OUT_DFF[0].FDRE_PER_N/C
  -------------------------------------------------------------------    -------------------
    SLICE_X3Y84          FDRE (Prop_AFF_SLICEL_C_Q)
                                                      0.079     1.862 r  system_i/rst_sys/U0/ACTIVE_LOW_PR_OUT_DFF[0].FDRE_PER_N/Q
                         net (fo=1, routed)           1.314     3.176    system_i/rst_sys/U0/peripheral_aresetn[0]_bufg_place
    BUFGCE_X0Y26         BUFGCE (Prop_BUFCE_BUFGCE_I_O)
                                                      0.028     3.204 r  system_i/rst_sys/U0/ACTIVE_LOW_PR_OUT_DFF[0].FDRE_PER_N_bufg_place/O
                         net (fo=6676, routed)        1.361     4.565    system_i/hft_core/inst/u_core/u_axi_regs/s_axi_bvalid_reg_1
    SLICE_X5Y39          FDCE                                         f  system_i/hft_core/inst/u_core/u_axi_regs/s_axi_bvalid_reg/CLR  (IS_INVERTED)
  -------------------------------------------------------------------    -------------------

                         (clock clk_pl_0 rise edge)
                                                     20.625    20.625 r  
    PS8_X0Y0             PS8                          0.000    20.625 r  system_i/zynq_ps/inst/PS8_i/PLCLK[0]
                         net (fo=1, routed)           0.135    20.760    system_i/zynq_ps/inst/pl_clk_unbuffered[0]
    BUFG_PS_X0Y58        BUFG_PS (Prop_BUFG_PS_I_O)
                                                      0.025    20.785 r  system_i/zynq_ps/inst/buffer_pl_clk_0.PL_CLK_0_BUFG/O
    X0Y1 (CLOCK_ROOT)    net (fo=7382, routed)        1.417    22.202    system_i/hft_core/inst/u_core/u_axi_regs/clk
    SLICE_X5Y39          FDCE                                         r  system_i/hft_core/inst/u_core/u_axi_regs/s_axi_bvalid_reg/C
                         clock pessimism              0.101    22.303    
                         clock uncertainty           -0.207    22.095    
    SLICE_X5Y39          FDCE (Recov_DFF2_SLICEM_C_CLR)
                                                     -0.066    22.029    system_i/hft_core/inst/u_core/u_axi_regs/s_axi_bvalid_reg
  -------------------------------------------------------------------
                         required time                         22.029    
                         arrival time                          -4.565    
  -------------------------------------------------------------------
                         slack                                 17.464    

Slack (MET) :             17.464ns  (required time - arrival time)
  Source:                 system_i/rst_sys/U0/ACTIVE_LOW_PR_OUT_DFF[0].FDRE_PER_N/C
                            (rising edge-triggered cell FDRE clocked by clk_pl_0  {rise@0.000ns fall@10.312ns period=20.625ns})
  Destination:            system_i/hft_core/inst/u_core/u_axi_regs/s_axi_rvalid_reg/CLR
                            (recovery check against rising-edge clock clk_pl_0  {rise@0.000ns fall@10.312ns period=20.625ns})
  Path Group:             **async_default**
  Path Type:              Recovery (Max at Slow Process Corner)
  Requirement:            20.625ns  (clk_pl_0 rise@20.625ns - clk_pl_0 rise@0.000ns)
  Data Path Delay:        2.782ns  (logic 0.107ns (3.846%)  route 2.675ns (96.154%))
  Logic Levels:           1  (BUFGCE=1)
  Clock Path Skew:        -0.106ns (DCD - SCD + CPR)
    Destination Clock Delay (DCD):    1.577ns = ( 22.202 - 20.625 ) 
    Source Clock Delay      (SCD):    1.783ns
    Clock Pessimism Removal (CPR):    0.101ns
  Clock Uncertainty:      0.207ns  ((TSJ^2 + DJ^2)^1/2) / 2 + PE
    Total System Jitter     (TSJ):    0.071ns
    Discrete Jitter          (DJ):    0.409ns
    Phase Error              (PE):    0.000ns
  Clock Net Delay (Source):      1.584ns (routing 0.591ns, distribution 0.993ns)
  Clock Net Delay (Destination): 1.417ns (routing 0.533ns, distribution 0.884ns)

    Location             Delay type                Incr(ns)  Path(ns)    Netlist Resource(s)
  -------------------------------------------------------------------    -------------------
                         (clock clk_pl_0 rise edge)
                                                      0.000     0.000 r  
    PS8_X0Y0             PS8                          0.000     0.000 r  system_i/zynq_ps/inst/PS8_i/PLCLK[0]
                         net (fo=1, routed)           0.171     0.171    system_i/zynq_ps/inst/pl_clk_unbuffered[0]
    BUFG_PS_X0Y58        BUFG_PS (Prop_BUFG_PS_I_O)
                                                      0.028     0.199 r  system_i/zynq_ps/inst/buffer_pl_clk_0.PL_CLK_0_BUFG/O
    X0Y1 (CLOCK_ROOT)    net (fo=7382, routed)        1.584     1.783    system_i/rst_sys/U0/slowest_sync_clk
    SLICE_X3Y84          FDRE                                         r  system_i/rst_sys/U0/ACTIVE_LOW_PR_OUT_DFF[0].FDRE_PER_N/C
  -------------------------------------------------------------------    -------------------
    SLICE_X3Y84          FDRE (Prop_AFF_SLICEL_C_Q)
                                                      0.079     1.862 r  system_i/rst_sys/U0/ACTIVE_LOW_PR_OUT_DFF[0].FDRE_PER_N/Q
                         net (fo=1, routed)           1.314     3.176    system_i/rst_sys/U0/peripheral_aresetn[0]_bufg_place
    BUFGCE_X0Y26         BUFGCE (Prop_BUFCE_BUFGCE_I_O)
                                                      0.028     3.204 r  system_i/rst_sys/U0/ACTIVE_LOW_PR_OUT_DFF[0].FDRE_PER_N_bufg_place/O
                         net (fo=6676, routed)        1.361     4.565    system_i/hft_core/inst/u_core/u_axi_regs/s_axi_bvalid_reg_1
    SLICE_X5Y39          FDCE                                         f  system_i/hft_core/inst/u_core/u_axi_regs/s_axi_rvalid_reg/CLR  (IS_INVERTED)
  -------------------------------------------------------------------    -------------------

                         (clock clk_pl_0 rise edge)
                                                     20.625    20.625 r  
    PS8_X0Y0             PS8                          0.000    20.625 r  system_i/zynq_ps/inst/PS8_i/PLCLK[0]
                         net (fo=1, routed)           0.135    20.760    system_i/zynq_ps/inst/pl_clk_unbuffered[0]
    BUFG_PS_X0Y58        BUFG_PS (Prop_BUFG_PS_I_O)
                                                      0.025    20.785 r  system_i/zynq_ps/inst/buffer_pl_clk_0.PL_CLK_0_BUFG/O
    X0Y1 (CLOCK_ROOT)    net (fo=7382, routed)        1.417    22.202    system_i/hft_core/inst/u_core/u_axi_regs/clk
    SLICE_X5Y39          FDCE                                         r  system_i/hft_core/inst/u_core/u_axi_regs/s_axi_rvalid_reg/C
                         clock pessimism              0.101    22.303    
                         clock uncertainty           -0.207    22.095    
    SLICE_X5Y39          FDCE (Recov_CFF2_SLICEM_C_CLR)
                                                     -0.066    22.029    system_i/hft_core/inst/u_core/u_axi_regs/s_axi_rvalid_reg
  -------------------------------------------------------------------
                         required time                         22.029    
                         arrival time                          -4.565    
  -------------------------------------------------------------------
                         slack                                 17.464    

Slack (MET) :             17.553ns  (required time - arrival time)
  Source:                 system_i/rst_sys/U0/ACTIVE_LOW_PR_OUT_DFF[0].FDRE_PER_N/C
                            (rising edge-triggered cell FDRE clocked by clk_pl_0  {rise@0.000ns fall@10.312ns period=20.625ns})
  Destination:            system_i/hft_core/inst/u_core/u_pos_tracker/trades_per_sym_reg[13][14]/CLR
                            (recovery check against rising-edge clock clk_pl_0  {rise@0.000ns fall@10.312ns period=20.625ns})
  Path Group:             **async_default**
  Path Type:              Recovery (Max at Slow Process Corner)
  Requirement:            20.625ns  (clk_pl_0 rise@20.625ns - clk_pl_0 rise@0.000ns)
  Data Path Delay:        2.727ns  (logic 0.107ns (3.924%)  route 2.620ns (96.076%))
  Logic Levels:           1  (BUFGCE=1)
  Clock Path Skew:        -0.071ns (DCD - SCD + CPR)
    Destination Clock Delay (DCD):    1.615ns = ( 22.240 - 20.625 ) 
    Source Clock Delay      (SCD):    1.783ns
    Clock Pessimism Removal (CPR):    0.097ns
  Clock Uncertainty:      0.207ns  ((TSJ^2 + DJ^2)^1/2) / 2 + PE
    Total System Jitter     (TSJ):    0.071ns
    Discrete Jitter          (DJ):    0.409ns
    Phase Error              (PE):    0.000ns
  Clock Net Delay (Source):      1.584ns (routing 0.591ns, distribution 0.993ns)
  Clock Net Delay (Destination): 1.455ns (routing 0.533ns, distribution 0.922ns)

    Location             Delay type                Incr(ns)  Path(ns)    Netlist Resource(s)
  -------------------------------------------------------------------    -------------------
                         (clock clk_pl_0 rise edge)
                                                      0.000     0.000 r  
    PS8_X0Y0             PS8                          0.000     0.000 r  system_i/zynq_ps/inst/PS8_i/PLCLK[0]
                         net (fo=1, routed)           0.171     0.171    system_i/zynq_ps/inst/pl_clk_unbuffered[0]
    BUFG_PS_X0Y58        BUFG_PS (Prop_BUFG_PS_I_O)
                                                      0.028     0.199 r  system_i/zynq_ps/inst/buffer_pl_clk_0.PL_CLK_0_BUFG/O
    X0Y1 (CLOCK_ROOT)    net (fo=7382, routed)        1.584     1.783    system_i/rst_sys/U0/slowest_sync_clk
    SLICE_X3Y84          FDRE                                         r  system_i/rst_sys/U0/ACTIVE_LOW_PR_OUT_DFF[0].FDRE_PER_N/C
  -------------------------------------------------------------------    -------------------
    SLICE_X3Y84          FDRE (Prop_AFF_SLICEL_C_Q)
                                                      0.079     1.862 r  system_i/rst_sys/U0/ACTIVE_LOW_PR_OUT_DFF[0].FDRE_PER_N/Q
                         net (fo=1, routed)           1.314     3.176    system_i/rst_sys/U0/peripheral_aresetn[0]_bufg_place
    BUFGCE_X0Y26         BUFGCE (Prop_BUFCE_BUFGCE_I_O)
                                                      0.028     3.204 r  system_i/rst_sys/U0/ACTIVE_LOW_PR_OUT_DFF[0].FDRE_PER_N_bufg_place/O
                         net (fo=6676, routed)        1.306     4.510    system_i/hft_core/inst/u_core/u_pos_tracker/rst_n
    SLICE_X5Y164         FDCE                                         f  system_i/hft_core/inst/u_core/u_pos_tracker/trades_per_sym_reg[13][14]/CLR  (IS_INVERTED)
  -------------------------------------------------------------------    -------------------

                         (clock clk_pl_0 rise edge)
                                                     20.625    20.625 r  
    PS8_X0Y0             PS8                          0.000    20.625 r  system_i/zynq_ps/inst/PS8_i/PLCLK[0]
                         net (fo=1, routed)           0.135    20.760    system_i/zynq_ps/inst/pl_clk_unbuffered[0]
    BUFG_PS_X0Y58        BUFG_PS (Prop_BUFG_PS_I_O)
                                                      0.025    20.785 r  system_i/zynq_ps/inst/buffer_pl_clk_0.PL_CLK_0_BUFG/O
    X0Y1 (CLOCK_ROOT)    net (fo=7382, routed)        1.455    22.240    system_i/hft_core/inst/u_core/u_pos_tracker/clk
    SLICE_X5Y164         FDCE                                         r  system_i/hft_core/inst/u_core/u_pos_tracker/trades_per_sym_reg[13][14]/C
                         clock pessimism              0.097    22.337    
                         clock uncertainty           -0.207    22.130    
    SLICE_X5Y164         FDCE (Recov_DFF2_SLICEM_C_CLR)
                                                     -0.066    22.064    system_i/hft_core/inst/u_core/u_pos_tracker/trades_per_sym_reg[13][14]
  -------------------------------------------------------------------
                         required time                         22.064    
                         arrival time                          -4.510    
  -------------------------------------------------------------------
                         slack                                 17.553    

Slack (MET) :             17.553ns  (required time - arrival time)
  Source:                 system_i/rst_sys/U0/ACTIVE_LOW_PR_OUT_DFF[0].FDRE_PER_N/C
                            (rising edge-triggered cell FDRE clocked by clk_pl_0  {rise@0.000ns fall@10.312ns period=20.625ns})
  Destination:            system_i/hft_core/inst/u_core/u_pos_tracker/trades_per_sym_reg[15][14]/CLR
                            (recovery check against rising-edge clock clk_pl_0  {rise@0.000ns fall@10.312ns period=20.625ns})
  Path Group:             **async_default**
  Path Type:              Recovery (Max at Slow Process Corner)
  Requirement:            20.625ns  (clk_pl_0 rise@20.625ns - clk_pl_0 rise@0.000ns)
  Data Path Delay:        2.727ns  (logic 0.107ns (3.924%)  route 2.620ns (96.076%))
  Logic Levels:           1  (BUFGCE=1)
  Clock Path Skew:        -0.071ns (DCD - SCD + CPR)
    Destination Clock Delay (DCD):    1.615ns = ( 22.240 - 20.625 ) 
    Source Clock Delay      (SCD):    1.783ns
    Clock Pessimism Removal (CPR):    0.097ns
  Clock Uncertainty:      0.207ns  ((TSJ^2 + DJ^2)^1/2) / 2 + PE
    Total System Jitter     (TSJ):    0.071ns
    Discrete Jitter          (DJ):    0.409ns
    Phase Error              (PE):    0.000ns
  Clock Net Delay (Source):      1.584ns (routing 0.591ns, distribution 0.993ns)
  Clock Net Delay (Destination): 1.455ns (routing 0.533ns, distribution 0.922ns)

    Location             Delay type                Incr(ns)  Path(ns)    Netlist Resource(s)
  -------------------------------------------------------------------    -------------------
                         (clock clk_pl_0 rise edge)
                                                      0.000     0.000 r  
    PS8_X0Y0             PS8                          0.000     0.000 r  system_i/zynq_ps/inst/PS8_i/PLCLK[0]
                         net (fo=1, routed)           0.171     0.171    system_i/zynq_ps/inst/pl_clk_unbuffered[0]
    BUFG_PS_X0Y58        BUFG_PS (Prop_BUFG_PS_I_O)
                                                      0.028     0.199 r  system_i/zynq_ps/inst/buffer_pl_clk_0.PL_CLK_0_BUFG/O
    X0Y1 (CLOCK_ROOT)    net (fo=7382, routed)        1.584     1.783    system_i/rst_sys/U0/slowest_sync_clk
    SLICE_X3Y84          FDRE                                         r  system_i/rst_sys/U0/ACTIVE_LOW_PR_OUT_DFF[0].FDRE_PER_N/C
  -------------------------------------------------------------------    -------------------
    SLICE_X3Y84          FDRE (Prop_AFF_SLICEL_C_Q)
                                                      0.079     1.862 r  system_i/rst_sys/U0/ACTIVE_LOW_PR_OUT_DFF[0].FDRE_PER_N/Q
                         net (fo=1, routed)           1.314     3.176    system_i/rst_sys/U0/peripheral_aresetn[0]_bufg_place
    BUFGCE_X0Y26         BUFGCE (Prop_BUFCE_BUFGCE_I_O)
                                                      0.028     3.204 r  system_i/rst_sys/U0/ACTIVE_LOW_PR_OUT_DFF[0].FDRE_PER_N_bufg_place/O
                         net (fo=6676, routed)        1.306     4.510    system_i/hft_core/inst/u_core/u_pos_tracker/rst_n
    SLICE_X5Y164         FDCE                                         f  system_i/hft_core/inst/u_core/u_pos_tracker/trades_per_sym_reg[15][14]/CLR  (IS_INVERTED)
  -------------------------------------------------------------------    -------------------

                         (clock clk_pl_0 rise edge)
                                                     20.625    20.625 r  
    PS8_X0Y0             PS8                          0.000    20.625 r  system_i/zynq_ps/inst/PS8_i/PLCLK[0]
                         net (fo=1, routed)           0.135    20.760    system_i/zynq_ps/inst/pl_clk_unbuffered[0]
    BUFG_PS_X0Y58        BUFG_PS (Prop_BUFG_PS_I_O)
                                                      0.025    20.785 r  system_i/zynq_ps/inst/buffer_pl_clk_0.PL_CLK_0_BUFG/O
    X0Y1 (CLOCK_ROOT)    net (fo=7382, routed)        1.455    22.240    system_i/hft_core/inst/u_core/u_pos_tracker/clk
    SLICE_X5Y164         FDCE                                         r  system_i/hft_core/inst/u_core/u_pos_tracker/trades_per_sym_reg[15][14]/C
                         clock pessimism              0.097    22.337    
                         clock uncertainty           -0.207    22.130    
    SLICE_X5Y164         FDCE (Recov_DFF_SLICEM_C_CLR)
                                                     -0.066    22.064    system_i/hft_core/inst/u_core/u_pos_tracker/trades_per_sym_reg[15][14]
  -------------------------------------------------------------------
                         required time                         22.064    
                         arrival time                          -4.510    
  -------------------------------------------------------------------
                         slack                                 17.553    

Slack (MET) :             17.554ns  (required time - arrival time)
  Source:                 system_i/rst_sys/U0/ACTIVE_LOW_PR_OUT_DFF[0].FDRE_PER_N/C
                            (rising edge-triggered cell FDRE clocked by clk_pl_0  {rise@0.000ns fall@10.312ns period=20.625ns})
  Destination:            system_i/hft_core/inst/u_core/u_feature/ema_state_reg[15][3]/CLR
                            (recovery check against rising-edge clock clk_pl_0  {rise@0.000ns fall@10.312ns period=20.625ns})
  Path Group:             **async_default**
  Path Type:              Recovery (Max at Slow Process Corner)
  Requirement:            20.625ns  (clk_pl_0 rise@20.625ns - clk_pl_0 rise@0.000ns)
  Data Path Delay:        2.725ns  (logic 0.107ns (3.927%)  route 2.618ns (96.073%))
  Logic Levels:           1  (BUFGCE=1)
  Clock Path Skew:        -0.072ns (DCD - SCD + CPR)
    Destination Clock Delay (DCD):    1.614ns = ( 22.239 - 20.625 ) 
    Source Clock Delay      (SCD):    1.783ns
    Clock Pessimism Removal (CPR):    0.097ns
  Clock Uncertainty:      0.207ns  ((TSJ^2 + DJ^2)^1/2) / 2 + PE
    Total System Jitter     (TSJ):    0.071ns
    Discrete Jitter          (DJ):    0.409ns
    Phase Error              (PE):    0.000ns
  Clock Net Delay (Source):      1.584ns (routing 0.591ns, distribution 0.993ns)
  Clock Net Delay (Destination): 1.454ns (routing 0.533ns, distribution 0.921ns)

    Location             Delay type                Incr(ns)  Path(ns)    Netlist Resource(s)
  -------------------------------------------------------------------    -------------------
                         (clock clk_pl_0 rise edge)
                                                      0.000     0.000 r  
    PS8_X0Y0             PS8                          0.000     0.000 r  system_i/zynq_ps/inst/PS8_i/PLCLK[0]
                         net (fo=1, routed)           0.171     0.171    system_i/zynq_ps/inst/pl_clk_unbuffered[0]
    BUFG_PS_X0Y58        BUFG_PS (Prop_BUFG_PS_I_O)
                                                      0.028     0.199 r  system_i/zynq_ps/inst/buffer_pl_clk_0.PL_CLK_0_BUFG/O
    X0Y1 (CLOCK_ROOT)    net (fo=7382, routed)        1.584     1.783    system_i/rst_sys/U0/slowest_sync_clk
    SLICE_X3Y84          FDRE                                         r  system_i/rst_sys/U0/ACTIVE_LOW_PR_OUT_DFF[0].FDRE_PER_N/C
  -------------------------------------------------------------------    -------------------
    SLICE_X3Y84          FDRE (Prop_AFF_SLICEL_C_Q)
                                                      0.079     1.862 r  system_i/rst_sys/U0/ACTIVE_LOW_PR_OUT_DFF[0].FDRE_PER_N/Q
                         net (fo=1, routed)           1.314     3.176    system_i/rst_sys/U0/peripheral_aresetn[0]_bufg_place
    BUFGCE_X0Y26         BUFGCE (Prop_BUFCE_BUFGCE_I_O)
                                                      0.028     3.204 r  system_i/rst_sys/U0/ACTIVE_LOW_PR_OUT_DFF[0].FDRE_PER_N_bufg_place/O
                         net (fo=6676, routed)        1.304     4.508    system_i/hft_core/inst/u_core/u_feature/feature_valid_reg_2
    SLICE_X5Y141         FDCE                                         f  system_i/hft_core/inst/u_core/u_feature/ema_state_reg[15][3]/CLR  (IS_INVERTED)
  -------------------------------------------------------------------    -------------------

                         (clock clk_pl_0 rise edge)
                                                     20.625    20.625 r  
    PS8_X0Y0             PS8                          0.000    20.625 r  system_i/zynq_ps/inst/PS8_i/PLCLK[0]
                         net (fo=1, routed)           0.135    20.760    system_i/zynq_ps/inst/pl_clk_unbuffered[0]
    BUFG_PS_X0Y58        BUFG_PS (Prop_BUFG_PS_I_O)
                                                      0.025    20.785 r  system_i/zynq_ps/inst/buffer_pl_clk_0.PL_CLK_0_BUFG/O
    X0Y1 (CLOCK_ROOT)    net (fo=7382, routed)        1.454    22.239    system_i/hft_core/inst/u_core/u_feature/clk
    SLICE_X5Y141         FDCE                                         r  system_i/hft_core/inst/u_core/u_feature/ema_state_reg[15][3]/C
                         clock pessimism              0.097    22.336    
                         clock uncertainty           -0.207    22.129    
    SLICE_X5Y141         FDCE (Recov_DFF2_SLICEM_C_CLR)
                                                     -0.066    22.063    system_i/hft_core/inst/u_core/u_feature/ema_state_reg[15][3]
  -------------------------------------------------------------------
                         required time                         22.063    
                         arrival time                          -4.508    
  -------------------------------------------------------------------
                         slack                                 17.554    

Slack (MET) :             17.554ns  (required time - arrival time)
  Source:                 system_i/rst_sys/U0/ACTIVE_LOW_PR_OUT_DFF[0].FDRE_PER_N/C
                            (rising edge-triggered cell FDRE clocked by clk_pl_0  {rise@0.000ns fall@10.312ns period=20.625ns})
  Destination:            system_i/hft_core/inst/u_core/u_feature/ema_state_reg[2][31]/CLR
                            (recovery check against rising-edge clock clk_pl_0  {rise@0.000ns fall@10.312ns period=20.625ns})
  Path Group:             **async_default**
  Path Type:              Recovery (Max at Slow Process Corner)
  Requirement:            20.625ns  (clk_pl_0 rise@20.625ns - clk_pl_0 rise@0.000ns)
  Data Path Delay:        2.724ns  (logic 0.107ns (3.928%)  route 2.617ns (96.072%))
  Logic Levels:           1  (BUFGCE=1)
  Clock Path Skew:        -0.073ns (DCD - SCD + CPR)
    Destination Clock Delay (DCD):    1.613ns = ( 22.238 - 20.625 ) 
    Source Clock Delay      (SCD):    1.783ns
    Clock Pessimism Removal (CPR):    0.097ns
  Clock Uncertainty:      0.207ns  ((TSJ^2 + DJ^2)^1/2) / 2 + PE
    Total System Jitter     (TSJ):    0.071ns
    Discrete Jitter          (DJ):    0.409ns
    Phase Error              (PE):    0.000ns
  Clock Net Delay (Source):      1.584ns (routing 0.591ns, distribution 0.993ns)
  Clock Net Delay (Destination): 1.453ns (routing 0.533ns, distribution 0.920ns)

    Location             Delay type                Incr(ns)  Path(ns)    Netlist Resource(s)
  -------------------------------------------------------------------    -------------------
                         (clock clk_pl_0 rise edge)
                                                      0.000     0.000 r  
    PS8_X0Y0             PS8                          0.000     0.000 r  system_i/zynq_ps/inst/PS8_i/PLCLK[0]
                         net (fo=1, routed)           0.171     0.171    system_i/zynq_ps/inst/pl_clk_unbuffered[0]
    BUFG_PS_X0Y58        BUFG_PS (Prop_BUFG_PS_I_O)
                                                      0.028     0.199 r  system_i/zynq_ps/inst/buffer_pl_clk_0.PL_CLK_0_BUFG/O
    X0Y1 (CLOCK_ROOT)    net (fo=7382, routed)        1.584     1.783    system_i/rst_sys/U0/slowest_sync_clk
    SLICE_X3Y84          FDRE                                         r  system_i/rst_sys/U0/ACTIVE_LOW_PR_OUT_DFF[0].FDRE_PER_N/C
  -------------------------------------------------------------------    -------------------
    SLICE_X3Y84          FDRE (Prop_AFF_SLICEL_C_Q)
                                                      0.079     1.862 r  system_i/rst_sys/U0/ACTIVE_LOW_PR_OUT_DFF[0].FDRE_PER_N/Q
                         net (fo=1, routed)           1.314     3.176    system_i/rst_sys/U0/peripheral_aresetn[0]_bufg_place
    BUFGCE_X0Y26         BUFGCE (Prop_BUFCE_BUFGCE_I_O)
                                                      0.028     3.204 r  system_i/rst_sys/U0/ACTIVE_LOW_PR_OUT_DFF[0].FDRE_PER_N_bufg_place/O
                         net (fo=6676, routed)        1.303     4.507    system_i/hft_core/inst/u_core/u_feature/feature_valid_reg_2
    SLICE_X5Y142         FDCE                                         f  system_i/hft_core/inst/u_core/u_feature/ema_state_reg[2][31]/CLR  (IS_INVERTED)
  -------------------------------------------------------------------    -------------------

                         (clock clk_pl_0 rise edge)
                                                     20.625    20.625 r  
    PS8_X0Y0             PS8                          0.000    20.625 r  system_i/zynq_ps/inst/PS8_i/PLCLK[0]
                         net (fo=1, routed)           0.135    20.760    system_i/zynq_ps/inst/pl_clk_unbuffered[0]
    BUFG_PS_X0Y58        BUFG_PS (Prop_BUFG_PS_I_O)
                                                      0.025    20.785 r  system_i/zynq_ps/inst/buffer_pl_clk_0.PL_CLK_0_BUFG/O
    X0Y1 (CLOCK_ROOT)    net (fo=7382, routed)        1.453    22.238    system_i/hft_core/inst/u_core/u_feature/clk
    SLICE_X5Y142         FDCE                                         r  system_i/hft_core/inst/u_core/u_feature/ema_state_reg[2][31]/C
                         clock pessimism              0.097    22.335    
                         clock uncertainty           -0.207    22.128    
    SLICE_X5Y142         FDCE (Recov_DFF2_SLICEM_C_CLR)
                                                     -0.066    22.062    system_i/hft_core/inst/u_core/u_feature/ema_state_reg[2][31]
  -------------------------------------------------------------------
                         required time                         22.062    
                         arrival time                          -4.507    
  -------------------------------------------------------------------
                         slack                                 17.554    

Slack (MET) :             17.554ns  (required time - arrival time)
  Source:                 system_i/rst_sys/U0/ACTIVE_LOW_PR_OUT_DFF[0].FDRE_PER_N/C
                            (rising edge-triggered cell FDRE clocked by clk_pl_0  {rise@0.000ns fall@10.312ns period=20.625ns})
  Destination:            system_i/hft_core/inst/u_core/u_feature/ema_state_reg[2][3]/CLR
                            (recovery check against rising-edge clock clk_pl_0  {rise@0.000ns fall@10.312ns period=20.625ns})
  Path Group:             **async_default**
  Path Type:              Recovery (Max at Slow Process Corner)
  Requirement:            20.625ns  (clk_pl_0 rise@20.625ns - clk_pl_0 rise@0.000ns)
  Data Path Delay:        2.724ns  (logic 0.107ns (3.928%)  route 2.617ns (96.072%))
  Logic Levels:           1  (BUFGCE=1)
  Clock Path Skew:        -0.073ns (DCD - SCD + CPR)
    Destination Clock Delay (DCD):    1.613ns = ( 22.238 - 20.625 ) 
    Source Clock Delay      (SCD):    1.783ns
    Clock Pessimism Removal (CPR):    0.097ns
  Clock Uncertainty:      0.207ns  ((TSJ^2 + DJ^2)^1/2) / 2 + PE
    Total System Jitter     (TSJ):    0.071ns
    Discrete Jitter          (DJ):    0.409ns
    Phase Error              (PE):    0.000ns
  Clock Net Delay (Source):      1.584ns (routing 0.591ns, distribution 0.993ns)
  Clock Net Delay (Destination): 1.453ns (routing 0.533ns, distribution 0.920ns)

    Location             Delay type                Incr(ns)  Path(ns)    Netlist Resource(s)
  -------------------------------------------------------------------    -------------------
                         (clock clk_pl_0 rise edge)
                                                      0.000     0.000 r  
    PS8_X0Y0             PS8                          0.000     0.000 r  system_i/zynq_ps/inst/PS8_i/PLCLK[0]
                         net (fo=1, routed)           0.171     0.171    system_i/zynq_ps/inst/pl_clk_unbuffered[0]
    BUFG_PS_X0Y58        BUFG_PS (Prop_BUFG_PS_I_O)
                                                      0.028     0.199 r  system_i/zynq_ps/inst/buffer_pl_clk_0.PL_CLK_0_BUFG/O
    X0Y1 (CLOCK_ROOT)    net (fo=7382, routed)        1.584     1.783    system_i/rst_sys/U0/slowest_sync_clk
    SLICE_X3Y84          FDRE                                         r  system_i/rst_sys/U0/ACTIVE_LOW_PR_OUT_DFF[0].FDRE_PER_N/C
  -------------------------------------------------------------------    -------------------
    SLICE_X3Y84          FDRE (Prop_AFF_SLICEL_C_Q)
                                                      0.079     1.862 r  system_i/rst_sys/U0/ACTIVE_LOW_PR_OUT_DFF[0].FDRE_PER_N/Q
                         net (fo=1, routed)           1.314     3.176    system_i/rst_sys/U0/peripheral_aresetn[0]_bufg_place
    BUFGCE_X0Y26         BUFGCE (Prop_BUFCE_BUFGCE_I_O)
                                                      0.028     3.204 r  system_i/rst_sys/U0/ACTIVE_LOW_PR_OUT_DFF[0].FDRE_PER_N_bufg_place/O
                         net (fo=6676, routed)        1.303     4.507    system_i/hft_core/inst/u_core/u_feature/feature_valid_reg_2
    SLICE_X5Y142         FDCE                                         f  system_i/hft_core/inst/u_core/u_feature/ema_state_reg[2][3]/CLR  (IS_INVERTED)
  -------------------------------------------------------------------    -------------------

                         (clock clk_pl_0 rise edge)
                                                     20.625    20.625 r  
    PS8_X0Y0             PS8                          0.000    20.625 r  system_i/zynq_ps/inst/PS8_i/PLCLK[0]
                         net (fo=1, routed)           0.135    20.760    system_i/zynq_ps/inst/pl_clk_unbuffered[0]
    BUFG_PS_X0Y58        BUFG_PS (Prop_BUFG_PS_I_O)
                                                      0.025    20.785 r  system_i/zynq_ps/inst/buffer_pl_clk_0.PL_CLK_0_BUFG/O
    X0Y1 (CLOCK_ROOT)    net (fo=7382, routed)        1.453    22.238    system_i/hft_core/inst/u_core/u_feature/clk
    SLICE_X5Y142         FDCE                                         r  system_i/hft_core/inst/u_core/u_feature/ema_state_reg[2][3]/C
                         clock pessimism              0.097    22.335    
                         clock uncertainty           -0.207    22.128    
    SLICE_X5Y142         FDCE (Recov_CFF2_SLICEM_C_CLR)
                                                     -0.066    22.062    system_i/hft_core/inst/u_core/u_feature/ema_state_reg[2][3]
  -------------------------------------------------------------------
                         required time                         22.062    
                         arrival time                          -4.507    
  -------------------------------------------------------------------
                         slack                                 17.554    

Slack (MET) :             17.554ns  (required time - arrival time)
  Source:                 system_i/rst_sys/U0/ACTIVE_LOW_PR_OUT_DFF[0].FDRE_PER_N/C
                            (rising edge-triggered cell FDRE clocked by clk_pl_0  {rise@0.000ns fall@10.312ns period=20.625ns})
  Destination:            system_i/hft_core/inst/u_core/u_feature/ema_state_reg[7][31]/CLR
                            (recovery check against rising-edge clock clk_pl_0  {rise@0.000ns fall@10.312ns period=20.625ns})
  Path Group:             **async_default**
  Path Type:              Recovery (Max at Slow Process Corner)
  Requirement:            20.625ns  (clk_pl_0 rise@20.625ns - clk_pl_0 rise@0.000ns)
  Data Path Delay:        2.724ns  (logic 0.107ns (3.928%)  route 2.617ns (96.072%))
  Logic Levels:           1  (BUFGCE=1)
  Clock Path Skew:        -0.073ns (DCD - SCD + CPR)
    Destination Clock Delay (DCD):    1.613ns = ( 22.238 - 20.625 ) 
    Source Clock Delay      (SCD):    1.783ns
    Clock Pessimism Removal (CPR):    0.097ns
  Clock Uncertainty:      0.207ns  ((TSJ^2 + DJ^2)^1/2) / 2 + PE
    Total System Jitter     (TSJ):    0.071ns
    Discrete Jitter          (DJ):    0.409ns
    Phase Error              (PE):    0.000ns
  Clock Net Delay (Source):      1.584ns (routing 0.591ns, distribution 0.993ns)
  Clock Net Delay (Destination): 1.453ns (routing 0.533ns, distribution 0.920ns)

    Location             Delay type                Incr(ns)  Path(ns)    Netlist Resource(s)
  -------------------------------------------------------------------    -------------------
                         (clock clk_pl_0 rise edge)
                                                      0.000     0.000 r  
    PS8_X0Y0             PS8                          0.000     0.000 r  system_i/zynq_ps/inst/PS8_i/PLCLK[0]
                         net (fo=1, routed)           0.171     0.171    system_i/zynq_ps/inst/pl_clk_unbuffered[0]
    BUFG_PS_X0Y58        BUFG_PS (Prop_BUFG_PS_I_O)
                                                      0.028     0.199 r  system_i/zynq_ps/inst/buffer_pl_clk_0.PL_CLK_0_BUFG/O
    X0Y1 (CLOCK_ROOT)    net (fo=7382, routed)        1.584     1.783    system_i/rst_sys/U0/slowest_sync_clk
    SLICE_X3Y84          FDRE                                         r  system_i/rst_sys/U0/ACTIVE_LOW_PR_OUT_DFF[0].FDRE_PER_N/C
  -------------------------------------------------------------------    -------------------
    SLICE_X3Y84          FDRE (Prop_AFF_SLICEL_C_Q)
                                                      0.079     1.862 r  system_i/rst_sys/U0/ACTIVE_LOW_PR_OUT_DFF[0].FDRE_PER_N/Q
                         net (fo=1, routed)           1.314     3.176    system_i/rst_sys/U0/peripheral_aresetn[0]_bufg_place
    BUFGCE_X0Y26         BUFGCE (Prop_BUFCE_BUFGCE_I_O)
                                                      0.028     3.204 r  system_i/rst_sys/U0/ACTIVE_LOW_PR_OUT_DFF[0].FDRE_PER_N_bufg_place/O
                         net (fo=6676, routed)        1.303     4.507    system_i/hft_core/inst/u_core/u_feature/feature_valid_reg_2
    SLICE_X5Y142         FDCE                                         f  system_i/hft_core/inst/u_core/u_feature/ema_state_reg[7][31]/CLR  (IS_INVERTED)
  -------------------------------------------------------------------    -------------------

                         (clock clk_pl_0 rise edge)
                                                     20.625    20.625 r  
    PS8_X0Y0             PS8                          0.000    20.625 r  system_i/zynq_ps/inst/PS8_i/PLCLK[0]
                         net (fo=1, routed)           0.135    20.760    system_i/zynq_ps/inst/pl_clk_unbuffered[0]
    BUFG_PS_X0Y58        BUFG_PS (Prop_BUFG_PS_I_O)
                                                      0.025    20.785 r  system_i/zynq_ps/inst/buffer_pl_clk_0.PL_CLK_0_BUFG/O
    X0Y1 (CLOCK_ROOT)    net (fo=7382, routed)        1.453    22.238    system_i/hft_core/inst/u_core/u_feature/clk
    SLICE_X5Y142         FDCE                                         r  system_i/hft_core/inst/u_core/u_feature/ema_state_reg[7][31]/C
                         clock pessimism              0.097    22.335    
                         clock uncertainty           -0.207    22.128    
    SLICE_X5Y142         FDCE (Recov_DFF_SLICEM_C_CLR)
                                                     -0.066    22.062    system_i/hft_core/inst/u_core/u_feature/ema_state_reg[7][31]
  -------------------------------------------------------------------
                         required time                         22.062    
                         arrival time                          -4.507    
  -------------------------------------------------------------------
                         slack                                 17.554    

Slack (MET) :             17.554ns  (required time - arrival time)
  Source:                 system_i/rst_sys/U0/ACTIVE_LOW_PR_OUT_DFF[0].FDRE_PER_N/C
                            (rising edge-triggered cell FDRE clocked by clk_pl_0  {rise@0.000ns fall@10.312ns period=20.625ns})
  Destination:            system_i/hft_core/inst/u_core/u_feature/ema_state_reg[9][3]/CLR
                            (recovery check against rising-edge clock clk_pl_0  {rise@0.000ns fall@10.312ns period=20.625ns})
  Path Group:             **async_default**
  Path Type:              Recovery (Max at Slow Process Corner)
  Requirement:            20.625ns  (clk_pl_0 rise@20.625ns - clk_pl_0 rise@0.000ns)
  Data Path Delay:        2.725ns  (logic 0.107ns (3.927%)  route 2.618ns (96.073%))
  Logic Levels:           1  (BUFGCE=1)
  Clock Path Skew:        -0.072ns (DCD - SCD + CPR)
    Destination Clock Delay (DCD):    1.614ns = ( 22.239 - 20.625 ) 
    Source Clock Delay      (SCD):    1.783ns
    Clock Pessimism Removal (CPR):    0.097ns
  Clock Uncertainty:      0.207ns  ((TSJ^2 + DJ^2)^1/2) / 2 + PE
    Total System Jitter     (TSJ):    0.071ns
    Discrete Jitter          (DJ):    0.409ns
    Phase Error              (PE):    0.000ns
  Clock Net Delay (Source):      1.584ns (routing 0.591ns, distribution 0.993ns)
  Clock Net Delay (Destination): 1.454ns (routing 0.533ns, distribution 0.921ns)

    Location             Delay type                Incr(ns)  Path(ns)    Netlist Resource(s)
  -------------------------------------------------------------------    -------------------
                         (clock clk_pl_0 rise edge)
                                                      0.000     0.000 r  
    PS8_X0Y0             PS8                          0.000     0.000 r  system_i/zynq_ps/inst/PS8_i/PLCLK[0]
                         net (fo=1, routed)           0.171     0.171    system_i/zynq_ps/inst/pl_clk_unbuffered[0]
    BUFG_PS_X0Y58        BUFG_PS (Prop_BUFG_PS_I_O)
                                                      0.028     0.199 r  system_i/zynq_ps/inst/buffer_pl_clk_0.PL_CLK_0_BUFG/O
    X0Y1 (CLOCK_ROOT)    net (fo=7382, routed)        1.584     1.783    system_i/rst_sys/U0/slowest_sync_clk
    SLICE_X3Y84          FDRE                                         r  system_i/rst_sys/U0/ACTIVE_LOW_PR_OUT_DFF[0].FDRE_PER_N/C
  -------------------------------------------------------------------    -------------------
    SLICE_X3Y84          FDRE (Prop_AFF_SLICEL_C_Q)
                                                      0.079     1.862 r  system_i/rst_sys/U0/ACTIVE_LOW_PR_OUT_DFF[0].FDRE_PER_N/Q
                         net (fo=1, routed)           1.314     3.176    system_i/rst_sys/U0/peripheral_aresetn[0]_bufg_place
    BUFGCE_X0Y26         BUFGCE (Prop_BUFCE_BUFGCE_I_O)
                                                      0.028     3.204 r  system_i/rst_sys/U0/ACTIVE_LOW_PR_OUT_DFF[0].FDRE_PER_N_bufg_place/O
                         net (fo=6676, routed)        1.304     4.508    system_i/hft_core/inst/u_core/u_feature/feature_valid_reg_2
    SLICE_X5Y141         FDCE                                         f  system_i/hft_core/inst/u_core/u_feature/ema_state_reg[9][3]/CLR  (IS_INVERTED)
  -------------------------------------------------------------------    -------------------

                         (clock clk_pl_0 rise edge)
                                                     20.625    20.625 r  
    PS8_X0Y0             PS8                          0.000    20.625 r  system_i/zynq_ps/inst/PS8_i/PLCLK[0]
                         net (fo=1, routed)           0.135    20.760    system_i/zynq_ps/inst/pl_clk_unbuffered[0]
    BUFG_PS_X0Y58        BUFG_PS (Prop_BUFG_PS_I_O)
                                                      0.025    20.785 r  system_i/zynq_ps/inst/buffer_pl_clk_0.PL_CLK_0_BUFG/O
    X0Y1 (CLOCK_ROOT)    net (fo=7382, routed)        1.454    22.239    system_i/hft_core/inst/u_core/u_feature/clk
    SLICE_X5Y141         FDCE                                         r  system_i/hft_core/inst/u_core/u_feature/ema_state_reg[9][3]/C
                         clock pessimism              0.097    22.336    
                         clock uncertainty           -0.207    22.129    
    SLICE_X5Y141         FDCE (Recov_DFF_SLICEM_C_CLR)
                                                     -0.066    22.063    system_i/hft_core/inst/u_core/u_feature/ema_state_reg[9][3]
  -------------------------------------------------------------------
                         required time                         22.063    
                         arrival time                          -4.508    
  -------------------------------------------------------------------
                         slack                                 17.554    

Slack (MET) :             17.554ns  (required time - arrival time)
  Source:                 system_i/rst_sys/U0/ACTIVE_LOW_PR_OUT_DFF[0].FDRE_PER_N/C
                            (rising edge-triggered cell FDRE clocked by clk_pl_0  {rise@0.000ns fall@10.312ns period=20.625ns})
  Destination:            system_i/hft_core/inst/u_core/u_feature/ema_state_reg[9][4]/CLR
                            (recovery check against rising-edge clock clk_pl_0  {rise@0.000ns fall@10.312ns period=20.625ns})
  Path Group:             **async_default**
  Path Type:              Recovery (Max at Slow Process Corner)
  Requirement:            20.625ns  (clk_pl_0 rise@20.625ns - clk_pl_0 rise@0.000ns)
  Data Path Delay:        2.725ns  (logic 0.107ns (3.927%)  route 2.618ns (96.073%))
  Logic Levels:           1  (BUFGCE=1)
  Clock Path Skew:        -0.072ns (DCD - SCD + CPR)
    Destination Clock Delay (DCD):    1.614ns = ( 22.239 - 20.625 ) 
    Source Clock Delay      (SCD):    1.783ns
    Clock Pessimism Removal (CPR):    0.097ns
  Clock Uncertainty:      0.207ns  ((TSJ^2 + DJ^2)^1/2) / 2 + PE
    Total System Jitter     (TSJ):    0.071ns
    Discrete Jitter          (DJ):    0.409ns
    Phase Error              (PE):    0.000ns
  Clock Net Delay (Source):      1.584ns (routing 0.591ns, distribution 0.993ns)
  Clock Net Delay (Destination): 1.454ns (routing 0.533ns, distribution 0.921ns)

    Location             Delay type                Incr(ns)  Path(ns)    Netlist Resource(s)
  -------------------------------------------------------------------    -------------------
                         (clock clk_pl_0 rise edge)
                                                      0.000     0.000 r  
    PS8_X0Y0             PS8                          0.000     0.000 r  system_i/zynq_ps/inst/PS8_i/PLCLK[0]
                         net (fo=1, routed)           0.171     0.171    system_i/zynq_ps/inst/pl_clk_unbuffered[0]
    BUFG_PS_X0Y58        BUFG_PS (Prop_BUFG_PS_I_O)
                                                      0.028     0.199 r  system_i/zynq_ps/inst/buffer_pl_clk_0.PL_CLK_0_BUFG/O
    X0Y1 (CLOCK_ROOT)    net (fo=7382, routed)        1.584     1.783    system_i/rst_sys/U0/slowest_sync_clk
    SLICE_X3Y84          FDRE                                         r  system_i/rst_sys/U0/ACTIVE_LOW_PR_OUT_DFF[0].FDRE_PER_N/C
  -------------------------------------------------------------------    -------------------
    SLICE_X3Y84          FDRE (Prop_AFF_SLICEL_C_Q)
                                                      0.079     1.862 r  system_i/rst_sys/U0/ACTIVE_LOW_PR_OUT_DFF[0].FDRE_PER_N/Q
                         net (fo=1, routed)           1.314     3.176    system_i/rst_sys/U0/peripheral_aresetn[0]_bufg_place
    BUFGCE_X0Y26         BUFGCE (Prop_BUFCE_BUFGCE_I_O)
                                                      0.028     3.204 r  system_i/rst_sys/U0/ACTIVE_LOW_PR_OUT_DFF[0].FDRE_PER_N_bufg_place/O
                         net (fo=6676, routed)        1.304     4.508    system_i/hft_core/inst/u_core/u_feature/feature_valid_reg_2
    SLICE_X5Y141         FDCE                                         f  system_i/hft_core/inst/u_core/u_feature/ema_state_reg[9][4]/CLR  (IS_INVERTED)
  -------------------------------------------------------------------    -------------------

                         (clock clk_pl_0 rise edge)
                                                     20.625    20.625 r  
    PS8_X0Y0             PS8                          0.000    20.625 r  system_i/zynq_ps/inst/PS8_i/PLCLK[0]
                         net (fo=1, routed)           0.135    20.760    system_i/zynq_ps/inst/pl_clk_unbuffered[0]
    BUFG_PS_X0Y58        BUFG_PS (Prop_BUFG_PS_I_O)
                                                      0.025    20.785 r  system_i/zynq_ps/inst/buffer_pl_clk_0.PL_CLK_0_BUFG/O
    X0Y1 (CLOCK_ROOT)    net (fo=7382, routed)        1.454    22.239    system_i/hft_core/inst/u_core/u_feature/clk
    SLICE_X5Y141         FDCE                                         r  system_i/hft_core/inst/u_core/u_feature/ema_state_reg[9][4]/C
                         clock pessimism              0.097    22.336    
                         clock uncertainty           -0.207    22.129    
    SLICE_X5Y141         FDCE (Recov_CFF_SLICEM_C_CLR)
                                                     -0.066    22.063    system_i/hft_core/inst/u_core/u_feature/ema_state_reg[9][4]
  -------------------------------------------------------------------
                         required time                         22.063    
                         arrival time                          -4.508    
  -------------------------------------------------------------------
                         slack                                 17.554    





Min Delay Paths
--------------------------------------------------------------------------------------
Slack (MET) :             1.265ns  (arrival time - required time)
  Source:                 system_i/rst_sys/U0/ACTIVE_LOW_PR_OUT_DFF[0].FDRE_PER_N/C
                            (rising edge-triggered cell FDRE clocked by clk_pl_0  {rise@0.000ns fall@10.312ns period=20.625ns})
  Destination:            system_i/hft_core/inst/u_core/u_risk/pending_sell_reg[14][11]/CLR
                            (removal check against rising-edge clock clk_pl_0  {rise@0.000ns fall@10.312ns period=20.625ns})
  Path Group:             **async_default**
  Path Type:              Removal (Min at Fast Process Corner)
  Requirement:            0.000ns  (clk_pl_0 rise@0.000ns - clk_pl_0 rise@0.000ns)
  Data Path Delay:        1.353ns  (logic 0.056ns (4.139%)  route 1.297ns (95.861%))
  Logic Levels:           1  (BUFGCE=1)
  Clock Path Skew:        0.108ns (DCD - SCD - CPR)
    Destination Clock Delay (DCD):    1.189ns
    Source Clock Delay      (SCD):    0.981ns
    Clock Pessimism Removal (CPR):    0.101ns
  Clock Net Delay (Source):      0.870ns (routing 0.324ns, distribution 0.546ns)
  Clock Net Delay (Destination): 1.051ns (routing 0.365ns, distribution 0.686ns)

    Location             Delay type                Incr(ns)  Path(ns)    Netlist Resource(s)
  -------------------------------------------------------------------    -------------------
                         (clock clk_pl_0 rise edge)
                                                      0.000     0.000 r  
    PS8_X0Y0             PS8                          0.000     0.000 r  system_i/zynq_ps/inst/PS8_i/PLCLK[0]
                         net (fo=1, routed)           0.094     0.094    system_i/zynq_ps/inst/pl_clk_unbuffered[0]
    BUFG_PS_X0Y58        BUFG_PS (Prop_BUFG_PS_I_O)
                                                      0.017     0.111 r  system_i/zynq_ps/inst/buffer_pl_clk_0.PL_CLK_0_BUFG/O
    X0Y1 (CLOCK_ROOT)    net (fo=7382, routed)        0.870     0.981    system_i/rst_sys/U0/slowest_sync_clk
    SLICE_X3Y84          FDRE                                         r  system_i/rst_sys/U0/ACTIVE_LOW_PR_OUT_DFF[0].FDRE_PER_N/C
  -------------------------------------------------------------------    -------------------
    SLICE_X3Y84          FDRE (Prop_AFF_SLICEL_C_Q)
                                                      0.039     1.020 r  system_i/rst_sys/U0/ACTIVE_LOW_PR_OUT_DFF[0].FDRE_PER_N/Q
                         net (fo=1, routed)           0.684     1.704    system_i/rst_sys/U0/peripheral_aresetn[0]_bufg_place
    BUFGCE_X0Y26         BUFGCE (Prop_BUFCE_BUFGCE_I_O)
                                                      0.017     1.721 r  system_i/rst_sys/U0/ACTIVE_LOW_PR_OUT_DFF[0].FDRE_PER_N_bufg_place/O
                         net (fo=6676, routed)        0.613     2.334    system_i/hft_core/inst/u_core/u_risk/order_count_reg[0]_0
    SLICE_X34Y89         FDCE                                         f  system_i/hft_core/inst/u_core/u_risk/pending_sell_reg[14][11]/CLR  (IS_INVERTED)
  -------------------------------------------------------------------    -------------------

                         (clock clk_pl_0 rise edge)
                                                      0.000     0.000 r  
    PS8_X0Y0             PS8                          0.000     0.000 r  system_i/zynq_ps/inst/PS8_i/PLCLK[0]
                         net (fo=1, routed)           0.120     0.120    system_i/zynq_ps/inst/pl_clk_unbuffered[0]
    BUFG_PS_X0Y58        BUFG_PS (Prop_BUFG_PS_I_O)
                                                      0.018     0.138 r  system_i/zynq_ps/inst/buffer_pl_clk_0.PL_CLK_0_BUFG/O
    X0Y1 (CLOCK_ROOT)    net (fo=7382, routed)        1.051     1.189    system_i/hft_core/inst/u_core/u_risk/clk
    SLICE_X34Y89         FDCE                                         r  system_i/hft_core/inst/u_core/u_risk/pending_sell_reg[14][11]/C
                         clock pessimism             -0.101     1.088    
    SLICE_X34Y89         FDCE (Remov_DFF_SLICEM_C_CLR)
                                                     -0.020     1.068    system_i/hft_core/inst/u_core/u_risk/pending_sell_reg[14][11]
  -------------------------------------------------------------------
                         required time                         -1.068    
                         arrival time                           2.334    
  -------------------------------------------------------------------
                         slack                                  1.265    

Slack (MET) :             1.266ns  (arrival time - required time)
  Source:                 system_i/rst_sys/U0/ACTIVE_LOW_PR_OUT_DFF[0].FDRE_PER_N/C
                            (rising edge-triggered cell FDRE clocked by clk_pl_0  {rise@0.000ns fall@10.312ns period=20.625ns})
  Destination:            system_i/hft_core/inst/u_core/u_risk/pending_sell_reg[6][14]/CLR
                            (removal check against rising-edge clock clk_pl_0  {rise@0.000ns fall@10.312ns period=20.625ns})
  Path Group:             **async_default**
  Path Type:              Removal (Min at Fast Process Corner)
  Requirement:            0.000ns  (clk_pl_0 rise@0.000ns - clk_pl_0 rise@0.000ns)
  Data Path Delay:        1.346ns  (logic 0.056ns (4.160%)  route 1.290ns (95.840%))
  Logic Levels:           1  (BUFGCE=1)
  Clock Path Skew:        0.100ns (DCD - SCD - CPR)
    Destination Clock Delay (DCD):    1.181ns
    Source Clock Delay      (SCD):    0.981ns
    Clock Pessimism Removal (CPR):    0.101ns
  Clock Net Delay (Source):      0.870ns (routing 0.324ns, distribution 0.546ns)
  Clock Net Delay (Destination): 1.043ns (routing 0.365ns, distribution 0.678ns)

    Location             Delay type                Incr(ns)  Path(ns)    Netlist Resource(s)
  -------------------------------------------------------------------    -------------------
                         (clock clk_pl_0 rise edge)
                                                      0.000     0.000 r  
    PS8_X0Y0             PS8                          0.000     0.000 r  system_i/zynq_ps/inst/PS8_i/PLCLK[0]
                         net (fo=1, routed)           0.094     0.094    system_i/zynq_ps/inst/pl_clk_unbuffered[0]
    BUFG_PS_X0Y58        BUFG_PS (Prop_BUFG_PS_I_O)
                                                      0.017     0.111 r  system_i/zynq_ps/inst/buffer_pl_clk_0.PL_CLK_0_BUFG/O
    X0Y1 (CLOCK_ROOT)    net (fo=7382, routed)        0.870     0.981    system_i/rst_sys/U0/slowest_sync_clk
    SLICE_X3Y84          FDRE                                         r  system_i/rst_sys/U0/ACTIVE_LOW_PR_OUT_DFF[0].FDRE_PER_N/C
  -------------------------------------------------------------------    -------------------
    SLICE_X3Y84          FDRE (Prop_AFF_SLICEL_C_Q)
                                                      0.039     1.020 r  system_i/rst_sys/U0/ACTIVE_LOW_PR_OUT_DFF[0].FDRE_PER_N/Q
                         net (fo=1, routed)           0.684     1.704    system_i/rst_sys/U0/peripheral_aresetn[0]_bufg_place
    BUFGCE_X0Y26         BUFGCE (Prop_BUFCE_BUFGCE_I_O)
                                                      0.017     1.721 r  system_i/rst_sys/U0/ACTIVE_LOW_PR_OUT_DFF[0].FDRE_PER_N_bufg_place/O
                         net (fo=6676, routed)        0.606     2.327    system_i/hft_core/inst/u_core/u_risk/order_count_reg[0]_0
    SLICE_X33Y93         FDCE                                         f  system_i/hft_core/inst/u_core/u_risk/pending_sell_reg[6][14]/CLR  (IS_INVERTED)
  -------------------------------------------------------------------    -------------------

                         (clock clk_pl_0 rise edge)
                                                      0.000     0.000 r  
    PS8_X0Y0             PS8                          0.000     0.000 r  system_i/zynq_ps/inst/PS8_i/PLCLK[0]
                         net (fo=1, routed)           0.120     0.120    system_i/zynq_ps/inst/pl_clk_unbuffered[0]
    BUFG_PS_X0Y58        BUFG_PS (Prop_BUFG_PS_I_O)
                                                      0.018     0.138 r  system_i/zynq_ps/inst/buffer_pl_clk_0.PL_CLK_0_BUFG/O
    X0Y1 (CLOCK_ROOT)    net (fo=7382, routed)        1.043     1.181    system_i/hft_core/inst/u_core/u_risk/clk
    SLICE_X33Y93         FDCE                                         r  system_i/hft_core/inst/u_core/u_risk/pending_sell_reg[6][14]/C
                         clock pessimism             -0.101     1.080    
    SLICE_X33Y93         FDCE (Remov_DFF_SLICEL_C_CLR)
                                                     -0.020     1.060    system_i/hft_core/inst/u_core/u_risk/pending_sell_reg[6][14]
  -------------------------------------------------------------------
                         required time                         -1.060    
                         arrival time                           2.327    
  -------------------------------------------------------------------
                         slack                                  1.266    

Slack (MET) :             1.267ns  (arrival time - required time)
  Source:                 system_i/rst_sys/U0/ACTIVE_LOW_PR_OUT_DFF[0].FDRE_PER_N/C
                            (rising edge-triggered cell FDRE clocked by clk_pl_0  {rise@0.000ns fall@10.312ns period=20.625ns})
  Destination:            system_i/hft_core/inst/u_core/u_risk/pending_sell_reg[6][11]/CLR
                            (removal check against rising-edge clock clk_pl_0  {rise@0.000ns fall@10.312ns period=20.625ns})
  Path Group:             **async_default**
  Path Type:              Removal (Min at Fast Process Corner)
  Requirement:            0.000ns  (clk_pl_0 rise@0.000ns - clk_pl_0 rise@0.000ns)
  Data Path Delay:        1.347ns  (logic 0.056ns (4.157%)  route 1.291ns (95.843%))
  Logic Levels:           1  (BUFGCE=1)
  Clock Path Skew:        0.100ns (DCD - SCD - CPR)
    Destination Clock Delay (DCD):    1.181ns
    Source Clock Delay      (SCD):    0.981ns
    Clock Pessimism Removal (CPR):    0.101ns
  Clock Net Delay (Source):      0.870ns (routing 0.324ns, distribution 0.546ns)
  Clock Net Delay (Destination): 1.043ns (routing 0.365ns, distribution 0.678ns)

    Location             Delay type                Incr(ns)  Path(ns)    Netlist Resource(s)
  -------------------------------------------------------------------    -------------------
                         (clock clk_pl_0 rise edge)
                                                      0.000     0.000 r  
    PS8_X0Y0             PS8                          0.000     0.000 r  system_i/zynq_ps/inst/PS8_i/PLCLK[0]
                         net (fo=1, routed)           0.094     0.094    system_i/zynq_ps/inst/pl_clk_unbuffered[0]
    BUFG_PS_X0Y58        BUFG_PS (Prop_BUFG_PS_I_O)
                                                      0.017     0.111 r  system_i/zynq_ps/inst/buffer_pl_clk_0.PL_CLK_0_BUFG/O
    X0Y1 (CLOCK_ROOT)    net (fo=7382, routed)        0.870     0.981    system_i/rst_sys/U0/slowest_sync_clk
    SLICE_X3Y84          FDRE                                         r  system_i/rst_sys/U0/ACTIVE_LOW_PR_OUT_DFF[0].FDRE_PER_N/C
  -------------------------------------------------------------------    -------------------
    SLICE_X3Y84          FDRE (Prop_AFF_SLICEL_C_Q)
                                                      0.039     1.020 r  system_i/rst_sys/U0/ACTIVE_LOW_PR_OUT_DFF[0].FDRE_PER_N/Q
                         net (fo=1, routed)           0.684     1.704    system_i/rst_sys/U0/peripheral_aresetn[0]_bufg_place
    BUFGCE_X0Y26         BUFGCE (Prop_BUFCE_BUFGCE_I_O)
                                                      0.017     1.721 r  system_i/rst_sys/U0/ACTIVE_LOW_PR_OUT_DFF[0].FDRE_PER_N_bufg_place/O
                         net (fo=6676, routed)        0.607     2.328    system_i/hft_core/inst/u_core/u_risk/order_count_reg[0]_0
    SLICE_X33Y89         FDCE                                         f  system_i/hft_core/inst/u_core/u_risk/pending_sell_reg[6][11]/CLR  (IS_INVERTED)
  -------------------------------------------------------------------    -------------------

                         (clock clk_pl_0 rise edge)
                                                      0.000     0.000 r  
    PS8_X0Y0             PS8                          0.000     0.000 r  system_i/zynq_ps/inst/PS8_i/PLCLK[0]
                         net (fo=1, routed)           0.120     0.120    system_i/zynq_ps/inst/pl_clk_unbuffered[0]
    BUFG_PS_X0Y58        BUFG_PS (Prop_BUFG_PS_I_O)
                                                      0.018     0.138 r  system_i/zynq_ps/inst/buffer_pl_clk_0.PL_CLK_0_BUFG/O
    X0Y1 (CLOCK_ROOT)    net (fo=7382, routed)        1.043     1.181    system_i/hft_core/inst/u_core/u_risk/clk
    SLICE_X33Y89         FDCE                                         r  system_i/hft_core/inst/u_core/u_risk/pending_sell_reg[6][11]/C
                         clock pessimism             -0.101     1.080    
    SLICE_X33Y89         FDCE (Remov_DFF_SLICEL_C_CLR)
                                                     -0.020     1.060    system_i/hft_core/inst/u_core/u_risk/pending_sell_reg[6][11]
  -------------------------------------------------------------------
                         required time                         -1.060    
                         arrival time                           2.328    
  -------------------------------------------------------------------
                         slack                                  1.267    

Slack (MET) :             1.270ns  (arrival time - required time)
  Source:                 system_i/rst_sys/U0/ACTIVE_LOW_PR_OUT_DFF[0].FDRE_PER_N/C
                            (rising edge-triggered cell FDRE clocked by clk_pl_0  {rise@0.000ns fall@10.312ns period=20.625ns})
  Destination:            system_i/hft_core/inst/u_core/u_risk/pending_sell_reg[13][11]/CLR
                            (removal check against rising-edge clock clk_pl_0  {rise@0.000ns fall@10.312ns period=20.625ns})
  Path Group:             **async_default**
  Path Type:              Removal (Min at Fast Process Corner)
  Requirement:            0.000ns  (clk_pl_0 rise@0.000ns - clk_pl_0 rise@0.000ns)
  Data Path Delay:        1.355ns  (logic 0.056ns (4.133%)  route 1.299ns (95.867%))
  Logic Levels:           1  (BUFGCE=1)
  Clock Path Skew:        0.105ns (DCD - SCD - CPR)
    Destination Clock Delay (DCD):    1.186ns
    Source Clock Delay      (SCD):    0.981ns
    Clock Pessimism Removal (CPR):    0.101ns
  Clock Net Delay (Source):      0.870ns (routing 0.324ns, distribution 0.546ns)
  Clock Net Delay (Destination): 1.048ns (routing 0.365ns, distribution 0.683ns)

    Location             Delay type                Incr(ns)  Path(ns)    Netlist Resource(s)
  -------------------------------------------------------------------    -------------------
                         (clock clk_pl_0 rise edge)
                                                      0.000     0.000 r  
    PS8_X0Y0             PS8                          0.000     0.000 r  system_i/zynq_ps/inst/PS8_i/PLCLK[0]
                         net (fo=1, routed)           0.094     0.094    system_i/zynq_ps/inst/pl_clk_unbuffered[0]
    BUFG_PS_X0Y58        BUFG_PS (Prop_BUFG_PS_I_O)
                                                      0.017     0.111 r  system_i/zynq_ps/inst/buffer_pl_clk_0.PL_CLK_0_BUFG/O
    X0Y1 (CLOCK_ROOT)    net (fo=7382, routed)        0.870     0.981    system_i/rst_sys/U0/slowest_sync_clk
    SLICE_X3Y84          FDRE                                         r  system_i/rst_sys/U0/ACTIVE_LOW_PR_OUT_DFF[0].FDRE_PER_N/C
  -------------------------------------------------------------------    -------------------
    SLICE_X3Y84          FDRE (Prop_AFF_SLICEL_C_Q)
                                                      0.039     1.020 r  system_i/rst_sys/U0/ACTIVE_LOW_PR_OUT_DFF[0].FDRE_PER_N/Q
                         net (fo=1, routed)           0.684     1.704    system_i/rst_sys/U0/peripheral_aresetn[0]_bufg_place
    BUFGCE_X0Y26         BUFGCE (Prop_BUFCE_BUFGCE_I_O)
                                                      0.017     1.721 r  system_i/rst_sys/U0/ACTIVE_LOW_PR_OUT_DFF[0].FDRE_PER_N_bufg_place/O
                         net (fo=6676, routed)        0.615     2.336    system_i/hft_core/inst/u_core/u_risk/order_count_reg[0]_0
    SLICE_X32Y88         FDCE                                         f  system_i/hft_core/inst/u_core/u_risk/pending_sell_reg[13][11]/CLR  (IS_INVERTED)
  -------------------------------------------------------------------    -------------------

                         (clock clk_pl_0 rise edge)
                                                      0.000     0.000 r  
    PS8_X0Y0             PS8                          0.000     0.000 r  system_i/zynq_ps/inst/PS8_i/PLCLK[0]
                         net (fo=1, routed)           0.120     0.120    system_i/zynq_ps/inst/pl_clk_unbuffered[0]
    BUFG_PS_X0Y58        BUFG_PS (Prop_BUFG_PS_I_O)
                                                      0.018     0.138 r  system_i/zynq_ps/inst/buffer_pl_clk_0.PL_CLK_0_BUFG/O
    X0Y1 (CLOCK_ROOT)    net (fo=7382, routed)        1.048     1.186    system_i/hft_core/inst/u_core/u_risk/clk
    SLICE_X32Y88         FDCE                                         r  system_i/hft_core/inst/u_core/u_risk/pending_sell_reg[13][11]/C
                         clock pessimism             -0.101     1.086    
    SLICE_X32Y88         FDCE (Remov_HFF_SLICEL_C_CLR)
                                                     -0.020     1.066    system_i/hft_core/inst/u_core/u_risk/pending_sell_reg[13][11]
  -------------------------------------------------------------------
                         required time                         -1.066    
                         arrival time                           2.336    
  -------------------------------------------------------------------
                         slack                                  1.270    

Slack (MET) :             1.270ns  (arrival time - required time)
  Source:                 system_i/rst_sys/U0/ACTIVE_LOW_PR_OUT_DFF[0].FDRE_PER_N/C
                            (rising edge-triggered cell FDRE clocked by clk_pl_0  {rise@0.000ns fall@10.312ns period=20.625ns})
  Destination:            system_i/hft_core/inst/u_core/u_risk/pending_sell_reg[6][10]/CLR
                            (removal check against rising-edge clock clk_pl_0  {rise@0.000ns fall@10.312ns period=20.625ns})
  Path Group:             **async_default**
  Path Type:              Removal (Min at Fast Process Corner)
  Requirement:            0.000ns  (clk_pl_0 rise@0.000ns - clk_pl_0 rise@0.000ns)
  Data Path Delay:        1.359ns  (logic 0.056ns (4.121%)  route 1.303ns (95.879%))
  Logic Levels:           1  (BUFGCE=1)
  Clock Path Skew:        0.109ns (DCD - SCD - CPR)
    Destination Clock Delay (DCD):    1.190ns
    Source Clock Delay      (SCD):    0.981ns
    Clock Pessimism Removal (CPR):    0.101ns
  Clock Net Delay (Source):      0.870ns (routing 0.324ns, distribution 0.546ns)
  Clock Net Delay (Destination): 1.052ns (routing 0.365ns, distribution 0.687ns)

    Location             Delay type                Incr(ns)  Path(ns)    Netlist Resource(s)
  -------------------------------------------------------------------    -------------------
                         (clock clk_pl_0 rise edge)
                                                      0.000     0.000 r  
    PS8_X0Y0             PS8                          0.000     0.000 r  system_i/zynq_ps/inst/PS8_i/PLCLK[0]
                         net (fo=1, routed)           0.094     0.094    system_i/zynq_ps/inst/pl_clk_unbuffered[0]
    BUFG_PS_X0Y58        BUFG_PS (Prop_BUFG_PS_I_O)
                                                      0.017     0.111 r  system_i/zynq_ps/inst/buffer_pl_clk_0.PL_CLK_0_BUFG/O
    X0Y1 (CLOCK_ROOT)    net (fo=7382, routed)        0.870     0.981    system_i/rst_sys/U0/slowest_sync_clk
    SLICE_X3Y84          FDRE                                         r  system_i/rst_sys/U0/ACTIVE_LOW_PR_OUT_DFF[0].FDRE_PER_N/C
  -------------------------------------------------------------------    -------------------
    SLICE_X3Y84          FDRE (Prop_AFF_SLICEL_C_Q)
                                                      0.039     1.020 r  system_i/rst_sys/U0/ACTIVE_LOW_PR_OUT_DFF[0].FDRE_PER_N/Q
                         net (fo=1, routed)           0.684     1.704    system_i/rst_sys/U0/peripheral_aresetn[0]_bufg_place
    BUFGCE_X0Y26         BUFGCE (Prop_BUFCE_BUFGCE_I_O)
                                                      0.017     1.721 r  system_i/rst_sys/U0/ACTIVE_LOW_PR_OUT_DFF[0].FDRE_PER_N_bufg_place/O
                         net (fo=6676, routed)        0.619     2.340    system_i/hft_core/inst/u_core/u_risk/order_count_reg[0]_0
    SLICE_X32Y83         FDCE                                         f  system_i/hft_core/inst/u_core/u_risk/pending_sell_reg[6][10]/CLR  (IS_INVERTED)
  -------------------------------------------------------------------    -------------------

                         (clock clk_pl_0 rise edge)
                                                      0.000     0.000 r  
    PS8_X0Y0             PS8                          0.000     0.000 r  system_i/zynq_ps/inst/PS8_i/PLCLK[0]
                         net (fo=1, routed)           0.120     0.120    system_i/zynq_ps/inst/pl_clk_unbuffered[0]
    BUFG_PS_X0Y58        BUFG_PS (Prop_BUFG_PS_I_O)
                                                      0.018     0.138 r  system_i/zynq_ps/inst/buffer_pl_clk_0.PL_CLK_0_BUFG/O
    X0Y1 (CLOCK_ROOT)    net (fo=7382, routed)        1.052     1.190    system_i/hft_core/inst/u_core/u_risk/clk
    SLICE_X32Y83         FDCE                                         r  system_i/hft_core/inst/u_core/u_risk/pending_sell_reg[6][10]/C
                         clock pessimism             -0.101     1.090    
    SLICE_X32Y83         FDCE (Remov_HFF_SLICEL_C_CLR)
                                                     -0.020     1.070    system_i/hft_core/inst/u_core/u_risk/pending_sell_reg[6][10]
  -------------------------------------------------------------------
                         required time                         -1.070    
                         arrival time                           2.340    
  -------------------------------------------------------------------
                         slack                                  1.270    

Slack (MET) :             1.271ns  (arrival time - required time)
  Source:                 system_i/rst_sys/U0/ACTIVE_LOW_PR_OUT_DFF[0].FDRE_PER_N/C
                            (rising edge-triggered cell FDRE clocked by clk_pl_0  {rise@0.000ns fall@10.312ns period=20.625ns})
  Destination:            system_i/hft_core/inst/u_core/u_risk/pending_sell_reg[0][2]/CLR
                            (removal check against rising-edge clock clk_pl_0  {rise@0.000ns fall@10.312ns period=20.625ns})
  Path Group:             **async_default**
  Path Type:              Removal (Min at Fast Process Corner)
  Requirement:            0.000ns  (clk_pl_0 rise@0.000ns - clk_pl_0 rise@0.000ns)
  Data Path Delay:        1.368ns  (logic 0.056ns (4.095%)  route 1.312ns (95.905%))
  Logic Levels:           1  (BUFGCE=1)
  Clock Path Skew:        0.116ns (DCD - SCD - CPR)
    Destination Clock Delay (DCD):    1.198ns
    Source Clock Delay      (SCD):    0.981ns
    Clock Pessimism Removal (CPR):    0.101ns
  Clock Net Delay (Source):      0.870ns (routing 0.324ns, distribution 0.546ns)
  Clock Net Delay (Destination): 1.060ns (routing 0.365ns, distribution 0.695ns)

    Location             Delay type                Incr(ns)  Path(ns)    Netlist Resource(s)
  -------------------------------------------------------------------    -------------------
                         (clock clk_pl_0 rise edge)
                                                      0.000     0.000 r  
    PS8_X0Y0             PS8                          0.000     0.000 r  system_i/zynq_ps/inst/PS8_i/PLCLK[0]
                         net (fo=1, routed)           0.094     0.094    system_i/zynq_ps/inst/pl_clk_unbuffered[0]
    BUFG_PS_X0Y58        BUFG_PS (Prop_BUFG_PS_I_O)
                                                      0.017     0.111 r  system_i/zynq_ps/inst/buffer_pl_clk_0.PL_CLK_0_BUFG/O
    X0Y1 (CLOCK_ROOT)    net (fo=7382, routed)        0.870     0.981    system_i/rst_sys/U0/slowest_sync_clk
    SLICE_X3Y84          FDRE                                         r  system_i/rst_sys/U0/ACTIVE_LOW_PR_OUT_DFF[0].FDRE_PER_N/C
  -------------------------------------------------------------------    -------------------
    SLICE_X3Y84          FDRE (Prop_AFF_SLICEL_C_Q)
                                                      0.039     1.020 r  system_i/rst_sys/U0/ACTIVE_LOW_PR_OUT_DFF[0].FDRE_PER_N/Q
                         net (fo=1, routed)           0.684     1.704    system_i/rst_sys/U0/peripheral_aresetn[0]_bufg_place
    BUFGCE_X0Y26         BUFGCE (Prop_BUFCE_BUFGCE_I_O)
                                                      0.017     1.721 r  system_i/rst_sys/U0/ACTIVE_LOW_PR_OUT_DFF[0].FDRE_PER_N_bufg_place/O
                         net (fo=6676, routed)        0.628     2.348    system_i/hft_core/inst/u_core/u_risk/order_count_reg[0]_0
    SLICE_X30Y73         FDCE                                         f  system_i/hft_core/inst/u_core/u_risk/pending_sell_reg[0][2]/CLR  (IS_INVERTED)
  -------------------------------------------------------------------    -------------------

                         (clock clk_pl_0 rise edge)
                                                      0.000     0.000 r  
    PS8_X0Y0             PS8                          0.000     0.000 r  system_i/zynq_ps/inst/PS8_i/PLCLK[0]
                         net (fo=1, routed)           0.120     0.120    system_i/zynq_ps/inst/pl_clk_unbuffered[0]
    BUFG_PS_X0Y58        BUFG_PS (Prop_BUFG_PS_I_O)
                                                      0.018     0.138 r  system_i/zynq_ps/inst/buffer_pl_clk_0.PL_CLK_0_BUFG/O
    X0Y1 (CLOCK_ROOT)    net (fo=7382, routed)        1.060     1.198    system_i/hft_core/inst/u_core/u_risk/clk
    SLICE_X30Y73         FDCE                                         r  system_i/hft_core/inst/u_core/u_risk/pending_sell_reg[0][2]/C
                         clock pessimism             -0.101     1.097    
    SLICE_X30Y73         FDCE (Remov_HFF_SLICEL_C_CLR)
                                                     -0.020     1.077    system_i/hft_core/inst/u_core/u_risk/pending_sell_reg[0][2]
  -------------------------------------------------------------------
                         required time                         -1.077    
                         arrival time                           2.348    
  -------------------------------------------------------------------
                         slack                                  1.271    

Slack (MET) :             1.271ns  (arrival time - required time)
  Source:                 system_i/rst_sys/U0/ACTIVE_LOW_PR_OUT_DFF[0].FDRE_PER_N/C
                            (rising edge-triggered cell FDRE clocked by clk_pl_0  {rise@0.000ns fall@10.312ns period=20.625ns})
  Destination:            system_i/hft_core/inst/u_core/u_risk/pending_sell_reg[15][10]/CLR
                            (removal check against rising-edge clock clk_pl_0  {rise@0.000ns fall@10.312ns period=20.625ns})
  Path Group:             **async_default**
  Path Type:              Removal (Min at Fast Process Corner)
  Requirement:            0.000ns  (clk_pl_0 rise@0.000ns - clk_pl_0 rise@0.000ns)
  Data Path Delay:        1.363ns  (logic 0.056ns (4.110%)  route 1.307ns (95.890%))
  Logic Levels:           1  (BUFGCE=1)
  Clock Path Skew:        0.111ns (DCD - SCD - CPR)
    Destination Clock Delay (DCD):    1.193ns
    Source Clock Delay      (SCD):    0.981ns
    Clock Pessimism Removal (CPR):    0.101ns
  Clock Net Delay (Source):      0.870ns (routing 0.324ns, distribution 0.546ns)
  Clock Net Delay (Destination): 1.055ns (routing 0.365ns, distribution 0.690ns)

    Location             Delay type                Incr(ns)  Path(ns)    Netlist Resource(s)
  -------------------------------------------------------------------    -------------------
                         (clock clk_pl_0 rise edge)
                                                      0.000     0.000 r  
    PS8_X0Y0             PS8                          0.000     0.000 r  system_i/zynq_ps/inst/PS8_i/PLCLK[0]
                         net (fo=1, routed)           0.094     0.094    system_i/zynq_ps/inst/pl_clk_unbuffered[0]
    BUFG_PS_X0Y58        BUFG_PS (Prop_BUFG_PS_I_O)
                                                      0.017     0.111 r  system_i/zynq_ps/inst/buffer_pl_clk_0.PL_CLK_0_BUFG/O
    X0Y1 (CLOCK_ROOT)    net (fo=7382, routed)        0.870     0.981    system_i/rst_sys/U0/slowest_sync_clk
    SLICE_X3Y84          FDRE                                         r  system_i/rst_sys/U0/ACTIVE_LOW_PR_OUT_DFF[0].FDRE_PER_N/C
  -------------------------------------------------------------------    -------------------
    SLICE_X3Y84          FDRE (Prop_AFF_SLICEL_C_Q)
                                                      0.039     1.020 r  system_i/rst_sys/U0/ACTIVE_LOW_PR_OUT_DFF[0].FDRE_PER_N/Q
                         net (fo=1, routed)           0.684     1.704    system_i/rst_sys/U0/peripheral_aresetn[0]_bufg_place
    BUFGCE_X0Y26         BUFGCE (Prop_BUFCE_BUFGCE_I_O)
                                                      0.017     1.721 r  system_i/rst_sys/U0/ACTIVE_LOW_PR_OUT_DFF[0].FDRE_PER_N_bufg_place/O
                         net (fo=6676, routed)        0.623     2.343    system_i/hft_core/inst/u_core/u_risk/order_count_reg[0]_0
    SLICE_X30Y83         FDCE                                         f  system_i/hft_core/inst/u_core/u_risk/pending_sell_reg[15][10]/CLR  (IS_INVERTED)
  -------------------------------------------------------------------    -------------------

                         (clock clk_pl_0 rise edge)
                                                      0.000     0.000 r  
    PS8_X0Y0             PS8                          0.000     0.000 r  system_i/zynq_ps/inst/PS8_i/PLCLK[0]
                         net (fo=1, routed)           0.120     0.120    system_i/zynq_ps/inst/pl_clk_unbuffered[0]
    BUFG_PS_X0Y58        BUFG_PS (Prop_BUFG_PS_I_O)
                                                      0.018     0.138 r  system_i/zynq_ps/inst/buffer_pl_clk_0.PL_CLK_0_BUFG/O
    X0Y1 (CLOCK_ROOT)    net (fo=7382, routed)        1.055     1.193    system_i/hft_core/inst/u_core/u_risk/clk
    SLICE_X30Y83         FDCE                                         r  system_i/hft_core/inst/u_core/u_risk/pending_sell_reg[15][10]/C
                         clock pessimism             -0.101     1.092    
    SLICE_X30Y83         FDCE (Remov_HFF_SLICEL_C_CLR)
                                                     -0.020     1.072    system_i/hft_core/inst/u_core/u_risk/pending_sell_reg[15][10]
  -------------------------------------------------------------------
                         required time                         -1.072    
                         arrival time                           2.343    
  -------------------------------------------------------------------
                         slack                                  1.271    

Slack (MET) :             1.271ns  (arrival time - required time)
  Source:                 system_i/rst_sys/U0/ACTIVE_LOW_PR_OUT_DFF[0].FDRE_PER_N/C
                            (rising edge-triggered cell FDRE clocked by clk_pl_0  {rise@0.000ns fall@10.312ns period=20.625ns})
  Destination:            system_i/hft_core/inst/u_core/u_risk/pending_sell_reg[15][14]/CLR
                            (removal check against rising-edge clock clk_pl_0  {rise@0.000ns fall@10.312ns period=20.625ns})
  Path Group:             **async_default**
  Path Type:              Removal (Min at Fast Process Corner)
  Requirement:            0.000ns  (clk_pl_0 rise@0.000ns - clk_pl_0 rise@0.000ns)
  Data Path Delay:        1.358ns  (logic 0.056ns (4.125%)  route 1.302ns (95.875%))
  Logic Levels:           1  (BUFGCE=1)
  Clock Path Skew:        0.106ns (DCD - SCD - CPR)
    Destination Clock Delay (DCD):    1.188ns
    Source Clock Delay      (SCD):    0.981ns
    Clock Pessimism Removal (CPR):    0.101ns
  Clock Net Delay (Source):      0.870ns (routing 0.324ns, distribution 0.546ns)
  Clock Net Delay (Destination): 1.050ns (routing 0.365ns, distribution 0.685ns)

    Location             Delay type                Incr(ns)  Path(ns)    Netlist Resource(s)
  -------------------------------------------------------------------    -------------------
                         (clock clk_pl_0 rise edge)
                                                      0.000     0.000 r  
    PS8_X0Y0             PS8                          0.000     0.000 r  system_i/zynq_ps/inst/PS8_i/PLCLK[0]
                         net (fo=1, routed)           0.094     0.094    system_i/zynq_ps/inst/pl_clk_unbuffered[0]
    BUFG_PS_X0Y58        BUFG_PS (Prop_BUFG_PS_I_O)
                                                      0.017     0.111 r  system_i/zynq_ps/inst/buffer_pl_clk_0.PL_CLK_0_BUFG/O
    X0Y1 (CLOCK_ROOT)    net (fo=7382, routed)        0.870     0.981    system_i/rst_sys/U0/slowest_sync_clk
    SLICE_X3Y84          FDRE                                         r  system_i/rst_sys/U0/ACTIVE_LOW_PR_OUT_DFF[0].FDRE_PER_N/C
  -------------------------------------------------------------------    -------------------
    SLICE_X3Y84          FDRE (Prop_AFF_SLICEL_C_Q)
                                                      0.039     1.020 r  system_i/rst_sys/U0/ACTIVE_LOW_PR_OUT_DFF[0].FDRE_PER_N/Q
                         net (fo=1, routed)           0.684     1.704    system_i/rst_sys/U0/peripheral_aresetn[0]_bufg_place
    BUFGCE_X0Y26         BUFGCE (Prop_BUFCE_BUFGCE_I_O)
                                                      0.017     1.721 r  system_i/rst_sys/U0/ACTIVE_LOW_PR_OUT_DFF[0].FDRE_PER_N_bufg_place/O
                         net (fo=6676, routed)        0.618     2.338    system_i/hft_core/inst/u_core/u_risk/order_count_reg[0]_0
    SLICE_X30Y93         FDCE                                         f  system_i/hft_core/inst/u_core/u_risk/pending_sell_reg[15][14]/CLR  (IS_INVERTED)
  -------------------------------------------------------------------    -------------------

                         (clock clk_pl_0 rise edge)
                                                      0.000     0.000 r  
    PS8_X0Y0             PS8                          0.000     0.000 r  system_i/zynq_ps/inst/PS8_i/PLCLK[0]
                         net (fo=1, routed)           0.120     0.120    system_i/zynq_ps/inst/pl_clk_unbuffered[0]
    BUFG_PS_X0Y58        BUFG_PS (Prop_BUFG_PS_I_O)
                                                      0.018     0.138 r  system_i/zynq_ps/inst/buffer_pl_clk_0.PL_CLK_0_BUFG/O
    X0Y1 (CLOCK_ROOT)    net (fo=7382, routed)        1.050     1.188    system_i/hft_core/inst/u_core/u_risk/clk
    SLICE_X30Y93         FDCE                                         r  system_i/hft_core/inst/u_core/u_risk/pending_sell_reg[15][14]/C
                         clock pessimism             -0.101     1.087    
    SLICE_X30Y93         FDCE (Remov_HFF_SLICEL_C_CLR)
                                                     -0.020     1.067    system_i/hft_core/inst/u_core/u_risk/pending_sell_reg[15][14]
  -------------------------------------------------------------------
                         required time                         -1.067    
                         arrival time                           2.338    
  -------------------------------------------------------------------
                         slack                                  1.271    

Slack (MET) :             1.272ns  (arrival time - required time)
  Source:                 system_i/rst_sys/U0/ACTIVE_LOW_PR_OUT_DFF[0].FDRE_PER_N/C
                            (rising edge-triggered cell FDRE clocked by clk_pl_0  {rise@0.000ns fall@10.312ns period=20.625ns})
  Destination:            system_i/hft_core/inst/u_core/u_risk/pending_sell_reg[10][11]/CLR
                            (removal check against rising-edge clock clk_pl_0  {rise@0.000ns fall@10.312ns period=20.625ns})
  Path Group:             **async_default**
  Path Type:              Removal (Min at Fast Process Corner)
  Requirement:            0.000ns  (clk_pl_0 rise@0.000ns - clk_pl_0 rise@0.000ns)
  Data Path Delay:        1.355ns  (logic 0.056ns (4.133%)  route 1.299ns (95.867%))
  Logic Levels:           1  (BUFGCE=1)
  Clock Path Skew:        0.103ns (DCD - SCD - CPR)
    Destination Clock Delay (DCD):    1.184ns
    Source Clock Delay      (SCD):    0.981ns
    Clock Pessimism Removal (CPR):    0.101ns
  Clock Net Delay (Source):      0.870ns (routing 0.324ns, distribution 0.546ns)
  Clock Net Delay (Destination): 1.046ns (routing 0.365ns, distribution 0.681ns)

    Location             Delay type                Incr(ns)  Path(ns)    Netlist Resource(s)
  -------------------------------------------------------------------    -------------------
                         (clock clk_pl_0 rise edge)
                                                      0.000     0.000 r  
    PS8_X0Y0             PS8                          0.000     0.000 r  system_i/zynq_ps/inst/PS8_i/PLCLK[0]
                         net (fo=1, routed)           0.094     0.094    system_i/zynq_ps/inst/pl_clk_unbuffered[0]
    BUFG_PS_X0Y58        BUFG_PS (Prop_BUFG_PS_I_O)
                                                      0.017     0.111 r  system_i/zynq_ps/inst/buffer_pl_clk_0.PL_CLK_0_BUFG/O
    X0Y1 (CLOCK_ROOT)    net (fo=7382, routed)        0.870     0.981    system_i/rst_sys/U0/slowest_sync_clk
    SLICE_X3Y84          FDRE                                         r  system_i/rst_sys/U0/ACTIVE_LOW_PR_OUT_DFF[0].FDRE_PER_N/C
  -------------------------------------------------------------------    -------------------
    SLICE_X3Y84          FDRE (Prop_AFF_SLICEL_C_Q)
                                                      0.039     1.020 r  system_i/rst_sys/U0/ACTIVE_LOW_PR_OUT_DFF[0].FDRE_PER_N/Q
                         net (fo=1, routed)           0.684     1.704    system_i/rst_sys/U0/peripheral_aresetn[0]_bufg_place
    BUFGCE_X0Y26         BUFGCE (Prop_BUFCE_BUFGCE_I_O)
                                                      0.017     1.721 r  system_i/rst_sys/U0/ACTIVE_LOW_PR_OUT_DFF[0].FDRE_PER_N_bufg_place/O
                         net (fo=6676, routed)        0.615     2.336    system_i/hft_core/inst/u_core/u_risk/order_count_reg[0]_0
    SLICE_X30Y88         FDCE                                         f  system_i/hft_core/inst/u_core/u_risk/pending_sell_reg[10][11]/CLR  (IS_INVERTED)
  -------------------------------------------------------------------    -------------------

                         (clock clk_pl_0 rise edge)
                                                      0.000     0.000 r  
    PS8_X0Y0             PS8                          0.000     0.000 r  system_i/zynq_ps/inst/PS8_i/PLCLK[0]
                         net (fo=1, routed)           0.120     0.120    system_i/zynq_ps/inst/pl_clk_unbuffered[0]
    BUFG_PS_X0Y58        BUFG_PS (Prop_BUFG_PS_I_O)
                                                      0.018     0.138 r  system_i/zynq_ps/inst/buffer_pl_clk_0.PL_CLK_0_BUFG/O
    X0Y1 (CLOCK_ROOT)    net (fo=7382, routed)        1.046     1.184    system_i/hft_core/inst/u_core/u_risk/clk
    SLICE_X30Y88         FDCE                                         r  system_i/hft_core/inst/u_core/u_risk/pending_sell_reg[10][11]/C
                         clock pessimism             -0.101     1.084    
    SLICE_X30Y88         FDCE (Remov_HFF_SLICEL_C_CLR)
                                                     -0.020     1.064    system_i/hft_core/inst/u_core/u_risk/pending_sell_reg[10][11]
  -------------------------------------------------------------------
                         required time                         -1.064    
                         arrival time                           2.336    
  -------------------------------------------------------------------
                         slack                                  1.272    

Slack (MET) :             1.272ns  (arrival time - required time)
  Source:                 system_i/rst_sys/U0/ACTIVE_LOW_PR_OUT_DFF[0].FDRE_PER_N/C
                            (rising edge-triggered cell FDRE clocked by clk_pl_0  {rise@0.000ns fall@10.312ns period=20.625ns})
  Destination:            system_i/hft_core/inst/u_core/u_risk/pending_sell_reg[10][10]/CLR
                            (removal check against rising-edge clock clk_pl_0  {rise@0.000ns fall@10.312ns period=20.625ns})
  Path Group:             **async_default**
  Path Type:              Removal (Min at Fast Process Corner)
  Requirement:            0.000ns  (clk_pl_0 rise@0.000ns - clk_pl_0 rise@0.000ns)
  Data Path Delay:        1.357ns  (logic 0.056ns (4.127%)  route 1.301ns (95.873%))
  Logic Levels:           1  (BUFGCE=1)
  Clock Path Skew:        0.105ns (DCD - SCD - CPR)
    Destination Clock Delay (DCD):    1.186ns
    Source Clock Delay      (SCD):    0.981ns
    Clock Pessimism Removal (CPR):    0.101ns
  Clock Net Delay (Source):      0.870ns (routing 0.324ns, distribution 0.546ns)
  Clock Net Delay (Destination): 1.048ns (routing 0.365ns, distribution 0.683ns)

    Location             Delay type                Incr(ns)  Path(ns)    Netlist Resource(s)
  -------------------------------------------------------------------    -------------------
                         (clock clk_pl_0 rise edge)
                                                      0.000     0.000 r  
    PS8_X0Y0             PS8                          0.000     0.000 r  system_i/zynq_ps/inst/PS8_i/PLCLK[0]
                         net (fo=1, routed)           0.094     0.094    system_i/zynq_ps/inst/pl_clk_unbuffered[0]
    BUFG_PS_X0Y58        BUFG_PS (Prop_BUFG_PS_I_O)
                                                      0.017     0.111 r  system_i/zynq_ps/inst/buffer_pl_clk_0.PL_CLK_0_BUFG/O
    X0Y1 (CLOCK_ROOT)    net (fo=7382, routed)        0.870     0.981    system_i/rst_sys/U0/slowest_sync_clk
    SLICE_X3Y84          FDRE                                         r  system_i/rst_sys/U0/ACTIVE_LOW_PR_OUT_DFF[0].FDRE_PER_N/C
  -------------------------------------------------------------------    -------------------
    SLICE_X3Y84          FDRE (Prop_AFF_SLICEL_C_Q)
                                                      0.039     1.020 r  system_i/rst_sys/U0/ACTIVE_LOW_PR_OUT_DFF[0].FDRE_PER_N/Q
                         net (fo=1, routed)           0.684     1.704    system_i/rst_sys/U0/peripheral_aresetn[0]_bufg_place
    BUFGCE_X0Y26         BUFGCE (Prop_BUFCE_BUFGCE_I_O)
                                                      0.017     1.721 r  system_i/rst_sys/U0/ACTIVE_LOW_PR_OUT_DFF[0].FDRE_PER_N_bufg_place/O
                         net (fo=6676, routed)        0.617     2.338    system_i/hft_core/inst/u_core/u_risk/order_count_reg[0]_0
    SLICE_X30Y86         FDCE                                         f  system_i/hft_core/inst/u_core/u_risk/pending_sell_reg[10][10]/CLR  (IS_INVERTED)
  -------------------------------------------------------------------    -------------------

                         (clock clk_pl_0 rise edge)
                                                      0.000     0.000 r  
    PS8_X0Y0             PS8                          0.000     0.000 r  system_i/zynq_ps/inst/PS8_i/PLCLK[0]
                         net (fo=1, routed)           0.120     0.120    system_i/zynq_ps/inst/pl_clk_unbuffered[0]
    BUFG_PS_X0Y58        BUFG_PS (Prop_BUFG_PS_I_O)
                                                      0.018     0.138 r  system_i/zynq_ps/inst/buffer_pl_clk_0.PL_CLK_0_BUFG/O
    X0Y1 (CLOCK_ROOT)    net (fo=7382, routed)        1.048     1.186    system_i/hft_core/inst/u_core/u_risk/clk
    SLICE_X30Y86         FDCE                                         r  system_i/hft_core/inst/u_core/u_risk/pending_sell_reg[10][10]/C
                         clock pessimism             -0.101     1.086    
    SLICE_X30Y86         FDCE (Remov_HFF_SLICEL_C_CLR)
                                                     -0.020     1.066    system_i/hft_core/inst/u_core/u_risk/pending_sell_reg[10][10]
  -------------------------------------------------------------------
                         required time                         -1.066    
                         arrival time                           2.338    
  -------------------------------------------------------------------
                         slack                                  1.272    





--------------------------------------------------------------------------------------
Path Group:  (none)
From Clock:  
  To Clock:  clk_pl_0

Max Delay             1 Endpoint
Min Delay             1 Endpoint
--------------------------------------------------------------------------------------


Max Delay Paths
--------------------------------------------------------------------------------------
Slack:                    inf
  Source:                 system_i/zynq_ps/inst/PS8_i/EMIOGPIOO[95]
                            (internal pin)
  Destination:            system_i/rst_sys/U0/EXT_LPF/ACTIVE_LOW_EXT.ACT_LO_EXT/syncstages_ff_reg[0]/D
                            (rising edge-triggered cell FDRE clocked by clk_pl_0  {rise@0.000ns fall@10.312ns period=20.625ns})
  Path Group:             (none)
  Path Type:              Setup (Max at Slow Process Corner)
  Data Path Delay:        1.456ns  (logic 0.152ns (10.440%)  route 1.304ns (89.560%))
  Logic Levels:           1  (LUT1=1)
  Clock Uncertainty:      0.206ns  ((TSJ^2 + DJ^2)^1/2) / 2 + PE
    Total System Jitter     (TSJ):    0.050ns
    Discrete Jitter          (DJ):    0.409ns
    Phase Error              (PE):    0.000ns
  Clock Net Delay (Destination): 1.408ns (routing 0.533ns, distribution 0.875ns)
  Timing Exception:       False Path

    Location             Delay type                Incr(ns)  Path(ns)    Netlist Resource(s)
  -------------------------------------------------------------------    -------------------
    PS8_X0Y0             PS8                          0.000     0.000 f  system_i/zynq_ps/inst/PS8_i/EMIOGPIOO[95]
                         net (fo=1, routed)           0.910     0.910    system_i/rst_sys/U0/EXT_LPF/ext_reset_in
    SLICE_X1Y93          LUT1 (Prop_H6LUT_SLICEM_I0_O)
                                                      0.152     1.062 r  system_i/rst_sys/U0/EXT_LPF/ACTIVE_LOW_EXT.ACT_LO_EXT_i_1/O
                         net (fo=1, routed)           0.394     1.456    system_i/rst_sys/U0/EXT_LPF/ACTIVE_LOW_EXT.ACT_LO_EXT/src_in
    SLICE_X1Y85          FDRE                                         r  system_i/rst_sys/U0/EXT_LPF/ACTIVE_LOW_EXT.ACT_LO_EXT/syncstages_ff_reg[0]/D
  -------------------------------------------------------------------    -------------------

                         (clock clk_pl_0 rise edge)
                                                      0.000     0.000 r  
    PS8_X0Y0             PS8                          0.000     0.000 r  system_i/zynq_ps/inst/PS8_i/PLCLK[0]
                         net (fo=1, routed)           0.135     0.135    system_i/zynq_ps/inst/pl_clk_unbuffered[0]
    BUFG_PS_X0Y58        BUFG_PS (Prop_BUFG_PS_I_O)
                                                      0.025     0.160 r  system_i/zynq_ps/inst/buffer_pl_clk_0.PL_CLK_0_BUFG/O
    X0Y1 (CLOCK_ROOT)    net (fo=7382, routed)        1.408     1.568    system_i/rst_sys/U0/EXT_LPF/ACTIVE_LOW_EXT.ACT_LO_EXT/dest_clk
    SLICE_X1Y85          FDRE                                         r  system_i/rst_sys/U0/EXT_LPF/ACTIVE_LOW_EXT.ACT_LO_EXT/syncstages_ff_reg[0]/C





Min Delay Paths
--------------------------------------------------------------------------------------
Slack:                    inf
  Source:                 system_i/zynq_ps/inst/PS8_i/EMIOGPIOO[95]
                            (internal pin)
  Destination:            system_i/rst_sys/U0/EXT_LPF/ACTIVE_LOW_EXT.ACT_LO_EXT/syncstages_ff_reg[0]/D
                            (rising edge-triggered cell FDRE clocked by clk_pl_0  {rise@0.000ns fall@10.312ns period=20.625ns})
  Path Group:             (none)
  Path Type:              Hold (Min at Fast Process Corner)
  Data Path Delay:        0.703ns  (logic 0.061ns (8.677%)  route 0.642ns (91.323%))
  Logic Levels:           1  (LUT1=1)
  Clock Uncertainty:      0.206ns  ((TSJ^2 + DJ^2)^1/2) / 2 + PE
    Total System Jitter     (TSJ):    0.050ns
    Discrete Jitter          (DJ):    0.409ns
    Phase Error              (PE):    0.000ns
  Clock Net Delay (Destination): 1.000ns (routing 0.365ns, distribution 0.635ns)
  Timing Exception:       False Path

    Location             Delay type                Incr(ns)  Path(ns)    Netlist Resource(s)
  -------------------------------------------------------------------    -------------------
    PS8_X0Y0             PS8                          0.000     0.000 f  system_i/zynq_ps/inst/PS8_i/EMIOGPIOO[95]
                         net (fo=1, routed)           0.472     0.472    system_i/rst_sys/U0/EXT_LPF/ext_reset_in
    SLICE_X1Y93          LUT1 (Prop_H6LUT_SLICEM_I0_O)
                                                      0.061     0.533 r  system_i/rst_sys/U0/EXT_LPF/ACTIVE_LOW_EXT.ACT_LO_EXT_i_1/O
                         net (fo=1, routed)           0.170     0.703    system_i/rst_sys/U0/EXT_LPF/ACTIVE_LOW_EXT.ACT_LO_EXT/src_in
    SLICE_X1Y85          FDRE                                         r  system_i/rst_sys/U0/EXT_LPF/ACTIVE_LOW_EXT.ACT_LO_EXT/syncstages_ff_reg[0]/D
  -------------------------------------------------------------------    -------------------

                         (clock clk_pl_0 rise edge)
                                                      0.000     0.000 r  
    PS8_X0Y0             PS8                          0.000     0.000 r  system_i/zynq_ps/inst/PS8_i/PLCLK[0]
                         net (fo=1, routed)           0.120     0.120    system_i/zynq_ps/inst/pl_clk_unbuffered[0]
    BUFG_PS_X0Y58        BUFG_PS (Prop_BUFG_PS_I_O)
                                                      0.018     0.138 r  system_i/zynq_ps/inst/buffer_pl_clk_0.PL_CLK_0_BUFG/O
    X0Y1 (CLOCK_ROOT)    net (fo=7382, routed)        1.000     1.138    system_i/rst_sys/U0/EXT_LPF/ACTIVE_LOW_EXT.ACT_LO_EXT/dest_clk
    SLICE_X1Y85          FDRE                                         r  system_i/rst_sys/U0/EXT_LPF/ACTIVE_LOW_EXT.ACT_LO_EXT/syncstages_ff_reg[0]/C





--------------------------------------------------------------------------------------
Path Group:  (none)
From Clock:  clk_pl_0
  To Clock:  clk_pl_0

Max Delay            28 Endpoints
Min Delay            28 Endpoints
--------------------------------------------------------------------------------------


Max Delay Paths
--------------------------------------------------------------------------------------
Slack:                    inf
  Source:                 system_i/rst_sys/U0/ACTIVE_LOW_PR_OUT_DFF[0].FDRE_PER_N_replica/C
                            (rising edge-triggered cell FDRE clocked by clk_pl_0  {rise@0.000ns fall@10.312ns period=20.625ns})
  Destination:            system_i/axi_sc/inst/clk_map/psr_aclk/U0/EXT_LPF/ACTIVE_LOW_AUX.ACT_LO_AUX/syncstages_ff_reg[0]/D
                            (rising edge-triggered cell FDRE clocked by clk_pl_0  {rise@0.000ns fall@10.312ns period=20.625ns})
  Path Group:             (none)
  Path Type:              Setup (Max at Slow Process Corner)
  Data Path Delay:        0.816ns  (logic 0.171ns (20.956%)  route 0.645ns (79.044%))
  Logic Levels:           1  (LUT1=1)
  Clock Path Skew:        -0.197ns (DCD - SCD + CPR)
    Destination Clock Delay (DCD):    1.589ns
    Source Clock Delay      (SCD):    1.786ns
    Clock Pessimism Removal (CPR):    0.000ns
  Clock Uncertainty:      0.207ns  ((TSJ^2 + DJ^2)^1/2) / 2 + PE
    Total System Jitter     (TSJ):    0.071ns
    Discrete Jitter          (DJ):    0.409ns
    Phase Error              (PE):    0.000ns
  Clock Net Delay (Source):      1.587ns (routing 0.591ns, distribution 0.996ns)
  Clock Net Delay (Destination): 1.429ns (routing 0.533ns, distribution 0.896ns)
  Timing Exception:       False Path

    Location             Delay type                Incr(ns)  Path(ns)    Netlist Resource(s)
  -------------------------------------------------------------------    -------------------
                         (clock clk_pl_0 rise edge)
                                                      0.000     0.000 r  
    PS8_X0Y0             PS8                          0.000     0.000 r  system_i/zynq_ps/inst/PS8_i/PLCLK[0]
                         net (fo=1, routed)           0.171     0.171    system_i/zynq_ps/inst/pl_clk_unbuffered[0]
    BUFG_PS_X0Y58        BUFG_PS (Prop_BUFG_PS_I_O)
                                                      0.028     0.199 r  system_i/zynq_ps/inst/buffer_pl_clk_0.PL_CLK_0_BUFG/O
    X0Y1 (CLOCK_ROOT)    net (fo=7382, routed)        1.587     1.786    system_i/rst_sys/U0/slowest_sync_clk
    SLICE_X3Y68          FDRE                                         r  system_i/rst_sys/U0/ACTIVE_LOW_PR_OUT_DFF[0].FDRE_PER_N_replica/C
  -------------------------------------------------------------------    -------------------
    SLICE_X3Y68          FDRE (Prop_AFF2_SLICEL_C_Q)
                                                      0.081     1.867 f  system_i/rst_sys/U0/ACTIVE_LOW_PR_OUT_DFF[0].FDRE_PER_N_replica/Q
                         net (fo=1, routed)           0.495     2.362    system_i/axi_sc/inst/clk_map/psr_aclk/U0/EXT_LPF/peripheral_aresetn[0]_bufg_place_replica
    SLICE_X6Y48          LUT1 (Prop_H6LUT_SLICEL_I0_O)
                                                      0.090     2.452 r  system_i/axi_sc/inst/clk_map/psr_aclk/U0/EXT_LPF/ACTIVE_LOW_AUX.ACT_LO_AUX_i_1/O
                         net (fo=1, routed)           0.150     2.602    system_i/axi_sc/inst/clk_map/psr_aclk/U0/EXT_LPF/ACTIVE_LOW_AUX.ACT_LO_AUX/src_in
    SLICE_X6Y48          FDRE                                         r  system_i/axi_sc/inst/clk_map/psr_aclk/U0/EXT_LPF/ACTIVE_LOW_AUX.ACT_LO_AUX/syncstages_ff_reg[0]/D
  -------------------------------------------------------------------    -------------------

                         (clock clk_pl_0 rise edge)
                                                      0.000     0.000 r  
    PS8_X0Y0             PS8                          0.000     0.000 r  system_i/zynq_ps/inst/PS8_i/PLCLK[0]
                         net (fo=1, routed)           0.135     0.135    system_i/zynq_ps/inst/pl_clk_unbuffered[0]
    BUFG_PS_X0Y58        BUFG_PS (Prop_BUFG_PS_I_O)
                                                      0.025     0.160 r  system_i/zynq_ps/inst/buffer_pl_clk_0.PL_CLK_0_BUFG/O
    X0Y1 (CLOCK_ROOT)    net (fo=7382, routed)        1.429     1.589    system_i/axi_sc/inst/clk_map/psr_aclk/U0/EXT_LPF/ACTIVE_LOW_AUX.ACT_LO_AUX/dest_clk
    SLICE_X6Y48          FDRE                                         r  system_i/axi_sc/inst/clk_map/psr_aclk/U0/EXT_LPF/ACTIVE_LOW_AUX.ACT_LO_AUX/syncstages_ff_reg[0]/C

Slack:                    inf
  Source:                 system_i/axi_sc/inst/clk_map/psr_aclk/U0/ACTIVE_LOW_BSR_OUT_DFF[0].FDRE_BSR_N/C
                            (rising edge-triggered cell FDRE clocked by clk_pl_0  {rise@0.000ns fall@10.312ns period=20.625ns})
  Destination:            system_i/axi_sc/inst/m00_exit_pipeline/m00_exit/inst/xpm_cdc_async_rst_inst/arststages_ff_reg[0]/CLR
                            (recovery check against rising-edge clock clk_pl_0  {rise@0.000ns fall@10.312ns period=20.625ns})
  Path Group:             (none)
  Path Type:              Recovery (Max at Slow Process Corner)
  Data Path Delay:        0.594ns  (logic 0.079ns (13.290%)  route 0.515ns (86.710%))
  Logic Levels:           0  
  Clock Path Skew:        -0.252ns (DCD - SCD + CPR)
    Destination Clock Delay (DCD):    1.579ns
    Source Clock Delay      (SCD):    1.831ns
    Clock Pessimism Removal (CPR):    0.000ns
  Clock Uncertainty:      0.207ns  ((TSJ^2 + DJ^2)^1/2) / 2 + PE
    Total System Jitter     (TSJ):    0.071ns
    Discrete Jitter          (DJ):    0.409ns
    Phase Error              (PE):    0.000ns
  Clock Net Delay (Source):      1.632ns (routing 0.591ns, distribution 1.041ns)
  Clock Net Delay (Destination): 1.419ns (routing 0.533ns, distribution 0.886ns)
  Timing Exception:       False Path

    Location             Delay type                Incr(ns)  Path(ns)    Netlist Resource(s)
  -------------------------------------------------------------------    -------------------
                         (clock clk_pl_0 rise edge)
                                                      0.000     0.000 r  
    PS8_X0Y0             PS8                          0.000     0.000 r  system_i/zynq_ps/inst/PS8_i/PLCLK[0]
                         net (fo=1, routed)           0.171     0.171    system_i/zynq_ps/inst/pl_clk_unbuffered[0]
    BUFG_PS_X0Y58        BUFG_PS (Prop_BUFG_PS_I_O)
                                                      0.028     0.199 r  system_i/zynq_ps/inst/buffer_pl_clk_0.PL_CLK_0_BUFG/O
    X0Y1 (CLOCK_ROOT)    net (fo=7382, routed)        1.632     1.831    system_i/axi_sc/inst/clk_map/psr_aclk/U0/aclk
    SLICE_X6Y46          FDRE                                         r  system_i/axi_sc/inst/clk_map/psr_aclk/U0/ACTIVE_LOW_BSR_OUT_DFF[0].FDRE_BSR_N/C
  -------------------------------------------------------------------    -------------------
    SLICE_X6Y46          FDRE (Prop_DFF_SLICEL_C_Q)
                                                      0.079     1.910 r  system_i/axi_sc/inst/clk_map/psr_aclk/U0/ACTIVE_LOW_BSR_OUT_DFF[0].FDRE_BSR_N/Q
                         net (fo=27, routed)          0.515     2.425    system_i/axi_sc/inst/m00_exit_pipeline/m00_exit/inst/xpm_cdc_async_rst_inst/src_arst
    SLICE_X6Y37          FDCE                                         f  system_i/axi_sc/inst/m00_exit_pipeline/m00_exit/inst/xpm_cdc_async_rst_inst/arststages_ff_reg[0]/CLR  (IS_INVERTED)
  -------------------------------------------------------------------    -------------------

                         (clock clk_pl_0 rise edge)
                                                      0.000     0.000 r  
    PS8_X0Y0             PS8                          0.000     0.000 r  system_i/zynq_ps/inst/PS8_i/PLCLK[0]
                         net (fo=1, routed)           0.135     0.135    system_i/zynq_ps/inst/pl_clk_unbuffered[0]
    BUFG_PS_X0Y58        BUFG_PS (Prop_BUFG_PS_I_O)
                                                      0.025     0.160 r  system_i/zynq_ps/inst/buffer_pl_clk_0.PL_CLK_0_BUFG/O
    X0Y1 (CLOCK_ROOT)    net (fo=7382, routed)        1.419     1.579    system_i/axi_sc/inst/m00_exit_pipeline/m00_exit/inst/xpm_cdc_async_rst_inst/dest_clk
    SLICE_X6Y37          FDCE                                         r  system_i/axi_sc/inst/m00_exit_pipeline/m00_exit/inst/xpm_cdc_async_rst_inst/arststages_ff_reg[0]/C

Slack:                    inf
  Source:                 system_i/axi_sc/inst/clk_map/psr_aclk/U0/ACTIVE_LOW_BSR_OUT_DFF[0].FDRE_BSR_N/C
                            (rising edge-triggered cell FDRE clocked by clk_pl_0  {rise@0.000ns fall@10.312ns period=20.625ns})
  Destination:            system_i/axi_sc/inst/m00_exit_pipeline/m00_exit/inst/xpm_cdc_async_rst_inst/arststages_ff_reg[1]/CLR
                            (recovery check against rising-edge clock clk_pl_0  {rise@0.000ns fall@10.312ns period=20.625ns})
  Path Group:             (none)
  Path Type:              Recovery (Max at Slow Process Corner)
  Data Path Delay:        0.594ns  (logic 0.079ns (13.290%)  route 0.515ns (86.710%))
  Logic Levels:           0  
  Clock Path Skew:        -0.252ns (DCD - SCD + CPR)
    Destination Clock Delay (DCD):    1.579ns
    Source Clock Delay      (SCD):    1.831ns
    Clock Pessimism Removal (CPR):    0.000ns
  Clock Uncertainty:      0.207ns  ((TSJ^2 + DJ^2)^1/2) / 2 + PE
    Total System Jitter     (TSJ):    0.071ns
    Discrete Jitter          (DJ):    0.409ns
    Phase Error              (PE):    0.000ns
  Clock Net Delay (Source):      1.632ns (routing 0.591ns, distribution 1.041ns)
  Clock Net Delay (Destination): 1.419ns (routing 0.533ns, distribution 0.886ns)
  Timing Exception:       False Path

    Location             Delay type                Incr(ns)  Path(ns)    Netlist Resource(s)
  -------------------------------------------------------------------    -------------------
                         (clock clk_pl_0 rise edge)
                                                      0.000     0.000 r  
    PS8_X0Y0             PS8                          0.000     0.000 r  system_i/zynq_ps/inst/PS8_i/PLCLK[0]
                         net (fo=1, routed)           0.171     0.171    system_i/zynq_ps/inst/pl_clk_unbuffered[0]
    BUFG_PS_X0Y58        BUFG_PS (Prop_BUFG_PS_I_O)
                                                      0.028     0.199 r  system_i/zynq_ps/inst/buffer_pl_clk_0.PL_CLK_0_BUFG/O
    X0Y1 (CLOCK_ROOT)    net (fo=7382, routed)        1.632     1.831    system_i/axi_sc/inst/clk_map/psr_aclk/U0/aclk
    SLICE_X6Y46          FDRE                                         r  system_i/axi_sc/inst/clk_map/psr_aclk/U0/ACTIVE_LOW_BSR_OUT_DFF[0].FDRE_BSR_N/C
  -------------------------------------------------------------------    -------------------
    SLICE_X6Y46          FDRE (Prop_DFF_SLICEL_C_Q)
                                                      0.079     1.910 r  system_i/axi_sc/inst/clk_map/psr_aclk/U0/ACTIVE_LOW_BSR_OUT_DFF[0].FDRE_BSR_N/Q
                         net (fo=27, routed)          0.515     2.425    system_i/axi_sc/inst/m00_exit_pipeline/m00_exit/inst/xpm_cdc_async_rst_inst/src_arst
    SLICE_X6Y37          FDCE                                         f  system_i/axi_sc/inst/m00_exit_pipeline/m00_exit/inst/xpm_cdc_async_rst_inst/arststages_ff_reg[1]/CLR  (IS_INVERTED)
  -------------------------------------------------------------------    -------------------

                         (clock clk_pl_0 rise edge)
                                                      0.000     0.000 r  
    PS8_X0Y0             PS8                          0.000     0.000 r  system_i/zynq_ps/inst/PS8_i/PLCLK[0]
                         net (fo=1, routed)           0.135     0.135    system_i/zynq_ps/inst/pl_clk_unbuffered[0]
    BUFG_PS_X0Y58        BUFG_PS (Prop_BUFG_PS_I_O)
                                                      0.025     0.160 r  system_i/zynq_ps/inst/buffer_pl_clk_0.PL_CLK_0_BUFG/O
    X0Y1 (CLOCK_ROOT)    net (fo=7382, routed)        1.419     1.579    system_i/axi_sc/inst/m00_exit_pipeline/m00_exit/inst/xpm_cdc_async_rst_inst/dest_clk
    SLICE_X6Y37          FDCE                                         r  system_i/axi_sc/inst/m00_exit_pipeline/m00_exit/inst/xpm_cdc_async_rst_inst/arststages_ff_reg[1]/C

Slack:                    inf
  Source:                 system_i/axi_sc/inst/clk_map/psr_aclk/U0/ACTIVE_LOW_BSR_OUT_DFF[0].FDRE_BSR_N/C
                            (rising edge-triggered cell FDRE clocked by clk_pl_0  {rise@0.000ns fall@10.312ns period=20.625ns})
  Destination:            system_i/axi_sc/inst/m00_exit_pipeline/m00_exit/inst/xpm_cdc_async_rst_inst/arststages_ff_reg[2]/CLR
                            (recovery check against rising-edge clock clk_pl_0  {rise@0.000ns fall@10.312ns period=20.625ns})
  Path Group:             (none)
  Path Type:              Recovery (Max at Slow Process Corner)
  Data Path Delay:        0.594ns  (logic 0.079ns (13.290%)  route 0.515ns (86.710%))
  Logic Levels:           0  
  Clock Path Skew:        -0.252ns (DCD - SCD + CPR)
    Destination Clock Delay (DCD):    1.579ns
    Source Clock Delay      (SCD):    1.831ns
    Clock Pessimism Removal (CPR):    0.000ns
  Clock Uncertainty:      0.207ns  ((TSJ^2 + DJ^2)^1/2) / 2 + PE
    Total System Jitter     (TSJ):    0.071ns
    Discrete Jitter          (DJ):    0.409ns
    Phase Error              (PE):    0.000ns
  Clock Net Delay (Source):      1.632ns (routing 0.591ns, distribution 1.041ns)
  Clock Net Delay (Destination): 1.419ns (routing 0.533ns, distribution 0.886ns)
  Timing Exception:       False Path

    Location             Delay type                Incr(ns)  Path(ns)    Netlist Resource(s)
  -------------------------------------------------------------------    -------------------
                         (clock clk_pl_0 rise edge)
                                                      0.000     0.000 r  
    PS8_X0Y0             PS8                          0.000     0.000 r  system_i/zynq_ps/inst/PS8_i/PLCLK[0]
                         net (fo=1, routed)           0.171     0.171    system_i/zynq_ps/inst/pl_clk_unbuffered[0]
    BUFG_PS_X0Y58        BUFG_PS (Prop_BUFG_PS_I_O)
                                                      0.028     0.199 r  system_i/zynq_ps/inst/buffer_pl_clk_0.PL_CLK_0_BUFG/O
    X0Y1 (CLOCK_ROOT)    net (fo=7382, routed)        1.632     1.831    system_i/axi_sc/inst/clk_map/psr_aclk/U0/aclk
    SLICE_X6Y46          FDRE                                         r  system_i/axi_sc/inst/clk_map/psr_aclk/U0/ACTIVE_LOW_BSR_OUT_DFF[0].FDRE_BSR_N/C
  -------------------------------------------------------------------    -------------------
    SLICE_X6Y46          FDRE (Prop_DFF_SLICEL_C_Q)
                                                      0.079     1.910 r  system_i/axi_sc/inst/clk_map/psr_aclk/U0/ACTIVE_LOW_BSR_OUT_DFF[0].FDRE_BSR_N/Q
                         net (fo=27, routed)          0.515     2.425    system_i/axi_sc/inst/m00_exit_pipeline/m00_exit/inst/xpm_cdc_async_rst_inst/src_arst
    SLICE_X6Y37          FDCE                                         f  system_i/axi_sc/inst/m00_exit_pipeline/m00_exit/inst/xpm_cdc_async_rst_inst/arststages_ff_reg[2]/CLR  (IS_INVERTED)
  -------------------------------------------------------------------    -------------------

                         (clock clk_pl_0 rise edge)
                                                      0.000     0.000 r  
    PS8_X0Y0             PS8                          0.000     0.000 r  system_i/zynq_ps/inst/PS8_i/PLCLK[0]
                         net (fo=1, routed)           0.135     0.135    system_i/zynq_ps/inst/pl_clk_unbuffered[0]
    BUFG_PS_X0Y58        BUFG_PS (Prop_BUFG_PS_I_O)
                                                      0.025     0.160 r  system_i/zynq_ps/inst/buffer_pl_clk_0.PL_CLK_0_BUFG/O
    X0Y1 (CLOCK_ROOT)    net (fo=7382, routed)        1.419     1.579    system_i/axi_sc/inst/m00_exit_pipeline/m00_exit/inst/xpm_cdc_async_rst_inst/dest_clk
    SLICE_X6Y37          FDCE                                         r  system_i/axi_sc/inst/m00_exit_pipeline/m00_exit/inst/xpm_cdc_async_rst_inst/arststages_ff_reg[2]/C

Slack:                    inf
  Source:                 system_i/axi_sc/inst/clk_map/psr_aclk/U0/ACTIVE_LOW_BSR_OUT_DFF[0].FDRE_BSR_N/C
                            (rising edge-triggered cell FDRE clocked by clk_pl_0  {rise@0.000ns fall@10.312ns period=20.625ns})
  Destination:            system_i/axi_sc/inst/s00_nodes/s00_aw_node/inst/s_sc_xpm_cdc_async_rst_inst/arststages_ff_reg[0]/CLR
                            (recovery check against rising-edge clock clk_pl_0  {rise@0.000ns fall@10.312ns period=20.625ns})
  Path Group:             (none)
  Path Type:              Recovery (Max at Slow Process Corner)
  Data Path Delay:        0.543ns  (logic 0.079ns (14.537%)  route 0.464ns (85.463%))
  Logic Levels:           0  
  Clock Path Skew:        -0.260ns (DCD - SCD + CPR)
    Destination Clock Delay (DCD):    1.571ns
    Source Clock Delay      (SCD):    1.831ns
    Clock Pessimism Removal (CPR):    0.000ns
  Clock Uncertainty:      0.207ns  ((TSJ^2 + DJ^2)^1/2) / 2 + PE
    Total System Jitter     (TSJ):    0.071ns
    Discrete Jitter          (DJ):    0.409ns
    Phase Error              (PE):    0.000ns
  Clock Net Delay (Source):      1.632ns (routing 0.591ns, distribution 1.041ns)
  Clock Net Delay (Destination): 1.411ns (routing 0.533ns, distribution 0.878ns)
  Timing Exception:       False Path

    Location             Delay type                Incr(ns)  Path(ns)    Netlist Resource(s)
  -------------------------------------------------------------------    -------------------
                         (clock clk_pl_0 rise edge)
                                                      0.000     0.000 r  
    PS8_X0Y0             PS8                          0.000     0.000 r  system_i/zynq_ps/inst/PS8_i/PLCLK[0]
                         net (fo=1, routed)           0.171     0.171    system_i/zynq_ps/inst/pl_clk_unbuffered[0]
    BUFG_PS_X0Y58        BUFG_PS (Prop_BUFG_PS_I_O)
                                                      0.028     0.199 r  system_i/zynq_ps/inst/buffer_pl_clk_0.PL_CLK_0_BUFG/O
    X0Y1 (CLOCK_ROOT)    net (fo=7382, routed)        1.632     1.831    system_i/axi_sc/inst/clk_map/psr_aclk/U0/aclk
    SLICE_X6Y46          FDRE                                         r  system_i/axi_sc/inst/clk_map/psr_aclk/U0/ACTIVE_LOW_BSR_OUT_DFF[0].FDRE_BSR_N/C
  -------------------------------------------------------------------    -------------------
    SLICE_X6Y46          FDRE (Prop_DFF_SLICEL_C_Q)
                                                      0.079     1.910 r  system_i/axi_sc/inst/clk_map/psr_aclk/U0/ACTIVE_LOW_BSR_OUT_DFF[0].FDRE_BSR_N/Q
                         net (fo=27, routed)          0.464     2.374    system_i/axi_sc/inst/s00_nodes/s00_aw_node/inst/s_sc_xpm_cdc_async_rst_inst/src_arst
    SLICE_X7Y37          FDCE                                         f  system_i/axi_sc/inst/s00_nodes/s00_aw_node/inst/s_sc_xpm_cdc_async_rst_inst/arststages_ff_reg[0]/CLR  (IS_INVERTED)
  -------------------------------------------------------------------    -------------------

                         (clock clk_pl_0 rise edge)
                                                      0.000     0.000 r  
    PS8_X0Y0             PS8                          0.000     0.000 r  system_i/zynq_ps/inst/PS8_i/PLCLK[0]
                         net (fo=1, routed)           0.135     0.135    system_i/zynq_ps/inst/pl_clk_unbuffered[0]
    BUFG_PS_X0Y58        BUFG_PS (Prop_BUFG_PS_I_O)
                                                      0.025     0.160 r  system_i/zynq_ps/inst/buffer_pl_clk_0.PL_CLK_0_BUFG/O
    X0Y1 (CLOCK_ROOT)    net (fo=7382, routed)        1.411     1.571    system_i/axi_sc/inst/s00_nodes/s00_aw_node/inst/s_sc_xpm_cdc_async_rst_inst/dest_clk
    SLICE_X7Y37          FDCE                                         r  system_i/axi_sc/inst/s00_nodes/s00_aw_node/inst/s_sc_xpm_cdc_async_rst_inst/arststages_ff_reg[0]/C

Slack:                    inf
  Source:                 system_i/axi_sc/inst/clk_map/psr_aclk/U0/ACTIVE_LOW_BSR_OUT_DFF[0].FDRE_BSR_N/C
                            (rising edge-triggered cell FDRE clocked by clk_pl_0  {rise@0.000ns fall@10.312ns period=20.625ns})
  Destination:            system_i/axi_sc/inst/s00_nodes/s00_aw_node/inst/s_sc_xpm_cdc_async_rst_inst/arststages_ff_reg[1]/CLR
                            (recovery check against rising-edge clock clk_pl_0  {rise@0.000ns fall@10.312ns period=20.625ns})
  Path Group:             (none)
  Path Type:              Recovery (Max at Slow Process Corner)
  Data Path Delay:        0.543ns  (logic 0.079ns (14.537%)  route 0.464ns (85.463%))
  Logic Levels:           0  
  Clock Path Skew:        -0.260ns (DCD - SCD + CPR)
    Destination Clock Delay (DCD):    1.571ns
    Source Clock Delay      (SCD):    1.831ns
    Clock Pessimism Removal (CPR):    0.000ns
  Clock Uncertainty:      0.207ns  ((TSJ^2 + DJ^2)^1/2) / 2 + PE
    Total System Jitter     (TSJ):    0.071ns
    Discrete Jitter          (DJ):    0.409ns
    Phase Error              (PE):    0.000ns
  Clock Net Delay (Source):      1.632ns (routing 0.591ns, distribution 1.041ns)
  Clock Net Delay (Destination): 1.411ns (routing 0.533ns, distribution 0.878ns)
  Timing Exception:       False Path

    Location             Delay type                Incr(ns)  Path(ns)    Netlist Resource(s)
  -------------------------------------------------------------------    -------------------
                         (clock clk_pl_0 rise edge)
                                                      0.000     0.000 r  
    PS8_X0Y0             PS8                          0.000     0.000 r  system_i/zynq_ps/inst/PS8_i/PLCLK[0]
                         net (fo=1, routed)           0.171     0.171    system_i/zynq_ps/inst/pl_clk_unbuffered[0]
    BUFG_PS_X0Y58        BUFG_PS (Prop_BUFG_PS_I_O)
                                                      0.028     0.199 r  system_i/zynq_ps/inst/buffer_pl_clk_0.PL_CLK_0_BUFG/O
    X0Y1 (CLOCK_ROOT)    net (fo=7382, routed)        1.632     1.831    system_i/axi_sc/inst/clk_map/psr_aclk/U0/aclk
    SLICE_X6Y46          FDRE                                         r  system_i/axi_sc/inst/clk_map/psr_aclk/U0/ACTIVE_LOW_BSR_OUT_DFF[0].FDRE_BSR_N/C
  -------------------------------------------------------------------    -------------------
    SLICE_X6Y46          FDRE (Prop_DFF_SLICEL_C_Q)
                                                      0.079     1.910 r  system_i/axi_sc/inst/clk_map/psr_aclk/U0/ACTIVE_LOW_BSR_OUT_DFF[0].FDRE_BSR_N/Q
                         net (fo=27, routed)          0.464     2.374    system_i/axi_sc/inst/s00_nodes/s00_aw_node/inst/s_sc_xpm_cdc_async_rst_inst/src_arst
    SLICE_X7Y37          FDCE                                         f  system_i/axi_sc/inst/s00_nodes/s00_aw_node/inst/s_sc_xpm_cdc_async_rst_inst/arststages_ff_reg[1]/CLR  (IS_INVERTED)
  -------------------------------------------------------------------    -------------------

                         (clock clk_pl_0 rise edge)
                                                      0.000     0.000 r  
    PS8_X0Y0             PS8                          0.000     0.000 r  system_i/zynq_ps/inst/PS8_i/PLCLK[0]
                         net (fo=1, routed)           0.135     0.135    system_i/zynq_ps/inst/pl_clk_unbuffered[0]
    BUFG_PS_X0Y58        BUFG_PS (Prop_BUFG_PS_I_O)
                                                      0.025     0.160 r  system_i/zynq_ps/inst/buffer_pl_clk_0.PL_CLK_0_BUFG/O
    X0Y1 (CLOCK_ROOT)    net (fo=7382, routed)        1.411     1.571    system_i/axi_sc/inst/s00_nodes/s00_aw_node/inst/s_sc_xpm_cdc_async_rst_inst/dest_clk
    SLICE_X7Y37          FDCE                                         r  system_i/axi_sc/inst/s00_nodes/s00_aw_node/inst/s_sc_xpm_cdc_async_rst_inst/arststages_ff_reg[1]/C

Slack:                    inf
  Source:                 system_i/axi_sc/inst/clk_map/psr_aclk/U0/ACTIVE_LOW_BSR_OUT_DFF[0].FDRE_BSR_N/C
                            (rising edge-triggered cell FDRE clocked by clk_pl_0  {rise@0.000ns fall@10.312ns period=20.625ns})
  Destination:            system_i/axi_sc/inst/s00_nodes/s00_aw_node/inst/s_sc_xpm_cdc_async_rst_inst/arststages_ff_reg[2]/CLR
                            (recovery check against rising-edge clock clk_pl_0  {rise@0.000ns fall@10.312ns period=20.625ns})
  Path Group:             (none)
  Path Type:              Recovery (Max at Slow Process Corner)
  Data Path Delay:        0.543ns  (logic 0.079ns (14.537%)  route 0.464ns (85.463%))
  Logic Levels:           0  
  Clock Path Skew:        -0.260ns (DCD - SCD + CPR)
    Destination Clock Delay (DCD):    1.571ns
    Source Clock Delay      (SCD):    1.831ns
    Clock Pessimism Removal (CPR):    0.000ns
  Clock Uncertainty:      0.207ns  ((TSJ^2 + DJ^2)^1/2) / 2 + PE
    Total System Jitter     (TSJ):    0.071ns
    Discrete Jitter          (DJ):    0.409ns
    Phase Error              (PE):    0.000ns
  Clock Net Delay (Source):      1.632ns (routing 0.591ns, distribution 1.041ns)
  Clock Net Delay (Destination): 1.411ns (routing 0.533ns, distribution 0.878ns)
  Timing Exception:       False Path

    Location             Delay type                Incr(ns)  Path(ns)    Netlist Resource(s)
  -------------------------------------------------------------------    -------------------
                         (clock clk_pl_0 rise edge)
                                                      0.000     0.000 r  
    PS8_X0Y0             PS8                          0.000     0.000 r  system_i/zynq_ps/inst/PS8_i/PLCLK[0]
                         net (fo=1, routed)           0.171     0.171    system_i/zynq_ps/inst/pl_clk_unbuffered[0]
    BUFG_PS_X0Y58        BUFG_PS (Prop_BUFG_PS_I_O)
                                                      0.028     0.199 r  system_i/zynq_ps/inst/buffer_pl_clk_0.PL_CLK_0_BUFG/O
    X0Y1 (CLOCK_ROOT)    net (fo=7382, routed)        1.632     1.831    system_i/axi_sc/inst/clk_map/psr_aclk/U0/aclk
    SLICE_X6Y46          FDRE                                         r  system_i/axi_sc/inst/clk_map/psr_aclk/U0/ACTIVE_LOW_BSR_OUT_DFF[0].FDRE_BSR_N/C
  -------------------------------------------------------------------    -------------------
    SLICE_X6Y46          FDRE (Prop_DFF_SLICEL_C_Q)
                                                      0.079     1.910 r  system_i/axi_sc/inst/clk_map/psr_aclk/U0/ACTIVE_LOW_BSR_OUT_DFF[0].FDRE_BSR_N/Q
                         net (fo=27, routed)          0.464     2.374    system_i/axi_sc/inst/s00_nodes/s00_aw_node/inst/s_sc_xpm_cdc_async_rst_inst/src_arst
    SLICE_X7Y37          FDCE                                         f  system_i/axi_sc/inst/s00_nodes/s00_aw_node/inst/s_sc_xpm_cdc_async_rst_inst/arststages_ff_reg[2]/CLR  (IS_INVERTED)
  -------------------------------------------------------------------    -------------------

                         (clock clk_pl_0 rise edge)
                                                      0.000     0.000 r  
    PS8_X0Y0             PS8                          0.000     0.000 r  system_i/zynq_ps/inst/PS8_i/PLCLK[0]
                         net (fo=1, routed)           0.135     0.135    system_i/zynq_ps/inst/pl_clk_unbuffered[0]
    BUFG_PS_X0Y58        BUFG_PS (Prop_BUFG_PS_I_O)
                                                      0.025     0.160 r  system_i/zynq_ps/inst/buffer_pl_clk_0.PL_CLK_0_BUFG/O
    X0Y1 (CLOCK_ROOT)    net (fo=7382, routed)        1.411     1.571    system_i/axi_sc/inst/s00_nodes/s00_aw_node/inst/s_sc_xpm_cdc_async_rst_inst/dest_clk
    SLICE_X7Y37          FDCE                                         r  system_i/axi_sc/inst/s00_nodes/s00_aw_node/inst/s_sc_xpm_cdc_async_rst_inst/arststages_ff_reg[2]/C

Slack:                    inf
  Source:                 system_i/axi_sc/inst/clk_map/psr_aclk/U0/ACTIVE_LOW_BSR_OUT_DFF[0].FDRE_BSR_N/C
                            (rising edge-triggered cell FDRE clocked by clk_pl_0  {rise@0.000ns fall@10.312ns period=20.625ns})
  Destination:            system_i/axi_sc/inst/s00_nodes/s00_w_node/inst/s_sc_xpm_cdc_async_rst_inst/arststages_ff_reg[0]/CLR
                            (recovery check against rising-edge clock clk_pl_0  {rise@0.000ns fall@10.312ns period=20.625ns})
  Path Group:             (none)
  Path Type:              Recovery (Max at Slow Process Corner)
  Data Path Delay:        0.510ns  (logic 0.079ns (15.504%)  route 0.431ns (84.496%))
  Logic Levels:           0  
  Clock Path Skew:        -0.248ns (DCD - SCD + CPR)
    Destination Clock Delay (DCD):    1.583ns
    Source Clock Delay      (SCD):    1.831ns
    Clock Pessimism Removal (CPR):    0.000ns
  Clock Uncertainty:      0.207ns  ((TSJ^2 + DJ^2)^1/2) / 2 + PE
    Total System Jitter     (TSJ):    0.071ns
    Discrete Jitter          (DJ):    0.409ns
    Phase Error              (PE):    0.000ns
  Clock Net Delay (Source):      1.632ns (routing 0.591ns, distribution 1.041ns)
  Clock Net Delay (Destination): 1.423ns (routing 0.533ns, distribution 0.890ns)
  Timing Exception:       False Path

    Location             Delay type                Incr(ns)  Path(ns)    Netlist Resource(s)
  -------------------------------------------------------------------    -------------------
                         (clock clk_pl_0 rise edge)
                                                      0.000     0.000 r  
    PS8_X0Y0             PS8                          0.000     0.000 r  system_i/zynq_ps/inst/PS8_i/PLCLK[0]
                         net (fo=1, routed)           0.171     0.171    system_i/zynq_ps/inst/pl_clk_unbuffered[0]
    BUFG_PS_X0Y58        BUFG_PS (Prop_BUFG_PS_I_O)
                                                      0.028     0.199 r  system_i/zynq_ps/inst/buffer_pl_clk_0.PL_CLK_0_BUFG/O
    X0Y1 (CLOCK_ROOT)    net (fo=7382, routed)        1.632     1.831    system_i/axi_sc/inst/clk_map/psr_aclk/U0/aclk
    SLICE_X6Y46          FDRE                                         r  system_i/axi_sc/inst/clk_map/psr_aclk/U0/ACTIVE_LOW_BSR_OUT_DFF[0].FDRE_BSR_N/C
  -------------------------------------------------------------------    -------------------
    SLICE_X6Y46          FDRE (Prop_DFF_SLICEL_C_Q)
                                                      0.079     1.910 r  system_i/axi_sc/inst/clk_map/psr_aclk/U0/ACTIVE_LOW_BSR_OUT_DFF[0].FDRE_BSR_N/Q
                         net (fo=27, routed)          0.431     2.341    system_i/axi_sc/inst/s00_nodes/s00_w_node/inst/s_sc_xpm_cdc_async_rst_inst/src_arst
    SLICE_X6Y40          FDCE                                         f  system_i/axi_sc/inst/s00_nodes/s00_w_node/inst/s_sc_xpm_cdc_async_rst_inst/arststages_ff_reg[0]/CLR  (IS_INVERTED)
  -------------------------------------------------------------------    -------------------

                         (clock clk_pl_0 rise edge)
                                                      0.000     0.000 r  
    PS8_X0Y0             PS8                          0.000     0.000 r  system_i/zynq_ps/inst/PS8_i/PLCLK[0]
                         net (fo=1, routed)           0.135     0.135    system_i/zynq_ps/inst/pl_clk_unbuffered[0]
    BUFG_PS_X0Y58        BUFG_PS (Prop_BUFG_PS_I_O)
                                                      0.025     0.160 r  system_i/zynq_ps/inst/buffer_pl_clk_0.PL_CLK_0_BUFG/O
    X0Y1 (CLOCK_ROOT)    net (fo=7382, routed)        1.423     1.583    system_i/axi_sc/inst/s00_nodes/s00_w_node/inst/s_sc_xpm_cdc_async_rst_inst/dest_clk
    SLICE_X6Y40          FDCE                                         r  system_i/axi_sc/inst/s00_nodes/s00_w_node/inst/s_sc_xpm_cdc_async_rst_inst/arststages_ff_reg[0]/C

Slack:                    inf
  Source:                 system_i/axi_sc/inst/clk_map/psr_aclk/U0/ACTIVE_LOW_BSR_OUT_DFF[0].FDRE_BSR_N/C
                            (rising edge-triggered cell FDRE clocked by clk_pl_0  {rise@0.000ns fall@10.312ns period=20.625ns})
  Destination:            system_i/axi_sc/inst/s00_nodes/s00_w_node/inst/s_sc_xpm_cdc_async_rst_inst/arststages_ff_reg[1]/CLR
                            (recovery check against rising-edge clock clk_pl_0  {rise@0.000ns fall@10.312ns period=20.625ns})
  Path Group:             (none)
  Path Type:              Recovery (Max at Slow Process Corner)
  Data Path Delay:        0.510ns  (logic 0.079ns (15.504%)  route 0.431ns (84.496%))
  Logic Levels:           0  
  Clock Path Skew:        -0.248ns (DCD - SCD + CPR)
    Destination Clock Delay (DCD):    1.583ns
    Source Clock Delay      (SCD):    1.831ns
    Clock Pessimism Removal (CPR):    0.000ns
  Clock Uncertainty:      0.207ns  ((TSJ^2 + DJ^2)^1/2) / 2 + PE
    Total System Jitter     (TSJ):    0.071ns
    Discrete Jitter          (DJ):    0.409ns
    Phase Error              (PE):    0.000ns
  Clock Net Delay (Source):      1.632ns (routing 0.591ns, distribution 1.041ns)
  Clock Net Delay (Destination): 1.423ns (routing 0.533ns, distribution 0.890ns)
  Timing Exception:       False Path

    Location             Delay type                Incr(ns)  Path(ns)    Netlist Resource(s)
  -------------------------------------------------------------------    -------------------
                         (clock clk_pl_0 rise edge)
                                                      0.000     0.000 r  
    PS8_X0Y0             PS8                          0.000     0.000 r  system_i/zynq_ps/inst/PS8_i/PLCLK[0]
                         net (fo=1, routed)           0.171     0.171    system_i/zynq_ps/inst/pl_clk_unbuffered[0]
    BUFG_PS_X0Y58        BUFG_PS (Prop_BUFG_PS_I_O)
                                                      0.028     0.199 r  system_i/zynq_ps/inst/buffer_pl_clk_0.PL_CLK_0_BUFG/O
    X0Y1 (CLOCK_ROOT)    net (fo=7382, routed)        1.632     1.831    system_i/axi_sc/inst/clk_map/psr_aclk/U0/aclk
    SLICE_X6Y46          FDRE                                         r  system_i/axi_sc/inst/clk_map/psr_aclk/U0/ACTIVE_LOW_BSR_OUT_DFF[0].FDRE_BSR_N/C
  -------------------------------------------------------------------    -------------------
    SLICE_X6Y46          FDRE (Prop_DFF_SLICEL_C_Q)
                                                      0.079     1.910 r  system_i/axi_sc/inst/clk_map/psr_aclk/U0/ACTIVE_LOW_BSR_OUT_DFF[0].FDRE_BSR_N/Q
                         net (fo=27, routed)          0.431     2.341    system_i/axi_sc/inst/s00_nodes/s00_w_node/inst/s_sc_xpm_cdc_async_rst_inst/src_arst
    SLICE_X6Y40          FDCE                                         f  system_i/axi_sc/inst/s00_nodes/s00_w_node/inst/s_sc_xpm_cdc_async_rst_inst/arststages_ff_reg[1]/CLR  (IS_INVERTED)
  -------------------------------------------------------------------    -------------------

                         (clock clk_pl_0 rise edge)
                                                      0.000     0.000 r  
    PS8_X0Y0             PS8                          0.000     0.000 r  system_i/zynq_ps/inst/PS8_i/PLCLK[0]
                         net (fo=1, routed)           0.135     0.135    system_i/zynq_ps/inst/pl_clk_unbuffered[0]
    BUFG_PS_X0Y58        BUFG_PS (Prop_BUFG_PS_I_O)
                                                      0.025     0.160 r  system_i/zynq_ps/inst/buffer_pl_clk_0.PL_CLK_0_BUFG/O
    X0Y1 (CLOCK_ROOT)    net (fo=7382, routed)        1.423     1.583    system_i/axi_sc/inst/s00_nodes/s00_w_node/inst/s_sc_xpm_cdc_async_rst_inst/dest_clk
    SLICE_X6Y40          FDCE                                         r  system_i/axi_sc/inst/s00_nodes/s00_w_node/inst/s_sc_xpm_cdc_async_rst_inst/arststages_ff_reg[1]/C

Slack:                    inf
  Source:                 system_i/axi_sc/inst/clk_map/psr_aclk/U0/ACTIVE_LOW_BSR_OUT_DFF[0].FDRE_BSR_N/C
                            (rising edge-triggered cell FDRE clocked by clk_pl_0  {rise@0.000ns fall@10.312ns period=20.625ns})
  Destination:            system_i/axi_sc/inst/s00_nodes/s00_w_node/inst/s_sc_xpm_cdc_async_rst_inst/arststages_ff_reg[2]/CLR
                            (recovery check against rising-edge clock clk_pl_0  {rise@0.000ns fall@10.312ns period=20.625ns})
  Path Group:             (none)
  Path Type:              Recovery (Max at Slow Process Corner)
  Data Path Delay:        0.510ns  (logic 0.079ns (15.504%)  route 0.431ns (84.496%))
  Logic Levels:           0  
  Clock Path Skew:        -0.248ns (DCD - SCD + CPR)
    Destination Clock Delay (DCD):    1.583ns
    Source Clock Delay      (SCD):    1.831ns
    Clock Pessimism Removal (CPR):    0.000ns
  Clock Uncertainty:      0.207ns  ((TSJ^2 + DJ^2)^1/2) / 2 + PE
    Total System Jitter     (TSJ):    0.071ns
    Discrete Jitter          (DJ):    0.409ns
    Phase Error              (PE):    0.000ns
  Clock Net Delay (Source):      1.632ns (routing 0.591ns, distribution 1.041ns)
  Clock Net Delay (Destination): 1.423ns (routing 0.533ns, distribution 0.890ns)
  Timing Exception:       False Path

    Location             Delay type                Incr(ns)  Path(ns)    Netlist Resource(s)
  -------------------------------------------------------------------    -------------------
                         (clock clk_pl_0 rise edge)
                                                      0.000     0.000 r  
    PS8_X0Y0             PS8                          0.000     0.000 r  system_i/zynq_ps/inst/PS8_i/PLCLK[0]
                         net (fo=1, routed)           0.171     0.171    system_i/zynq_ps/inst/pl_clk_unbuffered[0]
    BUFG_PS_X0Y58        BUFG_PS (Prop_BUFG_PS_I_O)
                                                      0.028     0.199 r  system_i/zynq_ps/inst/buffer_pl_clk_0.PL_CLK_0_BUFG/O
    X0Y1 (CLOCK_ROOT)    net (fo=7382, routed)        1.632     1.831    system_i/axi_sc/inst/clk_map/psr_aclk/U0/aclk
    SLICE_X6Y46          FDRE                                         r  system_i/axi_sc/inst/clk_map/psr_aclk/U0/ACTIVE_LOW_BSR_OUT_DFF[0].FDRE_BSR_N/C
  -------------------------------------------------------------------    -------------------
    SLICE_X6Y46          FDRE (Prop_DFF_SLICEL_C_Q)
                                                      0.079     1.910 r  system_i/axi_sc/inst/clk_map/psr_aclk/U0/ACTIVE_LOW_BSR_OUT_DFF[0].FDRE_BSR_N/Q
                         net (fo=27, routed)          0.431     2.341    system_i/axi_sc/inst/s00_nodes/s00_w_node/inst/s_sc_xpm_cdc_async_rst_inst/src_arst
    SLICE_X6Y40          FDCE                                         f  system_i/axi_sc/inst/s00_nodes/s00_w_node/inst/s_sc_xpm_cdc_async_rst_inst/arststages_ff_reg[2]/CLR  (IS_INVERTED)
  -------------------------------------------------------------------    -------------------

                         (clock clk_pl_0 rise edge)
                                                      0.000     0.000 r  
    PS8_X0Y0             PS8                          0.000     0.000 r  system_i/zynq_ps/inst/PS8_i/PLCLK[0]
                         net (fo=1, routed)           0.135     0.135    system_i/zynq_ps/inst/pl_clk_unbuffered[0]
    BUFG_PS_X0Y58        BUFG_PS (Prop_BUFG_PS_I_O)
                                                      0.025     0.160 r  system_i/zynq_ps/inst/buffer_pl_clk_0.PL_CLK_0_BUFG/O
    X0Y1 (CLOCK_ROOT)    net (fo=7382, routed)        1.423     1.583    system_i/axi_sc/inst/s00_nodes/s00_w_node/inst/s_sc_xpm_cdc_async_rst_inst/dest_clk
    SLICE_X6Y40          FDCE                                         r  system_i/axi_sc/inst/s00_nodes/s00_w_node/inst/s_sc_xpm_cdc_async_rst_inst/arststages_ff_reg[2]/C





Min Delay Paths
--------------------------------------------------------------------------------------
Slack:                    inf
  Source:                 system_i/axi_sc/inst/clk_map/psr_aclk/U0/ACTIVE_LOW_BSR_OUT_DFF[0].FDRE_BSR_N/C
                            (rising edge-triggered cell FDRE clocked by clk_pl_0  {rise@0.000ns fall@10.312ns period=20.625ns})
  Destination:            system_i/axi_sc/inst/s00_entry_pipeline/s00_si_converter/inst/xpm_cdc_async_rst_inst/arststages_ff_reg[0]/CLR
                            (removal check against rising-edge clock clk_pl_0  {rise@0.000ns fall@10.312ns period=20.625ns})
  Path Group:             (none)
  Path Type:              Removal (Min at Fast Process Corner)
  Data Path Delay:        0.172ns  (logic 0.039ns (22.689%)  route 0.133ns (77.311%))
  Logic Levels:           0  
  Clock Path Skew:        0.141ns (DCD - SCD - CPR)
    Destination Clock Delay (DCD):    1.148ns
    Source Clock Delay      (SCD):    1.008ns
    Clock Pessimism Removal (CPR):    -0.000ns
  Clock Uncertainty:      0.207ns  ((TSJ^2 + DJ^2)^1/2) / 2 + PE
    Total System Jitter     (TSJ):    0.071ns
    Discrete Jitter          (DJ):    0.409ns
    Phase Error              (PE):    0.000ns
  Clock Net Delay (Source):      0.897ns (routing 0.324ns, distribution 0.573ns)
  Clock Net Delay (Destination): 1.010ns (routing 0.365ns, distribution 0.645ns)
  Timing Exception:       False Path

    Location             Delay type                Incr(ns)  Path(ns)    Netlist Resource(s)
  -------------------------------------------------------------------    -------------------
                         (clock clk_pl_0 rise edge)
                                                      0.000     0.000 r  
    PS8_X0Y0             PS8                          0.000     0.000 r  system_i/zynq_ps/inst/PS8_i/PLCLK[0]
                         net (fo=1, routed)           0.094     0.094    system_i/zynq_ps/inst/pl_clk_unbuffered[0]
    BUFG_PS_X0Y58        BUFG_PS (Prop_BUFG_PS_I_O)
                                                      0.017     0.111 r  system_i/zynq_ps/inst/buffer_pl_clk_0.PL_CLK_0_BUFG/O
    X0Y1 (CLOCK_ROOT)    net (fo=7382, routed)        0.897     1.008    system_i/axi_sc/inst/clk_map/psr_aclk/U0/aclk
    SLICE_X6Y46          FDRE                                         r  system_i/axi_sc/inst/clk_map/psr_aclk/U0/ACTIVE_LOW_BSR_OUT_DFF[0].FDRE_BSR_N/C
  -------------------------------------------------------------------    -------------------
    SLICE_X6Y46          FDRE (Prop_DFF_SLICEL_C_Q)
                                                      0.039     1.047 r  system_i/axi_sc/inst/clk_map/psr_aclk/U0/ACTIVE_LOW_BSR_OUT_DFF[0].FDRE_BSR_N/Q
                         net (fo=27, routed)          0.133     1.179    system_i/axi_sc/inst/s00_entry_pipeline/s00_si_converter/inst/xpm_cdc_async_rst_inst/src_arst
    SLICE_X7Y42          FDCE                                         f  system_i/axi_sc/inst/s00_entry_pipeline/s00_si_converter/inst/xpm_cdc_async_rst_inst/arststages_ff_reg[0]/CLR  (IS_INVERTED)
  -------------------------------------------------------------------    -------------------

                         (clock clk_pl_0 rise edge)
                                                      0.000     0.000 r  
    PS8_X0Y0             PS8                          0.000     0.000 r  system_i/zynq_ps/inst/PS8_i/PLCLK[0]
                         net (fo=1, routed)           0.120     0.120    system_i/zynq_ps/inst/pl_clk_unbuffered[0]
    BUFG_PS_X0Y58        BUFG_PS (Prop_BUFG_PS_I_O)
                                                      0.018     0.138 r  system_i/zynq_ps/inst/buffer_pl_clk_0.PL_CLK_0_BUFG/O
    X0Y1 (CLOCK_ROOT)    net (fo=7382, routed)        1.010     1.148    system_i/axi_sc/inst/s00_entry_pipeline/s00_si_converter/inst/xpm_cdc_async_rst_inst/dest_clk
    SLICE_X7Y42          FDCE                                         r  system_i/axi_sc/inst/s00_entry_pipeline/s00_si_converter/inst/xpm_cdc_async_rst_inst/arststages_ff_reg[0]/C

Slack:                    inf
  Source:                 system_i/axi_sc/inst/clk_map/psr_aclk/U0/ACTIVE_LOW_BSR_OUT_DFF[0].FDRE_BSR_N/C
                            (rising edge-triggered cell FDRE clocked by clk_pl_0  {rise@0.000ns fall@10.312ns period=20.625ns})
  Destination:            system_i/axi_sc/inst/s00_entry_pipeline/s00_si_converter/inst/xpm_cdc_async_rst_inst/arststages_ff_reg[1]/CLR
                            (removal check against rising-edge clock clk_pl_0  {rise@0.000ns fall@10.312ns period=20.625ns})
  Path Group:             (none)
  Path Type:              Removal (Min at Fast Process Corner)
  Data Path Delay:        0.172ns  (logic 0.039ns (22.689%)  route 0.133ns (77.311%))
  Logic Levels:           0  
  Clock Path Skew:        0.141ns (DCD - SCD - CPR)
    Destination Clock Delay (DCD):    1.148ns
    Source Clock Delay      (SCD):    1.008ns
    Clock Pessimism Removal (CPR):    -0.000ns
  Clock Uncertainty:      0.207ns  ((TSJ^2 + DJ^2)^1/2) / 2 + PE
    Total System Jitter     (TSJ):    0.071ns
    Discrete Jitter          (DJ):    0.409ns
    Phase Error              (PE):    0.000ns
  Clock Net Delay (Source):      0.897ns (routing 0.324ns, distribution 0.573ns)
  Clock Net Delay (Destination): 1.010ns (routing 0.365ns, distribution 0.645ns)
  Timing Exception:       False Path

    Location             Delay type                Incr(ns)  Path(ns)    Netlist Resource(s)
  -------------------------------------------------------------------    -------------------
                         (clock clk_pl_0 rise edge)
                                                      0.000     0.000 r  
    PS8_X0Y0             PS8                          0.000     0.000 r  system_i/zynq_ps/inst/PS8_i/PLCLK[0]
                         net (fo=1, routed)           0.094     0.094    system_i/zynq_ps/inst/pl_clk_unbuffered[0]
    BUFG_PS_X0Y58        BUFG_PS (Prop_BUFG_PS_I_O)
                                                      0.017     0.111 r  system_i/zynq_ps/inst/buffer_pl_clk_0.PL_CLK_0_BUFG/O
    X0Y1 (CLOCK_ROOT)    net (fo=7382, routed)        0.897     1.008    system_i/axi_sc/inst/clk_map/psr_aclk/U0/aclk
    SLICE_X6Y46          FDRE                                         r  system_i/axi_sc/inst/clk_map/psr_aclk/U0/ACTIVE_LOW_BSR_OUT_DFF[0].FDRE_BSR_N/C
  -------------------------------------------------------------------    -------------------
    SLICE_X6Y46          FDRE (Prop_DFF_SLICEL_C_Q)
                                                      0.039     1.047 r  system_i/axi_sc/inst/clk_map/psr_aclk/U0/ACTIVE_LOW_BSR_OUT_DFF[0].FDRE_BSR_N/Q
                         net (fo=27, routed)          0.133     1.179    system_i/axi_sc/inst/s00_entry_pipeline/s00_si_converter/inst/xpm_cdc_async_rst_inst/src_arst
    SLICE_X7Y42          FDCE                                         f  system_i/axi_sc/inst/s00_entry_pipeline/s00_si_converter/inst/xpm_cdc_async_rst_inst/arststages_ff_reg[1]/CLR  (IS_INVERTED)
  -------------------------------------------------------------------    -------------------

                         (clock clk_pl_0 rise edge)
                                                      0.000     0.000 r  
    PS8_X0Y0             PS8                          0.000     0.000 r  system_i/zynq_ps/inst/PS8_i/PLCLK[0]
                         net (fo=1, routed)           0.120     0.120    system_i/zynq_ps/inst/pl_clk_unbuffered[0]
    BUFG_PS_X0Y58        BUFG_PS (Prop_BUFG_PS_I_O)
                                                      0.018     0.138 r  system_i/zynq_ps/inst/buffer_pl_clk_0.PL_CLK_0_BUFG/O
    X0Y1 (CLOCK_ROOT)    net (fo=7382, routed)        1.010     1.148    system_i/axi_sc/inst/s00_entry_pipeline/s00_si_converter/inst/xpm_cdc_async_rst_inst/dest_clk
    SLICE_X7Y42          FDCE                                         r  system_i/axi_sc/inst/s00_entry_pipeline/s00_si_converter/inst/xpm_cdc_async_rst_inst/arststages_ff_reg[1]/C

Slack:                    inf
  Source:                 system_i/axi_sc/inst/clk_map/psr_aclk/U0/ACTIVE_LOW_BSR_OUT_DFF[0].FDRE_BSR_N/C
                            (rising edge-triggered cell FDRE clocked by clk_pl_0  {rise@0.000ns fall@10.312ns period=20.625ns})
  Destination:            system_i/axi_sc/inst/s00_entry_pipeline/s00_si_converter/inst/xpm_cdc_async_rst_inst/arststages_ff_reg[2]/CLR
                            (removal check against rising-edge clock clk_pl_0  {rise@0.000ns fall@10.312ns period=20.625ns})
  Path Group:             (none)
  Path Type:              Removal (Min at Fast Process Corner)
  Data Path Delay:        0.172ns  (logic 0.039ns (22.689%)  route 0.133ns (77.311%))
  Logic Levels:           0  
  Clock Path Skew:        0.141ns (DCD - SCD - CPR)
    Destination Clock Delay (DCD):    1.148ns
    Source Clock Delay      (SCD):    1.008ns
    Clock Pessimism Removal (CPR):    -0.000ns
  Clock Uncertainty:      0.207ns  ((TSJ^2 + DJ^2)^1/2) / 2 + PE
    Total System Jitter     (TSJ):    0.071ns
    Discrete Jitter          (DJ):    0.409ns
    Phase Error              (PE):    0.000ns
  Clock Net Delay (Source):      0.897ns (routing 0.324ns, distribution 0.573ns)
  Clock Net Delay (Destination): 1.010ns (routing 0.365ns, distribution 0.645ns)
  Timing Exception:       False Path

    Location             Delay type                Incr(ns)  Path(ns)    Netlist Resource(s)
  -------------------------------------------------------------------    -------------------
                         (clock clk_pl_0 rise edge)
                                                      0.000     0.000 r  
    PS8_X0Y0             PS8                          0.000     0.000 r  system_i/zynq_ps/inst/PS8_i/PLCLK[0]
                         net (fo=1, routed)           0.094     0.094    system_i/zynq_ps/inst/pl_clk_unbuffered[0]
    BUFG_PS_X0Y58        BUFG_PS (Prop_BUFG_PS_I_O)
                                                      0.017     0.111 r  system_i/zynq_ps/inst/buffer_pl_clk_0.PL_CLK_0_BUFG/O
    X0Y1 (CLOCK_ROOT)    net (fo=7382, routed)        0.897     1.008    system_i/axi_sc/inst/clk_map/psr_aclk/U0/aclk
    SLICE_X6Y46          FDRE                                         r  system_i/axi_sc/inst/clk_map/psr_aclk/U0/ACTIVE_LOW_BSR_OUT_DFF[0].FDRE_BSR_N/C
  -------------------------------------------------------------------    -------------------
    SLICE_X6Y46          FDRE (Prop_DFF_SLICEL_C_Q)
                                                      0.039     1.047 r  system_i/axi_sc/inst/clk_map/psr_aclk/U0/ACTIVE_LOW_BSR_OUT_DFF[0].FDRE_BSR_N/Q
                         net (fo=27, routed)          0.133     1.179    system_i/axi_sc/inst/s00_entry_pipeline/s00_si_converter/inst/xpm_cdc_async_rst_inst/src_arst
    SLICE_X7Y42          FDCE                                         f  system_i/axi_sc/inst/s00_entry_pipeline/s00_si_converter/inst/xpm_cdc_async_rst_inst/arststages_ff_reg[2]/CLR  (IS_INVERTED)
  -------------------------------------------------------------------    -------------------

                         (clock clk_pl_0 rise edge)
                                                      0.000     0.000 r  
    PS8_X0Y0             PS8                          0.000     0.000 r  system_i/zynq_ps/inst/PS8_i/PLCLK[0]
                         net (fo=1, routed)           0.120     0.120    system_i/zynq_ps/inst/pl_clk_unbuffered[0]
    BUFG_PS_X0Y58        BUFG_PS (Prop_BUFG_PS_I_O)
                                                      0.018     0.138 r  system_i/zynq_ps/inst/buffer_pl_clk_0.PL_CLK_0_BUFG/O
    X0Y1 (CLOCK_ROOT)    net (fo=7382, routed)        1.010     1.148    system_i/axi_sc/inst/s00_entry_pipeline/s00_si_converter/inst/xpm_cdc_async_rst_inst/dest_clk
    SLICE_X7Y42          FDCE                                         r  system_i/axi_sc/inst/s00_entry_pipeline/s00_si_converter/inst/xpm_cdc_async_rst_inst/arststages_ff_reg[2]/C

Slack:                    inf
  Source:                 system_i/axi_sc/inst/clk_map/psr_aclk/U0/ACTIVE_LOW_BSR_OUT_DFF[0].FDRE_BSR_N/C
                            (rising edge-triggered cell FDRE clocked by clk_pl_0  {rise@0.000ns fall@10.312ns period=20.625ns})
  Destination:            system_i/axi_sc/inst/s00_nodes/s00_r_node/inst/s_sc_xpm_cdc_async_rst_inst/arststages_ff_reg[0]/CLR
                            (removal check against rising-edge clock clk_pl_0  {rise@0.000ns fall@10.312ns period=20.625ns})
  Path Group:             (none)
  Path Type:              Removal (Min at Fast Process Corner)
  Data Path Delay:        0.172ns  (logic 0.039ns (22.689%)  route 0.133ns (77.311%))
  Logic Levels:           0  
  Clock Path Skew:        0.145ns (DCD - SCD - CPR)
    Destination Clock Delay (DCD):    1.152ns
    Source Clock Delay      (SCD):    1.008ns
    Clock Pessimism Removal (CPR):    -0.000ns
  Clock Uncertainty:      0.207ns  ((TSJ^2 + DJ^2)^1/2) / 2 + PE
    Total System Jitter     (TSJ):    0.071ns
    Discrete Jitter          (DJ):    0.409ns
    Phase Error              (PE):    0.000ns
  Clock Net Delay (Source):      0.897ns (routing 0.324ns, distribution 0.573ns)
  Clock Net Delay (Destination): 1.014ns (routing 0.365ns, distribution 0.649ns)
  Timing Exception:       False Path

    Location             Delay type                Incr(ns)  Path(ns)    Netlist Resource(s)
  -------------------------------------------------------------------    -------------------
                         (clock clk_pl_0 rise edge)
                                                      0.000     0.000 r  
    PS8_X0Y0             PS8                          0.000     0.000 r  system_i/zynq_ps/inst/PS8_i/PLCLK[0]
                         net (fo=1, routed)           0.094     0.094    system_i/zynq_ps/inst/pl_clk_unbuffered[0]
    BUFG_PS_X0Y58        BUFG_PS (Prop_BUFG_PS_I_O)
                                                      0.017     0.111 r  system_i/zynq_ps/inst/buffer_pl_clk_0.PL_CLK_0_BUFG/O
    X0Y1 (CLOCK_ROOT)    net (fo=7382, routed)        0.897     1.008    system_i/axi_sc/inst/clk_map/psr_aclk/U0/aclk
    SLICE_X6Y46          FDRE                                         r  system_i/axi_sc/inst/clk_map/psr_aclk/U0/ACTIVE_LOW_BSR_OUT_DFF[0].FDRE_BSR_N/C
  -------------------------------------------------------------------    -------------------
    SLICE_X6Y46          FDRE (Prop_DFF_SLICEL_C_Q)
                                                      0.039     1.047 r  system_i/axi_sc/inst/clk_map/psr_aclk/U0/ACTIVE_LOW_BSR_OUT_DFF[0].FDRE_BSR_N/Q
                         net (fo=27, routed)          0.133     1.179    system_i/axi_sc/inst/s00_nodes/s00_r_node/inst/s_sc_xpm_cdc_async_rst_inst/src_arst
    SLICE_X7Y42          FDCE                                         f  system_i/axi_sc/inst/s00_nodes/s00_r_node/inst/s_sc_xpm_cdc_async_rst_inst/arststages_ff_reg[0]/CLR  (IS_INVERTED)
  -------------------------------------------------------------------    -------------------

                         (clock clk_pl_0 rise edge)
                                                      0.000     0.000 r  
    PS8_X0Y0             PS8                          0.000     0.000 r  system_i/zynq_ps/inst/PS8_i/PLCLK[0]
                         net (fo=1, routed)           0.120     0.120    system_i/zynq_ps/inst/pl_clk_unbuffered[0]
    BUFG_PS_X0Y58        BUFG_PS (Prop_BUFG_PS_I_O)
                                                      0.018     0.138 r  system_i/zynq_ps/inst/buffer_pl_clk_0.PL_CLK_0_BUFG/O
    X0Y1 (CLOCK_ROOT)    net (fo=7382, routed)        1.014     1.152    system_i/axi_sc/inst/s00_nodes/s00_r_node/inst/s_sc_xpm_cdc_async_rst_inst/dest_clk
    SLICE_X7Y42          FDCE                                         r  system_i/axi_sc/inst/s00_nodes/s00_r_node/inst/s_sc_xpm_cdc_async_rst_inst/arststages_ff_reg[0]/C

Slack:                    inf
  Source:                 system_i/axi_sc/inst/clk_map/psr_aclk/U0/ACTIVE_LOW_BSR_OUT_DFF[0].FDRE_BSR_N/C
                            (rising edge-triggered cell FDRE clocked by clk_pl_0  {rise@0.000ns fall@10.312ns period=20.625ns})
  Destination:            system_i/axi_sc/inst/s00_nodes/s00_r_node/inst/s_sc_xpm_cdc_async_rst_inst/arststages_ff_reg[1]/CLR
                            (removal check against rising-edge clock clk_pl_0  {rise@0.000ns fall@10.312ns period=20.625ns})
  Path Group:             (none)
  Path Type:              Removal (Min at Fast Process Corner)
  Data Path Delay:        0.172ns  (logic 0.039ns (22.689%)  route 0.133ns (77.311%))
  Logic Levels:           0  
  Clock Path Skew:        0.145ns (DCD - SCD - CPR)
    Destination Clock Delay (DCD):    1.152ns
    Source Clock Delay      (SCD):    1.008ns
    Clock Pessimism Removal (CPR):    -0.000ns
  Clock Uncertainty:      0.207ns  ((TSJ^2 + DJ^2)^1/2) / 2 + PE
    Total System Jitter     (TSJ):    0.071ns
    Discrete Jitter          (DJ):    0.409ns
    Phase Error              (PE):    0.000ns
  Clock Net Delay (Source):      0.897ns (routing 0.324ns, distribution 0.573ns)
  Clock Net Delay (Destination): 1.014ns (routing 0.365ns, distribution 0.649ns)
  Timing Exception:       False Path

    Location             Delay type                Incr(ns)  Path(ns)    Netlist Resource(s)
  -------------------------------------------------------------------    -------------------
                         (clock clk_pl_0 rise edge)
                                                      0.000     0.000 r  
    PS8_X0Y0             PS8                          0.000     0.000 r  system_i/zynq_ps/inst/PS8_i/PLCLK[0]
                         net (fo=1, routed)           0.094     0.094    system_i/zynq_ps/inst/pl_clk_unbuffered[0]
    BUFG_PS_X0Y58        BUFG_PS (Prop_BUFG_PS_I_O)
                                                      0.017     0.111 r  system_i/zynq_ps/inst/buffer_pl_clk_0.PL_CLK_0_BUFG/O
    X0Y1 (CLOCK_ROOT)    net (fo=7382, routed)        0.897     1.008    system_i/axi_sc/inst/clk_map/psr_aclk/U0/aclk
    SLICE_X6Y46          FDRE                                         r  system_i/axi_sc/inst/clk_map/psr_aclk/U0/ACTIVE_LOW_BSR_OUT_DFF[0].FDRE_BSR_N/C
  -------------------------------------------------------------------    -------------------
    SLICE_X6Y46          FDRE (Prop_DFF_SLICEL_C_Q)
                                                      0.039     1.047 r  system_i/axi_sc/inst/clk_map/psr_aclk/U0/ACTIVE_LOW_BSR_OUT_DFF[0].FDRE_BSR_N/Q
                         net (fo=27, routed)          0.133     1.179    system_i/axi_sc/inst/s00_nodes/s00_r_node/inst/s_sc_xpm_cdc_async_rst_inst/src_arst
    SLICE_X7Y42          FDCE                                         f  system_i/axi_sc/inst/s00_nodes/s00_r_node/inst/s_sc_xpm_cdc_async_rst_inst/arststages_ff_reg[1]/CLR  (IS_INVERTED)
  -------------------------------------------------------------------    -------------------

                         (clock clk_pl_0 rise edge)
                                                      0.000     0.000 r  
    PS8_X0Y0             PS8                          0.000     0.000 r  system_i/zynq_ps/inst/PS8_i/PLCLK[0]
                         net (fo=1, routed)           0.120     0.120    system_i/zynq_ps/inst/pl_clk_unbuffered[0]
    BUFG_PS_X0Y58        BUFG_PS (Prop_BUFG_PS_I_O)
                                                      0.018     0.138 r  system_i/zynq_ps/inst/buffer_pl_clk_0.PL_CLK_0_BUFG/O
    X0Y1 (CLOCK_ROOT)    net (fo=7382, routed)        1.014     1.152    system_i/axi_sc/inst/s00_nodes/s00_r_node/inst/s_sc_xpm_cdc_async_rst_inst/dest_clk
    SLICE_X7Y42          FDCE                                         r  system_i/axi_sc/inst/s00_nodes/s00_r_node/inst/s_sc_xpm_cdc_async_rst_inst/arststages_ff_reg[1]/C

Slack:                    inf
  Source:                 system_i/axi_sc/inst/clk_map/psr_aclk/U0/ACTIVE_LOW_BSR_OUT_DFF[0].FDRE_BSR_N/C
                            (rising edge-triggered cell FDRE clocked by clk_pl_0  {rise@0.000ns fall@10.312ns period=20.625ns})
  Destination:            system_i/axi_sc/inst/s00_nodes/s00_r_node/inst/s_sc_xpm_cdc_async_rst_inst/arststages_ff_reg[2]/CLR
                            (removal check against rising-edge clock clk_pl_0  {rise@0.000ns fall@10.312ns period=20.625ns})
  Path Group:             (none)
  Path Type:              Removal (Min at Fast Process Corner)
  Data Path Delay:        0.172ns  (logic 0.039ns (22.689%)  route 0.133ns (77.311%))
  Logic Levels:           0  
  Clock Path Skew:        0.145ns (DCD - SCD - CPR)
    Destination Clock Delay (DCD):    1.152ns
    Source Clock Delay      (SCD):    1.008ns
    Clock Pessimism Removal (CPR):    -0.000ns
  Clock Uncertainty:      0.207ns  ((TSJ^2 + DJ^2)^1/2) / 2 + PE
    Total System Jitter     (TSJ):    0.071ns
    Discrete Jitter          (DJ):    0.409ns
    Phase Error              (PE):    0.000ns
  Clock Net Delay (Source):      0.897ns (routing 0.324ns, distribution 0.573ns)
  Clock Net Delay (Destination): 1.014ns (routing 0.365ns, distribution 0.649ns)
  Timing Exception:       False Path

    Location             Delay type                Incr(ns)  Path(ns)    Netlist Resource(s)
  -------------------------------------------------------------------    -------------------
                         (clock clk_pl_0 rise edge)
                                                      0.000     0.000 r  
    PS8_X0Y0             PS8                          0.000     0.000 r  system_i/zynq_ps/inst/PS8_i/PLCLK[0]
                         net (fo=1, routed)           0.094     0.094    system_i/zynq_ps/inst/pl_clk_unbuffered[0]
    BUFG_PS_X0Y58        BUFG_PS (Prop_BUFG_PS_I_O)
                                                      0.017     0.111 r  system_i/zynq_ps/inst/buffer_pl_clk_0.PL_CLK_0_BUFG/O
    X0Y1 (CLOCK_ROOT)    net (fo=7382, routed)        0.897     1.008    system_i/axi_sc/inst/clk_map/psr_aclk/U0/aclk
    SLICE_X6Y46          FDRE                                         r  system_i/axi_sc/inst/clk_map/psr_aclk/U0/ACTIVE_LOW_BSR_OUT_DFF[0].FDRE_BSR_N/C
  -------------------------------------------------------------------    -------------------
    SLICE_X6Y46          FDRE (Prop_DFF_SLICEL_C_Q)
                                                      0.039     1.047 r  system_i/axi_sc/inst/clk_map/psr_aclk/U0/ACTIVE_LOW_BSR_OUT_DFF[0].FDRE_BSR_N/Q
                         net (fo=27, routed)          0.133     1.179    system_i/axi_sc/inst/s00_nodes/s00_r_node/inst/s_sc_xpm_cdc_async_rst_inst/src_arst
    SLICE_X7Y42          FDCE                                         f  system_i/axi_sc/inst/s00_nodes/s00_r_node/inst/s_sc_xpm_cdc_async_rst_inst/arststages_ff_reg[2]/CLR  (IS_INVERTED)
  -------------------------------------------------------------------    -------------------

                         (clock clk_pl_0 rise edge)
                                                      0.000     0.000 r  
    PS8_X0Y0             PS8                          0.000     0.000 r  system_i/zynq_ps/inst/PS8_i/PLCLK[0]
                         net (fo=1, routed)           0.120     0.120    system_i/zynq_ps/inst/pl_clk_unbuffered[0]
    BUFG_PS_X0Y58        BUFG_PS (Prop_BUFG_PS_I_O)
                                                      0.018     0.138 r  system_i/zynq_ps/inst/buffer_pl_clk_0.PL_CLK_0_BUFG/O
    X0Y1 (CLOCK_ROOT)    net (fo=7382, routed)        1.014     1.152    system_i/axi_sc/inst/s00_nodes/s00_r_node/inst/s_sc_xpm_cdc_async_rst_inst/dest_clk
    SLICE_X7Y42          FDCE                                         r  system_i/axi_sc/inst/s00_nodes/s00_r_node/inst/s_sc_xpm_cdc_async_rst_inst/arststages_ff_reg[2]/C

Slack:                    inf
  Source:                 system_i/axi_sc/inst/clk_map/psr_aclk/U0/ACTIVE_LOW_BSR_OUT_DFF[0].FDRE_BSR_N/C
                            (rising edge-triggered cell FDRE clocked by clk_pl_0  {rise@0.000ns fall@10.312ns period=20.625ns})
  Destination:            system_i/axi_sc/inst/s00_entry_pipeline/s00_mmu/inst/xpm_cdc_async_rst_inst/arststages_ff_reg[0]/CLR
                            (removal check against rising-edge clock clk_pl_0  {rise@0.000ns fall@10.312ns period=20.625ns})
  Path Group:             (none)
  Path Type:              Removal (Min at Fast Process Corner)
  Data Path Delay:        0.196ns  (logic 0.039ns (19.908%)  route 0.157ns (80.092%))
  Logic Levels:           0  
  Clock Path Skew:        0.142ns (DCD - SCD - CPR)
    Destination Clock Delay (DCD):    1.149ns
    Source Clock Delay      (SCD):    1.008ns
    Clock Pessimism Removal (CPR):    -0.000ns
  Clock Uncertainty:      0.207ns  ((TSJ^2 + DJ^2)^1/2) / 2 + PE
    Total System Jitter     (TSJ):    0.071ns
    Discrete Jitter          (DJ):    0.409ns
    Phase Error              (PE):    0.000ns
  Clock Net Delay (Source):      0.897ns (routing 0.324ns, distribution 0.573ns)
  Clock Net Delay (Destination): 1.011ns (routing 0.365ns, distribution 0.646ns)
  Timing Exception:       False Path

    Location             Delay type                Incr(ns)  Path(ns)    Netlist Resource(s)
  -------------------------------------------------------------------    -------------------
                         (clock clk_pl_0 rise edge)
                                                      0.000     0.000 r  
    PS8_X0Y0             PS8                          0.000     0.000 r  system_i/zynq_ps/inst/PS8_i/PLCLK[0]
                         net (fo=1, routed)           0.094     0.094    system_i/zynq_ps/inst/pl_clk_unbuffered[0]
    BUFG_PS_X0Y58        BUFG_PS (Prop_BUFG_PS_I_O)
                                                      0.017     0.111 r  system_i/zynq_ps/inst/buffer_pl_clk_0.PL_CLK_0_BUFG/O
    X0Y1 (CLOCK_ROOT)    net (fo=7382, routed)        0.897     1.008    system_i/axi_sc/inst/clk_map/psr_aclk/U0/aclk
    SLICE_X6Y46          FDRE                                         r  system_i/axi_sc/inst/clk_map/psr_aclk/U0/ACTIVE_LOW_BSR_OUT_DFF[0].FDRE_BSR_N/C
  -------------------------------------------------------------------    -------------------
    SLICE_X6Y46          FDRE (Prop_DFF_SLICEL_C_Q)
                                                      0.039     1.047 r  system_i/axi_sc/inst/clk_map/psr_aclk/U0/ACTIVE_LOW_BSR_OUT_DFF[0].FDRE_BSR_N/Q
                         net (fo=27, routed)          0.157     1.203    system_i/axi_sc/inst/s00_entry_pipeline/s00_mmu/inst/xpm_cdc_async_rst_inst/src_arst
    SLICE_X3Y40          FDCE                                         f  system_i/axi_sc/inst/s00_entry_pipeline/s00_mmu/inst/xpm_cdc_async_rst_inst/arststages_ff_reg[0]/CLR  (IS_INVERTED)
  -------------------------------------------------------------------    -------------------

                         (clock clk_pl_0 rise edge)
                                                      0.000     0.000 r  
    PS8_X0Y0             PS8                          0.000     0.000 r  system_i/zynq_ps/inst/PS8_i/PLCLK[0]
                         net (fo=1, routed)           0.120     0.120    system_i/zynq_ps/inst/pl_clk_unbuffered[0]
    BUFG_PS_X0Y58        BUFG_PS (Prop_BUFG_PS_I_O)
                                                      0.018     0.138 r  system_i/zynq_ps/inst/buffer_pl_clk_0.PL_CLK_0_BUFG/O
    X0Y1 (CLOCK_ROOT)    net (fo=7382, routed)        1.011     1.149    system_i/axi_sc/inst/s00_entry_pipeline/s00_mmu/inst/xpm_cdc_async_rst_inst/dest_clk
    SLICE_X3Y40          FDCE                                         r  system_i/axi_sc/inst/s00_entry_pipeline/s00_mmu/inst/xpm_cdc_async_rst_inst/arststages_ff_reg[0]/C

Slack:                    inf
  Source:                 system_i/axi_sc/inst/clk_map/psr_aclk/U0/ACTIVE_LOW_BSR_OUT_DFF[0].FDRE_BSR_N/C
                            (rising edge-triggered cell FDRE clocked by clk_pl_0  {rise@0.000ns fall@10.312ns period=20.625ns})
  Destination:            system_i/axi_sc/inst/s00_entry_pipeline/s00_mmu/inst/xpm_cdc_async_rst_inst/arststages_ff_reg[1]/CLR
                            (removal check against rising-edge clock clk_pl_0  {rise@0.000ns fall@10.312ns period=20.625ns})
  Path Group:             (none)
  Path Type:              Removal (Min at Fast Process Corner)
  Data Path Delay:        0.196ns  (logic 0.039ns (19.908%)  route 0.157ns (80.092%))
  Logic Levels:           0  
  Clock Path Skew:        0.142ns (DCD - SCD - CPR)
    Destination Clock Delay (DCD):    1.149ns
    Source Clock Delay      (SCD):    1.008ns
    Clock Pessimism Removal (CPR):    -0.000ns
  Clock Uncertainty:      0.207ns  ((TSJ^2 + DJ^2)^1/2) / 2 + PE
    Total System Jitter     (TSJ):    0.071ns
    Discrete Jitter          (DJ):    0.409ns
    Phase Error              (PE):    0.000ns
  Clock Net Delay (Source):      0.897ns (routing 0.324ns, distribution 0.573ns)
  Clock Net Delay (Destination): 1.011ns (routing 0.365ns, distribution 0.646ns)
  Timing Exception:       False Path

    Location             Delay type                Incr(ns)  Path(ns)    Netlist Resource(s)
  -------------------------------------------------------------------    -------------------
                         (clock clk_pl_0 rise edge)
                                                      0.000     0.000 r  
    PS8_X0Y0             PS8                          0.000     0.000 r  system_i/zynq_ps/inst/PS8_i/PLCLK[0]
                         net (fo=1, routed)           0.094     0.094    system_i/zynq_ps/inst/pl_clk_unbuffered[0]
    BUFG_PS_X0Y58        BUFG_PS (Prop_BUFG_PS_I_O)
                                                      0.017     0.111 r  system_i/zynq_ps/inst/buffer_pl_clk_0.PL_CLK_0_BUFG/O
    X0Y1 (CLOCK_ROOT)    net (fo=7382, routed)        0.897     1.008    system_i/axi_sc/inst/clk_map/psr_aclk/U0/aclk
    SLICE_X6Y46          FDRE                                         r  system_i/axi_sc/inst/clk_map/psr_aclk/U0/ACTIVE_LOW_BSR_OUT_DFF[0].FDRE_BSR_N/C
  -------------------------------------------------------------------    -------------------
    SLICE_X6Y46          FDRE (Prop_DFF_SLICEL_C_Q)
                                                      0.039     1.047 r  system_i/axi_sc/inst/clk_map/psr_aclk/U0/ACTIVE_LOW_BSR_OUT_DFF[0].FDRE_BSR_N/Q
                         net (fo=27, routed)          0.157     1.203    system_i/axi_sc/inst/s00_entry_pipeline/s00_mmu/inst/xpm_cdc_async_rst_inst/src_arst
    SLICE_X3Y40          FDCE                                         f  system_i/axi_sc/inst/s00_entry_pipeline/s00_mmu/inst/xpm_cdc_async_rst_inst/arststages_ff_reg[1]/CLR  (IS_INVERTED)
  -------------------------------------------------------------------    -------------------

                         (clock clk_pl_0 rise edge)
                                                      0.000     0.000 r  
    PS8_X0Y0             PS8                          0.000     0.000 r  system_i/zynq_ps/inst/PS8_i/PLCLK[0]
                         net (fo=1, routed)           0.120     0.120    system_i/zynq_ps/inst/pl_clk_unbuffered[0]
    BUFG_PS_X0Y58        BUFG_PS (Prop_BUFG_PS_I_O)
                                                      0.018     0.138 r  system_i/zynq_ps/inst/buffer_pl_clk_0.PL_CLK_0_BUFG/O
    X0Y1 (CLOCK_ROOT)    net (fo=7382, routed)        1.011     1.149    system_i/axi_sc/inst/s00_entry_pipeline/s00_mmu/inst/xpm_cdc_async_rst_inst/dest_clk
    SLICE_X3Y40          FDCE                                         r  system_i/axi_sc/inst/s00_entry_pipeline/s00_mmu/inst/xpm_cdc_async_rst_inst/arststages_ff_reg[1]/C

Slack:                    inf
  Source:                 system_i/axi_sc/inst/clk_map/psr_aclk/U0/ACTIVE_LOW_BSR_OUT_DFF[0].FDRE_BSR_N/C
                            (rising edge-triggered cell FDRE clocked by clk_pl_0  {rise@0.000ns fall@10.312ns period=20.625ns})
  Destination:            system_i/axi_sc/inst/s00_entry_pipeline/s00_mmu/inst/xpm_cdc_async_rst_inst/arststages_ff_reg[2]/CLR
                            (removal check against rising-edge clock clk_pl_0  {rise@0.000ns fall@10.312ns period=20.625ns})
  Path Group:             (none)
  Path Type:              Removal (Min at Fast Process Corner)
  Data Path Delay:        0.196ns  (logic 0.039ns (19.908%)  route 0.157ns (80.092%))
  Logic Levels:           0  
  Clock Path Skew:        0.142ns (DCD - SCD - CPR)
    Destination Clock Delay (DCD):    1.149ns
    Source Clock Delay      (SCD):    1.008ns
    Clock Pessimism Removal (CPR):    -0.000ns
  Clock Uncertainty:      0.207ns  ((TSJ^2 + DJ^2)^1/2) / 2 + PE
    Total System Jitter     (TSJ):    0.071ns
    Discrete Jitter          (DJ):    0.409ns
    Phase Error              (PE):    0.000ns
  Clock Net Delay (Source):      0.897ns (routing 0.324ns, distribution 0.573ns)
  Clock Net Delay (Destination): 1.011ns (routing 0.365ns, distribution 0.646ns)
  Timing Exception:       False Path

    Location             Delay type                Incr(ns)  Path(ns)    Netlist Resource(s)
  -------------------------------------------------------------------    -------------------
                         (clock clk_pl_0 rise edge)
                                                      0.000     0.000 r  
    PS8_X0Y0             PS8                          0.000     0.000 r  system_i/zynq_ps/inst/PS8_i/PLCLK[0]
                         net (fo=1, routed)           0.094     0.094    system_i/zynq_ps/inst/pl_clk_unbuffered[0]
    BUFG_PS_X0Y58        BUFG_PS (Prop_BUFG_PS_I_O)
                                                      0.017     0.111 r  system_i/zynq_ps/inst/buffer_pl_clk_0.PL_CLK_0_BUFG/O
    X0Y1 (CLOCK_ROOT)    net (fo=7382, routed)        0.897     1.008    system_i/axi_sc/inst/clk_map/psr_aclk/U0/aclk
    SLICE_X6Y46          FDRE                                         r  system_i/axi_sc/inst/clk_map/psr_aclk/U0/ACTIVE_LOW_BSR_OUT_DFF[0].FDRE_BSR_N/C
  -------------------------------------------------------------------    -------------------
    SLICE_X6Y46          FDRE (Prop_DFF_SLICEL_C_Q)
                                                      0.039     1.047 r  system_i/axi_sc/inst/clk_map/psr_aclk/U0/ACTIVE_LOW_BSR_OUT_DFF[0].FDRE_BSR_N/Q
                         net (fo=27, routed)          0.157     1.203    system_i/axi_sc/inst/s00_entry_pipeline/s00_mmu/inst/xpm_cdc_async_rst_inst/src_arst
    SLICE_X3Y40          FDCE                                         f  system_i/axi_sc/inst/s00_entry_pipeline/s00_mmu/inst/xpm_cdc_async_rst_inst/arststages_ff_reg[2]/CLR  (IS_INVERTED)
  -------------------------------------------------------------------    -------------------

                         (clock clk_pl_0 rise edge)
                                                      0.000     0.000 r  
    PS8_X0Y0             PS8                          0.000     0.000 r  system_i/zynq_ps/inst/PS8_i/PLCLK[0]
                         net (fo=1, routed)           0.120     0.120    system_i/zynq_ps/inst/pl_clk_unbuffered[0]
    BUFG_PS_X0Y58        BUFG_PS (Prop_BUFG_PS_I_O)
                                                      0.018     0.138 r  system_i/zynq_ps/inst/buffer_pl_clk_0.PL_CLK_0_BUFG/O
    X0Y1 (CLOCK_ROOT)    net (fo=7382, routed)        1.011     1.149    system_i/axi_sc/inst/s00_entry_pipeline/s00_mmu/inst/xpm_cdc_async_rst_inst/dest_clk
    SLICE_X3Y40          FDCE                                         r  system_i/axi_sc/inst/s00_entry_pipeline/s00_mmu/inst/xpm_cdc_async_rst_inst/arststages_ff_reg[2]/C

Slack:                    inf
  Source:                 system_i/axi_sc/inst/clk_map/psr_aclk/U0/ACTIVE_LOW_BSR_OUT_DFF[0].FDRE_BSR_N/C
                            (rising edge-triggered cell FDRE clocked by clk_pl_0  {rise@0.000ns fall@10.312ns period=20.625ns})
  Destination:            system_i/axi_sc/inst/s00_nodes/s00_b_node/inst/s_sc_xpm_cdc_async_rst_inst/arststages_ff_reg[0]/CLR
                            (removal check against rising-edge clock clk_pl_0  {rise@0.000ns fall@10.312ns period=20.625ns})
  Path Group:             (none)
  Path Type:              Removal (Min at Fast Process Corner)
  Data Path Delay:        0.203ns  (logic 0.039ns (19.207%)  route 0.164ns (80.793%))
  Logic Levels:           0  
  Clock Path Skew:        0.135ns (DCD - SCD - CPR)
    Destination Clock Delay (DCD):    1.143ns
    Source Clock Delay      (SCD):    1.008ns
    Clock Pessimism Removal (CPR):    -0.000ns
  Clock Uncertainty:      0.207ns  ((TSJ^2 + DJ^2)^1/2) / 2 + PE
    Total System Jitter     (TSJ):    0.071ns
    Discrete Jitter          (DJ):    0.409ns
    Phase Error              (PE):    0.000ns
  Clock Net Delay (Source):      0.897ns (routing 0.324ns, distribution 0.573ns)
  Clock Net Delay (Destination): 1.005ns (routing 0.365ns, distribution 0.640ns)
  Timing Exception:       False Path

    Location             Delay type                Incr(ns)  Path(ns)    Netlist Resource(s)
  -------------------------------------------------------------------    -------------------
                         (clock clk_pl_0 rise edge)
                                                      0.000     0.000 r  
    PS8_X0Y0             PS8                          0.000     0.000 r  system_i/zynq_ps/inst/PS8_i/PLCLK[0]
                         net (fo=1, routed)           0.094     0.094    system_i/zynq_ps/inst/pl_clk_unbuffered[0]
    BUFG_PS_X0Y58        BUFG_PS (Prop_BUFG_PS_I_O)
                                                      0.017     0.111 r  system_i/zynq_ps/inst/buffer_pl_clk_0.PL_CLK_0_BUFG/O
    X0Y1 (CLOCK_ROOT)    net (fo=7382, routed)        0.897     1.008    system_i/axi_sc/inst/clk_map/psr_aclk/U0/aclk
    SLICE_X6Y46          FDRE                                         r  system_i/axi_sc/inst/clk_map/psr_aclk/U0/ACTIVE_LOW_BSR_OUT_DFF[0].FDRE_BSR_N/C
  -------------------------------------------------------------------    -------------------
    SLICE_X6Y46          FDRE (Prop_DFF_SLICEL_C_Q)
                                                      0.039     1.047 r  system_i/axi_sc/inst/clk_map/psr_aclk/U0/ACTIVE_LOW_BSR_OUT_DFF[0].FDRE_BSR_N/Q
                         net (fo=27, routed)          0.164     1.211    system_i/axi_sc/inst/s00_nodes/s00_b_node/inst/s_sc_xpm_cdc_async_rst_inst/src_arst
    SLICE_X7Y40          FDCE                                         f  system_i/axi_sc/inst/s00_nodes/s00_b_node/inst/s_sc_xpm_cdc_async_rst_inst/arststages_ff_reg[0]/CLR  (IS_INVERTED)
  -------------------------------------------------------------------    -------------------

                         (clock clk_pl_0 rise edge)
                                                      0.000     0.000 r  
    PS8_X0Y0             PS8                          0.000     0.000 r  system_i/zynq_ps/inst/PS8_i/PLCLK[0]
                         net (fo=1, routed)           0.120     0.120    system_i/zynq_ps/inst/pl_clk_unbuffered[0]
    BUFG_PS_X0Y58        BUFG_PS (Prop_BUFG_PS_I_O)
                                                      0.018     0.138 r  system_i/zynq_ps/inst/buffer_pl_clk_0.PL_CLK_0_BUFG/O
    X0Y1 (CLOCK_ROOT)    net (fo=7382, routed)        1.005     1.143    system_i/axi_sc/inst/s00_nodes/s00_b_node/inst/s_sc_xpm_cdc_async_rst_inst/dest_clk
    SLICE_X7Y40          FDCE                                         r  system_i/axi_sc/inst/s00_nodes/s00_b_node/inst/s_sc_xpm_cdc_async_rst_inst/arststages_ff_reg[0]/C





--------------------------------------------------------------------------------------
Path Group:  (none)
From Clock:  clk_pl_0
  To Clock:  

Max Delay            16 Endpoints
Min Delay            16 Endpoints
--------------------------------------------------------------------------------------


Max Delay Paths
--------------------------------------------------------------------------------------
Slack:                    inf
  Source:                 system_i/hft_core/inst/u_core/FSM_sequential_fsm_state_reg[0]/C
                            (rising edge-triggered cell FDCE clocked by clk_pl_0  {rise@0.000ns fall@10.312ns period=20.625ns})
  Destination:            led[0]
                            (output port)
  Path Group:             (none)
  Path Type:              Max at Slow Process Corner
  Data Path Delay:        4.761ns  (logic 1.055ns (22.165%)  route 3.706ns (77.835%))
  Logic Levels:           2  (LUT2=1 OBUF=1)
  Clock Uncertainty:      0.206ns  ((TSJ^2 + DJ^2)^1/2) / 2 + PE
    Total System Jitter     (TSJ):    0.050ns
    Discrete Jitter          (DJ):    0.409ns
    Phase Error              (PE):    0.000ns
  Clock Net Delay (Source):      1.624ns (routing 0.591ns, distribution 1.033ns)

    Location             Delay type                Incr(ns)  Path(ns)    Netlist Resource(s)
  -------------------------------------------------------------------    -------------------
                         (clock clk_pl_0 rise edge)
                                                      0.000     0.000 r  
    PS8_X0Y0             PS8                          0.000     0.000 r  system_i/zynq_ps/inst/PS8_i/PLCLK[0]
                         net (fo=1, routed)           0.171     0.171    system_i/zynq_ps/inst/pl_clk_unbuffered[0]
    BUFG_PS_X0Y58        BUFG_PS (Prop_BUFG_PS_I_O)
                                                      0.028     0.199 r  system_i/zynq_ps/inst/buffer_pl_clk_0.PL_CLK_0_BUFG/O
    X0Y1 (CLOCK_ROOT)    net (fo=7382, routed)        1.624     1.823    system_i/hft_core/inst/u_core/clk
    SLICE_X16Y80         FDCE                                         r  system_i/hft_core/inst/u_core/FSM_sequential_fsm_state_reg[0]/C
  -------------------------------------------------------------------    -------------------
    SLICE_X16Y80         FDCE (Prop_DFF_SLICEM_C_Q)
                                                      0.078     1.901 r  system_i/hft_core/inst/u_core/FSM_sequential_fsm_state_reg[0]/Q
                         net (fo=25, routed)          1.050     2.951    system_i/hft_core/inst/u_core/u_axi_regs/FSM_sequential_fsm_state_reg[0]_0[0]
    SLICE_X20Y105        LUT2 (Prop_G6LUT_SLICEM_I0_O)
                                                      0.100     3.051 r  system_i/hft_core/inst/u_core/u_axi_regs/led[0]_INST_0/O
                         net (fo=2, routed)           2.656     5.707    led_OBUF[0]
    AF5                  OBUF (Prop_OUTBUF_HPIOB_S_I_O)
                                                      0.877     6.584 r  led_OBUF[0]_inst/O
                         net (fo=0)                   0.000     6.584    led[0]
    AF5                                                               r  led[0] (OUT)
  -------------------------------------------------------------------    -------------------

Slack:                    inf
  Source:                 system_i/hft_core/inst/u_core/u_pos_tracker/cash_reg[28]/C
                            (rising edge-triggered cell FDCE clocked by clk_pl_0  {rise@0.000ns fall@10.312ns period=20.625ns})
  Destination:            rgb0[2]
                            (output port)
  Path Group:             (none)
  Path Type:              Max at Slow Process Corner
  Data Path Delay:        4.656ns  (logic 1.337ns (28.708%)  route 3.319ns (71.292%))
  Logic Levels:           5  (CARRY8=2 LUT2=2 OBUF=1)
  Clock Uncertainty:      0.206ns  ((TSJ^2 + DJ^2)^1/2) / 2 + PE
    Total System Jitter     (TSJ):    0.050ns
    Discrete Jitter          (DJ):    0.409ns
    Phase Error              (PE):    0.000ns
  Clock Net Delay (Source):      1.668ns (routing 0.591ns, distribution 1.077ns)

    Location             Delay type                Incr(ns)  Path(ns)    Netlist Resource(s)
  -------------------------------------------------------------------    -------------------
                         (clock clk_pl_0 rise edge)
                                                      0.000     0.000 r  
    PS8_X0Y0             PS8                          0.000     0.000 r  system_i/zynq_ps/inst/PS8_i/PLCLK[0]
                         net (fo=1, routed)           0.171     0.171    system_i/zynq_ps/inst/pl_clk_unbuffered[0]
    BUFG_PS_X0Y58        BUFG_PS (Prop_BUFG_PS_I_O)
                                                      0.028     0.199 r  system_i/zynq_ps/inst/buffer_pl_clk_0.PL_CLK_0_BUFG/O
    X0Y1 (CLOCK_ROOT)    net (fo=7382, routed)        1.668     1.867    system_i/hft_core/inst/u_core/u_pos_tracker/clk
    SLICE_X19Y136        FDCE                                         r  system_i/hft_core/inst/u_core/u_pos_tracker/cash_reg[28]/C
  -------------------------------------------------------------------    -------------------
    SLICE_X19Y136        FDCE (Prop_EFF_SLICEM_C_Q)
                                                      0.076     1.943 f  system_i/hft_core/inst/u_core/u_pos_tracker/cash_reg[28]/Q
                         net (fo=6, routed)           0.563     2.506    system_i/hft_core/inst/u_core/u_pos_tracker/total_pnl[12]
    SLICE_X19Y124        LUT2 (Prop_G6LUT_SLICEM_I0_O)
                                                      0.150     2.656 r  system_i/hft_core/inst/u_core/u_pos_tracker/rgb0[1]_INST_0_i_27/O
                         net (fo=1, routed)           0.016     2.672    system_i/hft_core/inst/u_core/u_pos_tracker/rgb0[1]_INST_0_i_27_n_0
    SLICE_X19Y124        CARRY8 (Prop_CARRY8_SLICEM_S[6]_CO[7])
                                                      0.117     2.789 f  system_i/hft_core/inst/u_core/u_pos_tracker/rgb0[1]_INST_0_i_1/CO[7]
                         net (fo=1, routed)           0.026     2.815    system_i/hft_core/inst/u_core/u_pos_tracker/rgb0[1]_INST_0_i_1_n_0
    SLICE_X19Y125        CARRY8 (Prop_CARRY8_SLICEM_CI_CO[7])
                                                      0.022     2.837 f  system_i/hft_core/inst/u_core/u_pos_tracker/rgb0[1]_INST_0/CO[7]
                         net (fo=2, routed)           0.475     3.311    system_i/hft_core/inst/u_core/u_pos_tracker/rgb0[0]
    SLICE_X28Y111        LUT2 (Prop_H6LUT_SLICEM_I1_O)
                                                      0.101     3.412 r  system_i/hft_core/inst/u_core/u_pos_tracker/rgb0[2]_INST_0/O
                         net (fo=1, routed)           2.240     5.652    rgb0_OBUF[2]
    AE9                  OBUF (Prop_OUTBUF_HPIOB_M_I_O)
                                                      0.871     6.523 r  rgb0_OBUF[2]_inst/O
                         net (fo=0)                   0.000     6.523    rgb0[2]
    AE9                                                               r  rgb0[2] (OUT)
  -------------------------------------------------------------------    -------------------

Slack:                    inf
  Source:                 system_i/hft_core/inst/u_core/u_link_rx/link_up_reg/C
                            (rising edge-triggered cell FDCE clocked by clk_pl_0  {rise@0.000ns fall@10.312ns period=20.625ns})
  Destination:            rgb1[2]
                            (output port)
  Path Group:             (none)
  Path Type:              Max at Slow Process Corner
  Data Path Delay:        4.400ns  (logic 1.113ns (25.304%)  route 3.287ns (74.696%))
  Logic Levels:           2  (LUT2=1 OBUF=1)
  Clock Uncertainty:      0.206ns  ((TSJ^2 + DJ^2)^1/2) / 2 + PE
    Total System Jitter     (TSJ):    0.050ns
    Discrete Jitter          (DJ):    0.409ns
    Phase Error              (PE):    0.000ns
  Clock Net Delay (Source):      1.675ns (routing 0.591ns, distribution 1.084ns)

    Location             Delay type                Incr(ns)  Path(ns)    Netlist Resource(s)
  -------------------------------------------------------------------    -------------------
                         (clock clk_pl_0 rise edge)
                                                      0.000     0.000 r  
    PS8_X0Y0             PS8                          0.000     0.000 r  system_i/zynq_ps/inst/PS8_i/PLCLK[0]
                         net (fo=1, routed)           0.171     0.171    system_i/zynq_ps/inst/pl_clk_unbuffered[0]
    BUFG_PS_X0Y58        BUFG_PS (Prop_BUFG_PS_I_O)
                                                      0.028     0.199 r  system_i/zynq_ps/inst/buffer_pl_clk_0.PL_CLK_0_BUFG/O
    X0Y1 (CLOCK_ROOT)    net (fo=7382, routed)        1.675     1.874    system_i/hft_core/inst/u_core/u_link_rx/clk
    SLICE_X16Y136        FDCE                                         r  system_i/hft_core/inst/u_core/u_link_rx/link_up_reg/C
  -------------------------------------------------------------------    -------------------
    SLICE_X16Y136        FDCE (Prop_DFF_SLICEM_C_Q)
                                                      0.078     1.952 f  system_i/hft_core/inst/u_core/u_link_rx/link_up_reg/Q
                         net (fo=5, routed)           1.938     3.890    system_i/hft_core/inst/u_core/u_risk/led[0]
    SLICE_X48Y56         LUT2 (Prop_H6LUT_SLICEM_I1_O)
                                                      0.152     4.042 r  system_i/hft_core/inst/u_core/u_risk/rgb1[2]_INST_0/O
                         net (fo=1, routed)           1.349     5.391    rgb1_OBUF[2]
    AF8                  OBUF (Prop_OUTBUF_HPIOB_M_I_O)
                                                      0.883     6.274 r  rgb1_OBUF[2]_inst/O
                         net (fo=0)                   0.000     6.274    rgb1[2]
    AF8                                                               r  rgb1[2] (OUT)
  -------------------------------------------------------------------    -------------------

Slack:                    inf
  Source:                 system_i/hft_core/inst/u_core/u_pos_tracker/cash_reg[28]/C
                            (rising edge-triggered cell FDCE clocked by clk_pl_0  {rise@0.000ns fall@10.312ns period=20.625ns})
  Destination:            rgb0[1]
                            (output port)
  Path Group:             (none)
  Path Type:              Max at Slow Process Corner
  Data Path Delay:        4.383ns  (logic 1.234ns (28.161%)  route 3.149ns (71.839%))
  Logic Levels:           4  (CARRY8=2 LUT2=1 OBUF=1)
  Clock Uncertainty:      0.206ns  ((TSJ^2 + DJ^2)^1/2) / 2 + PE
    Total System Jitter     (TSJ):    0.050ns
    Discrete Jitter          (DJ):    0.409ns
    Phase Error              (PE):    0.000ns
  Clock Net Delay (Source):      1.668ns (routing 0.591ns, distribution 1.077ns)

    Location             Delay type                Incr(ns)  Path(ns)    Netlist Resource(s)
  -------------------------------------------------------------------    -------------------
                         (clock clk_pl_0 rise edge)
                                                      0.000     0.000 r  
    PS8_X0Y0             PS8                          0.000     0.000 r  system_i/zynq_ps/inst/PS8_i/PLCLK[0]
                         net (fo=1, routed)           0.171     0.171    system_i/zynq_ps/inst/pl_clk_unbuffered[0]
    BUFG_PS_X0Y58        BUFG_PS (Prop_BUFG_PS_I_O)
                                                      0.028     0.199 r  system_i/zynq_ps/inst/buffer_pl_clk_0.PL_CLK_0_BUFG/O
    X0Y1 (CLOCK_ROOT)    net (fo=7382, routed)        1.668     1.867    system_i/hft_core/inst/u_core/u_pos_tracker/clk
    SLICE_X19Y136        FDCE                                         r  system_i/hft_core/inst/u_core/u_pos_tracker/cash_reg[28]/C
  -------------------------------------------------------------------    -------------------
    SLICE_X19Y136        FDCE (Prop_EFF_SLICEM_C_Q)
                                                      0.076     1.943 f  system_i/hft_core/inst/u_core/u_pos_tracker/cash_reg[28]/Q
                         net (fo=6, routed)           0.563     2.506    system_i/hft_core/inst/u_core/u_pos_tracker/total_pnl[12]
    SLICE_X19Y124        LUT2 (Prop_G6LUT_SLICEM_I0_O)
                                                      0.150     2.656 r  system_i/hft_core/inst/u_core/u_pos_tracker/rgb0[1]_INST_0_i_27/O
                         net (fo=1, routed)           0.016     2.672    system_i/hft_core/inst/u_core/u_pos_tracker/rgb0[1]_INST_0_i_27_n_0
    SLICE_X19Y124        CARRY8 (Prop_CARRY8_SLICEM_S[6]_CO[7])
                                                      0.117     2.789 r  system_i/hft_core/inst/u_core/u_pos_tracker/rgb0[1]_INST_0_i_1/CO[7]
                         net (fo=1, routed)           0.026     2.815    system_i/hft_core/inst/u_core/u_pos_tracker/rgb0[1]_INST_0_i_1_n_0
    SLICE_X19Y125        CARRY8 (Prop_CARRY8_SLICEM_CI_CO[7])
                                                      0.022     2.837 r  system_i/hft_core/inst/u_core/u_pos_tracker/rgb0[1]_INST_0/CO[7]
                         net (fo=2, routed)           2.544     5.381    rgb0_OBUF[1]
    AD9                  OBUF (Prop_OUTBUF_HPIOB_S_I_O)
                                                      0.869     6.250 r  rgb0_OBUF[1]_inst/O
                         net (fo=0)                   0.000     6.250    rgb0[1]
    AD9                                                               r  rgb0[1] (OUT)
  -------------------------------------------------------------------    -------------------

Slack:                    inf
  Source:                 system_i/hft_core/inst/u_core/FSM_sequential_fsm_state_reg[1]/C
                            (rising edge-triggered cell FDCE clocked by clk_pl_0  {rise@0.000ns fall@10.312ns period=20.625ns})
  Destination:            led[1]
                            (output port)
  Path Group:             (none)
  Path Type:              Max at Slow Process Corner
  Data Path Delay:        4.208ns  (logic 1.068ns (25.372%)  route 3.140ns (74.628%))
  Logic Levels:           2  (LUT2=1 OBUF=1)
  Clock Uncertainty:      0.206ns  ((TSJ^2 + DJ^2)^1/2) / 2 + PE
    Total System Jitter     (TSJ):    0.050ns
    Discrete Jitter          (DJ):    0.409ns
    Phase Error              (PE):    0.000ns
  Clock Net Delay (Source):      1.624ns (routing 0.591ns, distribution 1.033ns)

    Location             Delay type                Incr(ns)  Path(ns)    Netlist Resource(s)
  -------------------------------------------------------------------    -------------------
                         (clock clk_pl_0 rise edge)
                                                      0.000     0.000 r  
    PS8_X0Y0             PS8                          0.000     0.000 r  system_i/zynq_ps/inst/PS8_i/PLCLK[0]
                         net (fo=1, routed)           0.171     0.171    system_i/zynq_ps/inst/pl_clk_unbuffered[0]
    BUFG_PS_X0Y58        BUFG_PS (Prop_BUFG_PS_I_O)
                                                      0.028     0.199 r  system_i/zynq_ps/inst/buffer_pl_clk_0.PL_CLK_0_BUFG/O
    X0Y1 (CLOCK_ROOT)    net (fo=7382, routed)        1.624     1.823    system_i/hft_core/inst/u_core/clk
    SLICE_X16Y80         FDCE                                         r  system_i/hft_core/inst/u_core/FSM_sequential_fsm_state_reg[1]/C
  -------------------------------------------------------------------    -------------------
    SLICE_X16Y80         FDCE (Prop_CFF_SLICEM_C_Q)
                                                      0.078     1.901 r  system_i/hft_core/inst/u_core/FSM_sequential_fsm_state_reg[1]/Q
                         net (fo=24, routed)          0.857     2.758    system_i/hft_core/inst/u_core/u_axi_regs/FSM_sequential_fsm_state_reg[0]_0[1]
    SLICE_X23Y106        LUT2 (Prop_D6LUT_SLICEL_I0_O)
                                                      0.122     2.880 r  system_i/hft_core/inst/u_core/u_axi_regs/led[1]_INST_0/O
                         net (fo=2, routed)           2.283     5.163    led_OBUF[1]
    AE7                  OBUF (Prop_OUTBUF_HPIOB_S_I_O)
                                                      0.868     6.031 r  led_OBUF[1]_inst/O
                         net (fo=0)                   0.000     6.031    led[1]
    AE7                                                               r  led[1] (OUT)
  -------------------------------------------------------------------    -------------------

Slack:                    inf
  Source:                 system_i/hft_core/inst/u_core/u_risk/risk_halt_reg/C
                            (rising edge-triggered cell FDCE clocked by clk_pl_0  {rise@0.000ns fall@10.312ns period=20.625ns})
  Destination:            rgb1[1]
                            (output port)
  Path Group:             (none)
  Path Type:              Max at Slow Process Corner
  Data Path Delay:        4.138ns  (logic 1.045ns (25.262%)  route 3.093ns (74.738%))
  Logic Levels:           2  (LUT1=1 OBUF=1)
  Clock Uncertainty:      0.206ns  ((TSJ^2 + DJ^2)^1/2) / 2 + PE
    Total System Jitter     (TSJ):    0.050ns
    Discrete Jitter          (DJ):    0.409ns
    Phase Error              (PE):    0.000ns
  Clock Net Delay (Source):      1.637ns (routing 0.591ns, distribution 1.046ns)

    Location             Delay type                Incr(ns)  Path(ns)    Netlist Resource(s)
  -------------------------------------------------------------------    -------------------
                         (clock clk_pl_0 rise edge)
                                                      0.000     0.000 r  
    PS8_X0Y0             PS8                          0.000     0.000 r  system_i/zynq_ps/inst/PS8_i/PLCLK[0]
                         net (fo=1, routed)           0.171     0.171    system_i/zynq_ps/inst/pl_clk_unbuffered[0]
    BUFG_PS_X0Y58        BUFG_PS (Prop_BUFG_PS_I_O)
                                                      0.028     0.199 r  system_i/zynq_ps/inst/buffer_pl_clk_0.PL_CLK_0_BUFG/O
    X0Y1 (CLOCK_ROOT)    net (fo=7382, routed)        1.637     1.836    system_i/hft_core/inst/u_core/u_risk/clk
    SLICE_X20Y112        FDCE                                         r  system_i/hft_core/inst/u_core/u_risk/risk_halt_reg/C
  -------------------------------------------------------------------    -------------------
    SLICE_X20Y112        FDCE (Prop_CFF_SLICEM_C_Q)
                                                      0.078     1.914 f  system_i/hft_core/inst/u_core/u_risk/risk_halt_reg/Q
                         net (fo=10, routed)          0.865     2.779    system_i/hft_core/inst/u_core/u_risk/risk_halt_reg_0
    SLICE_X16Y79         LUT1 (Prop_C6LUT_SLICEM_I0_O)
                                                      0.098     2.877 r  system_i/hft_core/inst/u_core/u_risk/rgb1[1]_INST_0/O
                         net (fo=1, routed)           2.228     5.105    rgb1_OBUF[1]
    AE8                  OBUF (Prop_OUTBUF_HPIOB_S_I_O)
                                                      0.869     5.974 r  rgb1_OBUF[1]_inst/O
                         net (fo=0)                   0.000     5.974    rgb1[1]
    AE8                                                               r  rgb1[1] (OUT)
  -------------------------------------------------------------------    -------------------

Slack:                    inf
  Source:                 system_i/hft_core/inst/u_core/FSM_sequential_fsm_state_reg[0]/C
                            (rising edge-triggered cell FDCE clocked by clk_pl_0  {rise@0.000ns fall@10.312ns period=20.625ns})
  Destination:            led[2]
                            (output port)
  Path Group:             (none)
  Path Type:              Max at Slow Process Corner
  Data Path Delay:        4.071ns  (logic 1.088ns (26.736%)  route 2.982ns (73.264%))
  Logic Levels:           2  (LUT3=1 OBUF=1)
  Clock Uncertainty:      0.206ns  ((TSJ^2 + DJ^2)^1/2) / 2 + PE
    Total System Jitter     (TSJ):    0.050ns
    Discrete Jitter          (DJ):    0.409ns
    Phase Error              (PE):    0.000ns
  Clock Net Delay (Source):      1.624ns (routing 0.591ns, distribution 1.033ns)

    Location             Delay type                Incr(ns)  Path(ns)    Netlist Resource(s)
  -------------------------------------------------------------------    -------------------
                         (clock clk_pl_0 rise edge)
                                                      0.000     0.000 r  
    PS8_X0Y0             PS8                          0.000     0.000 r  system_i/zynq_ps/inst/PS8_i/PLCLK[0]
                         net (fo=1, routed)           0.171     0.171    system_i/zynq_ps/inst/pl_clk_unbuffered[0]
    BUFG_PS_X0Y58        BUFG_PS (Prop_BUFG_PS_I_O)
                                                      0.028     0.199 r  system_i/zynq_ps/inst/buffer_pl_clk_0.PL_CLK_0_BUFG/O
    X0Y1 (CLOCK_ROOT)    net (fo=7382, routed)        1.624     1.823    system_i/hft_core/inst/u_core/clk
    SLICE_X16Y80         FDCE                                         r  system_i/hft_core/inst/u_core/FSM_sequential_fsm_state_reg[0]/C
  -------------------------------------------------------------------    -------------------
    SLICE_X16Y80         FDCE (Prop_DFF_SLICEM_C_Q)
                                                      0.078     1.901 f  system_i/hft_core/inst/u_core/FSM_sequential_fsm_state_reg[0]/Q
                         net (fo=25, routed)          0.921     2.822    system_i/hft_core/inst/u_core/u_axi_regs/FSM_sequential_fsm_state_reg[0]_0[0]
    SLICE_X23Y106        LUT3 (Prop_D5LUT_SLICEL_I2_O)
                                                      0.096     2.918 r  system_i/hft_core/inst/u_core/u_axi_regs/led[2]_INST_0/O
                         net (fo=2, routed)           2.061     4.979    led_OBUF[2]
    AH2                  OBUF (Prop_OUTBUF_HPIOB_M_I_O)
                                                      0.914     5.894 r  led_OBUF[2]_inst/O
                         net (fo=0)                   0.000     5.894    led[2]
    AH2                                                               r  led[2] (OUT)
  -------------------------------------------------------------------    -------------------

Slack:                    inf
  Source:                 system_i/hft_core/inst/u_core/u_link_tx/pmod_valid_reg/C
                            (rising edge-triggered cell FDCE clocked by clk_pl_0  {rise@0.000ns fall@10.312ns period=20.625ns})
  Destination:            pmod_jb_valid
                            (output port)
  Path Group:             (none)
  Path Type:              Max at Slow Process Corner
  Data Path Delay:        3.954ns  (logic 2.887ns (73.016%)  route 1.067ns (26.984%))
  Logic Levels:           1  (OBUF=1)
  Clock Uncertainty:      0.206ns  ((TSJ^2 + DJ^2)^1/2) / 2 + PE
    Total System Jitter     (TSJ):    0.050ns
    Discrete Jitter          (DJ):    0.409ns
    Phase Error              (PE):    0.000ns
  Clock Net Delay (Source):      1.696ns (routing 0.591ns, distribution 1.105ns)

    Location             Delay type                Incr(ns)  Path(ns)    Netlist Resource(s)
  -------------------------------------------------------------------    -------------------
                         (clock clk_pl_0 rise edge)
                                                      0.000     0.000 r  
    PS8_X0Y0             PS8                          0.000     0.000 r  system_i/zynq_ps/inst/PS8_i/PLCLK[0]
                         net (fo=1, routed)           0.171     0.171    system_i/zynq_ps/inst/pl_clk_unbuffered[0]
    BUFG_PS_X0Y58        BUFG_PS (Prop_BUFG_PS_I_O)
                                                      0.028     0.199 r  system_i/zynq_ps/inst/buffer_pl_clk_0.PL_CLK_0_BUFG/O
    X0Y1 (CLOCK_ROOT)    net (fo=7382, routed)        1.696     1.895    system_i/hft_core/inst/u_core/u_link_tx/clk
    SLICE_X25Y133        FDCE                                         r  system_i/hft_core/inst/u_core/u_link_tx/pmod_valid_reg/C
  -------------------------------------------------------------------    -------------------
    SLICE_X25Y133        FDCE (Prop_EFF2_SLICEL_C_Q)
                                                      0.081     1.976 r  system_i/hft_core/inst/u_core/u_link_tx/pmod_valid_reg/Q
                         net (fo=1, routed)           1.067     3.043    pmod_jb_valid_OBUF
    C11                  OBUF (Prop_OUTBUF_HDIOB_M_I_O)
                                                      2.806     5.849 r  pmod_jb_valid_OBUF_inst/O
                         net (fo=0)                   0.000     5.849    pmod_jb_valid
    C11                                                               r  pmod_jb_valid (OUT)
  -------------------------------------------------------------------    -------------------

Slack:                    inf
  Source:                 system_i/hft_core/inst/u_core/u_link_tx/shifter_reg[124]/C
                            (rising edge-triggered cell FDCE clocked by clk_pl_0  {rise@0.000ns fall@10.312ns period=20.625ns})
  Destination:            pmod_jb[0]
                            (output port)
  Path Group:             (none)
  Path Type:              Max at Slow Process Corner
  Data Path Delay:        3.927ns  (logic 2.884ns (73.440%)  route 1.043ns (26.560%))
  Logic Levels:           1  (OBUF=1)
  Clock Uncertainty:      0.206ns  ((TSJ^2 + DJ^2)^1/2) / 2 + PE
    Total System Jitter     (TSJ):    0.050ns
    Discrete Jitter          (DJ):    0.409ns
    Phase Error              (PE):    0.000ns
  Clock Net Delay (Source):      1.677ns (routing 0.591ns, distribution 1.086ns)

    Location             Delay type                Incr(ns)  Path(ns)    Netlist Resource(s)
  -------------------------------------------------------------------    -------------------
                         (clock clk_pl_0 rise edge)
                                                      0.000     0.000 r  
    PS8_X0Y0             PS8                          0.000     0.000 r  system_i/zynq_ps/inst/PS8_i/PLCLK[0]
                         net (fo=1, routed)           0.171     0.171    system_i/zynq_ps/inst/pl_clk_unbuffered[0]
    BUFG_PS_X0Y58        BUFG_PS (Prop_BUFG_PS_I_O)
                                                      0.028     0.199 r  system_i/zynq_ps/inst/buffer_pl_clk_0.PL_CLK_0_BUFG/O
    X0Y1 (CLOCK_ROOT)    net (fo=7382, routed)        1.677     1.876    system_i/hft_core/inst/u_core/u_link_tx/clk
    SLICE_X23Y135        FDCE                                         r  system_i/hft_core/inst/u_core/u_link_tx/shifter_reg[124]/C
  -------------------------------------------------------------------    -------------------
    SLICE_X23Y135        FDCE (Prop_DFF2_SLICEL_C_Q)
                                                      0.081     1.957 r  system_i/hft_core/inst/u_core/u_link_tx/shifter_reg[124]/Q
                         net (fo=1, routed)           1.043     3.000    pmod_jb_OBUF[0]
    E12                  OBUF (Prop_OUTBUF_HDIOB_M_I_O)
                                                      2.803     5.803 r  pmod_jb_OBUF[0]_inst/O
                         net (fo=0)                   0.000     5.803    pmod_jb[0]
    E12                                                               r  pmod_jb[0] (OUT)
  -------------------------------------------------------------------    -------------------

Slack:                    inf
  Source:                 system_i/hft_core/inst/u_core/u_link_tx/shifter_reg[126]/C
                            (rising edge-triggered cell FDCE clocked by clk_pl_0  {rise@0.000ns fall@10.312ns period=20.625ns})
  Destination:            pmod_jb[2]
                            (output port)
  Path Group:             (none)
  Path Type:              Max at Slow Process Corner
  Data Path Delay:        3.906ns  (logic 2.893ns (74.064%)  route 1.013ns (25.936%))
  Logic Levels:           1  (OBUF=1)
  Clock Uncertainty:      0.206ns  ((TSJ^2 + DJ^2)^1/2) / 2 + PE
    Total System Jitter     (TSJ):    0.050ns
    Discrete Jitter          (DJ):    0.409ns
    Phase Error              (PE):    0.000ns
  Clock Net Delay (Source):      1.677ns (routing 0.591ns, distribution 1.086ns)

    Location             Delay type                Incr(ns)  Path(ns)    Netlist Resource(s)
  -------------------------------------------------------------------    -------------------
                         (clock clk_pl_0 rise edge)
                                                      0.000     0.000 r  
    PS8_X0Y0             PS8                          0.000     0.000 r  system_i/zynq_ps/inst/PS8_i/PLCLK[0]
                         net (fo=1, routed)           0.171     0.171    system_i/zynq_ps/inst/pl_clk_unbuffered[0]
    BUFG_PS_X0Y58        BUFG_PS (Prop_BUFG_PS_I_O)
                                                      0.028     0.199 r  system_i/zynq_ps/inst/buffer_pl_clk_0.PL_CLK_0_BUFG/O
    X0Y1 (CLOCK_ROOT)    net (fo=7382, routed)        1.677     1.876    system_i/hft_core/inst/u_core/u_link_tx/clk
    SLICE_X22Y135        FDCE                                         r  system_i/hft_core/inst/u_core/u_link_tx/shifter_reg[126]/C
  -------------------------------------------------------------------    -------------------
    SLICE_X22Y135        FDCE (Prop_AFF_SLICEL_C_Q)
                                                      0.079     1.955 r  system_i/hft_core/inst/u_core/u_link_tx/shifter_reg[126]/Q
                         net (fo=1, routed)           1.013     2.968    pmod_jb_OBUF[2]
    B11                  OBUF (Prop_OUTBUF_HDIOB_M_I_O)
                                                      2.814     5.782 r  pmod_jb_OBUF[2]_inst/O
                         net (fo=0)                   0.000     5.782    pmod_jb[2]
    B11                                                               r  pmod_jb[2] (OUT)
  -------------------------------------------------------------------    -------------------





Min Delay Paths
--------------------------------------------------------------------------------------
Slack:                    inf
  Source:                 system_i/hft_core/inst/u_core/u_risk/risk_halt_reg/C
                            (rising edge-triggered cell FDCE clocked by clk_pl_0  {rise@0.000ns fall@10.312ns period=20.625ns})
  Destination:            led[5]
                            (output port)
  Path Group:             (none)
  Path Type:              Min at Fast Process Corner
  Data Path Delay:        1.366ns  (logic 0.440ns (32.248%)  route 0.925ns (67.752%))
  Logic Levels:           1  (OBUF=1)
  Clock Uncertainty:      0.206ns  ((TSJ^2 + DJ^2)^1/2) / 2 + PE
    Total System Jitter     (TSJ):    0.050ns
    Discrete Jitter          (DJ):    0.409ns
    Phase Error              (PE):    0.000ns
  Clock Net Delay (Source):      0.895ns (routing 0.324ns, distribution 0.571ns)

    Location             Delay type                Incr(ns)  Path(ns)    Netlist Resource(s)
  -------------------------------------------------------------------    -------------------
                         (clock clk_pl_0 rise edge)
                                                      0.000     0.000 r  
    PS8_X0Y0             PS8                          0.000     0.000 r  system_i/zynq_ps/inst/PS8_i/PLCLK[0]
                         net (fo=1, routed)           0.094     0.094    system_i/zynq_ps/inst/pl_clk_unbuffered[0]
    BUFG_PS_X0Y58        BUFG_PS (Prop_BUFG_PS_I_O)
                                                      0.017     0.111 r  system_i/zynq_ps/inst/buffer_pl_clk_0.PL_CLK_0_BUFG/O
    X0Y1 (CLOCK_ROOT)    net (fo=7382, routed)        0.895     1.006    system_i/hft_core/inst/u_core/u_risk/clk
    SLICE_X20Y112        FDCE                                         r  system_i/hft_core/inst/u_core/u_risk/risk_halt_reg/C
  -------------------------------------------------------------------    -------------------
    SLICE_X20Y112        FDCE (Prop_CFF_SLICEM_C_Q)
                                                      0.038     1.044 r  system_i/hft_core/inst/u_core/u_risk/risk_halt_reg/Q
                         net (fo=10, routed)          0.925     1.970    led_OBUF[5]
    AE4                  OBUF (Prop_OUTBUF_HPIOB_SNGL_I_O)
                                                      0.402     2.372 r  led_OBUF[5]_inst/O
                         net (fo=0)                   0.000     2.372    led[5]
    AE4                                                               r  led[5] (OUT)
  -------------------------------------------------------------------    -------------------

Slack:                    inf
  Source:                 system_i/hft_core/inst/u_core/FSM_sequential_fsm_state_reg[1]/C
                            (rising edge-triggered cell FDCE clocked by clk_pl_0  {rise@0.000ns fall@10.312ns period=20.625ns})
  Destination:            led[6]
                            (output port)
  Path Group:             (none)
  Path Type:              Min at Fast Process Corner
  Data Path Delay:        1.511ns  (logic 0.476ns (31.501%)  route 1.035ns (68.499%))
  Logic Levels:           2  (LUT3=1 OBUF=1)
  Clock Uncertainty:      0.206ns  ((TSJ^2 + DJ^2)^1/2) / 2 + PE
    Total System Jitter     (TSJ):    0.050ns
    Discrete Jitter          (DJ):    0.409ns
    Phase Error              (PE):    0.000ns
  Clock Net Delay (Source):      0.889ns (routing 0.324ns, distribution 0.565ns)

    Location             Delay type                Incr(ns)  Path(ns)    Netlist Resource(s)
  -------------------------------------------------------------------    -------------------
                         (clock clk_pl_0 rise edge)
                                                      0.000     0.000 r  
    PS8_X0Y0             PS8                          0.000     0.000 r  system_i/zynq_ps/inst/PS8_i/PLCLK[0]
                         net (fo=1, routed)           0.094     0.094    system_i/zynq_ps/inst/pl_clk_unbuffered[0]
    BUFG_PS_X0Y58        BUFG_PS (Prop_BUFG_PS_I_O)
                                                      0.017     0.111 r  system_i/zynq_ps/inst/buffer_pl_clk_0.PL_CLK_0_BUFG/O
    X0Y1 (CLOCK_ROOT)    net (fo=7382, routed)        0.889     1.000    system_i/hft_core/inst/u_core/clk
    SLICE_X16Y80         FDCE                                         r  system_i/hft_core/inst/u_core/FSM_sequential_fsm_state_reg[1]/C
  -------------------------------------------------------------------    -------------------
    SLICE_X16Y80         FDCE (Prop_CFF_SLICEM_C_Q)
                                                      0.038     1.038 r  system_i/hft_core/inst/u_core/FSM_sequential_fsm_state_reg[1]/Q
                         net (fo=24, routed)          0.227     1.265    system_i/hft_core/inst/u_core/fsm_state__0[1]
    SLICE_X27Y79         LUT3 (Prop_C6LUT_SLICEL_I1_O)
                                                      0.040     1.305 r  system_i/hft_core/inst/u_core/led[6]_INST_0/O
                         net (fo=1, routed)           0.808     2.113    led_OBUF[6]
    AG1                  OBUF (Prop_OUTBUF_HPIOB_S_I_O)
                                                      0.398     2.511 r  led_OBUF[6]_inst/O
                         net (fo=0)                   0.000     2.511    led[6]
    AG1                                                               r  led[6] (OUT)
  -------------------------------------------------------------------    -------------------

Slack:                    inf
  Source:                 system_i/hft_core/inst/u_core/u_ctrl/blink_ctr_reg[24]/C
                            (rising edge-triggered cell FDCE clocked by clk_pl_0  {rise@0.000ns fall@10.312ns period=20.625ns})
  Destination:            led[3]
                            (output port)
  Path Group:             (none)
  Path Type:              Min at Fast Process Corner
  Data Path Delay:        1.532ns  (logic 0.464ns (30.274%)  route 1.068ns (69.726%))
  Logic Levels:           2  (LUT4=1 OBUF=1)
  Clock Uncertainty:      0.206ns  ((TSJ^2 + DJ^2)^1/2) / 2 + PE
    Total System Jitter     (TSJ):    0.050ns
    Discrete Jitter          (DJ):    0.409ns
    Phase Error              (PE):    0.000ns
  Clock Net Delay (Source):      0.923ns (routing 0.324ns, distribution 0.599ns)

    Location             Delay type                Incr(ns)  Path(ns)    Netlist Resource(s)
  -------------------------------------------------------------------    -------------------
                         (clock clk_pl_0 rise edge)
                                                      0.000     0.000 r  
    PS8_X0Y0             PS8                          0.000     0.000 r  system_i/zynq_ps/inst/PS8_i/PLCLK[0]
                         net (fo=1, routed)           0.094     0.094    system_i/zynq_ps/inst/pl_clk_unbuffered[0]
    BUFG_PS_X0Y58        BUFG_PS (Prop_BUFG_PS_I_O)
                                                      0.017     0.111 r  system_i/zynq_ps/inst/buffer_pl_clk_0.PL_CLK_0_BUFG/O
    X0Y1 (CLOCK_ROOT)    net (fo=7382, routed)        0.923     1.034    system_i/hft_core/inst/u_core/u_ctrl/clk
    SLICE_X29Y76         FDCE                                         r  system_i/hft_core/inst/u_core/u_ctrl/blink_ctr_reg[24]/C
  -------------------------------------------------------------------    -------------------
    SLICE_X29Y76         FDCE (Prop_AFF_SLICEM_C_Q)
                                                      0.038     1.072 r  system_i/hft_core/inst/u_core/u_ctrl/blink_ctr_reg[24]/Q
                         net (fo=2, routed)           0.141     1.213    system_i/hft_core/inst/u_core/u_ctrl/blink_ctr_reg[24]
    SLICE_X27Y79         LUT4 (Prop_C5LUT_SLICEL_I3_O)
                                                      0.057     1.270 r  system_i/hft_core/inst/u_core/u_ctrl/led[3]_INST_0/O
                         net (fo=1, routed)           0.927     2.197    led_OBUF[3]
    AE5                  OBUF (Prop_OUTBUF_HPIOB_M_I_O)
                                                      0.369     2.566 r  led_OBUF[3]_inst/O
                         net (fo=0)                   0.000     2.566    led[3]
    AE5                                                               r  led[3] (OUT)
  -------------------------------------------------------------------    -------------------

Slack:                    inf
  Source:                 system_i/hft_core/inst/u_core/u_risk/risk_halt_reg/C
                            (rising edge-triggered cell FDCE clocked by clk_pl_0  {rise@0.000ns fall@10.312ns period=20.625ns})
  Destination:            rgb1[2]
                            (output port)
  Path Group:             (none)
  Path Type:              Min at Fast Process Corner
  Data Path Delay:        1.623ns  (logic 0.448ns (27.633%)  route 1.174ns (72.367%))
  Logic Levels:           2  (LUT2=1 OBUF=1)
  Clock Uncertainty:      0.206ns  ((TSJ^2 + DJ^2)^1/2) / 2 + PE
    Total System Jitter     (TSJ):    0.050ns
    Discrete Jitter          (DJ):    0.409ns
    Phase Error              (PE):    0.000ns
  Clock Net Delay (Source):      0.895ns (routing 0.324ns, distribution 0.571ns)

    Location             Delay type                Incr(ns)  Path(ns)    Netlist Resource(s)
  -------------------------------------------------------------------    -------------------
                         (clock clk_pl_0 rise edge)
                                                      0.000     0.000 r  
    PS8_X0Y0             PS8                          0.000     0.000 r  system_i/zynq_ps/inst/PS8_i/PLCLK[0]
                         net (fo=1, routed)           0.094     0.094    system_i/zynq_ps/inst/pl_clk_unbuffered[0]
    BUFG_PS_X0Y58        BUFG_PS (Prop_BUFG_PS_I_O)
                                                      0.017     0.111 r  system_i/zynq_ps/inst/buffer_pl_clk_0.PL_CLK_0_BUFG/O
    X0Y1 (CLOCK_ROOT)    net (fo=7382, routed)        0.895     1.006    system_i/hft_core/inst/u_core/u_risk/clk
    SLICE_X20Y112        FDCE                                         r  system_i/hft_core/inst/u_core/u_risk/risk_halt_reg/C
  -------------------------------------------------------------------    -------------------
    SLICE_X20Y112        FDCE (Prop_CFF_SLICEM_C_Q)
                                                      0.038     1.044 r  system_i/hft_core/inst/u_core/u_risk/risk_halt_reg/Q
                         net (fo=10, routed)          0.575     1.620    system_i/hft_core/inst/u_core/u_risk/risk_halt_reg_0
    SLICE_X48Y56         LUT2 (Prop_H6LUT_SLICEM_I0_O)
                                                      0.035     1.655 r  system_i/hft_core/inst/u_core/u_risk/rgb1[2]_INST_0/O
                         net (fo=1, routed)           0.599     2.254    rgb1_OBUF[2]
    AF8                  OBUF (Prop_OUTBUF_HPIOB_M_I_O)
                                                      0.375     2.629 r  rgb1_OBUF[2]_inst/O
                         net (fo=0)                   0.000     2.629    rgb1[2]
    AF8                                                               r  rgb1[2] (OUT)
  -------------------------------------------------------------------    -------------------

Slack:                    inf
  Source:                 system_i/hft_core/inst/u_core/u_link_rx/link_up_reg/C
                            (rising edge-triggered cell FDCE clocked by clk_pl_0  {rise@0.000ns fall@10.312ns period=20.625ns})
  Destination:            led[4]
                            (output port)
  Path Group:             (none)
  Path Type:              Min at Fast Process Corner
  Data Path Delay:        1.766ns  (logic 0.445ns (25.199%)  route 1.321ns (74.801%))
  Logic Levels:           1  (OBUF=1)
  Clock Uncertainty:      0.206ns  ((TSJ^2 + DJ^2)^1/2) / 2 + PE
    Total System Jitter     (TSJ):    0.050ns
    Discrete Jitter          (DJ):    0.409ns
    Phase Error              (PE):    0.000ns
  Clock Net Delay (Source):      0.916ns (routing 0.324ns, distribution 0.592ns)

    Location             Delay type                Incr(ns)  Path(ns)    Netlist Resource(s)
  -------------------------------------------------------------------    -------------------
                         (clock clk_pl_0 rise edge)
                                                      0.000     0.000 r  
    PS8_X0Y0             PS8                          0.000     0.000 r  system_i/zynq_ps/inst/PS8_i/PLCLK[0]
                         net (fo=1, routed)           0.094     0.094    system_i/zynq_ps/inst/pl_clk_unbuffered[0]
    BUFG_PS_X0Y58        BUFG_PS (Prop_BUFG_PS_I_O)
                                                      0.017     0.111 r  system_i/zynq_ps/inst/buffer_pl_clk_0.PL_CLK_0_BUFG/O
    X0Y1 (CLOCK_ROOT)    net (fo=7382, routed)        0.916     1.027    system_i/hft_core/inst/u_core/u_link_rx/clk
    SLICE_X16Y136        FDCE                                         r  system_i/hft_core/inst/u_core/u_link_rx/link_up_reg/C
  -------------------------------------------------------------------    -------------------
    SLICE_X16Y136        FDCE (Prop_DFF_SLICEM_C_Q)
                                                      0.039     1.066 r  system_i/hft_core/inst/u_core/u_link_rx/link_up_reg/Q
                         net (fo=5, routed)           1.321     2.387    led_OBUF[4]
    AH1                  OBUF (Prop_OUTBUF_HPIOB_S_I_O)
                                                      0.406     2.793 r  led_OBUF[4]_inst/O
                         net (fo=0)                   0.000     2.793    led[4]
    AH1                                                               r  led[4] (OUT)
  -------------------------------------------------------------------    -------------------

Slack:                    inf
  Source:                 system_i/hft_core/inst/u_core/FSM_sequential_fsm_state_reg[2]/C
                            (rising edge-triggered cell FDCE clocked by clk_pl_0  {rise@0.000ns fall@10.312ns period=20.625ns})
  Destination:            led[2]
                            (output port)
  Path Group:             (none)
  Path Type:              Min at Fast Process Corner
  Data Path Delay:        1.814ns  (logic 0.464ns (25.591%)  route 1.350ns (74.409%))
  Logic Levels:           2  (LUT3=1 OBUF=1)
  Clock Uncertainty:      0.206ns  ((TSJ^2 + DJ^2)^1/2) / 2 + PE
    Total System Jitter     (TSJ):    0.050ns
    Discrete Jitter          (DJ):    0.409ns
    Phase Error              (PE):    0.000ns
  Clock Net Delay (Source):      0.889ns (routing 0.324ns, distribution 0.565ns)

    Location             Delay type                Incr(ns)  Path(ns)    Netlist Resource(s)
  -------------------------------------------------------------------    -------------------
                         (clock clk_pl_0 rise edge)
                                                      0.000     0.000 r  
    PS8_X0Y0             PS8                          0.000     0.000 r  system_i/zynq_ps/inst/PS8_i/PLCLK[0]
                         net (fo=1, routed)           0.094     0.094    system_i/zynq_ps/inst/pl_clk_unbuffered[0]
    BUFG_PS_X0Y58        BUFG_PS (Prop_BUFG_PS_I_O)
                                                      0.017     0.111 r  system_i/zynq_ps/inst/buffer_pl_clk_0.PL_CLK_0_BUFG/O
    X0Y1 (CLOCK_ROOT)    net (fo=7382, routed)        0.889     1.000    system_i/hft_core/inst/u_core/clk
    SLICE_X16Y80         FDCE                                         r  system_i/hft_core/inst/u_core/FSM_sequential_fsm_state_reg[2]/C
  -------------------------------------------------------------------    -------------------
    SLICE_X16Y80         FDCE (Prop_BFF_SLICEM_C_Q)
                                                      0.038     1.038 r  system_i/hft_core/inst/u_core/FSM_sequential_fsm_state_reg[2]/Q
                         net (fo=26, routed)          0.372     1.410    system_i/hft_core/inst/u_core/u_axi_regs/FSM_sequential_fsm_state_reg[0]_0[2]
    SLICE_X23Y106        LUT3 (Prop_D5LUT_SLICEL_I0_O)
                                                      0.020     1.430 r  system_i/hft_core/inst/u_core/u_axi_regs/led[2]_INST_0/O
                         net (fo=2, routed)           0.978     2.408    led_OBUF[2]
    AH2                  OBUF (Prop_OUTBUF_HPIOB_M_I_O)
                                                      0.406     2.814 r  led_OBUF[2]_inst/O
                         net (fo=0)                   0.000     2.814    led[2]
    AH2                                                               r  led[2] (OUT)
  -------------------------------------------------------------------    -------------------

Slack:                    inf
  Source:                 system_i/hft_core/inst/u_core/u_pos_tracker/cash_reg[46]/C
                            (rising edge-triggered cell FDCE clocked by clk_pl_0  {rise@0.000ns fall@10.312ns period=20.625ns})
  Destination:            rgb0[1]
                            (output port)
  Path Group:             (none)
  Path Type:              Min at Fast Process Corner
  Data Path Delay:        1.824ns  (logic 0.450ns (24.652%)  route 1.374ns (75.348%))
  Logic Levels:           3  (CARRY8=1 LUT2=1 OBUF=1)
  Clock Uncertainty:      0.206ns  ((TSJ^2 + DJ^2)^1/2) / 2 + PE
    Total System Jitter     (TSJ):    0.050ns
    Discrete Jitter          (DJ):    0.409ns
    Phase Error              (PE):    0.000ns
  Clock Net Delay (Source):      0.914ns (routing 0.324ns, distribution 0.590ns)

    Location             Delay type                Incr(ns)  Path(ns)    Netlist Resource(s)
  -------------------------------------------------------------------    -------------------
                         (clock clk_pl_0 rise edge)
                                                      0.000     0.000 r  
    PS8_X0Y0             PS8                          0.000     0.000 r  system_i/zynq_ps/inst/PS8_i/PLCLK[0]
                         net (fo=1, routed)           0.094     0.094    system_i/zynq_ps/inst/pl_clk_unbuffered[0]
    BUFG_PS_X0Y58        BUFG_PS (Prop_BUFG_PS_I_O)
                                                      0.017     0.111 r  system_i/zynq_ps/inst/buffer_pl_clk_0.PL_CLK_0_BUFG/O
    X0Y1 (CLOCK_ROOT)    net (fo=7382, routed)        0.914     1.025    system_i/hft_core/inst/u_core/u_pos_tracker/clk
    SLICE_X19Y138        FDCE                                         r  system_i/hft_core/inst/u_core/u_pos_tracker/cash_reg[46]/C
  -------------------------------------------------------------------    -------------------
    SLICE_X19Y138        FDCE (Prop_GFF_SLICEM_C_Q)
                                                      0.039     1.064 r  system_i/hft_core/inst/u_core/u_pos_tracker/cash_reg[46]/Q
                         net (fo=6, routed)           0.165     1.228    system_i/hft_core/inst/u_core/u_pos_tracker/total_pnl[30]
    SLICE_X19Y125        LUT2 (Prop_H5LUT_SLICEM_I0_O)
                                                      0.021     1.249 r  system_i/hft_core/inst/u_core/u_pos_tracker/rgb0[1]_INST_0_i_2/O
                         net (fo=1, routed)           0.000     1.249    system_i/hft_core/inst/u_core/u_pos_tracker/rgb0[1]_INST_0_i_2_n_0
    SLICE_X19Y125        CARRY8 (Prop_CARRY8_SLICEM_DI[7]_CO[7])
                                                      0.028     1.277 r  system_i/hft_core/inst/u_core/u_pos_tracker/rgb0[1]_INST_0/CO[7]
                         net (fo=2, routed)           1.210     2.487    rgb0_OBUF[1]
    AD9                  OBUF (Prop_OUTBUF_HPIOB_S_I_O)
                                                      0.362     2.849 r  rgb0_OBUF[1]_inst/O
                         net (fo=0)                   0.000     2.849    rgb0[1]
    AD9                                                               r  rgb0[1] (OUT)
  -------------------------------------------------------------------    -------------------

Slack:                    inf
  Source:                 system_i/hft_core/inst/u_core/u_pos_tracker/cash_reg[47]/C
                            (rising edge-triggered cell FDCE clocked by clk_pl_0  {rise@0.000ns fall@10.312ns period=20.625ns})
  Destination:            rgb0[2]
                            (output port)
  Path Group:             (none)
  Path Type:              Min at Fast Process Corner
  Data Path Delay:        1.850ns  (logic 0.463ns (25.024%)  route 1.387ns (74.976%))
  Logic Levels:           2  (LUT2=1 OBUF=1)
  Clock Uncertainty:      0.206ns  ((TSJ^2 + DJ^2)^1/2) / 2 + PE
    Total System Jitter     (TSJ):    0.050ns
    Discrete Jitter          (DJ):    0.409ns
    Phase Error              (PE):    0.000ns
  Clock Net Delay (Source):      0.914ns (routing 0.324ns, distribution 0.590ns)

    Location             Delay type                Incr(ns)  Path(ns)    Netlist Resource(s)
  -------------------------------------------------------------------    -------------------
                         (clock clk_pl_0 rise edge)
                                                      0.000     0.000 r  
    PS8_X0Y0             PS8                          0.000     0.000 r  system_i/zynq_ps/inst/PS8_i/PLCLK[0]
                         net (fo=1, routed)           0.094     0.094    system_i/zynq_ps/inst/pl_clk_unbuffered[0]
    BUFG_PS_X0Y58        BUFG_PS (Prop_BUFG_PS_I_O)
                                                      0.017     0.111 r  system_i/zynq_ps/inst/buffer_pl_clk_0.PL_CLK_0_BUFG/O
    X0Y1 (CLOCK_ROOT)    net (fo=7382, routed)        0.914     1.025    system_i/hft_core/inst/u_core/u_pos_tracker/clk
    SLICE_X19Y138        FDCE                                         r  system_i/hft_core/inst/u_core/u_pos_tracker/cash_reg[47]/C
  -------------------------------------------------------------------    -------------------
    SLICE_X19Y138        FDCE (Prop_HFF_SLICEM_C_Q)
                                                      0.039     1.064 r  system_i/hft_core/inst/u_core/u_pos_tracker/cash_reg[47]/Q
                         net (fo=23, routed)          0.341     1.404    system_i/hft_core/inst/u_core/u_pos_tracker/total_pnl[31]
    SLICE_X28Y111        LUT2 (Prop_H6LUT_SLICEM_I0_O)
                                                      0.061     1.465 r  system_i/hft_core/inst/u_core/u_pos_tracker/rgb0[2]_INST_0/O
                         net (fo=1, routed)           1.046     2.511    rgb0_OBUF[2]
    AE9                  OBUF (Prop_OUTBUF_HPIOB_M_I_O)
                                                      0.363     2.874 r  rgb0_OBUF[2]_inst/O
                         net (fo=0)                   0.000     2.874    rgb0[2]
    AE9                                                               r  rgb0[2] (OUT)
  -------------------------------------------------------------------    -------------------

Slack:                    inf
  Source:                 system_i/hft_core/inst/u_core/FSM_sequential_fsm_state_reg[2]/C
                            (rising edge-triggered cell FDCE clocked by clk_pl_0  {rise@0.000ns fall@10.312ns period=20.625ns})
  Destination:            led[1]
                            (output port)
  Path Group:             (none)
  Path Type:              Min at Fast Process Corner
  Data Path Delay:        1.881ns  (logic 0.420ns (22.325%)  route 1.461ns (77.675%))
  Logic Levels:           2  (LUT2=1 OBUF=1)
  Clock Uncertainty:      0.206ns  ((TSJ^2 + DJ^2)^1/2) / 2 + PE
    Total System Jitter     (TSJ):    0.050ns
    Discrete Jitter          (DJ):    0.409ns
    Phase Error              (PE):    0.000ns
  Clock Net Delay (Source):      0.889ns (routing 0.324ns, distribution 0.565ns)

    Location             Delay type                Incr(ns)  Path(ns)    Netlist Resource(s)
  -------------------------------------------------------------------    -------------------
                         (clock clk_pl_0 rise edge)
                                                      0.000     0.000 r  
    PS8_X0Y0             PS8                          0.000     0.000 r  system_i/zynq_ps/inst/PS8_i/PLCLK[0]
                         net (fo=1, routed)           0.094     0.094    system_i/zynq_ps/inst/pl_clk_unbuffered[0]
    BUFG_PS_X0Y58        BUFG_PS (Prop_BUFG_PS_I_O)
                                                      0.017     0.111 r  system_i/zynq_ps/inst/buffer_pl_clk_0.PL_CLK_0_BUFG/O
    X0Y1 (CLOCK_ROOT)    net (fo=7382, routed)        0.889     1.000    system_i/hft_core/inst/u_core/clk
    SLICE_X16Y80         FDCE                                         r  system_i/hft_core/inst/u_core/FSM_sequential_fsm_state_reg[2]/C
  -------------------------------------------------------------------    -------------------
    SLICE_X16Y80         FDCE (Prop_BFF_SLICEM_C_Q)
                                                      0.038     1.038 f  system_i/hft_core/inst/u_core/FSM_sequential_fsm_state_reg[2]/Q
                         net (fo=26, routed)          0.372     1.410    system_i/hft_core/inst/u_core/u_axi_regs/FSM_sequential_fsm_state_reg[0]_0[2]
    SLICE_X23Y106        LUT2 (Prop_D6LUT_SLICEL_I1_O)
                                                      0.022     1.432 r  system_i/hft_core/inst/u_core/u_axi_regs/led[1]_INST_0/O
                         net (fo=2, routed)           1.089     2.521    led_OBUF[1]
    AE7                  OBUF (Prop_OUTBUF_HPIOB_S_I_O)
                                                      0.360     2.881 r  led_OBUF[1]_inst/O
                         net (fo=0)                   0.000     2.881    led[1]
    AE7                                                               r  led[1] (OUT)
  -------------------------------------------------------------------    -------------------

Slack:                    inf
  Source:                 system_i/hft_core/inst/u_core/u_risk/risk_halt_reg/C
                            (rising edge-triggered cell FDCE clocked by clk_pl_0  {rise@0.000ns fall@10.312ns period=20.625ns})
  Destination:            rgb1[1]
                            (output port)
  Path Group:             (none)
  Path Type:              Min at Fast Process Corner
  Data Path Delay:        1.923ns  (logic 0.440ns (22.861%)  route 1.484ns (77.139%))
  Logic Levels:           2  (LUT1=1 OBUF=1)
  Clock Uncertainty:      0.206ns  ((TSJ^2 + DJ^2)^1/2) / 2 + PE
    Total System Jitter     (TSJ):    0.050ns
    Discrete Jitter          (DJ):    0.409ns
    Phase Error              (PE):    0.000ns
  Clock Net Delay (Source):      0.895ns (routing 0.324ns, distribution 0.571ns)

    Location             Delay type                Incr(ns)  Path(ns)    Netlist Resource(s)
  -------------------------------------------------------------------    -------------------
                         (clock clk_pl_0 rise edge)
                                                      0.000     0.000 r  
    PS8_X0Y0             PS8                          0.000     0.000 r  system_i/zynq_ps/inst/PS8_i/PLCLK[0]
                         net (fo=1, routed)           0.094     0.094    system_i/zynq_ps/inst/pl_clk_unbuffered[0]
    BUFG_PS_X0Y58        BUFG_PS (Prop_BUFG_PS_I_O)
                                                      0.017     0.111 r  system_i/zynq_ps/inst/buffer_pl_clk_0.PL_CLK_0_BUFG/O
    X0Y1 (CLOCK_ROOT)    net (fo=7382, routed)        0.895     1.006    system_i/hft_core/inst/u_core/u_risk/clk
    SLICE_X20Y112        FDCE                                         r  system_i/hft_core/inst/u_core/u_risk/risk_halt_reg/C
  -------------------------------------------------------------------    -------------------
    SLICE_X20Y112        FDCE (Prop_CFF_SLICEM_C_Q)
                                                      0.038     1.044 f  system_i/hft_core/inst/u_core/u_risk/risk_halt_reg/Q
                         net (fo=10, routed)          0.418     1.462    system_i/hft_core/inst/u_core/u_risk/risk_halt_reg_0
    SLICE_X16Y79         LUT1 (Prop_C6LUT_SLICEM_I0_O)
                                                      0.040     1.502 r  system_i/hft_core/inst/u_core/u_risk/rgb1[1]_INST_0/O
                         net (fo=1, routed)           1.066     2.568    rgb1_OBUF[1]
    AE8                  OBUF (Prop_OUTBUF_HPIOB_S_I_O)
                                                      0.362     2.930 r  rgb1_OBUF[1]_inst/O
                         net (fo=0)                   0.000     2.930    rgb1[1]
    AE8                                                               r  rgb1[1] (OUT)
  -------------------------------------------------------------------    -------------------





--------------------------------------------------------------------------------------
Path Group:  (none)
From Clock:  
  To Clock:  clk_pl_0

Max Delay            65 Endpoints
Min Delay            65 Endpoints
--------------------------------------------------------------------------------------


Max Delay Paths
--------------------------------------------------------------------------------------
Slack:                    inf
  Source:                 sw[1]
                            (input port)
  Destination:            system_i/hft_core/inst/u_core/u_axi_regs/s_axi_rdata_reg[0]/D
                            (rising edge-triggered cell FDCE clocked by clk_pl_0  {rise@0.000ns fall@10.312ns period=20.625ns})
  Path Group:             (none)
  Path Type:              Setup (Max at Slow Process Corner)
  Data Path Delay:        4.094ns  (logic 1.092ns (26.676%)  route 3.002ns (73.324%))
  Logic Levels:           9  (IBUFCTRL=1 INBUF=1 LUT5=2 LUT6=2 MUXF7=2 MUXF8=1)
  Clock Path Skew:        1.626ns (DCD - SCD + CPR)
    Destination Clock Delay (DCD):    1.626ns
    Source Clock Delay      (SCD):    0.000ns
    Clock Pessimism Removal (CPR):    0.000ns
  Clock Uncertainty:      0.206ns  ((TSJ^2 + DJ^2)^1/2) / 2 + PE
    Total System Jitter     (TSJ):    0.050ns
    Discrete Jitter          (DJ):    0.409ns
    Phase Error              (PE):    0.000ns
  Clock Net Delay (Destination): 1.466ns (routing 0.533ns, distribution 0.933ns)

    Location             Delay type                Incr(ns)  Path(ns)    Netlist Resource(s)
  -------------------------------------------------------------------    -------------------
    AF1                                               0.000     0.000 r  sw[1] (IN)
                         net (fo=0)                   0.000     0.000    sw_IBUF[1]_inst/I
    AF1                  INBUF (Prop_INBUF_HPIOB_M_PAD_O)
                                                      0.532     0.532 r  sw_IBUF[1]_inst/INBUF_INST/O
                         net (fo=1, routed)           0.000     0.532    sw_IBUF[1]_inst/OUT
    AF1                  IBUFCTRL (Prop_IBUFCTRL_HPIOB_M_I_O)
                                                      0.000     0.532 r  sw_IBUF[1]_inst/IBUFCTRL_INST/O
                         net (fo=1, routed)           1.983     2.515    system_i/hft_core/inst/u_core/u_axi_regs/sw[1]
    SLICE_X17Y113        LUT5 (Prop_H6LUT_SLICEL_I2_O)
                                                      0.090     2.605 r  system_i/hft_core/inst/u_core/u_axi_regs/s_axi_rdata[0]_i_73/O
                         net (fo=1, routed)           0.209     2.814    system_i/hft_core/inst/u_core/u_axi_regs/s_axi_rdata[0]_i_73_n_0
    SLICE_X17Y118        LUT5 (Prop_B6LUT_SLICEL_I4_O)
                                                      0.098     2.912 r  system_i/hft_core/inst/u_core/u_axi_regs/s_axi_rdata[0]_i_55/O
                         net (fo=1, routed)           0.009     2.921    system_i/hft_core/inst/u_core/u_axi_regs/s_axi_rdata[0]_i_55_n_0
    SLICE_X17Y118        MUXF7 (Prop_F7MUX_AB_SLICEL_I0_O)
                                                      0.056     2.977 r  system_i/hft_core/inst/u_core/u_axi_regs/s_axi_rdata_reg[0]_i_36/O
                         net (fo=1, routed)           0.000     2.977    system_i/hft_core/inst/u_core/u_axi_regs/s_axi_rdata_reg[0]_i_36_n_0
    SLICE_X17Y118        MUXF8 (Prop_F8MUX_BOT_SLICEL_I1_O)
                                                      0.026     3.003 r  system_i/hft_core/inst/u_core/u_axi_regs/s_axi_rdata_reg[0]_i_17/O
                         net (fo=1, routed)           0.426     3.429    system_i/hft_core/inst/u_core/u_axi_regs/s_axi_rdata_reg[0]_i_17_n_0
    SLICE_X16Y133        LUT6 (Prop_D6LUT_SLICEM_I0_O)
                                                      0.122     3.551 r  system_i/hft_core/inst/u_core/u_axi_regs/s_axi_rdata[0]_i_8/O
                         net (fo=1, routed)           0.025     3.576    system_i/hft_core/inst/u_core/u_axi_regs/s_axi_rdata[0]_i_8_n_0
    SLICE_X16Y133        MUXF7 (Prop_F7MUX_CD_SLICEM_I0_O)
                                                      0.069     3.645 r  system_i/hft_core/inst/u_core/u_axi_regs/s_axi_rdata_reg[0]_i_3/O
                         net (fo=1, routed)           0.301     3.946    system_i/hft_core/inst/u_core/u_pos_tracker/s_axi_rdata_reg[0]_1
    SLICE_X15Y127        LUT6 (Prop_D6LUT_SLICEL_I2_O)
                                                      0.099     4.045 r  system_i/hft_core/inst/u_core/u_pos_tracker/s_axi_rdata[0]_i_1/O
                         net (fo=1, routed)           0.049     4.094    system_i/hft_core/inst/u_core/u_axi_regs/D[0]
    SLICE_X15Y127        FDCE                                         r  system_i/hft_core/inst/u_core/u_axi_regs/s_axi_rdata_reg[0]/D
  -------------------------------------------------------------------    -------------------

                         (clock clk_pl_0 rise edge)
                                                      0.000     0.000 r  
    PS8_X0Y0             PS8                          0.000     0.000 r  system_i/zynq_ps/inst/PS8_i/PLCLK[0]
                         net (fo=1, routed)           0.135     0.135    system_i/zynq_ps/inst/pl_clk_unbuffered[0]
    BUFG_PS_X0Y58        BUFG_PS (Prop_BUFG_PS_I_O)
                                                      0.025     0.160 r  system_i/zynq_ps/inst/buffer_pl_clk_0.PL_CLK_0_BUFG/O
    X0Y1 (CLOCK_ROOT)    net (fo=7382, routed)        1.466     1.626    system_i/hft_core/inst/u_core/u_axi_regs/clk
    SLICE_X15Y127        FDCE                                         r  system_i/hft_core/inst/u_core/u_axi_regs/s_axi_rdata_reg[0]/C

Slack:                    inf
  Source:                 sw[3]
                            (input port)
  Destination:            system_i/hft_core/inst/u_core/u_axi_regs/s_axi_rdata_reg[1]/D
                            (rising edge-triggered cell FDCE clocked by clk_pl_0  {rise@0.000ns fall@10.312ns period=20.625ns})
  Path Group:             (none)
  Path Type:              Setup (Max at Slow Process Corner)
  Data Path Delay:        3.982ns  (logic 0.919ns (23.088%)  route 3.062ns (76.912%))
  Logic Levels:           9  (IBUFCTRL=1 INBUF=1 LUT5=2 LUT6=2 MUXF7=2 MUXF8=1)
  Clock Path Skew:        1.602ns (DCD - SCD + CPR)
    Destination Clock Delay (DCD):    1.602ns
    Source Clock Delay      (SCD):    0.000ns
    Clock Pessimism Removal (CPR):    0.000ns
  Clock Uncertainty:      0.206ns  ((TSJ^2 + DJ^2)^1/2) / 2 + PE
    Total System Jitter     (TSJ):    0.050ns
    Discrete Jitter          (DJ):    0.409ns
    Phase Error              (PE):    0.000ns
  Clock Net Delay (Destination): 1.442ns (routing 0.533ns, distribution 0.909ns)

    Location             Delay type                Incr(ns)  Path(ns)    Netlist Resource(s)
  -------------------------------------------------------------------    -------------------
    AC2                                               0.000     0.000 r  sw[3] (IN)
                         net (fo=0)                   0.000     0.000    sw_IBUF[3]_inst/I
    AC2                  INBUF (Prop_INBUF_HPIOB_S_PAD_O)
                                                      0.501     0.501 r  sw_IBUF[3]_inst/INBUF_INST/O
                         net (fo=1, routed)           0.000     0.501    sw_IBUF[3]_inst/OUT
    AC2                  IBUFCTRL (Prop_IBUFCTRL_HPIOB_S_I_O)
                                                      0.000     0.501 r  sw_IBUF[3]_inst/IBUFCTRL_INST/O
                         net (fo=2, routed)           2.045     2.547    system_i/hft_core/inst/u_core/u_axi_regs/sw[3]
    SLICE_X19Y113        LUT5 (Prop_D6LUT_SLICEM_I3_O)
                                                      0.051     2.598 r  system_i/hft_core/inst/u_core/u_axi_regs/s_axi_rdata[1]_i_73/O
                         net (fo=1, routed)           0.038     2.636    system_i/hft_core/inst/u_core/u_axi_regs/s_axi_rdata[1]_i_73_n_0
    SLICE_X19Y113        LUT5 (Prop_F6LUT_SLICEM_I4_O)
                                                      0.037     2.673 r  system_i/hft_core/inst/u_core/u_axi_regs/s_axi_rdata[1]_i_55/O
                         net (fo=1, routed)           0.023     2.696    system_i/hft_core/inst/u_core/u_axi_regs/s_axi_rdata[1]_i_55_n_0
    SLICE_X19Y113        MUXF7 (Prop_F7MUX_EF_SLICEM_I0_O)
                                                      0.061     2.757 r  system_i/hft_core/inst/u_core/u_axi_regs/s_axi_rdata_reg[1]_i_36/O
                         net (fo=1, routed)           0.000     2.757    system_i/hft_core/inst/u_core/u_axi_regs/s_axi_rdata_reg[1]_i_36_n_0
    SLICE_X19Y113        MUXF8 (Prop_F8MUX_TOP_SLICEM_I1_O)
                                                      0.028     2.785 r  system_i/hft_core/inst/u_core/u_axi_regs/s_axi_rdata_reg[1]_i_17/O
                         net (fo=1, routed)           0.430     3.215    system_i/hft_core/inst/u_core/u_axi_regs/s_axi_rdata_reg[1]_i_17_n_0
    SLICE_X18Y139        LUT6 (Prop_D6LUT_SLICEL_I0_O)
                                                      0.089     3.304 r  system_i/hft_core/inst/u_core/u_axi_regs/s_axi_rdata[1]_i_8/O
                         net (fo=1, routed)           0.009     3.313    system_i/hft_core/inst/u_core/u_axi_regs/s_axi_rdata[1]_i_8_n_0
    SLICE_X18Y139        MUXF7 (Prop_F7MUX_CD_SLICEL_I0_O)
                                                      0.063     3.376 r  system_i/hft_core/inst/u_core/u_axi_regs/s_axi_rdata_reg[1]_i_3/O
                         net (fo=1, routed)           0.468     3.844    system_i/hft_core/inst/u_core/u_pos_tracker/s_axi_rdata_reg[1]_0
    SLICE_X13Y128        LUT6 (Prop_D6LUT_SLICEL_I2_O)
                                                      0.089     3.933 r  system_i/hft_core/inst/u_core/u_pos_tracker/s_axi_rdata[1]_i_1/O
                         net (fo=1, routed)           0.049     3.982    system_i/hft_core/inst/u_core/u_axi_regs/D[1]
    SLICE_X13Y128        FDCE                                         r  system_i/hft_core/inst/u_core/u_axi_regs/s_axi_rdata_reg[1]/D
  -------------------------------------------------------------------    -------------------

                         (clock clk_pl_0 rise edge)
                                                      0.000     0.000 r  
    PS8_X0Y0             PS8                          0.000     0.000 r  system_i/zynq_ps/inst/PS8_i/PLCLK[0]
                         net (fo=1, routed)           0.135     0.135    system_i/zynq_ps/inst/pl_clk_unbuffered[0]
    BUFG_PS_X0Y58        BUFG_PS (Prop_BUFG_PS_I_O)
                                                      0.025     0.160 r  system_i/zynq_ps/inst/buffer_pl_clk_0.PL_CLK_0_BUFG/O
    X0Y1 (CLOCK_ROOT)    net (fo=7382, routed)        1.442     1.602    system_i/hft_core/inst/u_core/u_axi_regs/clk
    SLICE_X13Y128        FDCE                                         r  system_i/hft_core/inst/u_core/u_axi_regs/s_axi_rdata_reg[1]/C

Slack:                    inf
  Source:                 sw[0]
                            (input port)
  Destination:            system_i/hft_core/inst/u_core/FSM_sequential_fsm_state_reg[0]/CE
                            (rising edge-triggered cell FDCE clocked by clk_pl_0  {rise@0.000ns fall@10.312ns period=20.625ns})
  Path Group:             (none)
  Path Type:              Setup (Max at Slow Process Corner)
  Data Path Delay:        2.921ns  (logic 0.793ns (27.135%)  route 2.128ns (72.865%))
  Logic Levels:           4  (IBUFCTRL=1 INBUF=1 LUT5=2)
  Clock Path Skew:        1.584ns (DCD - SCD + CPR)
    Destination Clock Delay (DCD):    1.584ns
    Source Clock Delay      (SCD):    0.000ns
    Clock Pessimism Removal (CPR):    0.000ns
  Clock Uncertainty:      0.206ns  ((TSJ^2 + DJ^2)^1/2) / 2 + PE
    Total System Jitter     (TSJ):    0.050ns
    Discrete Jitter          (DJ):    0.409ns
    Phase Error              (PE):    0.000ns
  Clock Net Delay (Destination): 1.424ns (routing 0.533ns, distribution 0.891ns)

    Location             Delay type                Incr(ns)  Path(ns)    Netlist Resource(s)
  -------------------------------------------------------------------    -------------------
    AB1                                               0.000     0.000 f  sw[0] (IN)
                         net (fo=0)                   0.000     0.000    sw_IBUF[0]_inst/I
    AB1                  INBUF (Prop_INBUF_HPIOB_M_PAD_O)
                                                      0.506     0.506 f  sw_IBUF[0]_inst/INBUF_INST/O
                         net (fo=1, routed)           0.000     0.506    sw_IBUF[0]_inst/OUT
    AB1                  IBUFCTRL (Prop_IBUFCTRL_HPIOB_M_I_O)
                                                      0.000     0.506 f  sw_IBUF[0]_inst/IBUFCTRL_INST/O
                         net (fo=2, routed)           1.751     2.257    system_i/hft_core/inst/u_core/u_risk/sw[0]
    SLICE_X16Y79         LUT5 (Prop_C5LUT_SLICEM_I4_O)
                                                      0.137     2.394 r  system_i/hft_core/inst/u_core/u_risk/FSM_sequential_fsm_state[2]_i_4/O
                         net (fo=1, routed)           0.148     2.542    system_i/hft_core/inst/u_core/u_axi_regs/FSM_sequential_fsm_state_reg[0]
    SLICE_X16Y79         LUT5 (Prop_G6LUT_SLICEM_I1_O)
                                                      0.150     2.692 r  system_i/hft_core/inst/u_core/u_axi_regs/FSM_sequential_fsm_state[2]_i_1/O
                         net (fo=3, routed)           0.229     2.921    system_i/hft_core/inst/u_core/u_axi_regs_n_198
    SLICE_X16Y80         FDCE                                         r  system_i/hft_core/inst/u_core/FSM_sequential_fsm_state_reg[0]/CE
  -------------------------------------------------------------------    -------------------

                         (clock clk_pl_0 rise edge)
                                                      0.000     0.000 r  
    PS8_X0Y0             PS8                          0.000     0.000 r  system_i/zynq_ps/inst/PS8_i/PLCLK[0]
                         net (fo=1, routed)           0.135     0.135    system_i/zynq_ps/inst/pl_clk_unbuffered[0]
    BUFG_PS_X0Y58        BUFG_PS (Prop_BUFG_PS_I_O)
                                                      0.025     0.160 r  system_i/zynq_ps/inst/buffer_pl_clk_0.PL_CLK_0_BUFG/O
    X0Y1 (CLOCK_ROOT)    net (fo=7382, routed)        1.424     1.584    system_i/hft_core/inst/u_core/clk
    SLICE_X16Y80         FDCE                                         r  system_i/hft_core/inst/u_core/FSM_sequential_fsm_state_reg[0]/C

Slack:                    inf
  Source:                 sw[0]
                            (input port)
  Destination:            system_i/hft_core/inst/u_core/FSM_sequential_fsm_state_reg[1]/CE
                            (rising edge-triggered cell FDCE clocked by clk_pl_0  {rise@0.000ns fall@10.312ns period=20.625ns})
  Path Group:             (none)
  Path Type:              Setup (Max at Slow Process Corner)
  Data Path Delay:        2.921ns  (logic 0.793ns (27.135%)  route 2.128ns (72.865%))
  Logic Levels:           4  (IBUFCTRL=1 INBUF=1 LUT5=2)
  Clock Path Skew:        1.584ns (DCD - SCD + CPR)
    Destination Clock Delay (DCD):    1.584ns
    Source Clock Delay      (SCD):    0.000ns
    Clock Pessimism Removal (CPR):    0.000ns
  Clock Uncertainty:      0.206ns  ((TSJ^2 + DJ^2)^1/2) / 2 + PE
    Total System Jitter     (TSJ):    0.050ns
    Discrete Jitter          (DJ):    0.409ns
    Phase Error              (PE):    0.000ns
  Clock Net Delay (Destination): 1.424ns (routing 0.533ns, distribution 0.891ns)

    Location             Delay type                Incr(ns)  Path(ns)    Netlist Resource(s)
  -------------------------------------------------------------------    -------------------
    AB1                                               0.000     0.000 f  sw[0] (IN)
                         net (fo=0)                   0.000     0.000    sw_IBUF[0]_inst/I
    AB1                  INBUF (Prop_INBUF_HPIOB_M_PAD_O)
                                                      0.506     0.506 f  sw_IBUF[0]_inst/INBUF_INST/O
                         net (fo=1, routed)           0.000     0.506    sw_IBUF[0]_inst/OUT
    AB1                  IBUFCTRL (Prop_IBUFCTRL_HPIOB_M_I_O)
                                                      0.000     0.506 f  sw_IBUF[0]_inst/IBUFCTRL_INST/O
                         net (fo=2, routed)           1.751     2.257    system_i/hft_core/inst/u_core/u_risk/sw[0]
    SLICE_X16Y79         LUT5 (Prop_C5LUT_SLICEM_I4_O)
                                                      0.137     2.394 r  system_i/hft_core/inst/u_core/u_risk/FSM_sequential_fsm_state[2]_i_4/O
                         net (fo=1, routed)           0.148     2.542    system_i/hft_core/inst/u_core/u_axi_regs/FSM_sequential_fsm_state_reg[0]
    SLICE_X16Y79         LUT5 (Prop_G6LUT_SLICEM_I1_O)
                                                      0.150     2.692 r  system_i/hft_core/inst/u_core/u_axi_regs/FSM_sequential_fsm_state[2]_i_1/O
                         net (fo=3, routed)           0.229     2.921    system_i/hft_core/inst/u_core/u_axi_regs_n_198
    SLICE_X16Y80         FDCE                                         r  system_i/hft_core/inst/u_core/FSM_sequential_fsm_state_reg[1]/CE
  -------------------------------------------------------------------    -------------------

                         (clock clk_pl_0 rise edge)
                                                      0.000     0.000 r  
    PS8_X0Y0             PS8                          0.000     0.000 r  system_i/zynq_ps/inst/PS8_i/PLCLK[0]
                         net (fo=1, routed)           0.135     0.135    system_i/zynq_ps/inst/pl_clk_unbuffered[0]
    BUFG_PS_X0Y58        BUFG_PS (Prop_BUFG_PS_I_O)
                                                      0.025     0.160 r  system_i/zynq_ps/inst/buffer_pl_clk_0.PL_CLK_0_BUFG/O
    X0Y1 (CLOCK_ROOT)    net (fo=7382, routed)        1.424     1.584    system_i/hft_core/inst/u_core/clk
    SLICE_X16Y80         FDCE                                         r  system_i/hft_core/inst/u_core/FSM_sequential_fsm_state_reg[1]/C

Slack:                    inf
  Source:                 sw[0]
                            (input port)
  Destination:            system_i/hft_core/inst/u_core/FSM_sequential_fsm_state_reg[2]/CE
                            (rising edge-triggered cell FDCE clocked by clk_pl_0  {rise@0.000ns fall@10.312ns period=20.625ns})
  Path Group:             (none)
  Path Type:              Setup (Max at Slow Process Corner)
  Data Path Delay:        2.921ns  (logic 0.793ns (27.135%)  route 2.128ns (72.865%))
  Logic Levels:           4  (IBUFCTRL=1 INBUF=1 LUT5=2)
  Clock Path Skew:        1.584ns (DCD - SCD + CPR)
    Destination Clock Delay (DCD):    1.584ns
    Source Clock Delay      (SCD):    0.000ns
    Clock Pessimism Removal (CPR):    0.000ns
  Clock Uncertainty:      0.206ns  ((TSJ^2 + DJ^2)^1/2) / 2 + PE
    Total System Jitter     (TSJ):    0.050ns
    Discrete Jitter          (DJ):    0.409ns
    Phase Error              (PE):    0.000ns
  Clock Net Delay (Destination): 1.424ns (routing 0.533ns, distribution 0.891ns)

    Location             Delay type                Incr(ns)  Path(ns)    Netlist Resource(s)
  -------------------------------------------------------------------    -------------------
    AB1                                               0.000     0.000 f  sw[0] (IN)
                         net (fo=0)                   0.000     0.000    sw_IBUF[0]_inst/I
    AB1                  INBUF (Prop_INBUF_HPIOB_M_PAD_O)
                                                      0.506     0.506 f  sw_IBUF[0]_inst/INBUF_INST/O
                         net (fo=1, routed)           0.000     0.506    sw_IBUF[0]_inst/OUT
    AB1                  IBUFCTRL (Prop_IBUFCTRL_HPIOB_M_I_O)
                                                      0.000     0.506 f  sw_IBUF[0]_inst/IBUFCTRL_INST/O
                         net (fo=2, routed)           1.751     2.257    system_i/hft_core/inst/u_core/u_risk/sw[0]
    SLICE_X16Y79         LUT5 (Prop_C5LUT_SLICEM_I4_O)
                                                      0.137     2.394 r  system_i/hft_core/inst/u_core/u_risk/FSM_sequential_fsm_state[2]_i_4/O
                         net (fo=1, routed)           0.148     2.542    system_i/hft_core/inst/u_core/u_axi_regs/FSM_sequential_fsm_state_reg[0]
    SLICE_X16Y79         LUT5 (Prop_G6LUT_SLICEM_I1_O)
                                                      0.150     2.692 r  system_i/hft_core/inst/u_core/u_axi_regs/FSM_sequential_fsm_state[2]_i_1/O
                         net (fo=3, routed)           0.229     2.921    system_i/hft_core/inst/u_core/u_axi_regs_n_198
    SLICE_X16Y80         FDCE                                         r  system_i/hft_core/inst/u_core/FSM_sequential_fsm_state_reg[2]/CE
  -------------------------------------------------------------------    -------------------

                         (clock clk_pl_0 rise edge)
                                                      0.000     0.000 r  
    PS8_X0Y0             PS8                          0.000     0.000 r  system_i/zynq_ps/inst/PS8_i/PLCLK[0]
                         net (fo=1, routed)           0.135     0.135    system_i/zynq_ps/inst/pl_clk_unbuffered[0]
    BUFG_PS_X0Y58        BUFG_PS (Prop_BUFG_PS_I_O)
                                                      0.025     0.160 r  system_i/zynq_ps/inst/buffer_pl_clk_0.PL_CLK_0_BUFG/O
    X0Y1 (CLOCK_ROOT)    net (fo=7382, routed)        1.424     1.584    system_i/hft_core/inst/u_core/clk
    SLICE_X16Y80         FDCE                                         r  system_i/hft_core/inst/u_core/FSM_sequential_fsm_state_reg[2]/C

Slack:                    inf
  Source:                 btn[1]
                            (input port)
  Destination:            system_i/hft_core/inst/u_core/u_ctrl/u_db1/btn_out_reg/D
                            (rising edge-triggered cell FDCE clocked by clk_pl_0  {rise@0.000ns fall@10.312ns period=20.625ns})
  Path Group:             (none)
  Path Type:              Setup (Max at Slow Process Corner)
  Data Path Delay:        2.874ns  (logic 0.643ns (22.388%)  route 2.230ns (77.612%))
  Logic Levels:           3  (IBUFCTRL=1 INBUF=1 LUT3=1)
  Clock Path Skew:        1.563ns (DCD - SCD + CPR)
    Destination Clock Delay (DCD):    1.563ns
    Source Clock Delay      (SCD):    0.000ns
    Clock Pessimism Removal (CPR):    0.000ns
  Clock Uncertainty:      0.206ns  ((TSJ^2 + DJ^2)^1/2) / 2 + PE
    Total System Jitter     (TSJ):    0.050ns
    Discrete Jitter          (DJ):    0.409ns
    Phase Error              (PE):    0.000ns
  Clock Net Delay (Destination): 1.403ns (routing 0.533ns, distribution 0.870ns)

    Location             Delay type                Incr(ns)  Path(ns)    Netlist Resource(s)
  -------------------------------------------------------------------    -------------------
    AB7                                               0.000     0.000 r  btn[1] (IN)
                         net (fo=0)                   0.000     0.000    btn_IBUF[1]_inst/I
    AB7                  INBUF (Prop_INBUF_HPIOB_M_PAD_O)
                                                      0.497     0.497 r  btn_IBUF[1]_inst/INBUF_INST/O
                         net (fo=1, routed)           0.000     0.497    btn_IBUF[1]_inst/OUT
    AB7                  IBUFCTRL (Prop_IBUFCTRL_HPIOB_M_I_O)
                                                      0.000     0.497 r  btn_IBUF[1]_inst/IBUFCTRL_INST/O
                         net (fo=18, routed)          2.181     2.679    system_i/hft_core/inst/u_core/u_ctrl/u_db1/btn[0]
    SLICE_X15Y85         LUT3 (Prop_D6LUT_SLICEL_I0_O)
                                                      0.146     2.825 r  system_i/hft_core/inst/u_core/u_ctrl/u_db1/btn_out_i_1/O
                         net (fo=1, routed)           0.049     2.874    system_i/hft_core/inst/u_core/u_ctrl/u_db1/btn_out_i_1_n_0
    SLICE_X15Y85         FDCE                                         r  system_i/hft_core/inst/u_core/u_ctrl/u_db1/btn_out_reg/D
  -------------------------------------------------------------------    -------------------

                         (clock clk_pl_0 rise edge)
                                                      0.000     0.000 r  
    PS8_X0Y0             PS8                          0.000     0.000 r  system_i/zynq_ps/inst/PS8_i/PLCLK[0]
                         net (fo=1, routed)           0.135     0.135    system_i/zynq_ps/inst/pl_clk_unbuffered[0]
    BUFG_PS_X0Y58        BUFG_PS (Prop_BUFG_PS_I_O)
                                                      0.025     0.160 r  system_i/zynq_ps/inst/buffer_pl_clk_0.PL_CLK_0_BUFG/O
    X0Y1 (CLOCK_ROOT)    net (fo=7382, routed)        1.403     1.563    system_i/hft_core/inst/u_core/u_ctrl/u_db1/clk
    SLICE_X15Y85         FDCE                                         r  system_i/hft_core/inst/u_core/u_ctrl/u_db1/btn_out_reg/C

Slack:                    inf
  Source:                 btn[1]
                            (input port)
  Destination:            system_i/hft_core/inst/u_core/u_ctrl/u_db1/counter_reg[11]/D
                            (rising edge-triggered cell FDCE clocked by clk_pl_0  {rise@0.000ns fall@10.312ns period=20.625ns})
  Path Group:             (none)
  Path Type:              Setup (Max at Slow Process Corner)
  Data Path Delay:        2.872ns  (logic 0.643ns (22.404%)  route 2.228ns (77.596%))
  Logic Levels:           3  (IBUFCTRL=1 INBUF=1 LUT4=1)
  Clock Path Skew:        1.564ns (DCD - SCD + CPR)
    Destination Clock Delay (DCD):    1.564ns
    Source Clock Delay      (SCD):    0.000ns
    Clock Pessimism Removal (CPR):    0.000ns
  Clock Uncertainty:      0.206ns  ((TSJ^2 + DJ^2)^1/2) / 2 + PE
    Total System Jitter     (TSJ):    0.050ns
    Discrete Jitter          (DJ):    0.409ns
    Phase Error              (PE):    0.000ns
  Clock Net Delay (Destination): 1.404ns (routing 0.533ns, distribution 0.871ns)

    Location             Delay type                Incr(ns)  Path(ns)    Netlist Resource(s)
  -------------------------------------------------------------------    -------------------
    AB7                                               0.000     0.000 r  btn[1] (IN)
                         net (fo=0)                   0.000     0.000    btn_IBUF[1]_inst/I
    AB7                  INBUF (Prop_INBUF_HPIOB_M_PAD_O)
                                                      0.497     0.497 r  btn_IBUF[1]_inst/INBUF_INST/O
                         net (fo=1, routed)           0.000     0.497    btn_IBUF[1]_inst/OUT
    AB7                  IBUFCTRL (Prop_IBUFCTRL_HPIOB_M_I_O)
                                                      0.000     0.497 r  btn_IBUF[1]_inst/IBUFCTRL_INST/O
                         net (fo=18, routed)          2.178     2.676    system_i/hft_core/inst/u_core/u_ctrl/u_db1/btn[0]
    SLICE_X17Y86         LUT4 (Prop_C6LUT_SLICEL_I2_O)
                                                      0.146     2.822 r  system_i/hft_core/inst/u_core/u_ctrl/u_db1/counter[11]_i_1__0/O
                         net (fo=1, routed)           0.050     2.872    system_i/hft_core/inst/u_core/u_ctrl/u_db1/counter[11]_i_1__0_n_0
    SLICE_X17Y86         FDCE                                         r  system_i/hft_core/inst/u_core/u_ctrl/u_db1/counter_reg[11]/D
  -------------------------------------------------------------------    -------------------

                         (clock clk_pl_0 rise edge)
                                                      0.000     0.000 r  
    PS8_X0Y0             PS8                          0.000     0.000 r  system_i/zynq_ps/inst/PS8_i/PLCLK[0]
                         net (fo=1, routed)           0.135     0.135    system_i/zynq_ps/inst/pl_clk_unbuffered[0]
    BUFG_PS_X0Y58        BUFG_PS (Prop_BUFG_PS_I_O)
                                                      0.025     0.160 r  system_i/zynq_ps/inst/buffer_pl_clk_0.PL_CLK_0_BUFG/O
    X0Y1 (CLOCK_ROOT)    net (fo=7382, routed)        1.404     1.564    system_i/hft_core/inst/u_core/u_ctrl/u_db1/clk
    SLICE_X17Y86         FDCE                                         r  system_i/hft_core/inst/u_core/u_ctrl/u_db1/counter_reg[11]/C

Slack:                    inf
  Source:                 btn[1]
                            (input port)
  Destination:            system_i/hft_core/inst/u_core/u_ctrl/u_db1/counter_reg[10]/D
                            (rising edge-triggered cell FDCE clocked by clk_pl_0  {rise@0.000ns fall@10.312ns period=20.625ns})
  Path Group:             (none)
  Path Type:              Setup (Max at Slow Process Corner)
  Data Path Delay:        2.860ns  (logic 0.643ns (22.497%)  route 2.217ns (77.503%))
  Logic Levels:           3  (IBUFCTRL=1 INBUF=1 LUT4=1)
  Clock Path Skew:        1.564ns (DCD - SCD + CPR)
    Destination Clock Delay (DCD):    1.564ns
    Source Clock Delay      (SCD):    0.000ns
    Clock Pessimism Removal (CPR):    0.000ns
  Clock Uncertainty:      0.206ns  ((TSJ^2 + DJ^2)^1/2) / 2 + PE
    Total System Jitter     (TSJ):    0.050ns
    Discrete Jitter          (DJ):    0.409ns
    Phase Error              (PE):    0.000ns
  Clock Net Delay (Destination): 1.404ns (routing 0.533ns, distribution 0.871ns)

    Location             Delay type                Incr(ns)  Path(ns)    Netlist Resource(s)
  -------------------------------------------------------------------    -------------------
    AB7                                               0.000     0.000 r  btn[1] (IN)
                         net (fo=0)                   0.000     0.000    btn_IBUF[1]_inst/I
    AB7                  INBUF (Prop_INBUF_HPIOB_M_PAD_O)
                                                      0.497     0.497 r  btn_IBUF[1]_inst/INBUF_INST/O
                         net (fo=1, routed)           0.000     0.497    btn_IBUF[1]_inst/OUT
    AB7                  IBUFCTRL (Prop_IBUFCTRL_HPIOB_M_I_O)
                                                      0.000     0.497 r  btn_IBUF[1]_inst/IBUFCTRL_INST/O
                         net (fo=18, routed)          2.168     2.665    system_i/hft_core/inst/u_core/u_ctrl/u_db1/btn[0]
    SLICE_X17Y86         LUT4 (Prop_D6LUT_SLICEL_I2_O)
                                                      0.146     2.811 r  system_i/hft_core/inst/u_core/u_ctrl/u_db1/counter[10]_i_1__0/O
                         net (fo=1, routed)           0.049     2.860    system_i/hft_core/inst/u_core/u_ctrl/u_db1/counter[10]_i_1__0_n_0
    SLICE_X17Y86         FDCE                                         r  system_i/hft_core/inst/u_core/u_ctrl/u_db1/counter_reg[10]/D
  -------------------------------------------------------------------    -------------------

                         (clock clk_pl_0 rise edge)
                                                      0.000     0.000 r  
    PS8_X0Y0             PS8                          0.000     0.000 r  system_i/zynq_ps/inst/PS8_i/PLCLK[0]
                         net (fo=1, routed)           0.135     0.135    system_i/zynq_ps/inst/pl_clk_unbuffered[0]
    BUFG_PS_X0Y58        BUFG_PS (Prop_BUFG_PS_I_O)
                                                      0.025     0.160 r  system_i/zynq_ps/inst/buffer_pl_clk_0.PL_CLK_0_BUFG/O
    X0Y1 (CLOCK_ROOT)    net (fo=7382, routed)        1.404     1.564    system_i/hft_core/inst/u_core/u_ctrl/u_db1/clk
    SLICE_X17Y86         FDCE                                         r  system_i/hft_core/inst/u_core/u_ctrl/u_db1/counter_reg[10]/C

Slack:                    inf
  Source:                 btn[1]
                            (input port)
  Destination:            system_i/hft_core/inst/u_core/u_ctrl/u_db1/counter_reg[7]/D
                            (rising edge-triggered cell FDCE clocked by clk_pl_0  {rise@0.000ns fall@10.312ns period=20.625ns})
  Path Group:             (none)
  Path Type:              Setup (Max at Slow Process Corner)
  Data Path Delay:        2.860ns  (logic 0.595ns (20.820%)  route 2.264ns (79.180%))
  Logic Levels:           3  (IBUFCTRL=1 INBUF=1 LUT4=1)
  Clock Path Skew:        1.563ns (DCD - SCD + CPR)
    Destination Clock Delay (DCD):    1.563ns
    Source Clock Delay      (SCD):    0.000ns
    Clock Pessimism Removal (CPR):    0.000ns
  Clock Uncertainty:      0.206ns  ((TSJ^2 + DJ^2)^1/2) / 2 + PE
    Total System Jitter     (TSJ):    0.050ns
    Discrete Jitter          (DJ):    0.409ns
    Phase Error              (PE):    0.000ns
  Clock Net Delay (Destination): 1.403ns (routing 0.533ns, distribution 0.870ns)

    Location             Delay type                Incr(ns)  Path(ns)    Netlist Resource(s)
  -------------------------------------------------------------------    -------------------
    AB7                                               0.000     0.000 r  btn[1] (IN)
                         net (fo=0)                   0.000     0.000    btn_IBUF[1]_inst/I
    AB7                  INBUF (Prop_INBUF_HPIOB_M_PAD_O)
                                                      0.497     0.497 r  btn_IBUF[1]_inst/INBUF_INST/O
                         net (fo=1, routed)           0.000     0.497    btn_IBUF[1]_inst/OUT
    AB7                  IBUFCTRL (Prop_IBUFCTRL_HPIOB_M_I_O)
                                                      0.000     0.497 r  btn_IBUF[1]_inst/IBUFCTRL_INST/O
                         net (fo=18, routed)          2.215     2.713    system_i/hft_core/inst/u_core/u_ctrl/u_db1/btn[0]
    SLICE_X15Y85         LUT4 (Prop_B6LUT_SLICEL_I2_O)
                                                      0.098     2.811 r  system_i/hft_core/inst/u_core/u_ctrl/u_db1/counter[7]_i_1__0/O
                         net (fo=1, routed)           0.049     2.860    system_i/hft_core/inst/u_core/u_ctrl/u_db1/counter[7]_i_1__0_n_0
    SLICE_X15Y85         FDCE                                         r  system_i/hft_core/inst/u_core/u_ctrl/u_db1/counter_reg[7]/D
  -------------------------------------------------------------------    -------------------

                         (clock clk_pl_0 rise edge)
                                                      0.000     0.000 r  
    PS8_X0Y0             PS8                          0.000     0.000 r  system_i/zynq_ps/inst/PS8_i/PLCLK[0]
                         net (fo=1, routed)           0.135     0.135    system_i/zynq_ps/inst/pl_clk_unbuffered[0]
    BUFG_PS_X0Y58        BUFG_PS (Prop_BUFG_PS_I_O)
                                                      0.025     0.160 r  system_i/zynq_ps/inst/buffer_pl_clk_0.PL_CLK_0_BUFG/O
    X0Y1 (CLOCK_ROOT)    net (fo=7382, routed)        1.403     1.563    system_i/hft_core/inst/u_core/u_ctrl/u_db1/clk
    SLICE_X15Y85         FDCE                                         r  system_i/hft_core/inst/u_core/u_ctrl/u_db1/counter_reg[7]/C

Slack:                    inf
  Source:                 btn[1]
                            (input port)
  Destination:            system_i/hft_core/inst/u_core/u_ctrl/u_db1/counter_reg[3]/D
                            (rising edge-triggered cell FDCE clocked by clk_pl_0  {rise@0.000ns fall@10.312ns period=20.625ns})
  Path Group:             (none)
  Path Type:              Setup (Max at Slow Process Corner)
  Data Path Delay:        2.854ns  (logic 0.593ns (20.793%)  route 2.260ns (79.207%))
  Logic Levels:           3  (IBUFCTRL=1 INBUF=1 LUT4=1)
  Clock Path Skew:        1.563ns (DCD - SCD + CPR)
    Destination Clock Delay (DCD):    1.563ns
    Source Clock Delay      (SCD):    0.000ns
    Clock Pessimism Removal (CPR):    0.000ns
  Clock Uncertainty:      0.206ns  ((TSJ^2 + DJ^2)^1/2) / 2 + PE
    Total System Jitter     (TSJ):    0.050ns
    Discrete Jitter          (DJ):    0.409ns
    Phase Error              (PE):    0.000ns
  Clock Net Delay (Destination): 1.403ns (routing 0.533ns, distribution 0.870ns)

    Location             Delay type                Incr(ns)  Path(ns)    Netlist Resource(s)
  -------------------------------------------------------------------    -------------------
    AB7                                               0.000     0.000 r  btn[1] (IN)
                         net (fo=0)                   0.000     0.000    btn_IBUF[1]_inst/I
    AB7                  INBUF (Prop_INBUF_HPIOB_M_PAD_O)
                                                      0.497     0.497 r  btn_IBUF[1]_inst/INBUF_INST/O
                         net (fo=1, routed)           0.000     0.497    btn_IBUF[1]_inst/OUT
    AB7                  IBUFCTRL (Prop_IBUFCTRL_HPIOB_M_I_O)
                                                      0.000     0.497 r  btn_IBUF[1]_inst/IBUFCTRL_INST/O
                         net (fo=18, routed)          2.210     2.708    system_i/hft_core/inst/u_core/u_ctrl/u_db1/btn[0]
    SLICE_X15Y85         LUT4 (Prop_C6LUT_SLICEL_I2_O)
                                                      0.096     2.804 r  system_i/hft_core/inst/u_core/u_ctrl/u_db1/counter[3]_i_1__0/O
                         net (fo=1, routed)           0.050     2.854    system_i/hft_core/inst/u_core/u_ctrl/u_db1/counter[3]_i_1__0_n_0
    SLICE_X15Y85         FDCE                                         r  system_i/hft_core/inst/u_core/u_ctrl/u_db1/counter_reg[3]/D
  -------------------------------------------------------------------    -------------------

                         (clock clk_pl_0 rise edge)
                                                      0.000     0.000 r  
    PS8_X0Y0             PS8                          0.000     0.000 r  system_i/zynq_ps/inst/PS8_i/PLCLK[0]
                         net (fo=1, routed)           0.135     0.135    system_i/zynq_ps/inst/pl_clk_unbuffered[0]
    BUFG_PS_X0Y58        BUFG_PS (Prop_BUFG_PS_I_O)
                                                      0.025     0.160 r  system_i/zynq_ps/inst/buffer_pl_clk_0.PL_CLK_0_BUFG/O
    X0Y1 (CLOCK_ROOT)    net (fo=7382, routed)        1.403     1.563    system_i/hft_core/inst/u_core/u_ctrl/u_db1/clk
    SLICE_X15Y85         FDCE                                         r  system_i/hft_core/inst/u_core/u_ctrl/u_db1/counter_reg[3]/C





Min Delay Paths
--------------------------------------------------------------------------------------
Slack:                    inf
  Source:                 btn[2]
                            (input port)
  Destination:            system_i/hft_core/inst/u_core/u_ctrl/u_db2/counter_reg[0]/D
                            (rising edge-triggered cell FDCE clocked by clk_pl_0  {rise@0.000ns fall@10.312ns period=20.625ns})
  Path Group:             (none)
  Path Type:              Hold (Min at Fast Process Corner)
  Data Path Delay:        1.064ns  (logic 0.188ns (17.692%)  route 0.875ns (82.308%))
  Logic Levels:           3  (IBUFCTRL=1 INBUF=1 LUT4=1)
  Clock Path Skew:        1.139ns (DCD - SCD - CPR)
    Destination Clock Delay (DCD):    1.139ns
    Source Clock Delay      (SCD):    0.000ns
    Clock Pessimism Removal (CPR):    -0.000ns
  Clock Net Delay (Destination): 1.001ns (routing 0.365ns, distribution 0.636ns)

    Location             Delay type                Incr(ns)  Path(ns)    Netlist Resource(s)
  -------------------------------------------------------------------    -------------------
    AB2                                               0.000     0.000 r  btn[2] (IN)
                         net (fo=0)                   0.000     0.000    btn_IBUF[2]_inst/I
    AB2                  INBUF (Prop_INBUF_HPIOB_M_PAD_O)
                                                      0.137     0.137 r  btn_IBUF[2]_inst/INBUF_INST/O
                         net (fo=1, routed)           0.000     0.137    btn_IBUF[2]_inst/OUT
    AB2                  IBUFCTRL (Prop_IBUFCTRL_HPIOB_M_I_O)
                                                      0.000     0.137 r  btn_IBUF[2]_inst/IBUFCTRL_INST/O
                         net (fo=18, routed)          0.866     1.004    system_i/hft_core/inst/u_core/u_ctrl/u_db2/btn[0]
    SLICE_X16Y81         LUT4 (Prop_D5LUT_SLICEM_I2_O)
                                                      0.051     1.055 r  system_i/hft_core/inst/u_core/u_ctrl/u_db2/counter[0]_i_1__1/O
                         net (fo=1, routed)           0.009     1.064    system_i/hft_core/inst/u_core/u_ctrl/u_db2/counter[0]_i_1__1_n_0
    SLICE_X16Y81         FDCE                                         r  system_i/hft_core/inst/u_core/u_ctrl/u_db2/counter_reg[0]/D
  -------------------------------------------------------------------    -------------------

                         (clock clk_pl_0 rise edge)
                                                      0.000     0.000 r  
    PS8_X0Y0             PS8                          0.000     0.000 r  system_i/zynq_ps/inst/PS8_i/PLCLK[0]
                         net (fo=1, routed)           0.120     0.120    system_i/zynq_ps/inst/pl_clk_unbuffered[0]
    BUFG_PS_X0Y58        BUFG_PS (Prop_BUFG_PS_I_O)
                                                      0.018     0.138 r  system_i/zynq_ps/inst/buffer_pl_clk_0.PL_CLK_0_BUFG/O
    X0Y1 (CLOCK_ROOT)    net (fo=7382, routed)        1.001     1.139    system_i/hft_core/inst/u_core/u_ctrl/u_db2/clk
    SLICE_X16Y81         FDCE                                         r  system_i/hft_core/inst/u_core/u_ctrl/u_db2/counter_reg[0]/C

Slack:                    inf
  Source:                 btn[2]
                            (input port)
  Destination:            system_i/hft_core/inst/u_core/u_ctrl/u_db2/counter_reg[8]/D
                            (rising edge-triggered cell FDCE clocked by clk_pl_0  {rise@0.000ns fall@10.312ns period=20.625ns})
  Path Group:             (none)
  Path Type:              Hold (Min at Fast Process Corner)
  Data Path Delay:        1.068ns  (logic 0.186ns (17.438%)  route 0.881ns (82.562%))
  Logic Levels:           3  (IBUFCTRL=1 INBUF=1 LUT4=1)
  Clock Path Skew:        1.139ns (DCD - SCD - CPR)
    Destination Clock Delay (DCD):    1.139ns
    Source Clock Delay      (SCD):    0.000ns
    Clock Pessimism Removal (CPR):    -0.000ns
  Clock Net Delay (Destination): 1.001ns (routing 0.365ns, distribution 0.636ns)

    Location             Delay type                Incr(ns)  Path(ns)    Netlist Resource(s)
  -------------------------------------------------------------------    -------------------
    AB2                                               0.000     0.000 r  btn[2] (IN)
                         net (fo=0)                   0.000     0.000    btn_IBUF[2]_inst/I
    AB2                  INBUF (Prop_INBUF_HPIOB_M_PAD_O)
                                                      0.137     0.137 r  btn_IBUF[2]_inst/INBUF_INST/O
                         net (fo=1, routed)           0.000     0.137    btn_IBUF[2]_inst/OUT
    AB2                  IBUFCTRL (Prop_IBUFCTRL_HPIOB_M_I_O)
                                                      0.000     0.137 r  btn_IBUF[2]_inst/IBUFCTRL_INST/O
                         net (fo=18, routed)          0.873     1.011    system_i/hft_core/inst/u_core/u_ctrl/u_db2/btn[0]
    SLICE_X16Y81         LUT4 (Prop_B5LUT_SLICEM_I2_O)
                                                      0.049     1.060 r  system_i/hft_core/inst/u_core/u_ctrl/u_db2/counter[8]_i_1__1/O
                         net (fo=1, routed)           0.008     1.068    system_i/hft_core/inst/u_core/u_ctrl/u_db2/counter[8]_i_1__1_n_0
    SLICE_X16Y81         FDCE                                         r  system_i/hft_core/inst/u_core/u_ctrl/u_db2/counter_reg[8]/D
  -------------------------------------------------------------------    -------------------

                         (clock clk_pl_0 rise edge)
                                                      0.000     0.000 r  
    PS8_X0Y0             PS8                          0.000     0.000 r  system_i/zynq_ps/inst/PS8_i/PLCLK[0]
                         net (fo=1, routed)           0.120     0.120    system_i/zynq_ps/inst/pl_clk_unbuffered[0]
    BUFG_PS_X0Y58        BUFG_PS (Prop_BUFG_PS_I_O)
                                                      0.018     0.138 r  system_i/zynq_ps/inst/buffer_pl_clk_0.PL_CLK_0_BUFG/O
    X0Y1 (CLOCK_ROOT)    net (fo=7382, routed)        1.001     1.139    system_i/hft_core/inst/u_core/u_ctrl/u_db2/clk
    SLICE_X16Y81         FDCE                                         r  system_i/hft_core/inst/u_core/u_ctrl/u_db2/counter_reg[8]/C

Slack:                    inf
  Source:                 btn[2]
                            (input port)
  Destination:            system_i/hft_core/inst/u_core/u_ctrl/u_db2/counter_reg[14]/D
                            (rising edge-triggered cell FDCE clocked by clk_pl_0  {rise@0.000ns fall@10.312ns period=20.625ns})
  Path Group:             (none)
  Path Type:              Hold (Min at Fast Process Corner)
  Data Path Delay:        1.078ns  (logic 0.176ns (16.345%)  route 0.902ns (83.655%))
  Logic Levels:           3  (IBUFCTRL=1 INBUF=1 LUT4=1)
  Clock Path Skew:        1.140ns (DCD - SCD - CPR)
    Destination Clock Delay (DCD):    1.140ns
    Source Clock Delay      (SCD):    0.000ns
    Clock Pessimism Removal (CPR):    -0.000ns
  Clock Net Delay (Destination): 1.002ns (routing 0.365ns, distribution 0.637ns)

    Location             Delay type                Incr(ns)  Path(ns)    Netlist Resource(s)
  -------------------------------------------------------------------    -------------------
    AB2                                               0.000     0.000 r  btn[2] (IN)
                         net (fo=0)                   0.000     0.000    btn_IBUF[2]_inst/I
    AB2                  INBUF (Prop_INBUF_HPIOB_M_PAD_O)
                                                      0.137     0.137 r  btn_IBUF[2]_inst/INBUF_INST/O
                         net (fo=1, routed)           0.000     0.137    btn_IBUF[2]_inst/OUT
    AB2                  IBUFCTRL (Prop_IBUFCTRL_HPIOB_M_I_O)
                                                      0.000     0.137 r  btn_IBUF[2]_inst/IBUFCTRL_INST/O
                         net (fo=18, routed)          0.896     1.033    system_i/hft_core/inst/u_core/u_ctrl/u_db2/btn[0]
    SLICE_X16Y83         LUT4 (Prop_H5LUT_SLICEM_I2_O)
                                                      0.039     1.072 r  system_i/hft_core/inst/u_core/u_ctrl/u_db2/counter[14]_i_1__1/O
                         net (fo=1, routed)           0.006     1.078    system_i/hft_core/inst/u_core/u_ctrl/u_db2/counter[14]_i_1__1_n_0
    SLICE_X16Y83         FDCE                                         r  system_i/hft_core/inst/u_core/u_ctrl/u_db2/counter_reg[14]/D
  -------------------------------------------------------------------    -------------------

                         (clock clk_pl_0 rise edge)
                                                      0.000     0.000 r  
    PS8_X0Y0             PS8                          0.000     0.000 r  system_i/zynq_ps/inst/PS8_i/PLCLK[0]
                         net (fo=1, routed)           0.120     0.120    system_i/zynq_ps/inst/pl_clk_unbuffered[0]
    BUFG_PS_X0Y58        BUFG_PS (Prop_BUFG_PS_I_O)
                                                      0.018     0.138 r  system_i/zynq_ps/inst/buffer_pl_clk_0.PL_CLK_0_BUFG/O
    X0Y1 (CLOCK_ROOT)    net (fo=7382, routed)        1.002     1.140    system_i/hft_core/inst/u_core/u_ctrl/u_db2/clk
    SLICE_X16Y83         FDCE                                         r  system_i/hft_core/inst/u_core/u_ctrl/u_db2/counter_reg[14]/C

Slack:                    inf
  Source:                 btn[2]
                            (input port)
  Destination:            system_i/hft_core/inst/u_core/u_ctrl/u_db2/btn_out_reg/D
                            (rising edge-triggered cell FDCE clocked by clk_pl_0  {rise@0.000ns fall@10.312ns period=20.625ns})
  Path Group:             (none)
  Path Type:              Hold (Min at Fast Process Corner)
  Data Path Delay:        1.080ns  (logic 0.187ns (17.338%)  route 0.892ns (82.662%))
  Logic Levels:           3  (IBUFCTRL=1 INBUF=1 LUT3=1)
  Clock Path Skew:        1.139ns (DCD - SCD - CPR)
    Destination Clock Delay (DCD):    1.139ns
    Source Clock Delay      (SCD):    0.000ns
    Clock Pessimism Removal (CPR):    -0.000ns
  Clock Net Delay (Destination): 1.001ns (routing 0.365ns, distribution 0.636ns)

    Location             Delay type                Incr(ns)  Path(ns)    Netlist Resource(s)
  -------------------------------------------------------------------    -------------------
    AB2                                               0.000     0.000 r  btn[2] (IN)
                         net (fo=0)                   0.000     0.000    btn_IBUF[2]_inst/I
    AB2                  INBUF (Prop_INBUF_HPIOB_M_PAD_O)
                                                      0.137     0.137 r  btn_IBUF[2]_inst/INBUF_INST/O
                         net (fo=1, routed)           0.000     0.137    btn_IBUF[2]_inst/OUT
    AB2                  IBUFCTRL (Prop_IBUFCTRL_HPIOB_M_I_O)
                                                      0.000     0.137 r  btn_IBUF[2]_inst/IBUFCTRL_INST/O
                         net (fo=18, routed)          0.866     1.004    system_i/hft_core/inst/u_core/u_ctrl/u_db2/btn[0]
    SLICE_X16Y81         LUT3 (Prop_D6LUT_SLICEM_I0_O)
                                                      0.050     1.054 r  system_i/hft_core/inst/u_core/u_ctrl/u_db2/btn_out_i_1/O
                         net (fo=1, routed)           0.026     1.080    system_i/hft_core/inst/u_core/u_ctrl/u_db2/btn_out_i_1_n_0
    SLICE_X16Y81         FDCE                                         r  system_i/hft_core/inst/u_core/u_ctrl/u_db2/btn_out_reg/D
  -------------------------------------------------------------------    -------------------

                         (clock clk_pl_0 rise edge)
                                                      0.000     0.000 r  
    PS8_X0Y0             PS8                          0.000     0.000 r  system_i/zynq_ps/inst/PS8_i/PLCLK[0]
                         net (fo=1, routed)           0.120     0.120    system_i/zynq_ps/inst/pl_clk_unbuffered[0]
    BUFG_PS_X0Y58        BUFG_PS (Prop_BUFG_PS_I_O)
                                                      0.018     0.138 r  system_i/zynq_ps/inst/buffer_pl_clk_0.PL_CLK_0_BUFG/O
    X0Y1 (CLOCK_ROOT)    net (fo=7382, routed)        1.001     1.139    system_i/hft_core/inst/u_core/u_ctrl/u_db2/clk
    SLICE_X16Y81         FDCE                                         r  system_i/hft_core/inst/u_core/u_ctrl/u_db2/btn_out_reg/C

Slack:                    inf
  Source:                 btn[2]
                            (input port)
  Destination:            system_i/hft_core/inst/u_core/u_ctrl/u_db2/counter_reg[7]/D
                            (rising edge-triggered cell FDCE clocked by clk_pl_0  {rise@0.000ns fall@10.312ns period=20.625ns})
  Path Group:             (none)
  Path Type:              Hold (Min at Fast Process Corner)
  Data Path Delay:        1.082ns  (logic 0.187ns (17.305%)  route 0.894ns (82.695%))
  Logic Levels:           3  (IBUFCTRL=1 INBUF=1 LUT4=1)
  Clock Path Skew:        1.139ns (DCD - SCD - CPR)
    Destination Clock Delay (DCD):    1.139ns
    Source Clock Delay      (SCD):    0.000ns
    Clock Pessimism Removal (CPR):    -0.000ns
  Clock Net Delay (Destination): 1.001ns (routing 0.365ns, distribution 0.636ns)

    Location             Delay type                Incr(ns)  Path(ns)    Netlist Resource(s)
  -------------------------------------------------------------------    -------------------
    AB2                                               0.000     0.000 r  btn[2] (IN)
                         net (fo=0)                   0.000     0.000    btn_IBUF[2]_inst/I
    AB2                  INBUF (Prop_INBUF_HPIOB_M_PAD_O)
                                                      0.137     0.137 r  btn_IBUF[2]_inst/INBUF_INST/O
                         net (fo=1, routed)           0.000     0.137    btn_IBUF[2]_inst/OUT
    AB2                  IBUFCTRL (Prop_IBUFCTRL_HPIOB_M_I_O)
                                                      0.000     0.137 r  btn_IBUF[2]_inst/IBUFCTRL_INST/O
                         net (fo=18, routed)          0.873     1.011    system_i/hft_core/inst/u_core/u_ctrl/u_db2/btn[0]
    SLICE_X16Y81         LUT4 (Prop_B6LUT_SLICEM_I2_O)
                                                      0.050     1.061 r  system_i/hft_core/inst/u_core/u_ctrl/u_db2/counter[7]_i_1__1/O
                         net (fo=1, routed)           0.021     1.082    system_i/hft_core/inst/u_core/u_ctrl/u_db2/counter[7]_i_1__1_n_0
    SLICE_X16Y81         FDCE                                         r  system_i/hft_core/inst/u_core/u_ctrl/u_db2/counter_reg[7]/D
  -------------------------------------------------------------------    -------------------

                         (clock clk_pl_0 rise edge)
                                                      0.000     0.000 r  
    PS8_X0Y0             PS8                          0.000     0.000 r  system_i/zynq_ps/inst/PS8_i/PLCLK[0]
                         net (fo=1, routed)           0.120     0.120    system_i/zynq_ps/inst/pl_clk_unbuffered[0]
    BUFG_PS_X0Y58        BUFG_PS (Prop_BUFG_PS_I_O)
                                                      0.018     0.138 r  system_i/zynq_ps/inst/buffer_pl_clk_0.PL_CLK_0_BUFG/O
    X0Y1 (CLOCK_ROOT)    net (fo=7382, routed)        1.001     1.139    system_i/hft_core/inst/u_core/u_ctrl/u_db2/clk
    SLICE_X16Y81         FDCE                                         r  system_i/hft_core/inst/u_core/u_ctrl/u_db2/counter_reg[7]/C

Slack:                    inf
  Source:                 btn[2]
                            (input port)
  Destination:            system_i/hft_core/inst/u_core/u_ctrl/u_db2/counter_reg[2]/D
                            (rising edge-triggered cell FDCE clocked by clk_pl_0  {rise@0.000ns fall@10.312ns period=20.625ns})
  Path Group:             (none)
  Path Type:              Hold (Min at Fast Process Corner)
  Data Path Delay:        1.083ns  (logic 0.179ns (16.550%)  route 0.903ns (83.450%))
  Logic Levels:           3  (IBUFCTRL=1 INBUF=1 LUT4=1)
  Clock Path Skew:        1.139ns (DCD - SCD - CPR)
    Destination Clock Delay (DCD):    1.139ns
    Source Clock Delay      (SCD):    0.000ns
    Clock Pessimism Removal (CPR):    -0.000ns
  Clock Net Delay (Destination): 1.001ns (routing 0.365ns, distribution 0.636ns)

    Location             Delay type                Incr(ns)  Path(ns)    Netlist Resource(s)
  -------------------------------------------------------------------    -------------------
    AB2                                               0.000     0.000 r  btn[2] (IN)
                         net (fo=0)                   0.000     0.000    btn_IBUF[2]_inst/I
    AB2                  INBUF (Prop_INBUF_HPIOB_M_PAD_O)
                                                      0.137     0.137 r  btn_IBUF[2]_inst/INBUF_INST/O
                         net (fo=1, routed)           0.000     0.137    btn_IBUF[2]_inst/OUT
    AB2                  IBUFCTRL (Prop_IBUFCTRL_HPIOB_M_I_O)
                                                      0.000     0.137 r  btn_IBUF[2]_inst/IBUFCTRL_INST/O
                         net (fo=18, routed)          0.894     1.032    system_i/hft_core/inst/u_core/u_ctrl/u_db2/btn[0]
    SLICE_X16Y82         LUT4 (Prop_D5LUT_SLICEM_I2_O)
                                                      0.042     1.074 r  system_i/hft_core/inst/u_core/u_ctrl/u_db2/counter[2]_i_1__1/O
                         net (fo=1, routed)           0.009     1.083    system_i/hft_core/inst/u_core/u_ctrl/u_db2/counter[2]_i_1__1_n_0
    SLICE_X16Y82         FDCE                                         r  system_i/hft_core/inst/u_core/u_ctrl/u_db2/counter_reg[2]/D
  -------------------------------------------------------------------    -------------------

                         (clock clk_pl_0 rise edge)
                                                      0.000     0.000 r  
    PS8_X0Y0             PS8                          0.000     0.000 r  system_i/zynq_ps/inst/PS8_i/PLCLK[0]
                         net (fo=1, routed)           0.120     0.120    system_i/zynq_ps/inst/pl_clk_unbuffered[0]
    BUFG_PS_X0Y58        BUFG_PS (Prop_BUFG_PS_I_O)
                                                      0.018     0.138 r  system_i/zynq_ps/inst/buffer_pl_clk_0.PL_CLK_0_BUFG/O
    X0Y1 (CLOCK_ROOT)    net (fo=7382, routed)        1.001     1.139    system_i/hft_core/inst/u_core/u_ctrl/u_db2/clk
    SLICE_X16Y82         FDCE                                         r  system_i/hft_core/inst/u_core/u_ctrl/u_db2/counter_reg[2]/C

Slack:                    inf
  Source:                 btn[2]
                            (input port)
  Destination:            system_i/hft_core/inst/u_core/u_ctrl/u_db2/counter_reg[9]/D
                            (rising edge-triggered cell FDCE clocked by clk_pl_0  {rise@0.000ns fall@10.312ns period=20.625ns})
  Path Group:             (none)
  Path Type:              Hold (Min at Fast Process Corner)
  Data Path Delay:        1.085ns  (logic 0.161ns (14.860%)  route 0.924ns (85.140%))
  Logic Levels:           3  (IBUFCTRL=1 INBUF=1 LUT4=1)
  Clock Path Skew:        1.142ns (DCD - SCD - CPR)
    Destination Clock Delay (DCD):    1.142ns
    Source Clock Delay      (SCD):    0.000ns
    Clock Pessimism Removal (CPR):    -0.000ns
  Clock Net Delay (Destination): 1.004ns (routing 0.365ns, distribution 0.639ns)

    Location             Delay type                Incr(ns)  Path(ns)    Netlist Resource(s)
  -------------------------------------------------------------------    -------------------
    AB2                                               0.000     0.000 r  btn[2] (IN)
                         net (fo=0)                   0.000     0.000    btn_IBUF[2]_inst/I
    AB2                  INBUF (Prop_INBUF_HPIOB_M_PAD_O)
                                                      0.137     0.137 r  btn_IBUF[2]_inst/INBUF_INST/O
                         net (fo=1, routed)           0.000     0.137    btn_IBUF[2]_inst/OUT
    AB2                  IBUFCTRL (Prop_IBUFCTRL_HPIOB_M_I_O)
                                                      0.000     0.137 r  btn_IBUF[2]_inst/IBUFCTRL_INST/O
                         net (fo=18, routed)          0.915     1.052    system_i/hft_core/inst/u_core/u_ctrl/u_db2/btn[0]
    SLICE_X16Y83         LUT4 (Prop_D5LUT_SLICEM_I2_O)
                                                      0.024     1.076 r  system_i/hft_core/inst/u_core/u_ctrl/u_db2/counter[9]_i_1__1/O
                         net (fo=1, routed)           0.009     1.085    system_i/hft_core/inst/u_core/u_ctrl/u_db2/counter[9]_i_1__1_n_0
    SLICE_X16Y83         FDCE                                         r  system_i/hft_core/inst/u_core/u_ctrl/u_db2/counter_reg[9]/D
  -------------------------------------------------------------------    -------------------

                         (clock clk_pl_0 rise edge)
                                                      0.000     0.000 r  
    PS8_X0Y0             PS8                          0.000     0.000 r  system_i/zynq_ps/inst/PS8_i/PLCLK[0]
                         net (fo=1, routed)           0.120     0.120    system_i/zynq_ps/inst/pl_clk_unbuffered[0]
    BUFG_PS_X0Y58        BUFG_PS (Prop_BUFG_PS_I_O)
                                                      0.018     0.138 r  system_i/zynq_ps/inst/buffer_pl_clk_0.PL_CLK_0_BUFG/O
    X0Y1 (CLOCK_ROOT)    net (fo=7382, routed)        1.004     1.142    system_i/hft_core/inst/u_core/u_ctrl/u_db2/clk
    SLICE_X16Y83         FDCE                                         r  system_i/hft_core/inst/u_core/u_ctrl/u_db2/counter_reg[9]/C

Slack:                    inf
  Source:                 btn[0]
                            (input port)
  Destination:            system_i/hft_core/inst/u_core/u_ctrl/u_db0/counter_reg[8]/D
                            (rising edge-triggered cell FDCE clocked by clk_pl_0  {rise@0.000ns fall@10.312ns period=20.625ns})
  Path Group:             (none)
  Path Type:              Hold (Min at Fast Process Corner)
  Data Path Delay:        1.088ns  (logic 0.154ns (14.178%)  route 0.934ns (85.822%))
  Logic Levels:           3  (IBUFCTRL=1 INBUF=1 LUT4=1)
  Clock Path Skew:        1.146ns (DCD - SCD - CPR)
    Destination Clock Delay (DCD):    1.146ns
    Source Clock Delay      (SCD):    0.000ns
    Clock Pessimism Removal (CPR):    -0.000ns
  Clock Net Delay (Destination): 1.008ns (routing 0.365ns, distribution 0.643ns)

    Location             Delay type                Incr(ns)  Path(ns)    Netlist Resource(s)
  -------------------------------------------------------------------    -------------------
    AB6                                               0.000     0.000 r  btn[0] (IN)
                         net (fo=0)                   0.000     0.000    btn_IBUF[0]_inst/I
    AB6                  INBUF (Prop_INBUF_HPIOB_M_PAD_O)
                                                      0.133     0.133 r  btn_IBUF[0]_inst/INBUF_INST/O
                         net (fo=1, routed)           0.000     0.133    btn_IBUF[0]_inst/OUT
    AB6                  IBUFCTRL (Prop_IBUFCTRL_HPIOB_M_I_O)
                                                      0.000     0.133 r  btn_IBUF[0]_inst/IBUFCTRL_INST/O
                         net (fo=18, routed)          0.927     1.060    system_i/hft_core/inst/u_core/u_ctrl/u_db0/btn[0]
    SLICE_X17Y74         LUT4 (Prop_F5LUT_SLICEL_I2_O)
                                                      0.021     1.081 r  system_i/hft_core/inst/u_core/u_ctrl/u_db0/counter[8]_i_1/O
                         net (fo=1, routed)           0.007     1.088    system_i/hft_core/inst/u_core/u_ctrl/u_db0/p_0_in[8]
    SLICE_X17Y74         FDCE                                         r  system_i/hft_core/inst/u_core/u_ctrl/u_db0/counter_reg[8]/D
  -------------------------------------------------------------------    -------------------

                         (clock clk_pl_0 rise edge)
                                                      0.000     0.000 r  
    PS8_X0Y0             PS8                          0.000     0.000 r  system_i/zynq_ps/inst/PS8_i/PLCLK[0]
                         net (fo=1, routed)           0.120     0.120    system_i/zynq_ps/inst/pl_clk_unbuffered[0]
    BUFG_PS_X0Y58        BUFG_PS (Prop_BUFG_PS_I_O)
                                                      0.018     0.138 r  system_i/zynq_ps/inst/buffer_pl_clk_0.PL_CLK_0_BUFG/O
    X0Y1 (CLOCK_ROOT)    net (fo=7382, routed)        1.008     1.146    system_i/hft_core/inst/u_core/u_ctrl/u_db0/clk
    SLICE_X17Y74         FDCE                                         r  system_i/hft_core/inst/u_core/u_ctrl/u_db0/counter_reg[8]/C

Slack:                    inf
  Source:                 btn[2]
                            (input port)
  Destination:            system_i/hft_core/inst/u_core/u_ctrl/u_db2/counter_reg[4]/D
                            (rising edge-triggered cell FDCE clocked by clk_pl_0  {rise@0.000ns fall@10.312ns period=20.625ns})
  Path Group:             (none)
  Path Type:              Hold (Min at Fast Process Corner)
  Data Path Delay:        1.095ns  (logic 0.173ns (15.820%)  route 0.921ns (84.180%))
  Logic Levels:           3  (IBUFCTRL=1 INBUF=1 LUT4=1)
  Clock Path Skew:        1.139ns (DCD - SCD - CPR)
    Destination Clock Delay (DCD):    1.139ns
    Source Clock Delay      (SCD):    0.000ns
    Clock Pessimism Removal (CPR):    -0.000ns
  Clock Net Delay (Destination): 1.001ns (routing 0.365ns, distribution 0.636ns)

    Location             Delay type                Incr(ns)  Path(ns)    Netlist Resource(s)
  -------------------------------------------------------------------    -------------------
    AB2                                               0.000     0.000 r  btn[2] (IN)
                         net (fo=0)                   0.000     0.000    btn_IBUF[2]_inst/I
    AB2                  INBUF (Prop_INBUF_HPIOB_M_PAD_O)
                                                      0.137     0.137 r  btn_IBUF[2]_inst/INBUF_INST/O
                         net (fo=1, routed)           0.000     0.137    btn_IBUF[2]_inst/OUT
    AB2                  IBUFCTRL (Prop_IBUFCTRL_HPIOB_M_I_O)
                                                      0.000     0.137 r  btn_IBUF[2]_inst/IBUFCTRL_INST/O
                         net (fo=18, routed)          0.913     1.051    system_i/hft_core/inst/u_core/u_ctrl/u_db2/btn[0]
    SLICE_X16Y82         LUT4 (Prop_C5LUT_SLICEM_I2_O)
                                                      0.036     1.087 r  system_i/hft_core/inst/u_core/u_ctrl/u_db2/counter[4]_i_1__1/O
                         net (fo=1, routed)           0.008     1.095    system_i/hft_core/inst/u_core/u_ctrl/u_db2/counter[4]_i_1__1_n_0
    SLICE_X16Y82         FDCE                                         r  system_i/hft_core/inst/u_core/u_ctrl/u_db2/counter_reg[4]/D
  -------------------------------------------------------------------    -------------------

                         (clock clk_pl_0 rise edge)
                                                      0.000     0.000 r  
    PS8_X0Y0             PS8                          0.000     0.000 r  system_i/zynq_ps/inst/PS8_i/PLCLK[0]
                         net (fo=1, routed)           0.120     0.120    system_i/zynq_ps/inst/pl_clk_unbuffered[0]
    BUFG_PS_X0Y58        BUFG_PS (Prop_BUFG_PS_I_O)
                                                      0.018     0.138 r  system_i/zynq_ps/inst/buffer_pl_clk_0.PL_CLK_0_BUFG/O
    X0Y1 (CLOCK_ROOT)    net (fo=7382, routed)        1.001     1.139    system_i/hft_core/inst/u_core/u_ctrl/u_db2/clk
    SLICE_X16Y82         FDCE                                         r  system_i/hft_core/inst/u_core/u_ctrl/u_db2/counter_reg[4]/C

Slack:                    inf
  Source:                 btn[2]
                            (input port)
  Destination:            system_i/hft_core/inst/u_core/u_ctrl/u_db2/counter_reg[13]/D
                            (rising edge-triggered cell FDCE clocked by clk_pl_0  {rise@0.000ns fall@10.312ns period=20.625ns})
  Path Group:             (none)
  Path Type:              Hold (Min at Fast Process Corner)
  Data Path Delay:        1.095ns  (logic 0.178ns (16.274%)  route 0.917ns (83.726%))
  Logic Levels:           3  (IBUFCTRL=1 INBUF=1 LUT4=1)
  Clock Path Skew:        1.140ns (DCD - SCD - CPR)
    Destination Clock Delay (DCD):    1.140ns
    Source Clock Delay      (SCD):    0.000ns
    Clock Pessimism Removal (CPR):    -0.000ns
  Clock Net Delay (Destination): 1.002ns (routing 0.365ns, distribution 0.637ns)

    Location             Delay type                Incr(ns)  Path(ns)    Netlist Resource(s)
  -------------------------------------------------------------------    -------------------
    AB2                                               0.000     0.000 r  btn[2] (IN)
                         net (fo=0)                   0.000     0.000    btn_IBUF[2]_inst/I
    AB2                  INBUF (Prop_INBUF_HPIOB_M_PAD_O)
                                                      0.137     0.137 r  btn_IBUF[2]_inst/INBUF_INST/O
                         net (fo=1, routed)           0.000     0.137    btn_IBUF[2]_inst/OUT
    AB2                  IBUFCTRL (Prop_IBUFCTRL_HPIOB_M_I_O)
                                                      0.000     0.137 r  btn_IBUF[2]_inst/IBUFCTRL_INST/O
                         net (fo=18, routed)          0.896     1.033    system_i/hft_core/inst/u_core/u_ctrl/u_db2/btn[0]
    SLICE_X16Y83         LUT4 (Prop_H6LUT_SLICEM_I2_O)
                                                      0.041     1.074 r  system_i/hft_core/inst/u_core/u_ctrl/u_db2/counter[13]_i_1__1/O
                         net (fo=1, routed)           0.021     1.095    system_i/hft_core/inst/u_core/u_ctrl/u_db2/counter[13]_i_1__1_n_0
    SLICE_X16Y83         FDCE                                         r  system_i/hft_core/inst/u_core/u_ctrl/u_db2/counter_reg[13]/D
  -------------------------------------------------------------------    -------------------

                         (clock clk_pl_0 rise edge)
                                                      0.000     0.000 r  
    PS8_X0Y0             PS8                          0.000     0.000 r  system_i/zynq_ps/inst/PS8_i/PLCLK[0]
                         net (fo=1, routed)           0.120     0.120    system_i/zynq_ps/inst/pl_clk_unbuffered[0]
    BUFG_PS_X0Y58        BUFG_PS (Prop_BUFG_PS_I_O)
                                                      0.018     0.138 r  system_i/zynq_ps/inst/buffer_pl_clk_0.PL_CLK_0_BUFG/O
    X0Y1 (CLOCK_ROOT)    net (fo=7382, routed)        1.002     1.140    system_i/hft_core/inst/u_core/u_ctrl/u_db2/clk
    SLICE_X16Y83         FDCE                                         r  system_i/hft_core/inst/u_core/u_ctrl/u_db2/counter_reg[13]/C





