$date
	Tue Mar 31 09:59:53 2026
$end
$version
	ModelSim Version 2020.1
$end
$timescale
	1ps
$end

$scope module tb_lfsr32 $end
$var parameter 32 ! GVLEN $end
$var parameter 512 " GV_DEADBEEF $end
$var parameter 512 # GV_SEED1 $end
$var reg 1 $ clk $end
$var reg 1 % rst_n $end
$var reg 1 & enable $end
$var reg 1 ' load $end
$var reg 32 ( seed_in [31:0] $end
$var reg 32 ) rand_out [31:0] $end
$var integer 32 * pass_count $end
$var integer 32 + fail_count $end

$scope task check $end
$upscope $end

$scope task check32 $end
$upscope $end

$scope task wait_reset $end
$upscope $end

$scope task test_reset $end
$upscope $end

$scope task test_load_hold $end
$upscope $end

$scope task test_golden_deadbeef $end
$upscope $end

$scope task test_golden_seed1 $end
$upscope $end

$scope task test_zero_seed_remap $end
$upscope $end

$scope task test_all_ones_seed $end
$upscope $end

$scope task test_load_during_enable $end
$upscope $end

$scope task test_simultaneous_load_enable $end
$upscope $end

$scope task test_rapid_toggle $end
$upscope $end

$scope task test_determinism $end
$upscope $end

$scope task test_never_zero $end
$upscope $end

$scope module dut $end
$var wire 1 , clk $end
$var wire 1 - rst_n $end
$var wire 1 . enable $end
$var wire 1 / load $end
$var wire 1 0 seed_in [31] $end
$var wire 1 1 seed_in [30] $end
$var wire 1 2 seed_in [29] $end
$var wire 1 3 seed_in [28] $end
$var wire 1 4 seed_in [27] $end
$var wire 1 5 seed_in [26] $end
$var wire 1 6 seed_in [25] $end
$var wire 1 7 seed_in [24] $end
$var wire 1 8 seed_in [23] $end
$var wire 1 9 seed_in [22] $end
$var wire 1 : seed_in [21] $end
$var wire 1 ; seed_in [20] $end
$var wire 1 < seed_in [19] $end
$var wire 1 = seed_in [18] $end
$var wire 1 > seed_in [17] $end
$var wire 1 ? seed_in [16] $end
$var wire 1 @ seed_in [15] $end
$var wire 1 A seed_in [14] $end
$var wire 1 B seed_in [13] $end
$var wire 1 C seed_in [12] $end
$var wire 1 D seed_in [11] $end
$var wire 1 E seed_in [10] $end
$var wire 1 F seed_in [9] $end
$var wire 1 G seed_in [8] $end
$var wire 1 H seed_in [7] $end
$var wire 1 I seed_in [6] $end
$var wire 1 J seed_in [5] $end
$var wire 1 K seed_in [4] $end
$var wire 1 L seed_in [3] $end
$var wire 1 M seed_in [2] $end
$var wire 1 N seed_in [1] $end
$var wire 1 O seed_in [0] $end
$var reg 32 P rand_out [31:0] $end
$var reg 32 Q lfsr_reg [31:0] $end
$upscope $end
$upscope $end
$enddefinitions $end
#0
$dumpvars
0$
0%
0&
0'
b0 (
b1 )
b1 P
b1 Q
b10000 !
b11010000100111000101001000000000101000010011100010111010000000000100001001110001011010100000000010000100111000101101010000000000000010011100010110110110000000000001001110001011011011000000000000100111000101101101100000000000010011100010110110110000000000011001110001011011011111100000001100111000101101101111110000000110011100010110110111111000000011011110001011011011111011100001101111000101101101111101110000110111100010110110111110111000011011110001011011011111011100001101111000101101101111101110000 "
b110011001100110000001000000000011001100110011000000100000000001100110011001100000010000000000010011001100110000000111000000000001100110011000000000010000000000110011001100000000001000000000011001100110000000000100000000000100110011000000000001110000000000011001100000000000000100000000001100110000000000000010000000000110011000000000000001000000000001001100000000000000011100000000000110000000000000000001000000000011000000000000000000100000000001100000000000000000010000000000010000000000000000000111 #
b0 *
b0 +
0,
0-
0.
0/
0O
0N
0M
0L
0K
0J
0I
0H
0G
0F
0E
0D
0C
0B
0A
0@
0?
0>
0=
0<
0;
0:
09
08
07
06
05
04
03
02
01
00
$end
#5000
1$
1,
#10000
0$
0,
#15000
1$
1,
#20000
0$
0,
#25000
1$
1,
#30000
0$
0,
#35000
1$
1,
1%
1-
#40000
0$
0,
#45000
1$
1,
b1 *
b11001010111111101011101010111110 (
1'
1N
1M
1L
1K
1J
1H
1F
1D
1C
1B
1@
1>
1=
1<
1;
1:
19
18
16
14
11
10
1/
#50000
0$
0,
#55000
1$
1,
0'
0/
b11001010111111101011101010111110 Q
b11001010111111101011101010111110 P
b11001010111111101011101010111110 )
#60000
0$
0,
#65000
1$
1,
b10 *
#70000
0$
0,
#75000
1$
1,
#80000
0$
0,
#85000
1$
1,
#90000
0$
0,
#95000
1$
1,
#100000
0$
0,
#105000
1$
1,
#110000
0$
0,
#115000
1$
1,
b11 *
b11011110101011011011111011101111 (
1'
1O
0K
1I
1E
1?
0>
0;
09
15
13
1/
#120000
0$
0,
#125000
1$
1,
0'
0/
b11011110101011011011111011101111 Q
b11011110101011011011111011101111 P
b11011110101011011011111011101111 )
#130000
0$
0,
#135000
1$
1,
b100 *
1&
1.
#140000
0$
0,
#145000
1$
1,
b1101111000101101101111101110000 Q
b1101111000101101101111101110000 P
b1101111000101101101111101110000 )
#146000
b101 *
#150000
0$
0,
#155000
1$
1,
b110111100010110110111110111000 Q
b110111100010110110111110111000 P
b110111100010110110111110111000 )
#156000
b110 *
#160000
0$
0,
#165000
1$
1,
b11011110001011011011111011100 Q
b11011110001011011011111011100 P
b11011110001011011011111011100 )
#166000
b111 *
#170000
0$
0,
#175000
1$
1,
b1101111000101101101111101110 Q
b1101111000101101101111101110 P
b1101111000101101101111101110 )
#176000
b1000 *
#180000
0$
0,
#185000
1$
1,
b110111100010110110111110111 Q
b110111100010110110111110111 P
b110111100010110110111110111 )
#186000
b1001 *
#190000
0$
0,
#195000
1$
1,
b11001110001011011011111100 Q
b11001110001011011011111100 P
b11001110001011011011111100 )
#196000
b1010 *
#200000
0$
0,
#205000
1$
1,
b1100111000101101101111110 Q
b1100111000101101101111110 P
b1100111000101101101111110 )
#206000
b1011 *
#210000
0$
0,
#215000
1$
1,
b110011100010110110111111 Q
b110011100010110110111111 P
b110011100010110110111111 )
#216000
b1100 *
#220000
0$
0,
#225000
1$
1,
b1001110001011011011000 Q
b1001110001011011011000 P
b1001110001011011011000 )
#226000
b1101 *
#230000
0$
0,
#235000
1$
1,
b100111000101101101100 Q
b100111000101101101100 P
b100111000101101101100 )
#236000
b1110 *
#240000
0$
0,
#245000
1$
1,
b10011100010110110110 Q
b10011100010110110110 P
b10011100010110110110 )
#246000
b1111 *
#250000
0$
0,
#255000
1$
1,
b1001110001011011011 Q
b1001110001011011011 P
b1001110001011011011 )
#256000
b10000 *
#260000
0$
0,
#265000
1$
1,
b10000100111000101101010 Q
b10000100111000101101010 P
b10000100111000101101010 )
#266000
b10001 *
#270000
0$
0,
#275000
1$
1,
b1000010011100010110101 Q
b1000010011100010110101 P
b1000010011100010110101 )
#276000
b10010 *
#280000
0$
0,
#285000
1$
1,
b10100001001110001011101 Q
b10100001001110001011101 P
b10100001001110001011101 )
#286000
b10011 *
#290000
0$
0,
#295000
1$
1,
b11010000100111000101001 Q
b11010000100111000101001 P
b11010000100111000101001 )
#296000
b10100 *
0&
b1 (
1'
0.
0N
0M
0L
0J
0I
0H
0F
0E
0D
0C
0B
0@
0?
0=
0<
0:
08
06
05
04
03
01
00
1/
#300000
0$
0,
#305000
1$
1,
0'
0/
b1 Q
b1 P
b1 )
#310000
0$
0,
#315000
1$
1,
1&
1.
#320000
0$
0,
#325000
1$
1,
b10000000000000000000111 Q
b10000000000000000000111 P
b10000000000000000000111 )
#326000
b10101 *
#330000
0$
0,
#335000
1$
1,
b11000000000000000000100 Q
b11000000000000000000100 P
b11000000000000000000100 )
#336000
b10110 *
#340000
0$
0,
#345000
1$
1,
b1100000000000000000010 Q
b1100000000000000000010 P
b1100000000000000000010 )
#346000
b10111 *
#350000
0$
0,
#355000
1$
1,
b110000000000000000001 Q
b110000000000000000001 P
b110000000000000000001 )
#356000
b11000 *
#360000
0$
0,
#365000
1$
1,
b10011000000000000000111 Q
b10011000000000000000111 P
b10011000000000000000111 )
#366000
b11001 *
#370000
0$
0,
#375000
1$
1,
b11001100000000000000100 Q
b11001100000000000000100 P
b11001100000000000000100 )
#376000
b11010 *
#380000
0$
0,
#385000
1$
1,
b1100110000000000000010 Q
b1100110000000000000010 P
b1100110000000000000010 )
#386000
b11011 *
#390000
0$
0,
#395000
1$
1,
b110011000000000000001 Q
b110011000000000000001 P
b110011000000000000001 )
#396000
b11100 *
#400000
0$
0,
#405000
1$
1,
b10011001100000000000111 Q
b10011001100000000000111 P
b10011001100000000000111 )
#406000
b11101 *
#410000
0$
0,
#415000
1$
1,
b11001100110000000000100 Q
b11001100110000000000100 P
b11001100110000000000100 )
#416000
b11110 *
#420000
0$
0,
#425000
1$
1,
b1100110011000000000010 Q
b1100110011000000000010 P
b1100110011000000000010 )
#426000
b11111 *
#430000
0$
0,
#435000
1$
1,
b110011001100000000001 Q
b110011001100000000001 P
b110011001100000000001 )
#436000
b100000 *
#440000
0$
0,
#445000
1$
1,
b10011001100110000000111 Q
b10011001100110000000111 P
b10011001100110000000111 )
#446000
b100001 *
#450000
0$
0,
#455000
1$
1,
b11001100110011000000100 Q
b11001100110011000000100 P
b11001100110011000000100 )
#456000
b100010 *
#460000
0$
0,
#465000
1$
1,
b1100110011001100000010 Q
b1100110011001100000010 P
b1100110011001100000010 )
#466000
b100011 *
#470000
0$
0,
#475000
1$
1,
b110011001100110000001 Q
b110011001100110000001 P
b110011001100110000001 )
#476000
b100100 *
0&
b0 (
1'
0.
0O
1/
#480000
0$
0,
#485000
1$
1,
0'
0/
b1 Q
b1 P
b1 )
#490000
0$
0,
#495000
1$
1,
b100101 *
1&
1.
#500000
0$
0,
#505000
1$
1,
b10000000000000000000111 Q
b10000000000000000000111 P
b10000000000000000000111 )
#506000
b100110 *
#510000
0$
0,
#515000
1$
1,
b11000000000000000000100 Q
b11000000000000000000100 P
b11000000000000000000100 )
#516000
b100111 *
#520000
0$
0,
#525000
1$
1,
b1100000000000000000010 Q
b1100000000000000000010 P
b1100000000000000000010 )
#526000
b101000 *
#530000
0$
0,
#535000
1$
1,
b110000000000000000001 Q
b110000000000000000001 P
b110000000000000000001 )
#536000
b101001 *
#540000
0$
0,
#545000
1$
1,
b10011000000000000000111 Q
b10011000000000000000111 P
b10011000000000000000111 )
#546000
b101010 *
#550000
0$
0,
#555000
1$
1,
b11001100000000000000100 Q
b11001100000000000000100 P
b11001100000000000000100 )
#556000
b101011 *
#560000
0$
0,
#565000
1$
1,
b1100110000000000000010 Q
b1100110000000000000010 P
b1100110000000000000010 )
#566000
b101100 *
#570000
0$
0,
#575000
1$
1,
b110011000000000000001 Q
b110011000000000000001 P
b110011000000000000001 )
#576000
b101101 *
0&
b11111111111111111111111111111111 (
1'
0.
1O
1N
1M
1L
1K
1J
1I
1H
1G
1F
1E
1D
1C
1B
1A
1@
1?
1>
1=
1<
1;
1:
19
18
17
16
15
14
13
12
11
10
1/
#580000
0$
0,
#585000
1$
1,
0'
0/
b11111111111111111111111111111111 Q
b11111111111111111111111111111111 P
b11111111111111111111111111111111 )
#590000
0$
0,
#595000
1$
1,
b101110 *
1&
1.
#600000
0$
0,
#605000
1$
1,
b101111 *
b1111111101111111111111111111000 Q
b1111111101111111111111111111000 P
b1111111101111111111111111111000 )
#610000
0$
0,
#615000
1$
1,
b110000 *
b111111110111111111111111111100 Q
b111111110111111111111111111100 P
b111111110111111111111111111100 )
#620000
0$
0,
#625000
1$
1,
b110001 *
b11111111011111111111111111110 Q
b11111111011111111111111111110 P
b11111111011111111111111111110 )
#630000
0$
0,
#635000
1$
1,
b110010 *
b1111111101111111111111111111 Q
b1111111101111111111111111111 P
b1111111101111111111111111111 )
#640000
0$
0,
#645000
1$
1,
b110011 *
b111101110111111111111111000 Q
b111101110111111111111111000 P
b111101110111111111111111000 )
#650000
0$
0,
#655000
1$
1,
b110100 *
b11110111011111111111111100 Q
b11110111011111111111111100 P
b11110111011111111111111100 )
#660000
0$
0,
#665000
1$
1,
b110101 *
b1111011101111111111111110 Q
b1111011101111111111111110 P
b1111011101111111111111110 )
#670000
0$
0,
#675000
1$
1,
b110110 *
b111101110111111111111111 Q
b111101110111111111111111 P
b111101110111111111111111 )
#680000
0$
0,
#685000
1$
1,
b110111 *
b1110111011111111111000 Q
b1110111011111111111000 P
b1110111011111111111000 )
#690000
0$
0,
#695000
1$
1,
b111000 *
b111011101111111111100 Q
b111011101111111111100 P
b111011101111111111100 )
#700000
0$
0,
#705000
1$
1,
b111001 *
b11101110111111111110 Q
b11101110111111111110 P
b11101110111111111110 )
#710000
0$
0,
#715000
1$
1,
b111010 *
b1110111011111111111 Q
b1110111011111111111 P
b1110111011111111111 )
#720000
0$
0,
#725000
1$
1,
b111011 *
b10000111011101111111000 Q
b10000111011101111111000 P
b10000111011101111111000 )
#730000
0$
0,
#735000
1$
1,
b111100 *
b1000011101110111111100 Q
b1000011101110111111100 P
b1000011101110111111100 )
#740000
0$
0,
#745000
1$
1,
b111101 *
b100001110111011111110 Q
b100001110111011111110 P
b100001110111011111110 )
#750000
0$
0,
#755000
1$
1,
b111110 *
b10000111011101111111 Q
b10000111011101111111 P
b10000111011101111111 )
#760000
0$
0,
#765000
1$
1,
b111111 *
b10001000011101110111000 Q
b10001000011101110111000 P
b10001000011101110111000 )
#770000
0$
0,
#775000
1$
1,
b1000000 *
b1000100001110111011100 Q
b1000100001110111011100 P
b1000100001110111011100 )
#780000
0$
0,
#785000
1$
1,
b1000001 *
b100010000111011101110 Q
b100010000111011101110 P
b100010000111011101110 )
#790000
0$
0,
#795000
1$
1,
b1000010 *
b10001000011101110111 Q
b10001000011101110111 P
b10001000011101110111 )
#800000
0$
0,
#805000
1$
1,
b1000011 *
b10001000100001110111100 Q
b10001000100001110111100 P
b10001000100001110111100 )
#810000
0$
0,
#815000
1$
1,
b1000100 *
b1000100010000111011110 Q
b1000100010000111011110 P
b1000100010000111011110 )
#820000
0$
0,
#825000
1$
1,
b1000101 *
b100010001000011101111 Q
b100010001000011101111 P
b100010001000011101111 )
#830000
0$
0,
#835000
1$
1,
b1000110 *
b10010001000100001110000 Q
b10010001000100001110000 P
b10010001000100001110000 )
#840000
0$
0,
#845000
1$
1,
b1000111 *
b1001000100010000111000 Q
b1001000100010000111000 P
b1001000100010000111000 )
#850000
0$
0,
#855000
1$
1,
b1001000 *
b100100010001000011100 Q
b100100010001000011100 P
b100100010001000011100 )
#860000
0$
0,
#865000
1$
1,
b1001001 *
b10010001000100001110 Q
b10010001000100001110 P
b10010001000100001110 )
#870000
0$
0,
#875000
1$
1,
b1001010 *
b1001000100010000111 Q
b1001000100010000111 P
b1001000100010000111 )
#880000
0$
0,
#885000
1$
1,
b1001011 *
b10000100100010001000100 Q
b10000100100010001000100 P
b10000100100010001000100 )
#890000
0$
0,
#895000
1$
1,
b1001100 *
b1000010010001000100010 Q
b1000010010001000100010 P
b1000010010001000100010 )
#900000
0$
0,
#905000
1$
1,
b1001101 *
b100001001000100010001 Q
b100001001000100010001 P
b100001001000100010001 )
#910000
0$
0,
#915000
1$
1,
b1001110 *
b10010000100100010001111 Q
b10010000100100010001111 P
b10010000100100010001111 )
#920000
0$
0,
#925000
1$
1,
b1001111 *
b11001000010010001000000 Q
b11001000010010001000000 P
b11001000010010001000000 )
#930000
0$
0,
#935000
1$
1,
b1010000 *
b1100100001001000100000 Q
b1100100001001000100000 P
b1100100001001000100000 )
#940000
0$
0,
#945000
1$
1,
b1010001 *
b110010000100100010000 Q
b110010000100100010000 P
b110010000100100010000 )
#950000
0$
0,
#955000
1$
1,
b1010010 *
b11001000010010001000 Q
b11001000010010001000 P
b11001000010010001000 )
#960000
0$
0,
#965000
1$
1,
b1010011 *
b1100100001001000100 Q
b1100100001001000100 P
b1100100001001000100 )
#970000
0$
0,
#975000
1$
1,
b1010100 *
b110010000100100010 Q
b110010000100100010 P
b110010000100100010 )
#980000
0$
0,
#985000
1$
1,
b1010101 *
b11001000010010001 Q
b11001000010010001 P
b11001000010010001 )
#990000
0$
0,
#995000
1$
1,
b1010110 *
b10000001100100001001111 Q
b10000001100100001001111 P
b10000001100100001001111 )
#1000000
0$
0,
#1005000
1$
1,
b1010111 *
b11000000110010000100000 Q
b11000000110010000100000 P
b11000000110010000100000 )
#1010000
0$
0,
#1015000
1$
1,
b1011000 *
b1100000011001000010000 Q
b1100000011001000010000 P
b1100000011001000010000 )
#1020000
0$
0,
#1025000
1$
1,
b1011001 *
b110000001100100001000 Q
b110000001100100001000 P
b110000001100100001000 )
#1030000
0$
0,
#1035000
1$
1,
b1011010 *
b11000000110010000100 Q
b11000000110010000100 P
b11000000110010000100 )
#1040000
0$
0,
#1045000
1$
1,
b1011011 *
b1100000011001000010 Q
b1100000011001000010 P
b1100000011001000010 )
#1050000
0$
0,
#1055000
1$
1,
b1011100 *
b110000001100100001 Q
b110000001100100001 P
b110000001100100001 )
#1060000
0$
0,
#1065000
1$
1,
b1011101 *
b10000011000000110010111 Q
b10000011000000110010111 P
b10000011000000110010111 )
#1070000
0$
0,
#1075000
1$
1,
b1011110 *
b11000001100000011001100 Q
b11000001100000011001100 P
b11000001100000011001100 )
#1080000
0$
0,
#1085000
1$
1,
b1011111 *
b1100000110000001100110 Q
b1100000110000001100110 P
b1100000110000001100110 )
#1090000
0$
0,
#1095000
1$
1,
b1100000 *
b110000011000000110011 Q
b110000011000000110011 P
b110000011000000110011 )
#1100000
0$
0,
#1105000
1$
1,
b1100001 *
b10011000001100000011110 Q
b10011000001100000011110 P
b10011000001100000011110 )
#1110000
0$
0,
#1115000
1$
1,
b1100010 *
b1001100000110000001111 Q
b1001100000110000001111 P
b1001100000110000001111 )
#1120000
0$
0,
#1125000
1$
1,
b1100011 *
b10100110000011000000000 Q
b10100110000011000000000 P
b10100110000011000000000 )
#1130000
0$
0,
#1135000
1$
1,
b1100100 *
b1010011000001100000000 Q
b1010011000001100000000 P
b1010011000001100000000 )
#1140000
0$
0,
#1145000
1$
1,
b1100101 *
b101001100000110000000 Q
b101001100000110000000 P
b101001100000110000000 )
#1150000
0$
0,
#1155000
1$
1,
b1100110 *
b10100110000011000000 Q
b10100110000011000000 P
b10100110000011000000 )
#1160000
0$
0,
#1165000
1$
1,
b1100111 *
b1010011000001100000 Q
b1010011000001100000 P
b1010011000001100000 )
#1170000
0$
0,
#1175000
1$
1,
b1101000 *
b101001100000110000 Q
b101001100000110000 P
b101001100000110000 )
#1180000
0$
0,
#1185000
1$
1,
b1101001 *
b10100110000011000 Q
b10100110000011000 P
b10100110000011000 )
#1190000
0$
0,
#1195000
1$
1,
b1101010 *
b1010011000001100 Q
b1010011000001100 P
b1010011000001100 )
#1200000
0$
0,
#1205000
1$
1,
b1101011 *
b101001100000110 Q
b101001100000110 P
b101001100000110 )
#1210000
0$
0,
#1215000
1$
1,
b1101100 *
b10100110000011 Q
b10100110000011 P
b10100110000011 )
#1220000
0$
0,
#1225000
1$
1,
b1101101 *
b10000000001010011000110 Q
b10000000001010011000110 P
b10000000001010011000110 )
#1230000
0$
0,
#1235000
1$
1,
b1101110 *
b1000000000101001100011 Q
b1000000000101001100011 P
b1000000000101001100011 )
#1240000
0$
0,
#1245000
1$
1,
b1101111 *
b10100000000010100110110 Q
b10100000000010100110110 P
b10100000000010100110110 )
#1250000
0$
0,
#1255000
1$
1,
b1110000 *
b1010000000001010011011 Q
b1010000000001010011011 P
b1010000000001010011011 )
#1260000
0$
0,
#1265000
1$
1,
b1110001 *
b10101000000000101001010 Q
b10101000000000101001010 P
b10101000000000101001010 )
#1270000
0$
0,
#1275000
1$
1,
b1110010 *
b1010100000000010100101 Q
b1010100000000010100101 P
b1010100000000010100101 )
#1280000
0$
0,
#1285000
1$
1,
b1110011 *
b10101010000000001010101 Q
b10101010000000001010101 P
b10101010000000001010101 )
#1290000
0$
0,
#1295000
1$
1,
b1110100 *
b11010101000000000101101 Q
b11010101000000000101101 P
b11010101000000000101101 )
#1300000
0$
0,
#1305000
1$
1,
b1110101 *
b11101010100000000010001 Q
b11101010100000000010001 P
b11101010100000000010001 )
#1310000
0$
0,
#1315000
1$
1,
b1110110 *
b11110101010000000001111 Q
b11110101010000000001111 P
b11110101010000000001111 )
#1320000
0$
0,
#1325000
1$
1,
b1110111 *
b11111010101000000000000 Q
b11111010101000000000000 P
b11111010101000000000000 )
#1330000
0$
0,
#1335000
1$
1,
b1111000 *
b1111101010100000000000 Q
b1111101010100000000000 P
b1111101010100000000000 )
#1340000
0$
0,
#1345000
1$
1,
b1111001 *
b111110101010000000000 Q
b111110101010000000000 P
b111110101010000000000 )
#1350000
0$
0,
#1355000
1$
1,
b1111010 *
b11111010101000000000 Q
b11111010101000000000 P
b11111010101000000000 )
#1360000
0$
0,
#1365000
1$
1,
b1111011 *
b1111101010100000000 Q
b1111101010100000000 P
b1111101010100000000 )
#1370000
0$
0,
#1375000
1$
1,
b1111100 *
b111110101010000000 Q
b111110101010000000 P
b111110101010000000 )
#1380000
0$
0,
#1385000
1$
1,
b1111101 *
b11111010101000000 Q
b11111010101000000 P
b11111010101000000 )
#1390000
0$
0,
#1395000
1$
1,
b1111110 *
b1111101010100000 Q
b1111101010100000 P
b1111101010100000 )
#1400000
0$
0,
#1405000
1$
1,
b1111111 *
b111110101010000 Q
b111110101010000 P
b111110101010000 )
#1410000
0$
0,
#1415000
1$
1,
b10000000 *
b11111010101000 Q
b11111010101000 P
b11111010101000 )
#1420000
0$
0,
#1425000
1$
1,
b10000001 *
b1111101010100 Q
b1111101010100 P
b1111101010100 )
#1430000
0$
0,
#1435000
1$
1,
b10000010 *
b111110101010 Q
b111110101010 P
b111110101010 )
#1440000
0$
0,
#1445000
1$
1,
b10000011 *
b11111010101 Q
b11111010101 P
b11111010101 )
#1450000
0$
0,
#1455000
1$
1,
b10000100 *
b10000000000001111101101 Q
b10000000000001111101101 P
b10000000000001111101101 )
#1460000
0$
0,
#1465000
1$
1,
b10000101 *
b11000000000000111110001 Q
b11000000000000111110001 P
b11000000000000111110001 )
#1470000
0$
0,
#1475000
1$
1,
b10000110 *
b11100000000000011111111 Q
b11100000000000011111111 P
b11100000000000011111111 )
#1480000
0$
0,
#1485000
1$
1,
b10000111 *
b11110000000000001111000 Q
b11110000000000001111000 P
b11110000000000001111000 )
#1490000
0$
0,
#1495000
1$
1,
b10001000 *
b1111000000000000111100 Q
b1111000000000000111100 P
b1111000000000000111100 )
#1500000
0$
0,
#1505000
1$
1,
b10001001 *
b111100000000000011110 Q
b111100000000000011110 P
b111100000000000011110 )
#1510000
0$
0,
#1515000
1$
1,
b10001010 *
b11110000000000001111 Q
b11110000000000001111 P
b11110000000000001111 )
#1520000
0$
0,
#1525000
1$
1,
b10001011 *
b10001111000000000000000 Q
b10001111000000000000000 P
b10001111000000000000000 )
#1530000
0$
0,
#1535000
1$
1,
b10001100 *
b1000111100000000000000 Q
b1000111100000000000000 P
b1000111100000000000000 )
#1540000
0$
0,
#1545000
1$
1,
b10001101 *
b100011110000000000000 Q
b100011110000000000000 P
b100011110000000000000 )
#1550000
0$
0,
#1555000
1$
1,
b10001110 *
b10001111000000000000 Q
b10001111000000000000 P
b10001111000000000000 )
#1560000
0$
0,
#1565000
1$
1,
b10001111 *
b1000111100000000000 Q
b1000111100000000000 P
b1000111100000000000 )
#1570000
0$
0,
#1575000
1$
1,
b10010000 *
b100011110000000000 Q
b100011110000000000 P
b100011110000000000 )
#1580000
0$
0,
#1585000
1$
1,
b10010001 *
b10001111000000000 Q
b10001111000000000 P
b10001111000000000 )
#1590000
0$
0,
#1595000
1$
1,
b10010010 *
0&
b11011110101011011011111011101111 (
1'
0.
0K
0G
0A
0>
0;
09
07
02
1/
b1000111100000000 Q
b1000111100000000 P
b1000111100000000 )
#1600000
0$
0,
#1605000
1$
1,
0'
1&
0/
1.
b11011110101011011011111011101111 Q
b11011110101011011011111011101111 P
b11011110101011011011111011101111 )
#1610000
0$
0,
#1615000
1$
1,
b1101111000101101101111101110000 Q
b1101111000101101101111101110000 P
b1101111000101101101111101110000 )
#1620000
0$
0,
#1625000
1$
1,
b110111100010110110111110111000 Q
b110111100010110110111110111000 P
b110111100010110110111110111000 )
#1630000
0$
0,
#1635000
1$
1,
b11011110001011011011111011100 Q
b11011110001011011011111011100 P
b11011110001011011011111011100 )
#1640000
0$
0,
#1645000
1$
1,
b1101111000101101101111101110 Q
b1101111000101101101111101110 P
b1101111000101101101111101110 )
#1650000
0$
0,
#1655000
1$
1,
b1 (
1'
0N
0M
0L
0J
0I
0H
0F
0E
0D
0C
0B
0@
0?
0=
0<
0:
08
06
05
04
03
01
00
1/
b110111100010110110111110111 Q
b110111100010110110111110111 P
b110111100010110110111110111 )
#1660000
0$
0,
#1665000
1$
1,
0'
0/
b1 Q
b1 P
b1 )
#1670000
0$
0,
#1675000
1$
1,
b10010011 *
b10000000000000000000111 Q
b10000000000000000000111 P
b10000000000000000000111 )
#1680000
0$
0,
#1685000
1$
1,
b10010100 *
0&
b10100101101001010101101001011010 (
1'
1&
0O
1N
1L
1K
1I
1F
1D
1C
1A
1?
1=
1:
18
17
15
12
10
1/
b11000000000000000000100 Q
b11000000000000000000100 P
b11000000000000000000100 )
#1690000
0$
0,
#1695000
1$
1,
0'
0/
b10100101101001010101101001011010 Q
b10100101101001010101101001011010 P
b10100101101001010101101001011010 )
#1700000
0$
0,
#1705000
1$
1,
b10010101 *
0&
b10000000000000000000000000000 (
1'
0.
0N
0L
0K
0I
0F
0D
0C
0A
0?
0=
0:
08
07
05
13
02
00
1/
b1010010110100101010110100101101 Q
b1010010110100101010110100101101 P
b1010010110100101010110100101101 )
#1710000
0$
0,
#1715000
1$
1,
0'
0/
b10000000000000000000000000000 Q
b10000000000000000000000000000 P
b10000000000000000000000000000 )
#1720000
0$
0,
#1725000
1$
1,
b10010110 *
b10000000000000000000000000001 (
1'
1O
1/
#1730000
0$
0,
#1735000
1$
1,
0'
0/
b10000000000000000000000000001 Q
b10000000000000000000000000001 P
b10000000000000000000000000001 )
#1740000
0$
0,
#1745000
1$
1,
b10010111 *
b10000000000000000000000000010 (
1'
0O
1N
1/
#1750000
0$
0,
#1755000
1$
1,
0'
0/
b10000000000000000000000000010 Q
b10000000000000000000000000010 P
b10000000000000000000000000010 )
#1760000
0$
0,
#1765000
1$
1,
b10011000 *
b10000000000000000000000000011 (
1'
1O
1/
#1770000
0$
0,
#1775000
1$
1,
0'
0/
b10000000000000000000000000011 Q
b10000000000000000000000000011 P
b10000000000000000000000000011 )
#1780000
0$
0,
#1785000
1$
1,
b10011001 *
b10000000000000000000000000100 (
1'
0O
0N
1M
1/
#1790000
0$
0,
#1795000
1$
1,
0'
0/
b10000000000000000000000000100 Q
b10000000000000000000000000100 P
b10000000000000000000000000100 )
#1800000
0$
0,
#1805000
1$
1,
b10011010 *
b10000000000000000000000000101 (
1'
1O
1/
#1810000
0$
0,
#1815000
1$
1,
0'
0/
b10000000000000000000000000101 Q
b10000000000000000000000000101 P
b10000000000000000000000000101 )
#1820000
0$
0,
#1825000
1$
1,
b10011011 *
b10000000000000000000000000110 (
1'
0O
1N
1/
#1830000
0$
0,
#1835000
1$
1,
0'
0/
b10000000000000000000000000110 Q
b10000000000000000000000000110 P
b10000000000000000000000000110 )
#1840000
0$
0,
#1845000
1$
1,
b10011100 *
b10000000000000000000000000111 (
1'
1O
1/
#1850000
0$
0,
#1855000
1$
1,
0'
0/
b10000000000000000000000000111 Q
b10000000000000000000000000111 P
b10000000000000000000000000111 )
#1860000
0$
0,
#1865000
1$
1,
b10011101 *
b10000000000000000000000001000 (
1'
0O
0N
0M
1L
1/
#1870000
0$
0,
#1875000
1$
1,
0'
0/
b10000000000000000000000001000 Q
b10000000000000000000000001000 P
b10000000000000000000000001000 )
#1880000
0$
0,
#1885000
1$
1,
b10011110 *
b10000000000000000000000001001 (
1'
1O
1/
#1890000
0$
0,
#1895000
1$
1,
0'
0/
b10000000000000000000000001001 Q
b10000000000000000000000001001 P
b10000000000000000000000001001 )
#1900000
0$
0,
#1905000
1$
1,
b10011111 *
b10100000 *
b10111010101011011111000000001101 (
1'
1M
1C
1B
1A
1@
1?
1=
1<
1:
18
16
14
12
10
1/
#1910000
0$
0,
#1915000
1$
1,
0'
1&
0/
1.
b10111010101011011111000000001101 Q
b10111010101011011111000000001101 P
b10111010101011011111000000001101 )
#1920000
0$
0,
#1925000
1$
1,
b1011101000101101111100000000001 Q
b1011101000101101111100000000001 P
b1011101000101101111100000000001 )
#1930000
0$
0,
#1935000
1$
1,
b101110110010110111110000000111 Q
b101110110010110111110000000111 P
b101110110010110111110000000111 )
#1940000
0$
0,
#1945000
1$
1,
b10111001001011011111000000100 Q
b10111001001011011111000000100 P
b10111001001011011111000000100 )
#1950000
0$
0,
#1955000
1$
1,
b1011100100101101111100000010 Q
b1011100100101101111100000010 P
b1011100100101101111100000010 )
#1960000
0$
0,
#1965000
1$
1,
b101110010010110111110000001 Q
b101110010010110111110000001 P
b101110010010110111110000001 )
#1970000
0$
0,
#1975000
1$
1,
b10101001001011011111000111 Q
b10101001001011011111000111 P
b10101001001011011111000111 )
#1980000
0$
0,
#1985000
1$
1,
b1000100100101101111100100 Q
b1000100100101101111100100 P
b1000100100101101111100100 )
#1990000
0$
0,
#1995000
1$
1,
b100010010010110111110010 Q
b100010010010110111110010 P
b100010010010110111110010 )
#2000000
0$
0,
#2005000
1$
1,
b10001001001011011111001 Q
b10001001001011011111001 P
b10001001001011011111001 )
#2010000
0$
0,
#2015000
1$
1,
b11000100100101101111011 Q
b11000100100101101111011 P
b11000100100101101111011 )
#2020000
0$
0,
#2025000
1$
1,
b11100010010010110111010 Q
b11100010010010110111010 P
b11100010010010110111010 )
#2030000
0$
0,
#2035000
1$
1,
b1110001001001011011101 Q
b1110001001001011011101 P
b1110001001001011011101 )
#2040000
0$
0,
#2045000
1$
1,
b10111000100100101101001 Q
b10111000100100101101001 P
b10111000100100101101001 )
#2050000
0$
0,
#2055000
1$
1,
b11011100010010010110011 Q
b11011100010010010110011 P
b11011100010010010110011 )
#2060000
0$
0,
#2065000
1$
1,
b11101110001001001011110 Q
b11101110001001001011110 P
b11101110001001001011110 )
#2070000
0$
0,
#2075000
1$
1,
b1110111000100100101111 Q
b1110111000100100101111 P
b1110111000100100101111 )
#2080000
0$
0,
#2085000
1$
1,
b10111011100010010010000 Q
b10111011100010010010000 P
b10111011100010010010000 )
#2090000
0$
0,
#2095000
1$
1,
b1011101110001001001000 Q
b1011101110001001001000 P
b1011101110001001001000 )
#2100000
0$
0,
#2105000
1$
1,
b101110111000100100100 Q
b101110111000100100100 P
b101110111000100100100 )
#2110000
0$
0,
#2115000
1$
1,
0&
1'
0.
1/
b10111011100010010010 Q
b10111011100010010010 P
b10111011100010010010 )
#2120000
0$
0,
#2125000
1$
1,
0'
1&
0/
1.
b10111010101011011111000000001101 Q
b10111010101011011111000000001101 P
b10111010101011011111000000001101 )
#2130000
0$
0,
#2135000
1$
1,
b10100001 *
b1011101000101101111100000000001 Q
b1011101000101101111100000000001 P
b1011101000101101111100000000001 )
#2140000
0$
0,
#2145000
1$
1,
b10100010 *
b101110110010110111110000000111 Q
b101110110010110111110000000111 P
b101110110010110111110000000111 )
#2150000
0$
0,
#2155000
1$
1,
b10100011 *
b10111001001011011111000000100 Q
b10111001001011011111000000100 P
b10111001001011011111000000100 )
#2160000
0$
0,
#2165000
1$
1,
b10100100 *
b1011100100101101111100000010 Q
b1011100100101101111100000010 P
b1011100100101101111100000010 )
#2170000
0$
0,
#2175000
1$
1,
b10100101 *
b101110010010110111110000001 Q
b101110010010110111110000001 P
b101110010010110111110000001 )
#2180000
0$
0,
#2185000
1$
1,
b10100110 *
b10101001001011011111000111 Q
b10101001001011011111000111 P
b10101001001011011111000111 )
#2190000
0$
0,
#2195000
1$
1,
b10100111 *
b1000100100101101111100100 Q
b1000100100101101111100100 P
b1000100100101101111100100 )
#2200000
0$
0,
#2205000
1$
1,
b10101000 *
b100010010010110111110010 Q
b100010010010110111110010 P
b100010010010110111110010 )
#2210000
0$
0,
#2215000
1$
1,
b10101001 *
b10001001001011011111001 Q
b10001001001011011111001 P
b10001001001011011111001 )
#2220000
0$
0,
#2225000
1$
1,
b10101010 *
b11000100100101101111011 Q
b11000100100101101111011 P
b11000100100101101111011 )
#2230000
0$
0,
#2235000
1$
1,
b10101011 *
b11100010010010110111010 Q
b11100010010010110111010 P
b11100010010010110111010 )
#2240000
0$
0,
#2245000
1$
1,
b10101100 *
b1110001001001011011101 Q
b1110001001001011011101 P
b1110001001001011011101 )
#2250000
0$
0,
#2255000
1$
1,
b10101101 *
b10111000100100101101001 Q
b10111000100100101101001 P
b10111000100100101101001 )
#2260000
0$
0,
#2265000
1$
1,
b10101110 *
b11011100010010010110011 Q
b11011100010010010110011 P
b11011100010010010110011 )
#2270000
0$
0,
#2275000
1$
1,
b10101111 *
b11101110001001001011110 Q
b11101110001001001011110 P
b11101110001001001011110 )
#2280000
0$
0,
#2285000
1$
1,
b10110000 *
b1110111000100100101111 Q
b1110111000100100101111 P
b1110111000100100101111 )
#2290000
0$
0,
#2295000
1$
1,
b10110001 *
b10111011100010010010000 Q
b10111011100010010010000 P
b10111011100010010010000 )
#2300000
0$
0,
#2305000
1$
1,
b10110010 *
b1011101110001001001000 Q
b1011101110001001001000 P
b1011101110001001001000 )
#2310000
0$
0,
#2315000
1$
1,
b10110011 *
b101110111000100100100 Q
b101110111000100100100 P
b101110111000100100100 )
#2320000
0$
0,
#2325000
1$
1,
b10110100 *
0&
b11011110101011011011111011101111 (
1'
0.
1N
1J
1I
1H
1F
1E
1D
0A
15
02
11
1/
b10111011100010010010 Q
b10111011100010010010 P
b10111011100010010010 )
#2330000
0$
0,
#2335000
1$
1,
0'
1&
0/
1.
b11011110101011011011111011101111 Q
b11011110101011011011111011101111 P
b11011110101011011011111011101111 )
#2340000
0$
0,
#2345000
1$
1,
b10110101 *
b1101111000101101101111101110000 Q
b1101111000101101101111101110000 P
b1101111000101101101111101110000 )
#2350000
0$
0,
#2355000
1$
1,
b10110110 *
b110111100010110110111110111000 Q
b110111100010110110111110111000 P
b110111100010110110111110111000 )
#2360000
0$
0,
#2365000
1$
1,
b10110111 *
b11011110001011011011111011100 Q
b11011110001011011011111011100 P
b11011110001011011011111011100 )
#2370000
0$
0,
#2375000
1$
1,
b10111000 *
b1101111000101101101111101110 Q
b1101111000101101101111101110 P
b1101111000101101101111101110 )
#2380000
0$
0,
#2385000
1$
1,
b10111001 *
b110111100010110110111110111 Q
b110111100010110110111110111 P
b110111100010110110111110111 )
#2390000
0$
0,
#2395000
1$
1,
b10111010 *
b11001110001011011011111100 Q
b11001110001011011011111100 P
b11001110001011011011111100 )
#2400000
0$
0,
#2405000
1$
1,
b10111011 *
b1100111000101101101111110 Q
b1100111000101101101111110 P
b1100111000101101101111110 )
#2410000
0$
0,
#2415000
1$
1,
b10111100 *
b110011100010110110111111 Q
b110011100010110110111111 P
b110011100010110110111111 )
#2420000
0$
0,
#2425000
1$
1,
b10111101 *
b1001110001011011011000 Q
b1001110001011011011000 P
b1001110001011011011000 )
#2430000
0$
0,
#2435000
1$
1,
b10111110 *
b100111000101101101100 Q
b100111000101101101100 P
b100111000101101101100 )
#2440000
0$
0,
#2445000
1$
1,
b10111111 *
b10011100010110110110 Q
b10011100010110110110 P
b10011100010110110110 )
#2450000
0$
0,
#2455000
1$
1,
b11000000 *
b1001110001011011011 Q
b1001110001011011011 P
b1001110001011011011 )
#2460000
0$
0,
#2465000
1$
1,
b11000001 *
b10000100111000101101010 Q
b10000100111000101101010 P
b10000100111000101101010 )
#2470000
0$
0,
#2475000
1$
1,
b11000010 *
b1000010011100010110101 Q
b1000010011100010110101 P
b1000010011100010110101 )
#2480000
0$
0,
#2485000
1$
1,
b11000011 *
b10100001001110001011101 Q
b10100001001110001011101 P
b10100001001110001011101 )
#2490000
0$
0,
#2495000
1$
1,
b11000100 *
b11010000100111000101001 Q
b11010000100111000101001 P
b11010000100111000101001 )
#2500000
0$
0,
#2505000
1$
1,
b11000101 *
b11101000010011100010011 Q
b11101000010011100010011 P
b11101000010011100010011 )
#2510000
0$
0,
#2515000
1$
1,
b11000110 *
b11110100001001110001110 Q
b11110100001001110001110 P
b11110100001001110001110 )
#2520000
0$
0,
#2525000
1$
1,
b11000111 *
b1111010000100111000111 Q
b1111010000100111000111 P
b1111010000100111000111 )
#2530000
0$
0,
#2535000
1$
1,
b11001000 *
b10111101000010011100100 Q
b10111101000010011100100 P
b10111101000010011100100 )
#2540000
0$
0,
#2545000
1$
1,
b11001001 *
b1011110100001001110010 Q
b1011110100001001110010 P
b1011110100001001110010 )
#2550000
0$
0,
#2555000
1$
1,
b11001010 *
b101111010000100111001 Q
b101111010000100111001 P
b101111010000100111001 )
#2560000
0$
0,
#2565000
1$
1,
b11001011 *
b10010111101000010011011 Q
b10010111101000010011011 P
b10010111101000010011011 )
#2570000
0$
0,
#2575000
1$
1,
b11001100 *
b11001011110100001001010 Q
b11001011110100001001010 P
b11001011110100001001010 )
#2580000
0$
0,
#2585000
1$
1,
b11001101 *
b1100101111010000100101 Q
b1100101111010000100101 P
b1100101111010000100101 )
#2590000
0$
0,
#2595000
1$
1,
b11001110 *
b10110010111101000010101 Q
b10110010111101000010101 P
b10110010111101000010101 )
#2600000
0$
0,
#2605000
1$
1,
b11001111 *
b11011001011110100001101 Q
b11011001011110100001101 P
b11011001011110100001101 )
#2610000
0$
0,
#2615000
1$
1,
b11010000 *
b11101100101111010000001 Q
b11101100101111010000001 P
b11101100101111010000001 )
#2620000
0$
0,
#2625000
1$
1,
b11010001 *
b11110110010111101000111 Q
b11110110010111101000111 P
b11110110010111101000111 )
#2630000
0$
0,
#2635000
1$
1,
b11010010 *
b11111011001011110100100 Q
b11111011001011110100100 P
b11111011001011110100100 )
#2640000
0$
0,
#2645000
1$
1,
b11010011 *
b1111101100101111010010 Q
b1111101100101111010010 P
b1111101100101111010010 )
#2650000
0$
0,
#2655000
1$
1,
b11010100 *
b111110110010111101001 Q
b111110110010111101001 P
b111110110010111101001 )
#2660000
0$
0,
#2665000
1$
1,
b11010101 *
b10011111011001011110011 Q
b10011111011001011110011 P
b10011111011001011110011 )
#2670000
0$
0,
#2675000
1$
1,
b11010110 *
b11001111101100101111110 Q
b11001111101100101111110 P
b11001111101100101111110 )
#2680000
0$
0,
#2685000
1$
1,
b11010111 *
b1100111110110010111111 Q
b1100111110110010111111 P
b1100111110110010111111 )
#2690000
0$
0,
#2695000
1$
1,
b11011000 *
b10110011111011001011000 Q
b10110011111011001011000 P
b10110011111011001011000 )
#2700000
0$
0,
#2705000
1$
1,
b11011001 *
b1011001111101100101100 Q
b1011001111101100101100 P
b1011001111101100101100 )
#2710000
0$
0,
#2715000
1$
1,
b11011010 *
b101100111110110010110 Q
b101100111110110010110 P
b101100111110110010110 )
#2720000
0$
0,
#2725000
1$
1,
b11011011 *
b10110011111011001011 Q
b10110011111011001011 P
b10110011111011001011 )
#2730000
0$
0,
#2735000
1$
1,
b11011100 *
b10001011001111101100010 Q
b10001011001111101100010 P
b10001011001111101100010 )
#2740000
0$
0,
#2745000
1$
1,
b11011101 *
b1000101100111110110001 Q
b1000101100111110110001 P
b1000101100111110110001 )
#2750000
0$
0,
#2755000
1$
1,
b11011110 *
b10100010110011111011111 Q
b10100010110011111011111 P
b10100010110011111011111 )
#2760000
0$
0,
#2765000
1$
1,
b11011111 *
b11010001011001111101000 Q
b11010001011001111101000 P
b11010001011001111101000 )
#2770000
0$
0,
#2775000
1$
1,
b11100000 *
b1101000101100111110100 Q
b1101000101100111110100 P
b1101000101100111110100 )
#2780000
0$
0,
#2785000
1$
1,
b11100001 *
b110100010110011111010 Q
b110100010110011111010 P
b110100010110011111010 )
#2790000
0$
0,
#2795000
1$
1,
b11100010 *
b11010001011001111101 Q
b11010001011001111101 P
b11010001011001111101 )
#2800000
0$
0,
#2805000
1$
1,
b11100011 *
b10001101000101100111001 Q
b10001101000101100111001 P
b10001101000101100111001 )
#2810000
0$
0,
#2815000
1$
1,
b11100100 *
b11000110100010110011011 Q
b11000110100010110011011 P
b11000110100010110011011 )
#2820000
0$
0,
#2825000
1$
1,
b11100101 *
b11100011010001011001010 Q
b11100011010001011001010 P
b11100011010001011001010 )
#2830000
0$
0,
#2835000
1$
1,
b11100110 *
b1110001101000101100101 Q
b1110001101000101100101 P
b1110001101000101100101 )
#2840000
0$
0,
#2845000
1$
1,
b11100111 *
b10111000110100010110101 Q
b10111000110100010110101 P
b10111000110100010110101 )
#2850000
0$
0,
#2855000
1$
1,
b11101000 *
b11011100011010001011101 Q
b11011100011010001011101 P
b11011100011010001011101 )
#2860000
0$
0,
#2865000
1$
1,
b11101001 *
b11101110001101000101001 Q
b11101110001101000101001 P
b11101110001101000101001 )
#2870000
0$
0,
#2875000
1$
1,
b11101010 *
b11110111000110100010011 Q
b11110111000110100010011 P
b11110111000110100010011 )
#2880000
0$
0,
#2885000
1$
1,
b11101011 *
b11111011100011010001110 Q
b11111011100011010001110 P
b11111011100011010001110 )
#2890000
0$
0,
#2895000
1$
1,
b11101100 *
b1111101110001101000111 Q
b1111101110001101000111 P
b1111101110001101000111 )
#2900000
0$
0,
#2905000
1$
1,
b11101101 *
b10111110111000110100100 Q
b10111110111000110100100 P
b10111110111000110100100 )
#2910000
0$
0,
#2915000
1$
1,
b11101110 *
b1011111011100011010010 Q
b1011111011100011010010 P
b1011111011100011010010 )
#2920000
0$
0,
#2925000
1$
1,
b11101111 *
b101111101110001101001 Q
b101111101110001101001 P
b101111101110001101001 )
#2930000
0$
0,
#2935000
1$
1,
b11110000 *
b10010111110111000110011 Q
b10010111110111000110011 P
b10010111110111000110011 )
#2940000
0$
0,
#2945000
1$
1,
b11110001 *
b11001011111011100011110 Q
b11001011111011100011110 P
b11001011111011100011110 )
#2950000
0$
0,
#2955000
1$
1,
b11110010 *
b1100101111101110001111 Q
b1100101111101110001111 P
b1100101111101110001111 )
#2960000
0$
0,
#2965000
1$
1,
b11110011 *
b10110010111110111000000 Q
b10110010111110111000000 P
b10110010111110111000000 )
#2970000
0$
0,
#2975000
1$
1,
b11110100 *
b1011001011111011100000 Q
b1011001011111011100000 P
b1011001011111011100000 )
#2980000
0$
0,
#2985000
1$
1,
b11110101 *
b101100101111101110000 Q
b101100101111101110000 P
b101100101111101110000 )
#2990000
0$
0,
#2995000
1$
1,
b11110110 *
b10110010111110111000 Q
b10110010111110111000 P
b10110010111110111000 )
#3000000
0$
0,
#3005000
1$
1,
b11110111 *
b1011001011111011100 Q
b1011001011111011100 P
b1011001011111011100 )
#3010000
0$
0,
#3015000
1$
1,
b11111000 *
b101100101111101110 Q
b101100101111101110 P
b101100101111101110 )
#3020000
0$
0,
#3025000
1$
1,
b11111001 *
b10110010111110111 Q
b10110010111110111 P
b10110010111110111 )
#3030000
0$
0,
#3035000
1$
1,
b11111010 *
b10000001011001011111100 Q
b10000001011001011111100 P
b10000001011001011111100 )
#3040000
0$
0,
#3045000
1$
1,
b11111011 *
b1000000101100101111110 Q
b1000000101100101111110 P
b1000000101100101111110 )
#3050000
0$
0,
#3055000
1$
1,
b11111100 *
b100000010110010111111 Q
b100000010110010111111 P
b100000010110010111111 )
#3060000
0$
0,
#3065000
1$
1,
b11111101 *
b10010000001011001011000 Q
b10010000001011001011000 P
b10010000001011001011000 )
#3070000
0$
0,
#3075000
1$
1,
b11111110 *
b1001000000101100101100 Q
b1001000000101100101100 P
b1001000000101100101100 )
#3080000
0$
0,
#3085000
1$
1,
b11111111 *
b100100000010110010110 Q
b100100000010110010110 P
b100100000010110010110 )
#3090000
0$
0,
#3095000
1$
1,
b100000000 *
b10010000001011001011 Q
b10010000001011001011 P
b10010000001011001011 )
#3100000
0$
0,
#3105000
1$
1,
b100000001 *
b10001001000000101100010 Q
b10001001000000101100010 P
b10001001000000101100010 )
#3110000
0$
0,
#3115000
1$
1,
b100000010 *
b1000100100000010110001 Q
b1000100100000010110001 P
b1000100100000010110001 )
#3120000
0$
0,
#3125000
1$
1,
b100000011 *
b10100010010000001011111 Q
b10100010010000001011111 P
b10100010010000001011111 )
#3130000
0$
0,
#3135000
1$
1,
b100000100 *
b11010001001000000101000 Q
b11010001001000000101000 P
b11010001001000000101000 )
#3140000
0$
0,
#3145000
1$
1,
b100000101 *
b1101000100100000010100 Q
b1101000100100000010100 P
b1101000100100000010100 )
#3150000
0$
0,
#3155000
1$
1,
b100000110 *
b110100010010000001010 Q
b110100010010000001010 P
b110100010010000001010 )
#3160000
0$
0,
#3165000
1$
1,
b100000111 *
b11010001001000000101 Q
b11010001001000000101 P
b11010001001000000101 )
#3170000
0$
0,
#3175000
1$
1,
b100001000 *
b10001101000100100000101 Q
b10001101000100100000101 P
b10001101000100100000101 )
#3180000
0$
0,
#3185000
1$
1,
b100001001 *
b11000110100010010000101 Q
b11000110100010010000101 P
b11000110100010010000101 )
#3190000
0$
0,
#3195000
1$
1,
b100001010 *
b11100011010001001000101 Q
b11100011010001001000101 P
b11100011010001001000101 )
#3200000
0$
0,
#3205000
1$
1,
b100001011 *
b11110001101000100100101 Q
b11110001101000100100101 P
b11110001101000100100101 )
#3210000
0$
0,
#3215000
1$
1,
b100001100 *
b11111000110100010010101 Q
b11111000110100010010101 P
b11111000110100010010101 )
#3220000
0$
0,
#3225000
1$
1,
b100001101 *
b11111100011010001001101 Q
b11111100011010001001101 P
b11111100011010001001101 )
#3230000
0$
0,
#3235000
1$
1,
b100001110 *
b11111110001101000100001 Q
b11111110001101000100001 P
b11111110001101000100001 )
#3240000
0$
0,
#3245000
1$
1,
b100001111 *
b11111111000110100010111 Q
b11111111000110100010111 P
b11111111000110100010111 )
#3250000
0$
0,
#3255000
1$
1,
b100010000 *
b11111111100011010001100 Q
b11111111100011010001100 P
b11111111100011010001100 )
#3260000
0$
0,
#3265000
1$
1,
b100010001 *
b1111111110001101000110 Q
b1111111110001101000110 P
b1111111110001101000110 )
#3270000
0$
0,
#3275000
1$
1,
b100010010 *
b111111111000110100011 Q
b111111111000110100011 P
b111111111000110100011 )
#3280000
0$
0,
#3285000
1$
1,
b100010011 *
b10011111111100011010110 Q
b10011111111100011010110 P
b10011111111100011010110 )
#3290000
0$
0,
#3295000
1$
1,
b100010100 *
b1001111111110001101011 Q
b1001111111110001101011 P
b1001111111110001101011 )
#3300000
0$
0,
#3305000
1$
1,
b100010101 *
b10100111111111000110010 Q
b10100111111111000110010 P
b10100111111111000110010 )
#3310000
0$
0,
#3315000
1$
1,
b100010110 *
b1010011111111100011001 Q
b1010011111111100011001 P
b1010011111111100011001 )
#3320000
0$
0,
#3325000
1$
1,
b100010111 *
b10101001111111110001011 Q
b10101001111111110001011 P
b10101001111111110001011 )
#3330000
0$
0,
#3335000
1$
1,
b100011000 *
b11010100111111111000010 Q
b11010100111111111000010 P
b11010100111111111000010 )
#3340000
0$
0,
#3345000
1$
1,
b100011001 *
b1101010011111111100001 Q
b1101010011111111100001 P
b1101010011111111100001 )
#3350000
0$
0,
#3355000
1$
1,
b100011010 *
b10110101001111111110111 Q
b10110101001111111110111 P
b10110101001111111110111 )
#3360000
0$
0,
#3365000
1$
1,
b100011011 *
b11011010100111111111100 Q
b11011010100111111111100 P
b11011010100111111111100 )
#3370000
0$
0,
#3375000
1$
1,
b100011100 *
b1101101010011111111110 Q
b1101101010011111111110 P
b1101101010011111111110 )
#3380000
0$
0,
#3385000
1$
1,
b100011101 *
b110110101001111111111 Q
b110110101001111111111 P
b110110101001111111111 )
#3390000
0$
0,
#3395000
1$
1,
b100011110 *
b10011011010100111111000 Q
b10011011010100111111000 P
b10011011010100111111000 )
#3400000
0$
0,
#3405000
1$
1,
b100011111 *
b1001101101010011111100 Q
b1001101101010011111100 P
b1001101101010011111100 )
#3410000
0$
0,
#3415000
1$
1,
b100100000 *
b100110110101001111110 Q
b100110110101001111110 P
b100110110101001111110 )
#3420000
0$
0,
#3425000
1$
1,
b100100001 *
b10011011010100111111 Q
b10011011010100111111 P
b10011011010100111111 )
#3430000
0$
0,
#3435000
1$
1,
b100100010 *
b10001001101101010011000 Q
b10001001101101010011000 P
b10001001101101010011000 )
#3440000
0$
0,
#3445000
1$
1,
b100100011 *
b1000100110110101001100 Q
b1000100110110101001100 P
b1000100110110101001100 )
#3450000
0$
0,
#3455000
1$
1,
b100100100 *
b100010011011010100110 Q
b100010011011010100110 P
b100010011011010100110 )
#3460000
0$
0,
#3465000
1$
1,
b100100101 *
b10001001101101010011 Q
b10001001101101010011 P
b10001001101101010011 )
#3470000
0$
0,
#3475000
1$
1,
b100100110 *
b10001000100110110101110 Q
b10001000100110110101110 P
b10001000100110110101110 )
#3480000
0$
0,
#3485000
1$
1,
b100100111 *
b1000100010011011010111 Q
b1000100010011011010111 P
b1000100010011011010111 )
#3490000
0$
0,
#3495000
1$
1,
b100101000 *
b10100010001001101101100 Q
b10100010001001101101100 P
b10100010001001101101100 )
#3500000
0$
0,
#3505000
1$
1,
b100101001 *
b1010001000100110110110 Q
b1010001000100110110110 P
b1010001000100110110110 )
#3510000
0$
0,
#3515000
1$
1,
b100101010 *
b101000100010011011011 Q
b101000100010011011011 P
b101000100010011011011 )
#3520000
0$
0,
#3525000
1$
1,
b100101011 *
b10010100010001001101010 Q
b10010100010001001101010 P
b10010100010001001101010 )
#3530000
0$
0,
#3535000
1$
1,
b100101100 *
b1001010001000100110101 Q
b1001010001000100110101 P
b1001010001000100110101 )
#3540000
0$
0,
#3545000
1$
1,
b100101101 *
b10100101000100010011101 Q
b10100101000100010011101 P
b10100101000100010011101 )
#3550000
0$
0,
#3555000
1$
1,
b100101110 *
b11010010100010001001001 Q
b11010010100010001001001 P
b11010010100010001001001 )
#3560000
0$
0,
#3565000
1$
1,
b100101111 *
b11101001010001000100011 Q
b11101001010001000100011 P
b11101001010001000100011 )
#3570000
0$
0,
#3575000
1$
1,
b100110000 *
b11110100101000100010110 Q
b11110100101000100010110 P
b11110100101000100010110 )
#3580000
0$
0,
#3585000
1$
1,
b100110001 *
b1111010010100010001011 Q
b1111010010100010001011 P
b1111010010100010001011 )
#3590000
0$
0,
#3595000
1$
1,
b100110010 *
b10111101001010001000010 Q
b10111101001010001000010 P
b10111101001010001000010 )
#3600000
0$
0,
#3605000
1$
1,
b100110011 *
b1011110100101000100001 Q
b1011110100101000100001 P
b1011110100101000100001 )
#3610000
0$
0,
#3615000
1$
1,
b100110100 *
b10101111010010100010111 Q
b10101111010010100010111 P
b10101111010010100010111 )
#3620000
0$
0,
#3625000
1$
1,
b100110101 *
b11010111101001010001100 Q
b11010111101001010001100 P
b11010111101001010001100 )
#3630000
0$
0,
#3635000
1$
1,
b100110110 *
b1101011110100101000110 Q
b1101011110100101000110 P
b1101011110100101000110 )
#3640000
0$
0,
#3645000
1$
1,
b100110111 *
b110101111010010100011 Q
b110101111010010100011 P
b110101111010010100011 )
#3650000
0$
0,
#3655000
1$
1,
b100111000 *
b10011010111101001010110 Q
b10011010111101001010110 P
b10011010111101001010110 )
#3660000
0$
0,
#3665000
1$
1,
b100111001 *
b1001101011110100101011 Q
b1001101011110100101011 P
b1001101011110100101011 )
#3670000
0$
0,
#3675000
1$
1,
b100111010 *
b10100110101111010010010 Q
b10100110101111010010010 P
b10100110101111010010010 )
#3680000
0$
0,
#3685000
1$
1,
b100111011 *
b1010011010111101001001 Q
b1010011010111101001001 P
b1010011010111101001001 )
#3690000
0$
0,
#3695000
1$
1,
b100111100 *
b10101001101011110100011 Q
b10101001101011110100011 P
b10101001101011110100011 )
#3700000
0$
0,
#3705000
1$
1,
b100111101 *
b11010100110101111010110 Q
b11010100110101111010110 P
b11010100110101111010110 )
#3710000
0$
0,
#3715000
1$
1,
b100111110 *
b1101010011010111101011 Q
b1101010011010111101011 P
b1101010011010111101011 )
#3720000
0$
0,
#3725000
1$
1,
b100111111 *
b10110101001101011110010 Q
b10110101001101011110010 P
b10110101001101011110010 )
#3730000
0$
0,
#3735000
1$
1,
b101000000 *
b1011010100110101111001 Q
b1011010100110101111001 P
b1011010100110101111001 )
#3740000
0$
0,
#3745000
1$
1,
b101000001 *
b10101101010011010111011 Q
b10101101010011010111011 P
b10101101010011010111011 )
#3750000
0$
0,
#3755000
1$
1,
b101000010 *
b11010110101001101011010 Q
b11010110101001101011010 P
b11010110101001101011010 )
#3760000
0$
0,
#3765000
1$
1,
b101000011 *
b1101011010100110101101 Q
b1101011010100110101101 P
b1101011010100110101101 )
#3770000
0$
0,
#3775000
1$
1,
b101000100 *
b10110101101010011010001 Q
b10110101101010011010001 P
b10110101101010011010001 )
#3780000
0$
0,
#3785000
1$
1,
b101000101 *
b11011010110101001101111 Q
b11011010110101001101111 P
b11011010110101001101111 )
#3790000
0$
0,
#3795000
1$
1,
b101000110 *
b11101101011010100110000 Q
b11101101011010100110000 P
b11101101011010100110000 )
#3800000
0$
0,
#3805000
1$
1,
b101000111 *
b1110110101101010011000 Q
b1110110101101010011000 P
b1110110101101010011000 )
#3810000
0$
0,
#3815000
1$
1,
b101001000 *
b111011010110101001100 Q
b111011010110101001100 P
b111011010110101001100 )
#3820000
0$
0,
#3825000
1$
1,
b101001001 *
b11101101011010100110 Q
b11101101011010100110 P
b11101101011010100110 )
#3830000
0$
0,
#3835000
1$
1,
b101001010 *
b1110110101101010011 Q
b1110110101101010011 P
b1110110101101010011 )
#3840000
0$
0,
#3845000
1$
1,
b101001011 *
b10000111011010110101110 Q
b10000111011010110101110 P
b10000111011010110101110 )
#3850000
0$
0,
#3855000
1$
1,
b101001100 *
b1000011101101011010111 Q
b1000011101101011010111 P
b1000011101101011010111 )
#3860000
0$
0,
#3865000
1$
1,
b101001101 *
b10100001110110101101100 Q
b10100001110110101101100 P
b10100001110110101101100 )
#3870000
0$
0,
#3875000
1$
1,
b101001110 *
b1010000111011010110110 Q
b1010000111011010110110 P
b1010000111011010110110 )
#3880000
0$
0,
#3885000
1$
1,
b101001111 *
b101000011101101011011 Q
b101000011101101011011 P
b101000011101101011011 )
#3890000
0$
0,
#3895000
1$
1,
b101010000 *
b10010100001110110101010 Q
b10010100001110110101010 P
b10010100001110110101010 )
#3900000
0$
0,
#3905000
1$
1,
b101010001 *
b1001010000111011010101 Q
b1001010000111011010101 P
b1001010000111011010101 )
#3910000
0$
0,
#3915000
1$
1,
b101010010 *
b10100101000011101101101 Q
b10100101000011101101101 P
b10100101000011101101101 )
#3920000
0$
0,
#3925000
1$
1,
b101010011 *
b11010010100001110110001 Q
b11010010100001110110001 P
b11010010100001110110001 )
#3930000
0$
0,
#3935000
1$
1,
b101010100 *
b11101001010000111011111 Q
b11101001010000111011111 P
b11101001010000111011111 )
#3940000
0$
0,
#3945000
1$
1,
b101010101 *
b11110100101000011101000 Q
b11110100101000011101000 P
b11110100101000011101000 )
#3950000
0$
0,
#3955000
1$
1,
b101010110 *
b1111010010100001110100 Q
b1111010010100001110100 P
b1111010010100001110100 )
#3960000
0$
0,
#3965000
1$
1,
b101010111 *
b111101001010000111010 Q
b111101001010000111010 P
b111101001010000111010 )
#3970000
0$
0,
#3975000
1$
1,
b101011000 *
b11110100101000011101 Q
b11110100101000011101 P
b11110100101000011101 )
#3980000
0$
0,
#3985000
1$
1,
b101011001 *
b10001111010010100001001 Q
b10001111010010100001001 P
b10001111010010100001001 )
#3990000
0$
0,
#3995000
1$
1,
b101011010 *
b11000111101001010000011 Q
b11000111101001010000011 P
b11000111101001010000011 )
#4000000
0$
0,
#4005000
1$
1,
b101011011 *
b11100011110100101000110 Q
b11100011110100101000110 P
b11100011110100101000110 )
#4010000
0$
0,
#4015000
1$
1,
b101011100 *
b1110001111010010100011 Q
b1110001111010010100011 P
b1110001111010010100011 )
#4020000
0$
0,
#4025000
1$
1,
b101011101 *
b10111000111101001010110 Q
b10111000111101001010110 P
b10111000111101001010110 )
#4030000
0$
0,
#4035000
1$
1,
b101011110 *
b1011100011110100101011 Q
b1011100011110100101011 P
b1011100011110100101011 )
#4040000
0$
0,
#4045000
1$
1,
b101011111 *
b10101110001111010010010 Q
b10101110001111010010010 P
b10101110001111010010010 )
#4050000
0$
0,
#4055000
1$
1,
b101100000 *
b1010111000111101001001 Q
b1010111000111101001001 P
b1010111000111101001001 )
#4060000
0$
0,
#4065000
1$
1,
b101100001 *
b10101011100011110100011 Q
b10101011100011110100011 P
b10101011100011110100011 )
#4070000
0$
0,
#4075000
1$
1,
b101100010 *
b11010101110001111010110 Q
b11010101110001111010110 P
b11010101110001111010110 )
#4080000
0$
0,
#4085000
1$
1,
b101100011 *
b1101010111000111101011 Q
b1101010111000111101011 P
b1101010111000111101011 )
#4090000
0$
0,
#4095000
1$
1,
b101100100 *
b10110101011100011110010 Q
b10110101011100011110010 P
b10110101011100011110010 )
#4100000
0$
0,
#4105000
1$
1,
b101100101 *
b1011010101110001111001 Q
b1011010101110001111001 P
b1011010101110001111001 )
#4110000
0$
0,
#4115000
1$
1,
b101100110 *
b10101101010111000111011 Q
b10101101010111000111011 P
b10101101010111000111011 )
#4120000
0$
0,
#4125000
1$
1,
b101100111 *
b11010110101011100011010 Q
b11010110101011100011010 P
b11010110101011100011010 )
#4130000
0$
0,
#4135000
1$
1,
b101101000 *
b1101011010101110001101 Q
b1101011010101110001101 P
b1101011010101110001101 )
#4140000
0$
0,
#4145000
1$
1,
b101101001 *
b10110101101010111000001 Q
b10110101101010111000001 P
b10110101101010111000001 )
#4150000
0$
0,
#4155000
1$
1,
b101101010 *
b11011010110101011100111 Q
b11011010110101011100111 P
b11011010110101011100111 )
#4160000
0$
0,
#4165000
1$
1,
b101101011 *
b11101101011010101110100 Q
b11101101011010101110100 P
b11101101011010101110100 )
#4170000
0$
0,
#4175000
1$
1,
b101101100 *
b1110110101101010111010 Q
b1110110101101010111010 P
b1110110101101010111010 )
#4180000
0$
0,
#4185000
1$
1,
b101101101 *
b111011010110101011101 Q
b111011010110101011101 P
b111011010110101011101 )
#4190000
0$
0,
#4195000
1$
1,
b101101110 *
b10011101101011010101001 Q
b10011101101011010101001 P
b10011101101011010101001 )
#4200000
0$
0,
#4205000
1$
1,
b101101111 *
b11001110110101101010011 Q
b11001110110101101010011 P
b11001110110101101010011 )
#4210000
0$
0,
#4215000
1$
1,
b101110000 *
b11100111011010110101110 Q
b11100111011010110101110 P
b11100111011010110101110 )
#4220000
0$
0,
#4225000
1$
1,
b101110001 *
b1110011101101011010111 Q
b1110011101101011010111 P
b1110011101101011010111 )
#4230000
0$
0,
#4235000
1$
1,
b101110010 *
b10111001110110101101100 Q
b10111001110110101101100 P
b10111001110110101101100 )
#4240000
0$
0,
#4245000
1$
1,
b101110011 *
b1011100111011010110110 Q
b1011100111011010110110 P
b1011100111011010110110 )
#4250000
0$
0,
#4255000
1$
1,
b101110100 *
b101110011101101011011 Q
b101110011101101011011 P
b101110011101101011011 )
#4260000
0$
0,
#4265000
1$
1,
b101110101 *
b10010111001110110101010 Q
b10010111001110110101010 P
b10010111001110110101010 )
#4270000
0$
0,
#4275000
1$
1,
b101110110 *
b1001011100111011010101 Q
b1001011100111011010101 P
b1001011100111011010101 )
#4280000
0$
0,
#4285000
1$
1,
b101110111 *
b10100101110011101101101 Q
b10100101110011101101101 P
b10100101110011101101101 )
#4290000
0$
0,
#4295000
1$
1,
b101111000 *
b11010010111001110110001 Q
b11010010111001110110001 P
b11010010111001110110001 )
#4300000
0$
0,
#4305000
1$
1,
b101111001 *
b11101001011100111011111 Q
b11101001011100111011111 P
b11101001011100111011111 )
#4310000
0$
0,
#4315000
1$
1,
b101111010 *
b11110100101110011101000 Q
b11110100101110011101000 P
b11110100101110011101000 )
#4320000
0$
0,
#4325000
1$
1,
b101111011 *
b1111010010111001110100 Q
b1111010010111001110100 P
b1111010010111001110100 )
#4330000
0$
0,
#4335000
1$
1,
b101111100 *
b111101001011100111010 Q
b111101001011100111010 P
b111101001011100111010 )
#4340000
0$
0,
#4345000
1$
1,
b101111101 *
b11110100101110011101 Q
b11110100101110011101 P
b11110100101110011101 )
#4350000
0$
0,
#4355000
1$
1,
b101111110 *
b10001111010010111001001 Q
b10001111010010111001001 P
b10001111010010111001001 )
#4360000
0$
0,
#4365000
1$
1,
b101111111 *
b11000111101001011100011 Q
b11000111101001011100011 P
b11000111101001011100011 )
#4370000
0$
0,
#4375000
1$
1,
b110000000 *
b11100011110100101110110 Q
b11100011110100101110110 P
b11100011110100101110110 )
#4380000
0$
0,
#4385000
1$
1,
b110000001 *
b1110001111010010111011 Q
b1110001111010010111011 P
b1110001111010010111011 )
#4390000
0$
0,
#4395000
1$
1,
b110000010 *
b10111000111101001011010 Q
b10111000111101001011010 P
b10111000111101001011010 )
#4400000
0$
0,
#4405000
1$
1,
b110000011 *
b1011100011110100101101 Q
b1011100011110100101101 P
b1011100011110100101101 )
#4410000
0$
0,
#4415000
1$
1,
b110000100 *
b10101110001111010010001 Q
b10101110001111010010001 P
b10101110001111010010001 )
#4420000
0$
0,
#4425000
1$
1,
b110000101 *
b11010111000111101001111 Q
b11010111000111101001111 P
b11010111000111101001111 )
#4430000
0$
0,
#4435000
1$
1,
b110000110 *
b11101011100011110100000 Q
b11101011100011110100000 P
b11101011100011110100000 )
#4440000
0$
0,
#4445000
1$
1,
b110000111 *
b1110101110001111010000 Q
b1110101110001111010000 P
b1110101110001111010000 )
#4450000
0$
0,
#4455000
1$
1,
b110001000 *
b111010111000111101000 Q
b111010111000111101000 P
b111010111000111101000 )
#4460000
0$
0,
#4465000
1$
1,
b110001001 *
b11101011100011110100 Q
b11101011100011110100 P
b11101011100011110100 )
#4470000
0$
0,
#4475000
1$
1,
b110001010 *
b1110101110001111010 Q
b1110101110001111010 P
b1110101110001111010 )
#4480000
0$
0,
#4485000
1$
1,
b110001011 *
b111010111000111101 Q
b111010111000111101 P
b111010111000111101 )
#4490000
0$
0,
#4495000
1$
1,
b110001100 *
b10000011101011100011001 Q
b10000011101011100011001 P
b10000011101011100011001 )
#4500000
0$
0,
#4505000
1$
1,
b110001101 *
b11000001110101110001011 Q
b11000001110101110001011 P
b11000001110101110001011 )
#4510000
0$
0,
#4515000
1$
1,
b110001110 *
b11100000111010111000010 Q
b11100000111010111000010 P
b11100000111010111000010 )
#4520000
0$
0,
#4525000
1$
1,
b110001111 *
b1110000011101011100001 Q
b1110000011101011100001 P
b1110000011101011100001 )
#4530000
0$
0,
#4535000
1$
1,
b110010000 *
b10111000001110101110111 Q
b10111000001110101110111 P
b10111000001110101110111 )
#4540000
0$
0,
#4545000
1$
1,
b110010001 *
b11011100000111010111100 Q
b11011100000111010111100 P
b11011100000111010111100 )
#4550000
0$
0,
#4555000
1$
1,
b110010010 *
b1101110000011101011110 Q
b1101110000011101011110 P
b1101110000011101011110 )
#4560000
0$
0,
#4565000
1$
1,
b110010011 *
b110111000001110101111 Q
b110111000001110101111 P
b110111000001110101111 )
#4570000
0$
0,
#4575000
1$
1,
b110010100 *
b10011011100000111010000 Q
b10011011100000111010000 P
b10011011100000111010000 )
#4580000
0$
0,
#4585000
1$
1,
b110010101 *
b1001101110000011101000 Q
b1001101110000011101000 P
b1001101110000011101000 )
#4590000
0$
0,
#4595000
1$
1,
b110010110 *
b100110111000001110100 Q
b100110111000001110100 P
b100110111000001110100 )
#4600000
0$
0,
#4605000
1$
1,
b110010111 *
b10011011100000111010 Q
b10011011100000111010 P
b10011011100000111010 )
#4610000
0$
0,
#4615000
1$
1,
b110011000 *
b1001101110000011101 Q
b1001101110000011101 P
b1001101110000011101 )
#4620000
0$
0,
#4625000
1$
1,
b110011001 *
b10000100110111000001001 Q
b10000100110111000001001 P
b10000100110111000001001 )
#4630000
0$
0,
#4635000
1$
1,
b110011010 *
b11000010011011100000011 Q
b11000010011011100000011 P
b11000010011011100000011 )
#4640000
0$
0,
#4645000
1$
1,
b110011011 *
b11100001001101110000110 Q
b11100001001101110000110 P
b11100001001101110000110 )
#4650000
0$
0,
#4655000
1$
1,
b110011100 *
b1110000100110111000011 Q
b1110000100110111000011 P
b1110000100110111000011 )
#4660000
0$
0,
#4665000
1$
1,
b110011101 *
b10111000010011011100110 Q
b10111000010011011100110 P
b10111000010011011100110 )
#4670000
0$
0,
#4675000
1$
1,
b110011110 *
b1011100001001101110011 Q
b1011100001001101110011 P
b1011100001001101110011 )
#4680000
0$
0,
#4685000
1$
1,
b110011111 *
b10101110000100110111110 Q
b10101110000100110111110 P
b10101110000100110111110 )
#4690000
0$
0,
#4695000
1$
1,
b110100000 *
b1010111000010011011111 Q
b1010111000010011011111 P
b1010111000010011011111 )
#4700000
0$
0,
#4705000
1$
1,
b110100001 *
b10101011100001001101000 Q
b10101011100001001101000 P
b10101011100001001101000 )
#4710000
0$
0,
#4715000
1$
1,
b110100010 *
b1010101110000100110100 Q
b1010101110000100110100 P
b1010101110000100110100 )
#4720000
0$
0,
#4725000
1$
1,
b110100011 *
b101010111000010011010 Q
b101010111000010011010 P
b101010111000010011010 )
#4730000
0$
0,
#4735000
1$
1,
b110100100 *
b10101011100001001101 Q
b10101011100001001101 P
b10101011100001001101 )
#4740000
0$
0,
#4745000
1$
1,
b110100101 *
b10001010101110000100001 Q
b10001010101110000100001 P
b10001010101110000100001 )
#4750000
0$
0,
#4755000
1$
1,
b110100110 *
b11000101010111000010111 Q
b11000101010111000010111 P
b11000101010111000010111 )
#4760000
0$
0,
#4765000
1$
1,
b110100111 *
b11100010101011100001100 Q
b11100010101011100001100 P
b11100010101011100001100 )
#4770000
0$
0,
#4775000
1$
1,
b110101000 *
b1110001010101110000110 Q
b1110001010101110000110 P
b1110001010101110000110 )
#4780000
0$
0,
#4785000
1$
1,
b110101001 *
b111000101010111000011 Q
b111000101010111000011 P
b111000101010111000011 )
#4790000
0$
0,
#4795000
1$
1,
b110101010 *
b10011100010101011100110 Q
b10011100010101011100110 P
b10011100010101011100110 )
#4800000
0$
0,
#4805000
1$
1,
b110101011 *
b1001110001010101110011 Q
b1001110001010101110011 P
b1001110001010101110011 )
#4810000
0$
0,
#4815000
1$
1,
b110101100 *
b10100111000101010111110 Q
b10100111000101010111110 P
b10100111000101010111110 )
#4820000
0$
0,
#4825000
1$
1,
b110101101 *
b1010011100010101011111 Q
b1010011100010101011111 P
b1010011100010101011111 )
#4830000
0$
0,
#4835000
1$
1,
b110101110 *
b10101001110001010101000 Q
b10101001110001010101000 P
b10101001110001010101000 )
#4840000
0$
0,
#4845000
1$
1,
b110101111 *
b1010100111000101010100 Q
b1010100111000101010100 P
b1010100111000101010100 )
#4850000
0$
0,
#4855000
1$
1,
b110110000 *
b101010011100010101010 Q
b101010011100010101010 P
b101010011100010101010 )
#4860000
0$
0,
#4865000
1$
1,
b110110001 *
b10101001110001010101 Q
b10101001110001010101 P
b10101001110001010101 )
#4870000
0$
0,
#4875000
1$
1,
b110110010 *
b10001010100111000101101 Q
b10001010100111000101101 P
b10001010100111000101101 )
#4880000
0$
0,
#4885000
1$
1,
b110110011 *
b11000101010011100010001 Q
b11000101010011100010001 P
b11000101010011100010001 )
#4890000
0$
0,
#4895000
1$
1,
b110110100 *
b11100010101001110001111 Q
b11100010101001110001111 P
b11100010101001110001111 )
#4900000
0$
0,
#4905000
1$
1,
b110110101 *
b11110001010100111000000 Q
b11110001010100111000000 P
b11110001010100111000000 )
#4910000
0$
0,
#4915000
1$
1,
b110110110 *
b1111000101010011100000 Q
b1111000101010011100000 P
b1111000101010011100000 )
#4920000
0$
0,
#4925000
1$
1,
b110110111 *
b111100010101001110000 Q
b111100010101001110000 P
b111100010101001110000 )
#4930000
0$
0,
#4935000
1$
1,
b110111000 *
b11110001010100111000 Q
b11110001010100111000 P
b11110001010100111000 )
#4940000
0$
0,
#4945000
1$
1,
b110111001 *
b1111000101010011100 Q
b1111000101010011100 P
b1111000101010011100 )
#4950000
0$
0,
#4955000
1$
1,
b110111010 *
b111100010101001110 Q
b111100010101001110 P
b111100010101001110 )
#4960000
0$
0,
#4965000
1$
1,
b110111011 *
b11110001010100111 Q
b11110001010100111 P
b11110001010100111 )
#4970000
0$
0,
#4975000
1$
1,
b110111100 *
b10000001111000101010100 Q
b10000001111000101010100 P
b10000001111000101010100 )
#4980000
0$
0,
#4985000
1$
1,
b110111101 *
b1000000111100010101010 Q
b1000000111100010101010 P
b1000000111100010101010 )
#4990000
0$
0,
#4995000
1$
1,
b110111110 *
b100000011110001010101 Q
b100000011110001010101 P
b100000011110001010101 )
#5000000
0$
0,
#5005000
1$
1,
b110111111 *
b10010000001111000101101 Q
b10010000001111000101101 P
b10010000001111000101101 )
#5010000
0$
0,
#5015000
1$
1,
b111000000 *
b11001000000111100010001 Q
b11001000000111100010001 P
b11001000000111100010001 )
#5020000
0$
0,
#5025000
1$
1,
b111000001 *
b11100100000011110001111 Q
b11100100000011110001111 P
b11100100000011110001111 )
#5030000
0$
0,
#5035000
1$
1,
b111000010 *
b11110010000001111000000 Q
b11110010000001111000000 P
b11110010000001111000000 )
#5040000
0$
0,
#5045000
1$
1,
b111000011 *
b1111001000000111100000 Q
b1111001000000111100000 P
b1111001000000111100000 )
#5050000
0$
0,
#5055000
1$
1,
b111000100 *
b111100100000011110000 Q
b111100100000011110000 P
b111100100000011110000 )
#5060000
0$
0,
#5065000
1$
1,
b111000101 *
b11110010000001111000 Q
b11110010000001111000 P
b11110010000001111000 )
#5070000
0$
0,
#5075000
1$
1,
b111000110 *
b1111001000000111100 Q
b1111001000000111100 P
b1111001000000111100 )
#5080000
0$
0,
#5085000
1$
1,
b111000111 *
b111100100000011110 Q
b111100100000011110 P
b111100100000011110 )
#5090000
0$
0,
#5095000
1$
1,
b111001000 *
b11110010000001111 Q
b11110010000001111 P
b11110010000001111 )
#5100000
0$
0,
#5105000
1$
1,
b111001001 *
b10000001111001000000000 Q
b10000001111001000000000 P
b10000001111001000000000 )
#5110000
0$
0,
#5115000
1$
1,
b111001010 *
b1000000111100100000000 Q
b1000000111100100000000 P
b1000000111100100000000 )
#5120000
0$
0,
#5125000
1$
1,
b111001011 *
b100000011110010000000 Q
b100000011110010000000 P
b100000011110010000000 )
#5130000
0$
0,
#5135000
1$
1,
b111001100 *
b10000001111001000000 Q
b10000001111001000000 P
b10000001111001000000 )
#5140000
0$
0,
#5145000
1$
1,
b111001101 *
b1000000111100100000 Q
b1000000111100100000 P
b1000000111100100000 )
#5150000
0$
0,
#5155000
1$
1,
b111001110 *
b100000011110010000 Q
b100000011110010000 P
b100000011110010000 )
#5160000
0$
0,
#5165000
1$
1,
b111001111 *
b10000001111001000 Q
b10000001111001000 P
b10000001111001000 )
#5170000
0$
0,
#5175000
1$
1,
b111010000 *
b1000000111100100 Q
b1000000111100100 P
b1000000111100100 )
#5180000
0$
0,
#5185000
1$
1,
b111010001 *
b100000011110010 Q
b100000011110010 P
b100000011110010 )
#5190000
0$
0,
#5195000
1$
1,
b111010010 *
b10000001111001 Q
b10000001111001 P
b10000001111001 )
#5200000
0$
0,
#5205000
1$
1,
b111010011 *
b10000000001000000111011 Q
b10000000001000000111011 P
b10000000001000000111011 )
#5210000
0$
0,
#5215000
1$
1,
b111010100 *
b11000000000100000011010 Q
b11000000000100000011010 P
b11000000000100000011010 )
#5220000
0$
0,
#5225000
1$
1,
b111010101 *
b1100000000010000001101 Q
b1100000000010000001101 P
b1100000000010000001101 )
#5230000
0$
0,
#5235000
1$
1,
b111010110 *
b10110000000001000000001 Q
b10110000000001000000001 P
b10110000000001000000001 )
#5240000
0$
0,
#5245000
1$
1,
b111010111 *
b11011000000000100000111 Q
b11011000000000100000111 P
b11011000000000100000111 )
#5250000
0$
0,
#5255000
1$
1,
b111011000 *
b11101100000000010000100 Q
b11101100000000010000100 P
b11101100000000010000100 )
#5260000
0$
0,
#5265000
1$
1,
b111011001 *
b1110110000000001000010 Q
b1110110000000001000010 P
b1110110000000001000010 )
#5270000
0$
0,
#5275000
1$
1,
b111011010 *
b111011000000000100001 Q
b111011000000000100001 P
b111011000000000100001 )
#5280000
0$
0,
#5285000
1$
1,
b111011011 *
b10011101100000000010111 Q
b10011101100000000010111 P
b10011101100000000010111 )
#5290000
0$
0,
#5295000
1$
1,
b111011100 *
b11001110110000000001100 Q
b11001110110000000001100 P
b11001110110000000001100 )
#5300000
0$
0,
#5305000
1$
1,
b111011101 *
b1100111011000000000110 Q
b1100111011000000000110 P
b1100111011000000000110 )
#5310000
0$
0,
#5315000
1$
1,
b111011110 *
b110011101100000000011 Q
b110011101100000000011 P
b110011101100000000011 )
#5320000
0$
0,
#5325000
1$
1,
b111011111 *
b10011001110110000000110 Q
b10011001110110000000110 P
b10011001110110000000110 )
#5330000
0$
0,
#5335000
1$
1,
b111100000 *
b1001100111011000000011 Q
b1001100111011000000011 P
b1001100111011000000011 )
#5340000
0$
0,
#5345000
1$
1,
b111100001 *
b10100110011101100000110 Q
b10100110011101100000110 P
b10100110011101100000110 )
#5350000
0$
0,
#5355000
1$
1,
b111100010 *
b1010011001110110000011 Q
b1010011001110110000011 P
b1010011001110110000011 )
#5360000
0$
0,
#5365000
1$
1,
b111100011 *
b10101001100111011000110 Q
b10101001100111011000110 P
b10101001100111011000110 )
#5370000
0$
0,
#5375000
1$
1,
b111100100 *
b1010100110011101100011 Q
b1010100110011101100011 P
b1010100110011101100011 )
#5380000
0$
0,
#5385000
1$
1,
b111100101 *
b10101010011001110110110 Q
b10101010011001110110110 P
b10101010011001110110110 )
#5390000
0$
0,
#5395000
1$
1,
b111100110 *
b1010101001100111011011 Q
b1010101001100111011011 P
b1010101001100111011011 )
#5400000
0$
0,
#5405000
1$
1,
b111100111 *
b10101010100110011101010 Q
b10101010100110011101010 P
b10101010100110011101010 )
#5410000
0$
0,
#5415000
1$
1,
b111101000 *
b1010101010011001110101 Q
b1010101010011001110101 P
b1010101010011001110101 )
#5420000
0$
0,
#5425000
1$
1,
b111101001 *
b10101010101001100111101 Q
b10101010101001100111101 P
b10101010101001100111101 )
#5430000
0$
0,
#5435000
1$
1,
b111101010 *
b11010101010100110011001 Q
b11010101010100110011001 P
b11010101010100110011001 )
#5440000
0$
0,
#5445000
1$
1,
b111101011 *
b11101010101010011001011 Q
b11101010101010011001011 P
b11101010101010011001011 )
#5450000
0$
0,
#5455000
1$
1,
b111101100 *
b11110101010101001100010 Q
b11110101010101001100010 P
b11110101010101001100010 )
#5460000
0$
0,
#5465000
1$
1,
b111101101 *
b1111010101010100110001 Q
b1111010101010100110001 P
b1111010101010100110001 )
#5470000
0$
0,
#5475000
1$
1,
b111101110 *
b10111101010101010011111 Q
b10111101010101010011111 P
b10111101010101010011111 )
#5480000
0$
0,
#5485000
1$
1,
b111101111 *
b11011110101010101001000 Q
b11011110101010101001000 P
b11011110101010101001000 )
#5490000
0$
0,
#5495000
1$
1,
b111110000 *
b1101111010101010100100 Q
b1101111010101010100100 P
b1101111010101010100100 )
#5500000
0$
0,
#5505000
1$
1,
b111110001 *
b110111101010101010010 Q
b110111101010101010010 P
b110111101010101010010 )
#5510000
0$
0,
#5515000
1$
1,
b111110010 *
b11011110101010101001 Q
b11011110101010101001 P
b11011110101010101001 )
#5520000
0$
0,
#5525000
1$
1,
b111110011 *
b10001101111010101010011 Q
b10001101111010101010011 P
b10001101111010101010011 )
#5530000
0$
0,
#5535000
1$
1,
b111110100 *
b11000110111101010101110 Q
b11000110111101010101110 P
b11000110111101010101110 )
#5540000
0$
0,
#5545000
1$
1,
b111110101 *
b1100011011110101010111 Q
b1100011011110101010111 P
b1100011011110101010111 )
#5550000
0$
0,
#5555000
1$
1,
b111110110 *
b10110001101111010101100 Q
b10110001101111010101100 P
b10110001101111010101100 )
#5560000
0$
0,
#5565000
1$
1,
b111110111 *
b1011000110111101010110 Q
b1011000110111101010110 P
b1011000110111101010110 )
#5570000
0$
0,
#5575000
1$
1,
b111111000 *
b101100011011110101011 Q
b101100011011110101011 P
b101100011011110101011 )
#5580000
0$
0,
#5585000
1$
1,
b111111001 *
b10010110001101111010010 Q
b10010110001101111010010 P
b10010110001101111010010 )
#5590000
0$
0,
#5595000
1$
1,
b111111010 *
b1001011000110111101001 Q
b1001011000110111101001 P
b1001011000110111101001 )
#5600000
0$
0,
#5605000
1$
1,
b111111011 *
b10100101100011011110011 Q
b10100101100011011110011 P
b10100101100011011110011 )
#5610000
0$
0,
#5615000
1$
1,
b111111100 *
b11010010110001101111110 Q
b11010010110001101111110 P
b11010010110001101111110 )
#5620000
0$
0,
#5625000
1$
1,
b111111101 *
b1101001011000110111111 Q
b1101001011000110111111 P
b1101001011000110111111 )
#5630000
0$
0,
#5635000
1$
1,
b111111110 *
b10110100101100011011000 Q
b10110100101100011011000 P
b10110100101100011011000 )
#5640000
0$
0,
#5645000
1$
1,
b111111111 *
b1011010010110001101100 Q
b1011010010110001101100 P
b1011010010110001101100 )
#5650000
0$
0,
#5655000
1$
1,
b1000000000 *
b101101001011000110110 Q
b101101001011000110110 P
b101101001011000110110 )
#5660000
0$
0,
#5665000
1$
1,
b1000000001 *
b10110100101100011011 Q
b10110100101100011011 P
b10110100101100011011 )
#5670000
0$
0,
#5675000
1$
1,
b1000000010 *
b10001011010010110001010 Q
b10001011010010110001010 P
b10001011010010110001010 )
#5680000
0$
0,
#5685000
1$
1,
b1000000011 *
b1000101101001011000101 Q
b1000101101001011000101 P
b1000101101001011000101 )
#5690000
0$
0,
#5695000
1$
1,
b1000000100 *
b10100010110100101100101 Q
b10100010110100101100101 P
b10100010110100101100101 )
#5700000
0$
0,
#5705000
1$
1,
b1000000101 *
b11010001011010010110101 Q
b11010001011010010110101 P
b11010001011010010110101 )
#5710000
0$
0,
#5715000
1$
1,
b1000000110 *
b11101000101101001011101 Q
b11101000101101001011101 P
b11101000101101001011101 )
#5720000
0$
0,
#5725000
1$
1,
b1000000111 *
b11110100010110100101001 Q
b11110100010110100101001 P
b11110100010110100101001 )
#5730000
0$
0,
#5735000
1$
1,
b1000001000 *
b11111010001011010010011 Q
b11111010001011010010011 P
b11111010001011010010011 )
#5740000
0$
0,
#5745000
1$
1,
b1000001001 *
b11111101000101101001110 Q
b11111101000101101001110 P
b11111101000101101001110 )
#5750000
0$
0,
#5755000
1$
1,
b1000001010 *
b1111110100010110100111 Q
b1111110100010110100111 P
b1111110100010110100111 )
#5760000
0$
0,
#5765000
1$
1,
b1000001011 *
b10111111010001011010100 Q
b10111111010001011010100 P
b10111111010001011010100 )
#5770000
0$
0,
#5775000
1$
1,
b1000001100 *
b1011111101000101101010 Q
b1011111101000101101010 P
b1011111101000101101010 )
#5780000
0$
0,
#5785000
1$
1,
b1000001101 *
b101111110100010110101 Q
b101111110100010110101 P
b101111110100010110101 )
#5790000
0$
0,
#5795000
1$
1,
b1000001110 *
b10010111111010001011101 Q
b10010111111010001011101 P
b10010111111010001011101 )
#5800000
0$
0,
#5805000
1$
1,
b1000001111 *
b11001011111101000101001 Q
b11001011111101000101001 P
b11001011111101000101001 )
#5810000
0$
0,
#5815000
1$
1,
b1000010000 *
b11100101111110100010011 Q
b11100101111110100010011 P
b11100101111110100010011 )
#5820000
0$
0,
#5825000
1$
1,
b1000010001 *
b11110010111111010001110 Q
b11110010111111010001110 P
b11110010111111010001110 )
#5830000
0$
0,
#5835000
1$
1,
b1000010010 *
b1111001011111101000111 Q
b1111001011111101000111 P
b1111001011111101000111 )
#5840000
0$
0,
#5845000
1$
1,
b1000010011 *
b10111100101111110100100 Q
b10111100101111110100100 P
b10111100101111110100100 )
#5850000
0$
0,
#5855000
1$
1,
b1000010100 *
b1011110010111111010010 Q
b1011110010111111010010 P
b1011110010111111010010 )
#5860000
0$
0,
#5865000
1$
1,
b1000010101 *
b101111001011111101001 Q
b101111001011111101001 P
b101111001011111101001 )
#5870000
0$
0,
#5875000
1$
1,
b1000010110 *
b10010111100101111110011 Q
b10010111100101111110011 P
b10010111100101111110011 )
#5880000
0$
0,
#5885000
1$
1,
b1000010111 *
b11001011110010111111110 Q
b11001011110010111111110 P
b11001011110010111111110 )
#5890000
0$
0,
#5895000
1$
1,
b1000011000 *
b1100101111001011111111 Q
b1100101111001011111111 P
b1100101111001011111111 )
#5900000
0$
0,
#5905000
1$
1,
b1000011001 *
b10110010111100101111000 Q
b10110010111100101111000 P
b10110010111100101111000 )
#5910000
0$
0,
#5915000
1$
1,
b1000011010 *
b1011001011110010111100 Q
b1011001011110010111100 P
b1011001011110010111100 )
#5920000
0$
0,
#5925000
1$
1,
b1000011011 *
b101100101111001011110 Q
b101100101111001011110 P
b101100101111001011110 )
#5930000
0$
0,
#5935000
1$
1,
b1000011100 *
b10110010111100101111 Q
b10110010111100101111 P
b10110010111100101111 )
#5940000
0$
0,
#5945000
1$
1,
b1000011101 *
b10001011001011110010000 Q
b10001011001011110010000 P
b10001011001011110010000 )
#5950000
0$
0,
#5955000
1$
1,
b1000011110 *
b1000101100101111001000 Q
b1000101100101111001000 P
b1000101100101111001000 )
#5960000
0$
0,
#5965000
1$
1,
b1000011111 *
b100010110010111100100 Q
b100010110010111100100 P
b100010110010111100100 )
#5970000
0$
0,
#5975000
1$
1,
b1000100000 *
b10001011001011110010 Q
b10001011001011110010 P
b10001011001011110010 )
#5980000
0$
0,
#5985000
1$
1,
b1000100001 *
b1000101100101111001 Q
b1000101100101111001 P
b1000101100101111001 )
#5990000
0$
0,
#5995000
1$
1,
b1000100010 *
b10000100010110010111011 Q
b10000100010110010111011 P
b10000100010110010111011 )
#6000000
0$
0,
#6005000
1$
1,
b1000100011 *
b11000010001011001011010 Q
b11000010001011001011010 P
b11000010001011001011010 )
#6010000
0$
0,
#6015000
1$
1,
b1000100100 *
b1100001000101100101101 Q
b1100001000101100101101 P
b1100001000101100101101 )
#6020000
0$
0,
#6025000
1$
1,
b1000100101 *
b10110000100010110010001 Q
b10110000100010110010001 P
b10110000100010110010001 )
#6030000
0$
0,
#6035000
1$
1,
b1000100110 *
b11011000010001011001111 Q
b11011000010001011001111 P
b11011000010001011001111 )
#6040000
0$
0,
#6045000
1$
1,
b1000100111 *
b11101100001000101100000 Q
b11101100001000101100000 P
b11101100001000101100000 )
#6050000
0$
0,
#6055000
1$
1,
b1000101000 *
b1110110000100010110000 Q
b1110110000100010110000 P
b1110110000100010110000 )
#6060000
0$
0,
#6065000
1$
1,
b1000101001 *
b111011000010001011000 Q
b111011000010001011000 P
b111011000010001011000 )
#6070000
0$
0,
#6075000
1$
1,
b1000101010 *
b11101100001000101100 Q
b11101100001000101100 P
b11101100001000101100 )
#6080000
0$
0,
#6085000
1$
1,
b1000101011 *
b1110110000100010110 Q
b1110110000100010110 P
b1110110000100010110 )
#6090000
0$
0,
#6095000
1$
1,
b1000101100 *
b111011000010001011 Q
b111011000010001011 P
b111011000010001011 )
#6100000
0$
0,
#6105000
1$
1,
b1000101101 *
b10000011101100001000010 Q
b10000011101100001000010 P
b10000011101100001000010 )
#6110000
0$
0,
#6115000
1$
1,
b1000101110 *
b1000001110110000100001 Q
b1000001110110000100001 P
b1000001110110000100001 )
#6120000
0$
0,
#6125000
1$
1,
b1000101111 *
b10100000111011000010111 Q
b10100000111011000010111 P
b10100000111011000010111 )
#6130000
0$
0,
#6135000
1$
1,
b1000110000 *
b11010000011101100001100 Q
b11010000011101100001100 P
b11010000011101100001100 )
#6140000
0$
0,
#6145000
1$
1,
b1000110001 *
b1101000001110110000110 Q
b1101000001110110000110 P
b1101000001110110000110 )
#6150000
0$
0,
#6155000
1$
1,
b1000110010 *
b110100000111011000011 Q
b110100000111011000011 P
b110100000111011000011 )
#6160000
0$
0,
#6165000
1$
1,
b1000110011 *
b10011010000011101100110 Q
b10011010000011101100110 P
b10011010000011101100110 )
#6170000
0$
0,
#6175000
1$
1,
b1000110100 *
b1001101000001110110011 Q
b1001101000001110110011 P
b1001101000001110110011 )
#6180000
0$
0,
#6185000
1$
1,
b1000110101 *
b10100110100000111011110 Q
b10100110100000111011110 P
b10100110100000111011110 )
#6190000
0$
0,
#6195000
1$
1,
b1000110110 *
b1010011010000011101111 Q
b1010011010000011101111 P
b1010011010000011101111 )
#6200000
0$
0,
#6205000
1$
1,
b1000110111 *
b10101001101000001110000 Q
b10101001101000001110000 P
b10101001101000001110000 )
#6210000
0$
0,
#6215000
1$
1,
b1000111000 *
b1010100110100000111000 Q
b1010100110100000111000 P
b1010100110100000111000 )
#6220000
0$
0,
#6225000
1$
1,
b1000111001 *
b101010011010000011100 Q
b101010011010000011100 P
b101010011010000011100 )
#6230000
0$
0,
#6235000
1$
1,
b1000111010 *
b10101001101000001110 Q
b10101001101000001110 P
b10101001101000001110 )
#6240000
0$
0,
#6245000
1$
1,
b1000111011 *
b1010100110100000111 Q
b1010100110100000111 P
b1010100110100000111 )
#6250000
0$
0,
#6255000
1$
1,
b1000111100 *
b10000101010011010000100 Q
b10000101010011010000100 P
b10000101010011010000100 )
#6260000
0$
0,
#6265000
1$
1,
b1000111101 *
b1000010101001101000010 Q
b1000010101001101000010 P
b1000010101001101000010 )
#6270000
0$
0,
#6275000
1$
1,
b1000111110 *
b100001010100110100001 Q
b100001010100110100001 P
b100001010100110100001 )
#6280000
0$
0,
#6285000
1$
1,
b1000111111 *
b10010000101010011010111 Q
b10010000101010011010111 P
b10010000101010011010111 )
#6290000
0$
0,
#6295000
1$
1,
b1001000000 *
b11001000010101001101100 Q
b11001000010101001101100 P
b11001000010101001101100 )
#6300000
0$
0,
#6305000
1$
1,
b1001000001 *
b1100100001010100110110 Q
b1100100001010100110110 P
b1100100001010100110110 )
#6310000
0$
0,
#6315000
1$
1,
b1001000010 *
b110010000101010011011 Q
b110010000101010011011 P
b110010000101010011011 )
#6320000
0$
0,
#6325000
1$
1,
b1001000011 *
b10011001000010101001010 Q
b10011001000010101001010 P
b10011001000010101001010 )
#6330000
0$
0,
#6335000
1$
1,
b1001000100 *
b1001100100001010100101 Q
b1001100100001010100101 P
b1001100100001010100101 )
#6340000
0$
0,
#6345000
1$
1,
b1001000101 *
b10100110010000101010101 Q
b10100110010000101010101 P
b10100110010000101010101 )
#6350000
0$
0,
#6355000
1$
1,
b1001000110 *
b11010011001000010101101 Q
b11010011001000010101101 P
b11010011001000010101101 )
#6360000
0$
0,
#6365000
1$
1,
b1001000111 *
b11101001100100001010001 Q
b11101001100100001010001 P
b11101001100100001010001 )
#6370000
0$
0,
#6375000
1$
1,
b1001001000 *
b11110100110010000101111 Q
b11110100110010000101111 P
b11110100110010000101111 )
#6380000
0$
0,
#6385000
1$
1,
b1001001001 *
b11111010011001000010000 Q
b11111010011001000010000 P
b11111010011001000010000 )
#6390000
0$
0,
#6395000
1$
1,
b1001001010 *
b1111101001100100001000 Q
b1111101001100100001000 P
b1111101001100100001000 )
#6400000
0$
0,
#6405000
1$
1,
b1001001011 *
b111110100110010000100 Q
b111110100110010000100 P
b111110100110010000100 )
#6410000
0$
0,
#6415000
1$
1,
b1001001100 *
b11111010011001000010 Q
b11111010011001000010 P
b11111010011001000010 )
#6420000
0$
0,
#6425000
1$
1,
b1001001101 *
b1111101001100100001 Q
b1111101001100100001 P
b1111101001100100001 )
#6430000
0$
0,
#6435000
1$
1,
b1001001110 *
b10000111110100110010111 Q
b10000111110100110010111 P
b10000111110100110010111 )
#6440000
0$
0,
#6445000
1$
1,
b1001001111 *
b11000011111010011001100 Q
b11000011111010011001100 P
b11000011111010011001100 )
#6450000
0$
0,
#6455000
1$
1,
b1001010000 *
b1100001111101001100110 Q
b1100001111101001100110 P
b1100001111101001100110 )
#6460000
0$
0,
#6465000
1$
1,
b1001010001 *
b110000111110100110011 Q
b110000111110100110011 P
b110000111110100110011 )
#6470000
0$
0,
#6475000
1$
1,
b1001010010 *
b10011000011111010011110 Q
b10011000011111010011110 P
b10011000011111010011110 )
#6480000
0$
0,
#6485000
1$
1,
b1001010011 *
b1001100001111101001111 Q
b1001100001111101001111 P
b1001100001111101001111 )
#6490000
0$
0,
#6495000
1$
1,
b1001010100 *
b10100110000111110100000 Q
b10100110000111110100000 P
b10100110000111110100000 )
#6500000
0$
0,
#6505000
1$
1,
b1001010101 *
b1010011000011111010000 Q
b1010011000011111010000 P
b1010011000011111010000 )
#6510000
0$
0,
#6515000
1$
1,
b1001010110 *
b101001100001111101000 Q
b101001100001111101000 P
b101001100001111101000 )
#6520000
0$
0,
#6525000
1$
1,
b1001010111 *
b10100110000111110100 Q
b10100110000111110100 P
b10100110000111110100 )
#6530000
0$
0,
#6535000
1$
1,
b1001011000 *
b1010011000011111010 Q
b1010011000011111010 P
b1010011000011111010 )
#6540000
0$
0,
#6545000
1$
1,
b1001011001 *
b101001100001111101 Q
b101001100001111101 P
b101001100001111101 )
#6550000
0$
0,
#6555000
1$
1,
b1001011010 *
b10000010100110000111001 Q
b10000010100110000111001 P
b10000010100110000111001 )
#6560000
0$
0,
#6565000
1$
1,
b1001011011 *
b11000001010011000011011 Q
b11000001010011000011011 P
b11000001010011000011011 )
#6570000
0$
0,
#6575000
1$
1,
b1001011100 *
b11100000101001100001010 Q
b11100000101001100001010 P
b11100000101001100001010 )
#6580000
0$
0,
#6585000
1$
1,
b1001011101 *
b1110000010100110000101 Q
b1110000010100110000101 P
b1110000010100110000101 )
#6590000
0$
0,
#6595000
1$
1,
b1001011110 *
b10111000001010011000101 Q
b10111000001010011000101 P
b10111000001010011000101 )
#6600000
0$
0,
#6605000
1$
1,
b1001011111 *
b11011100000101001100101 Q
b11011100000101001100101 P
b11011100000101001100101 )
#6610000
0$
0,
#6615000
1$
1,
b1001100000 *
b11101110000010100110101 Q
b11101110000010100110101 P
b11101110000010100110101 )
#6620000
0$
0,
#6625000
1$
1,
b1001100001 *
b11110111000001010011101 Q
b11110111000001010011101 P
b11110111000001010011101 )
#6630000
0$
0,
#6635000
1$
1,
b1001100010 *
b11111011100000101001001 Q
b11111011100000101001001 P
b11111011100000101001001 )
#6640000
0$
0,
#6645000
1$
1,
b1001100011 *
b11111101110000010100011 Q
b11111101110000010100011 P
b11111101110000010100011 )
#6650000
0$
0,
#6655000
1$
1,
b1001100100 *
b11111110111000001010110 Q
b11111110111000001010110 P
b11111110111000001010110 )
#6660000
0$
0,
#6665000
1$
1,
b1001100101 *
b1111111011100000101011 Q
b1111111011100000101011 P
b1111111011100000101011 )
#6670000
0$
0,
#6675000
1$
1,
b1001100110 *
b10111111101110000010010 Q
b10111111101110000010010 P
b10111111101110000010010 )
#6680000
0$
0,
#6685000
1$
1,
b1001100111 *
b1011111110111000001001 Q
b1011111110111000001001 P
b1011111110111000001001 )
#6690000
0$
0,
#6695000
1$
1,
b1001101000 *
b10101111111011100000011 Q
b10101111111011100000011 P
b10101111111011100000011 )
#6700000
0$
0,
#6705000
1$
1,
b1001101001 *
b11010111111101110000110 Q
b11010111111101110000110 P
b11010111111101110000110 )
#6710000
0$
0,
#6715000
1$
1,
b1001101010 *
b1101011111110111000011 Q
b1101011111110111000011 P
b1101011111110111000011 )
#6720000
0$
0,
#6725000
1$
1,
b1001101011 *
b10110101111111011100110 Q
b10110101111111011100110 P
b10110101111111011100110 )
#6730000
0$
0,
#6735000
1$
1,
b1001101100 *
b1011010111111101110011 Q
b1011010111111101110011 P
b1011010111111101110011 )
#6740000
0$
0,
#6745000
1$
1,
b1001101101 *
b10101101011111110111110 Q
b10101101011111110111110 P
b10101101011111110111110 )
#6750000
0$
0,
#6755000
1$
1,
b1001101110 *
b1010110101111111011111 Q
b1010110101111111011111 P
b1010110101111111011111 )
#6760000
0$
0,
#6765000
1$
1,
b1001101111 *
b10101011010111111101000 Q
b10101011010111111101000 P
b10101011010111111101000 )
#6770000
0$
0,
#6775000
1$
1,
b1001110000 *
b1010101101011111110100 Q
b1010101101011111110100 P
b1010101101011111110100 )
#6780000
0$
0,
#6785000
1$
1,
b1001110001 *
b101010110101111111010 Q
b101010110101111111010 P
b101010110101111111010 )
#6790000
0$
0,
#6795000
1$
1,
b1001110010 *
b10101011010111111101 Q
b10101011010111111101 P
b10101011010111111101 )
#6800000
0$
0,
#6805000
1$
1,
b1001110011 *
b10001010101101011111001 Q
b10001010101101011111001 P
b10001010101101011111001 )
#6810000
0$
0,
#6815000
1$
1,
b1001110100 *
b11000101010110101111011 Q
b11000101010110101111011 P
b11000101010110101111011 )
#6820000
0$
0,
#6825000
1$
1,
b1001110101 *
b11100010101011010111010 Q
b11100010101011010111010 P
b11100010101011010111010 )
#6830000
0$
0,
#6835000
1$
1,
b1001110110 *
b1110001010101101011101 Q
b1110001010101101011101 P
b1110001010101101011101 )
#6840000
0$
0,
#6845000
1$
1,
b1001110111 *
b10111000101010110101001 Q
b10111000101010110101001 P
b10111000101010110101001 )
#6850000
0$
0,
#6855000
1$
1,
b1001111000 *
b11011100010101011010011 Q
b11011100010101011010011 P
b11011100010101011010011 )
#6860000
0$
0,
#6865000
1$
1,
b1001111001 *
b11101110001010101101110 Q
b11101110001010101101110 P
b11101110001010101101110 )
#6870000
0$
0,
#6875000
1$
1,
b1001111010 *
b1110111000101010110111 Q
b1110111000101010110111 P
b1110111000101010110111 )
#6880000
0$
0,
#6885000
1$
1,
b1001111011 *
b10111011100010101011100 Q
b10111011100010101011100 P
b10111011100010101011100 )
#6890000
0$
0,
#6895000
1$
1,
b1001111100 *
b1011101110001010101110 Q
b1011101110001010101110 P
b1011101110001010101110 )
#6900000
0$
0,
#6905000
1$
1,
b1001111101 *
b101110111000101010111 Q
b101110111000101010111 P
b101110111000101010111 )
#6910000
0$
0,
#6915000
1$
1,
b1001111110 *
b10010111011100010101100 Q
b10010111011100010101100 P
b10010111011100010101100 )
#6920000
0$
0,
#6925000
1$
1,
b1001111111 *
b1001011101110001010110 Q
b1001011101110001010110 P
b1001011101110001010110 )
#6930000
0$
0,
#6935000
1$
1,
b1010000000 *
b100101110111000101011 Q
b100101110111000101011 P
b100101110111000101011 )
#6940000
0$
0,
#6945000
1$
1,
b1010000001 *
b10010010111011100010010 Q
b10010010111011100010010 P
b10010010111011100010010 )
#6950000
0$
0,
#6955000
1$
1,
b1010000010 *
b1001001011101110001001 Q
b1001001011101110001001 P
b1001001011101110001001 )
#6960000
0$
0,
#6965000
1$
1,
b1010000011 *
b10100100101110111000011 Q
b10100100101110111000011 P
b10100100101110111000011 )
#6970000
0$
0,
#6975000
1$
1,
b1010000100 *
b11010010010111011100110 Q
b11010010010111011100110 P
b11010010010111011100110 )
#6980000
0$
0,
#6985000
1$
1,
b1010000101 *
b1101001001011101110011 Q
b1101001001011101110011 P
b1101001001011101110011 )
#6990000
0$
0,
#6995000
1$
1,
b1010000110 *
b10110100100101110111110 Q
b10110100100101110111110 P
b10110100100101110111110 )
#7000000
0$
0,
#7005000
1$
1,
b1010000111 *
b1011010010010111011111 Q
b1011010010010111011111 P
b1011010010010111011111 )
#7010000
0$
0,
#7015000
1$
1,
b1010001000 *
b10101101001001011101000 Q
b10101101001001011101000 P
b10101101001001011101000 )
#7020000
0$
0,
#7025000
1$
1,
b1010001001 *
b1010110100100101110100 Q
b1010110100100101110100 P
b1010110100100101110100 )
#7030000
0$
0,
#7035000
1$
1,
b1010001010 *
b101011010010010111010 Q
b101011010010010111010 P
b101011010010010111010 )
#7040000
0$
0,
#7045000
1$
1,
b1010001011 *
b10101101001001011101 Q
b10101101001001011101 P
b10101101001001011101 )
#7050000
0$
0,
#7055000
1$
1,
b1010001100 *
b10001010110100100101001 Q
b10001010110100100101001 P
b10001010110100100101001 )
#7060000
0$
0,
#7065000
1$
1,
b1010001101 *
b11000101011010010010011 Q
b11000101011010010010011 P
b11000101011010010010011 )
#7070000
0$
0,
#7075000
1$
1,
b1010001110 *
b11100010101101001001110 Q
b11100010101101001001110 P
b11100010101101001001110 )
#7080000
0$
0,
#7085000
1$
1,
b1010001111 *
b1110001010110100100111 Q
b1110001010110100100111 P
b1110001010110100100111 )
#7090000
0$
0,
#7095000
1$
1,
b1010010000 *
b10111000101011010010100 Q
b10111000101011010010100 P
b10111000101011010010100 )
#7100000
0$
0,
#7105000
1$
1,
b1010010001 *
b1011100010101101001010 Q
b1011100010101101001010 P
b1011100010101101001010 )
#7110000
0$
0,
#7115000
1$
1,
b1010010010 *
b101110001010110100101 Q
b101110001010110100101 P
b101110001010110100101 )
#7120000
0$
0,
#7125000
1$
1,
b1010010011 *
b10010111000101011010101 Q
b10010111000101011010101 P
b10010111000101011010101 )
#7130000
0$
0,
#7135000
1$
1,
b1010010100 *
b11001011100010101101101 Q
b11001011100010101101101 P
b11001011100010101101101 )
#7140000
0$
0,
#7145000
1$
1,
b1010010101 *
b11100101110001010110001 Q
b11100101110001010110001 P
b11100101110001010110001 )
#7150000
0$
0,
#7155000
1$
1,
b1010010110 *
b11110010111000101011111 Q
b11110010111000101011111 P
b11110010111000101011111 )
#7160000
0$
0,
#7165000
1$
1,
b1010010111 *
b11111001011100010101000 Q
b11111001011100010101000 P
b11111001011100010101000 )
#7170000
0$
0,
#7175000
1$
1,
b1010011000 *
b1111100101110001010100 Q
b1111100101110001010100 P
b1111100101110001010100 )
#7180000
0$
0,
#7185000
1$
1,
b1010011001 *
b111110010111000101010 Q
b111110010111000101010 P
b111110010111000101010 )
#7190000
0$
0,
#7195000
1$
1,
b1010011010 *
b11111001011100010101 Q
b11111001011100010101 P
b11111001011100010101 )
#7200000
0$
0,
#7205000
1$
1,
b1010011011 *
b10001111100101110001101 Q
b10001111100101110001101 P
b10001111100101110001101 )
#7210000
0$
0,
#7215000
1$
1,
b1010011100 *
b11000111110010111000001 Q
b11000111110010111000001 P
b11000111110010111000001 )
#7220000
0$
0,
#7225000
1$
1,
b1010011101 *
b11100011111001011100111 Q
b11100011111001011100111 P
b11100011111001011100111 )
#7230000
0$
0,
#7235000
1$
1,
b1010011110 *
b11110001111100101110100 Q
b11110001111100101110100 P
b11110001111100101110100 )
#7240000
0$
0,
#7245000
1$
1,
b1010011111 *
b1111000111110010111010 Q
b1111000111110010111010 P
b1111000111110010111010 )
#7250000
0$
0,
#7255000
1$
1,
b1010100000 *
b111100011111001011101 Q
b111100011111001011101 P
b111100011111001011101 )
#7260000
0$
0,
#7265000
1$
1,
b1010100001 *
b10011110001111100101001 Q
b10011110001111100101001 P
b10011110001111100101001 )
#7270000
0$
0,
#7275000
1$
1,
b1010100010 *
b11001111000111110010011 Q
b11001111000111110010011 P
b11001111000111110010011 )
#7280000
0$
0,
#7285000
1$
1,
b1010100011 *
b11100111100011111001110 Q
b11100111100011111001110 P
b11100111100011111001110 )
#7290000
0$
0,
#7295000
1$
1,
b1010100100 *
b1110011110001111100111 Q
b1110011110001111100111 P
b1110011110001111100111 )
#7300000
0$
0,
#7305000
1$
1,
b1010100101 *
b10111001111000111110100 Q
b10111001111000111110100 P
b10111001111000111110100 )
#7310000
0$
0,
#7315000
1$
1,
b1010100110 *
b1011100111100011111010 Q
b1011100111100011111010 P
b1011100111100011111010 )
#7320000
0$
0,
#7325000
1$
1,
b1010100111 *
b101110011110001111101 Q
b101110011110001111101 P
b101110011110001111101 )
#7330000
0$
0,
#7335000
1$
1,
b1010101000 *
b10010111001111000111001 Q
b10010111001111000111001 P
b10010111001111000111001 )
#7340000
0$
0,
#7345000
1$
1,
b1010101001 *
b11001011100111100011011 Q
b11001011100111100011011 P
b11001011100111100011011 )
#7350000
0$
0,
#7355000
1$
1,
b1010101010 *
b11100101110011110001010 Q
b11100101110011110001010 P
b11100101110011110001010 )
#7360000
0$
0,
#7365000
1$
1,
b1010101011 *
b1110010111001111000101 Q
b1110010111001111000101 P
b1110010111001111000101 )
#7370000
0$
0,
#7375000
1$
1,
b1010101100 *
b10111001011100111100101 Q
b10111001011100111100101 P
b10111001011100111100101 )
#7380000
0$
0,
#7385000
1$
1,
b1010101101 *
b11011100101110011110101 Q
b11011100101110011110101 P
b11011100101110011110101 )
#7390000
0$
0,
#7395000
1$
1,
b1010101110 *
b11101110010111001111101 Q
b11101110010111001111101 P
b11101110010111001111101 )
#7400000
0$
0,
#7405000
1$
1,
b1010101111 *
b11110111001011100111001 Q
b11110111001011100111001 P
b11110111001011100111001 )
#7410000
0$
0,
#7415000
1$
1,
b1010110000 *
b11111011100101110011011 Q
b11111011100101110011011 P
b11111011100101110011011 )
#7420000
0$
0,
#7425000
1$
1,
b1010110001 *
b11111101110010111001010 Q
b11111101110010111001010 P
b11111101110010111001010 )
#7430000
0$
0,
#7435000
1$
1,
b1010110010 *
b1111110111001011100101 Q
b1111110111001011100101 P
b1111110111001011100101 )
#7440000
0$
0,
#7445000
1$
1,
b1010110011 *
b10111111011100101110101 Q
b10111111011100101110101 P
b10111111011100101110101 )
#7450000
0$
0,
#7455000
1$
1,
b1010110100 *
b11011111101110010111101 Q
b11011111101110010111101 P
b11011111101110010111101 )
#7460000
0$
0,
#7465000
1$
1,
b1010110101 *
b11101111110111001011001 Q
b11101111110111001011001 P
b11101111110111001011001 )
#7470000
0$
0,
#7475000
1$
1,
b1010110110 *
b11110111111011100101011 Q
b11110111111011100101011 P
b11110111111011100101011 )
#7480000
0$
0,
#7485000
1$
1,
b1010110111 *
b11111011111101110010010 Q
b11111011111101110010010 P
b11111011111101110010010 )
#7490000
0$
0,
#7495000
1$
1,
b1010111000 *
b1111101111110111001001 Q
b1111101111110111001001 P
b1111101111110111001001 )
#7500000
0$
0,
#7505000
1$
1,
b1010111001 *
b10111110111111011100011 Q
b10111110111111011100011 P
b10111110111111011100011 )
#7510000
0$
0,
#7515000
1$
1,
b1010111010 *
b11011111011111101110110 Q
b11011111011111101110110 P
b11011111011111101110110 )
#7520000
0$
0,
#7525000
1$
1,
b1010111011 *
b1101111101111110111011 Q
b1101111101111110111011 P
b1101111101111110111011 )
#7530000
0$
0,
#7535000
1$
1,
b1010111100 *
b10110111110111111011010 Q
b10110111110111111011010 P
b10110111110111111011010 )
#7540000
0$
0,
#7545000
1$
1,
b1010111101 *
b1011011111011111101101 Q
b1011011111011111101101 P
b1011011111011111101101 )
#7550000
0$
0,
#7555000
1$
1,
b1010111110 *
b10101101111101111110001 Q
b10101101111101111110001 P
b10101101111101111110001 )
#7560000
0$
0,
#7565000
1$
1,
b1010111111 *
b11010110111110111111111 Q
b11010110111110111111111 P
b11010110111110111111111 )
#7570000
0$
0,
#7575000
1$
1,
b1011000000 *
b11101011011111011111000 Q
b11101011011111011111000 P
b11101011011111011111000 )
#7580000
0$
0,
#7585000
1$
1,
b1011000001 *
b1110101101111101111100 Q
b1110101101111101111100 P
b1110101101111101111100 )
#7590000
0$
0,
#7595000
1$
1,
b1011000010 *
b111010110111110111110 Q
b111010110111110111110 P
b111010110111110111110 )
#7600000
0$
0,
#7605000
1$
1,
b1011000011 *
b11101011011111011111 Q
b11101011011111011111 P
b11101011011111011111 )
#7610000
0$
0,
#7615000
1$
1,
b1011000100 *
b10001110101101111101000 Q
b10001110101101111101000 P
b10001110101101111101000 )
#7620000
0$
0,
#7625000
1$
1,
b1011000101 *
b1000111010110111110100 Q
b1000111010110111110100 P
b1000111010110111110100 )
#7630000
0$
0,
#7635000
1$
1,
b1011000110 *
b100011101011011111010 Q
b100011101011011111010 P
b100011101011011111010 )
#7640000
0$
0,
#7645000
1$
1,
b1011000111 *
b10001110101101111101 Q
b10001110101101111101 P
b10001110101101111101 )
#7650000
0$
0,
#7655000
1$
1,
b1011001000 *
b10001000111010110111001 Q
b10001000111010110111001 P
b10001000111010110111001 )
#7660000
0$
0,
#7665000
1$
1,
b1011001001 *
b11000100011101011011011 Q
b11000100011101011011011 P
b11000100011101011011011 )
#7670000
0$
0,
#7675000
1$
1,
b1011001010 *
b11100010001110101101010 Q
b11100010001110101101010 P
b11100010001110101101010 )
#7680000
0$
0,
#7685000
1$
1,
b1011001011 *
b1110001000111010110101 Q
b1110001000111010110101 P
b1110001000111010110101 )
#7690000
0$
0,
#7695000
1$
1,
b1011001100 *
b10111000100011101011101 Q
b10111000100011101011101 P
b10111000100011101011101 )
#7700000
0$
0,
#7705000
1$
1,
b1011001101 *
b11011100010001110101001 Q
b11011100010001110101001 P
b11011100010001110101001 )
#7710000
0$
0,
#7715000
1$
1,
b1011001110 *
b11101110001000111010011 Q
b11101110001000111010011 P
b11101110001000111010011 )
#7720000
0$
0,
#7725000
1$
1,
b1011001111 *
b11110111000100011101110 Q
b11110111000100011101110 P
b11110111000100011101110 )
#7730000
0$
0,
#7735000
1$
1,
b1011010000 *
b1111011100010001110111 Q
b1111011100010001110111 P
b1111011100010001110111 )
#7740000
0$
0,
#7745000
1$
1,
b1011010001 *
b10111101110001000111100 Q
b10111101110001000111100 P
b10111101110001000111100 )
#7750000
0$
0,
#7755000
1$
1,
b1011010010 *
b1011110111000100011110 Q
b1011110111000100011110 P
b1011110111000100011110 )
#7760000
0$
0,
#7765000
1$
1,
b1011010011 *
b101111011100010001111 Q
b101111011100010001111 P
b101111011100010001111 )
#7770000
0$
0,
#7775000
1$
1,
b1011010100 *
b10010111101110001000000 Q
b10010111101110001000000 P
b10010111101110001000000 )
#7780000
0$
0,
#7785000
1$
1,
b1011010101 *
b1001011110111000100000 Q
b1001011110111000100000 P
b1001011110111000100000 )
#7790000
0$
0,
#7795000
1$
1,
b1011010110 *
b100101111011100010000 Q
b100101111011100010000 P
b100101111011100010000 )
#7800000
0$
0,
#7805000
1$
1,
b1011010111 *
b10010111101110001000 Q
b10010111101110001000 P
b10010111101110001000 )
#7810000
0$
0,
#7815000
1$
1,
b1011011000 *
b1001011110111000100 Q
b1001011110111000100 P
b1001011110111000100 )
#7820000
0$
0,
#7825000
1$
1,
b1011011001 *
b100101111011100010 Q
b100101111011100010 P
b100101111011100010 )
#7830000
0$
0,
#7835000
1$
1,
b1011011010 *
b10010111101110001 Q
b10010111101110001 P
b10010111101110001 )
#7840000
0$
0,
#7845000
1$
1,
b1011011011 *
b10000001001011110111111 Q
b10000001001011110111111 P
b10000001001011110111111 )
#7850000
0$
0,
#7855000
1$
1,
b1011011100 *
b11000000100101111011000 Q
b11000000100101111011000 P
b11000000100101111011000 )
#7860000
0$
0,
#7865000
1$
1,
b1011011101 *
b1100000010010111101100 Q
b1100000010010111101100 P
b1100000010010111101100 )
#7870000
0$
0,
#7875000
1$
1,
b1011011110 *
b110000001001011110110 Q
b110000001001011110110 P
b110000001001011110110 )
#7880000
0$
0,
#7885000
1$
1,
b1011011111 *
b11000000100101111011 Q
b11000000100101111011 P
b11000000100101111011 )
#7890000
0$
0,
#7895000
1$
1,
b1011100000 *
b10001100000010010111010 Q
b10001100000010010111010 P
b10001100000010010111010 )
#7900000
0$
0,
#7905000
1$
1,
b1011100001 *
b1000110000001001011101 Q
b1000110000001001011101 P
b1000110000001001011101 )
#7910000
0$
0,
#7915000
1$
1,
b1011100010 *
b10100011000000100101001 Q
b10100011000000100101001 P
b10100011000000100101001 )
#7920000
0$
0,
#7925000
1$
1,
b1011100011 *
b11010001100000010010011 Q
b11010001100000010010011 P
b11010001100000010010011 )
#7930000
0$
0,
#7935000
1$
1,
b1011100100 *
b11101000110000001001110 Q
b11101000110000001001110 P
b11101000110000001001110 )
#7940000
0$
0,
#7945000
1$
1,
b1011100101 *
b1110100011000000100111 Q
b1110100011000000100111 P
b1110100011000000100111 )
#7950000
0$
0,
#7955000
1$
1,
b1011100110 *
b10111010001100000010100 Q
b10111010001100000010100 P
b10111010001100000010100 )
#7960000
0$
0,
#7965000
1$
1,
b1011100111 *
b1011101000110000001010 Q
b1011101000110000001010 P
b1011101000110000001010 )
#7970000
0$
0,
#7975000
1$
1,
b1011101000 *
b101110100011000000101 Q
b101110100011000000101 P
b101110100011000000101 )
#7980000
0$
0,
#7985000
1$
1,
b1011101001 *
b10010111010001100000101 Q
b10010111010001100000101 P
b10010111010001100000101 )
#7990000
0$
0,
#7995000
1$
1,
b1011101010 *
b11001011101000110000101 Q
b11001011101000110000101 P
b11001011101000110000101 )
#8000000
0$
0,
#8005000
1$
1,
b1011101011 *
b11100101110100011000101 Q
b11100101110100011000101 P
b11100101110100011000101 )
#8010000
0$
0,
#8015000
1$
1,
b1011101100 *
b11110010111010001100101 Q
b11110010111010001100101 P
b11110010111010001100101 )
#8020000
0$
0,
#8025000
1$
1,
b1011101101 *
b11111001011101000110101 Q
b11111001011101000110101 P
b11111001011101000110101 )
#8030000
0$
0,
#8035000
1$
1,
b1011101110 *
b11111100101110100011101 Q
b11111100101110100011101 P
b11111100101110100011101 )
#8040000
0$
0,
#8045000
1$
1,
b1011101111 *
b11111110010111010001001 Q
b11111110010111010001001 P
b11111110010111010001001 )
#8050000
0$
0,
#8055000
1$
1,
b1011110000 *
b11111111001011101000011 Q
b11111111001011101000011 P
b11111111001011101000011 )
#8060000
0$
0,
#8065000
1$
1,
b1011110001 *
b11111111100101110100110 Q
b11111111100101110100110 P
b11111111100101110100110 )
#8070000
0$
0,
#8075000
1$
1,
b1011110010 *
b1111111110010111010011 Q
b1111111110010111010011 P
b1111111110010111010011 )
#8080000
0$
0,
#8085000
1$
1,
b1011110011 *
b10111111111001011101110 Q
b10111111111001011101110 P
b10111111111001011101110 )
#8090000
0$
0,
#8095000
1$
1,
b1011110100 *
b1011111111100101110111 Q
b1011111111100101110111 P
b1011111111100101110111 )
#8100000
0$
0,
#8105000
1$
1,
b1011110101 *
b10101111111110010111100 Q
b10101111111110010111100 P
b10101111111110010111100 )
#8110000
0$
0,
#8115000
1$
1,
b1011110110 *
b1010111111111001011110 Q
b1010111111111001011110 P
b1010111111111001011110 )
#8120000
0$
0,
#8125000
1$
1,
b1011110111 *
b101011111111100101111 Q
b101011111111100101111 P
b101011111111100101111 )
#8130000
0$
0,
#8135000
1$
1,
b1011111000 *
b10010101111111110010000 Q
b10010101111111110010000 P
b10010101111111110010000 )
#8140000
0$
0,
#8145000
1$
1,
b1011111001 *
b1001010111111111001000 Q
b1001010111111111001000 P
b1001010111111111001000 )
#8150000
0$
0,
#8155000
1$
1,
b1011111010 *
b100101011111111100100 Q
b100101011111111100100 P
b100101011111111100100 )
#8160000
0$
0,
#8165000
1$
1,
b1011111011 *
b10010101111111110010 Q
b10010101111111110010 P
b10010101111111110010 )
#8170000
0$
0,
#8175000
1$
1,
b1011111100 *
b1001010111111111001 Q
b1001010111111111001 P
b1001010111111111001 )
#8180000
0$
0,
#8185000
1$
1,
b1011111101 *
b10000100101011111111011 Q
b10000100101011111111011 P
b10000100101011111111011 )
#8190000
0$
0,
#8195000
1$
1,
b1011111110 *
b11000010010101111111010 Q
b11000010010101111111010 P
b11000010010101111111010 )
#8200000
0$
0,
#8205000
1$
1,
b1011111111 *
b1100001001010111111101 Q
b1100001001010111111101 P
b1100001001010111111101 )
#8210000
0$
0,
#8215000
1$
1,
b1100000000 *
b10110000100101011111001 Q
b10110000100101011111001 P
b10110000100101011111001 )
#8220000
0$
0,
#8225000
1$
1,
b1100000001 *
b11011000010010101111011 Q
b11011000010010101111011 P
b11011000010010101111011 )
#8230000
0$
0,
#8235000
1$
1,
b1100000010 *
b11101100001001010111010 Q
b11101100001001010111010 P
b11101100001001010111010 )
#8240000
0$
0,
#8245000
1$
1,
b1100000011 *
b1110110000100101011101 Q
b1110110000100101011101 P
b1110110000100101011101 )
#8250000
0$
0,
#8255000
1$
1,
b1100000100 *
b10111011000010010101001 Q
b10111011000010010101001 P
b10111011000010010101001 )
#8260000
0$
0,
#8265000
1$
1,
b1100000101 *
b11011101100001001010011 Q
b11011101100001001010011 P
b11011101100001001010011 )
#8270000
0$
0,
#8275000
1$
1,
b1100000110 *
b11101110110000100101110 Q
b11101110110000100101110 P
b11101110110000100101110 )
#8280000
0$
0,
#8285000
1$
1,
b1100000111 *
b1110111011000010010111 Q
b1110111011000010010111 P
b1110111011000010010111 )
#8290000
0$
0,
#8295000
1$
1,
b1100001000 *
b10111011101100001001100 Q
b10111011101100001001100 P
b10111011101100001001100 )
#8300000
0$
0,
#8305000
1$
1,
b1100001001 *
b1011101110110000100110 Q
b1011101110110000100110 P
b1011101110110000100110 )
#8310000
0$
0,
#8315000
1$
1,
b1100001010 *
b101110111011000010011 Q
b101110111011000010011 P
b101110111011000010011 )
#8320000
0$
0,
#8325000
1$
1,
b1100001011 *
b10010111011101100001110 Q
b10010111011101100001110 P
b10010111011101100001110 )
#8330000
0$
0,
#8335000
1$
1,
b1100001100 *
b1001011101110110000111 Q
b1001011101110110000111 P
b1001011101110110000111 )
#8340000
0$
0,
#8345000
1$
1,
b1100001101 *
b10100101110111011000100 Q
b10100101110111011000100 P
b10100101110111011000100 )
#8350000
0$
0,
#8355000
1$
1,
b1100001110 *
b1010010111011101100010 Q
b1010010111011101100010 P
b1010010111011101100010 )
#8360000
0$
0,
#8365000
1$
1,
b1100001111 *
b101001011101110110001 Q
b101001011101110110001 P
b101001011101110110001 )
#8370000
0$
0,
#8375000
1$
1,
b1100010000 *
b10010100101110111011111 Q
b10010100101110111011111 P
b10010100101110111011111 )
#8380000
0$
0,
#8385000
1$
1,
b1100010001 *
b11001010010111011101000 Q
b11001010010111011101000 P
b11001010010111011101000 )
#8390000
0$
0,
#8395000
1$
1,
b1100010010 *
b1100101001011101110100 Q
b1100101001011101110100 P
b1100101001011101110100 )
#8400000
0$
0,
#8405000
1$
1,
b1100010011 *
b110010100101110111010 Q
b110010100101110111010 P
b110010100101110111010 )
#8410000
0$
0,
#8415000
1$
1,
b1100010100 *
b11001010010111011101 Q
b11001010010111011101 P
b11001010010111011101 )
#8420000
0$
0,
#8425000
1$
1,
b1100010101 *
b10001100101001011101001 Q
b10001100101001011101001 P
b10001100101001011101001 )
#8430000
0$
0,
#8435000
1$
1,
b1100010110 *
b11000110010100101110011 Q
b11000110010100101110011 P
b11000110010100101110011 )
#8440000
0$
0,
#8445000
1$
1,
b1100010111 *
b11100011001010010111110 Q
b11100011001010010111110 P
b11100011001010010111110 )
#8450000
0$
0,
#8455000
1$
1,
b1100011000 *
b1110001100101001011111 Q
b1110001100101001011111 P
b1110001100101001011111 )
#8460000
0$
0,
#8465000
1$
1,
b1100011001 *
b10111000110010100101000 Q
b10111000110010100101000 P
b10111000110010100101000 )
#8470000
0$
0,
#8475000
1$
1,
b1100011010 *
b1011100011001010010100 Q
b1011100011001010010100 P
b1011100011001010010100 )
#8480000
0$
0,
#8485000
1$
1,
b1100011011 *
b101110001100101001010 Q
b101110001100101001010 P
b101110001100101001010 )
#8490000
0$
0,
#8495000
1$
1,
b1100011100 *
b10111000110010100101 Q
b10111000110010100101 P
b10111000110010100101 )
#8500000
0$
0,
#8505000
1$
1,
b1100011101 *
b10001011100011001010101 Q
b10001011100011001010101 P
b10001011100011001010101 )
#8510000
0$
0,
#8515000
1$
1,
b1100011110 *
b11000101110001100101101 Q
b11000101110001100101101 P
b11000101110001100101101 )
#8520000
0$
0,
#8525000
1$
1,
b1100011111 *
b11100010111000110010001 Q
b11100010111000110010001 P
b11100010111000110010001 )
#8530000
0$
0,
#8535000
1$
1,
b1100100000 *
b11110001011100011001111 Q
b11110001011100011001111 P
b11110001011100011001111 )
#8540000
0$
0,
#8545000
1$
1,
b1100100001 *
b11111000101110001100000 Q
b11111000101110001100000 P
b11111000101110001100000 )
#8550000
0$
0,
#8555000
1$
1,
b1100100010 *
b1111100010111000110000 Q
b1111100010111000110000 P
b1111100010111000110000 )
#8560000
0$
0,
#8565000
1$
1,
b1100100011 *
b111110001011100011000 Q
b111110001011100011000 P
b111110001011100011000 )
#8570000
0$
0,
#8575000
1$
1,
b1100100100 *
b11111000101110001100 Q
b11111000101110001100 P
b11111000101110001100 )
#8580000
0$
0,
#8585000
1$
1,
b1100100101 *
b1111100010111000110 Q
b1111100010111000110 P
b1111100010111000110 )
#8590000
0$
0,
#8595000
1$
1,
b1100100110 *
b111110001011100011 Q
b111110001011100011 P
b111110001011100011 )
#8600000
0$
0,
#8605000
1$
1,
b1100100111 *
b10000011111000101110110 Q
b10000011111000101110110 P
b10000011111000101110110 )
#8610000
0$
0,
#8615000
1$
1,
b1100101000 *
b1000001111100010111011 Q
b1000001111100010111011 P
b1000001111100010111011 )
#8620000
0$
0,
#8625000
1$
1,
b1100101001 *
b10100000111110001011010 Q
b10100000111110001011010 P
b10100000111110001011010 )
#8630000
0$
0,
#8635000
1$
1,
b1100101010 *
b1010000011111000101101 Q
b1010000011111000101101 P
b1010000011111000101101 )
#8640000
0$
0,
#8645000
1$
1,
b1100101011 *
b10101000001111100010001 Q
b10101000001111100010001 P
b10101000001111100010001 )
#8650000
0$
0,
#8655000
1$
1,
b1100101100 *
b11010100000111110001111 Q
b11010100000111110001111 P
b11010100000111110001111 )
#8660000
0$
0,
#8665000
1$
1,
b1100101101 *
b11101010000011111000000 Q
b11101010000011111000000 P
b11101010000011111000000 )
#8670000
0$
0,
#8675000
1$
1,
b1100101110 *
b1110101000001111100000 Q
b1110101000001111100000 P
b1110101000001111100000 )
#8680000
0$
0,
#8685000
1$
1,
b1100101111 *
b111010100000111110000 Q
b111010100000111110000 P
b111010100000111110000 )
#8690000
0$
0,
#8695000
1$
1,
b1100110000 *
b11101010000011111000 Q
b11101010000011111000 P
b11101010000011111000 )
#8700000
0$
0,
#8705000
1$
1,
b1100110001 *
b1110101000001111100 Q
b1110101000001111100 P
b1110101000001111100 )
#8710000
0$
0,
#8715000
1$
1,
b1100110010 *
b111010100000111110 Q
b111010100000111110 P
b111010100000111110 )
#8720000
0$
0,
#8725000
1$
1,
b1100110011 *
b11101010000011111 Q
b11101010000011111 P
b11101010000011111 )
#8730000
0$
0,
#8735000
1$
1,
b1100110100 *
b10000001110101000001000 Q
b10000001110101000001000 P
b10000001110101000001000 )
#8740000
0$
0,
#8745000
1$
1,
b1100110101 *
b1000000111010100000100 Q
b1000000111010100000100 P
b1000000111010100000100 )
#8750000
0$
0,
#8755000
1$
1,
b1100110110 *
b100000011101010000010 Q
b100000011101010000010 P
b100000011101010000010 )
#8760000
0$
0,
#8765000
1$
1,
b1100110111 *
b10000001110101000001 Q
b10000001110101000001 P
b10000001110101000001 )
#8770000
0$
0,
#8775000
1$
1,
b1100111000 *
b10001000000111010100111 Q
b10001000000111010100111 P
b10001000000111010100111 )
#8780000
0$
0,
#8785000
1$
1,
b1100111001 *
b11000100000011101010100 Q
b11000100000011101010100 P
b11000100000011101010100 )
#8790000
0$
0,
#8795000
1$
1,
b1100111010 *
b1100010000001110101010 Q
b1100010000001110101010 P
b1100010000001110101010 )
#8800000
0$
0,
#8805000
1$
1,
b1100111011 *
b110001000000111010101 Q
b110001000000111010101 P
b110001000000111010101 )
#8810000
0$
0,
#8815000
1$
1,
b1100111100 *
b10011000100000011101101 Q
b10011000100000011101101 P
b10011000100000011101101 )
#8820000
0$
0,
#8825000
1$
1,
b1100111101 *
b11001100010000001110001 Q
b11001100010000001110001 P
b11001100010000001110001 )
#8830000
0$
0,
#8835000
1$
1,
b1100111110 *
b11100110001000000111111 Q
b11100110001000000111111 P
b11100110001000000111111 )
#8840000
0$
0,
#8845000
1$
1,
b1100111111 *
b11110011000100000011000 Q
b11110011000100000011000 P
b11110011000100000011000 )
#8850000
0$
0,
#8855000
1$
1,
b1101000000 *
b1111001100010000001100 Q
b1111001100010000001100 P
b1111001100010000001100 )
#8860000
0$
0,
#8865000
1$
1,
b1101000001 *
b111100110001000000110 Q
b111100110001000000110 P
b111100110001000000110 )
#8870000
0$
0,
#8875000
1$
1,
b1101000010 *
b11110011000100000011 Q
b11110011000100000011 P
b11110011000100000011 )
#8880000
0$
0,
#8885000
1$
1,
b1101000011 *
b10001111001100010000110 Q
b10001111001100010000110 P
b10001111001100010000110 )
#8890000
0$
0,
#8895000
1$
1,
b1101000100 *
b1000111100110001000011 Q
b1000111100110001000011 P
b1000111100110001000011 )
#8900000
0$
0,
#8905000
1$
1,
b1101000101 *
b10100011110011000100110 Q
b10100011110011000100110 P
b10100011110011000100110 )
#8910000
0$
0,
#8915000
1$
1,
b1101000110 *
b1010001111001100010011 Q
b1010001111001100010011 P
b1010001111001100010011 )
#8920000
0$
0,
#8925000
1$
1,
b1101000111 *
b10101000111100110001110 Q
b10101000111100110001110 P
b10101000111100110001110 )
#8930000
0$
0,
#8935000
1$
1,
b1101001000 *
b1010100011110011000111 Q
b1010100011110011000111 P
b1010100011110011000111 )
#8940000
0$
0,
#8945000
1$
1,
b1101001001 *
b10101010001111001100100 Q
b10101010001111001100100 P
b10101010001111001100100 )
#8950000
0$
0,
#8955000
1$
1,
b1101001010 *
b1010101000111100110010 Q
b1010101000111100110010 P
b1010101000111100110010 )
#8960000
0$
0,
#8965000
1$
1,
b1101001011 *
b101010100011110011001 Q
b101010100011110011001 P
b101010100011110011001 )
#8970000
0$
0,
#8975000
1$
1,
b1101001100 *
b10010101010001111001011 Q
b10010101010001111001011 P
b10010101010001111001011 )
#8980000
0$
0,
#8985000
1$
1,
b1101001101 *
b11001010101000111100010 Q
b11001010101000111100010 P
b11001010101000111100010 )
#8990000
0$
0,
#8995000
1$
1,
b1101001110 *
b1100101010100011110001 Q
b1100101010100011110001 P
b1100101010100011110001 )
#9000000
0$
0,
#9005000
1$
1,
b1101001111 *
b10110010101010001111111 Q
b10110010101010001111111 P
b10110010101010001111111 )
#9010000
0$
0,
#9015000
1$
1,
b1101010000 *
b11011001010101000111000 Q
b11011001010101000111000 P
b11011001010101000111000 )
#9020000
0$
0,
#9025000
1$
1,
b1101010001 *
b1101100101010100011100 Q
b1101100101010100011100 P
b1101100101010100011100 )
#9030000
0$
0,
#9035000
1$
1,
b1101010010 *
b110110010101010001110 Q
b110110010101010001110 P
b110110010101010001110 )
#9040000
0$
0,
#9045000
1$
1,
b1101010011 *
b11011001010101000111 Q
b11011001010101000111 P
b11011001010101000111 )
#9050000
0$
0,
#9055000
1$
1,
b1101010100 *
b10001101100101010100100 Q
b10001101100101010100100 P
b10001101100101010100100 )
#9060000
0$
0,
#9065000
1$
1,
b1101010101 *
b1000110110010101010010 Q
b1000110110010101010010 P
b1000110110010101010010 )
#9070000
0$
0,
#9075000
1$
1,
b1101010110 *
b100011011001010101001 Q
b100011011001010101001 P
b100011011001010101001 )
#9080000
0$
0,
#9085000
1$
1,
b1101010111 *
b10010001101100101010011 Q
b10010001101100101010011 P
b10010001101100101010011 )
#9090000
0$
0,
#9095000
1$
1,
b1101011000 *
b11001000110110010101110 Q
b11001000110110010101110 P
b11001000110110010101110 )
#9100000
0$
0,
#9105000
1$
1,
b1101011001 *
b1100100011011001010111 Q
b1100100011011001010111 P
b1100100011011001010111 )
#9110000
0$
0,
#9115000
1$
1,
b1101011010 *
b10110010001101100101100 Q
b10110010001101100101100 P
b10110010001101100101100 )
#9120000
0$
0,
#9125000
1$
1,
b1101011011 *
b1011001000110110010110 Q
b1011001000110110010110 P
b1011001000110110010110 )
#9130000
0$
0,
#9135000
1$
1,
b1101011100 *
b101100100011011001011 Q
b101100100011011001011 P
b101100100011011001011 )
#9140000
0$
0,
#9145000
1$
1,
b1101011101 *
b10010110010001101100010 Q
b10010110010001101100010 P
b10010110010001101100010 )
#9150000
0$
0,
#9155000
1$
1,
b1101011110 *
b1001011001000110110001 Q
b1001011001000110110001 P
b1001011001000110110001 )
#9160000
0$
0,
#9165000
1$
1,
b1101011111 *
b10100101100100011011111 Q
b10100101100100011011111 P
b10100101100100011011111 )
#9170000
0$
0,
#9175000
1$
1,
b1101100000 *
b11010010110010001101000 Q
b11010010110010001101000 P
b11010010110010001101000 )
#9180000
0$
0,
#9185000
1$
1,
b1101100001 *
b1101001011001000110100 Q
b1101001011001000110100 P
b1101001011001000110100 )
#9190000
0$
0,
#9195000
1$
1,
b1101100010 *
b110100101100100011010 Q
b110100101100100011010 P
b110100101100100011010 )
#9200000
0$
0,
#9205000
1$
1,
b1101100011 *
b11010010110010001101 Q
b11010010110010001101 P
b11010010110010001101 )
#9210000
0$
0,
#9215000
1$
1,
b1101100100 *
b10001101001011001000001 Q
b10001101001011001000001 P
b10001101001011001000001 )
#9220000
0$
0,
#9225000
1$
1,
b1101100101 *
b11000110100101100100111 Q
b11000110100101100100111 P
b11000110100101100100111 )
#9230000
0$
0,
#9235000
1$
1,
b1101100110 *
b11100011010010110010100 Q
b11100011010010110010100 P
b11100011010010110010100 )
#9240000
0$
0,
#9245000
1$
1,
b1101100111 *
b1110001101001011001010 Q
b1110001101001011001010 P
b1110001101001011001010 )
#9250000
0$
0,
#9255000
1$
1,
b1101101000 *
b111000110100101100101 Q
b111000110100101100101 P
b111000110100101100101 )
#9260000
0$
0,
#9265000
1$
1,
b1101101001 *
b10011100011010010110101 Q
b10011100011010010110101 P
b10011100011010010110101 )
#9270000
0$
0,
#9275000
1$
1,
b1101101010 *
b11001110001101001011101 Q
b11001110001101001011101 P
b11001110001101001011101 )
#9280000
0$
0,
#9285000
1$
1,
b1101101011 *
b11100111000110100101001 Q
b11100111000110100101001 P
b11100111000110100101001 )
#9290000
0$
0,
#9295000
1$
1,
b1101101100 *
b11110011100011010010011 Q
b11110011100011010010011 P
b11110011100011010010011 )
#9300000
0$
0,
#9305000
1$
1,
b1101101101 *
b11111001110001101001110 Q
b11111001110001101001110 P
b11111001110001101001110 )
#9310000
0$
0,
#9315000
1$
1,
b1101101110 *
b1111100111000110100111 Q
b1111100111000110100111 P
b1111100111000110100111 )
#9320000
0$
0,
#9325000
1$
1,
b1101101111 *
b10111110011100011010100 Q
b10111110011100011010100 P
b10111110011100011010100 )
#9330000
0$
0,
#9335000
1$
1,
b1101110000 *
b1011111001110001101010 Q
b1011111001110001101010 P
b1011111001110001101010 )
#9340000
0$
0,
#9345000
1$
1,
b1101110001 *
b101111100111000110101 Q
b101111100111000110101 P
b101111100111000110101 )
#9350000
0$
0,
#9355000
1$
1,
b1101110010 *
b10010111110011100011101 Q
b10010111110011100011101 P
b10010111110011100011101 )
#9360000
0$
0,
#9365000
1$
1,
b1101110011 *
b11001011111001110001001 Q
b11001011111001110001001 P
b11001011111001110001001 )
#9370000
0$
0,
#9375000
1$
1,
b1101110100 *
b11100101111100111000011 Q
b11100101111100111000011 P
b11100101111100111000011 )
#9380000
0$
0,
#9385000
1$
1,
b1101110101 *
b11110010111110011100110 Q
b11110010111110011100110 P
b11110010111110011100110 )
#9390000
0$
0,
#9395000
1$
1,
b1101110110 *
b1111001011111001110011 Q
b1111001011111001110011 P
b1111001011111001110011 )
#9400000
0$
0,
#9405000
1$
1,
b1101110111 *
b10111100101111100111110 Q
b10111100101111100111110 P
b10111100101111100111110 )
#9410000
0$
0,
#9415000
1$
1,
b1101111000 *
b1011110010111110011111 Q
b1011110010111110011111 P
b1011110010111110011111 )
#9420000
0$
0,
#9425000
1$
1,
b1101111001 *
b10101111001011111001000 Q
b10101111001011111001000 P
b10101111001011111001000 )
#9430000
0$
0,
#9435000
1$
1,
b1101111010 *
b1010111100101111100100 Q
b1010111100101111100100 P
b1010111100101111100100 )
#9440000
0$
0,
#9445000
1$
1,
b1101111011 *
b101011110010111110010 Q
b101011110010111110010 P
b101011110010111110010 )
#9450000
0$
0,
#9455000
1$
1,
b1101111100 *
b10101111001011111001 Q
b10101111001011111001 P
b10101111001011111001 )
#9460000
0$
0,
#9465000
1$
1,
b1101111101 *
b10001010111100101111011 Q
b10001010111100101111011 P
b10001010111100101111011 )
#9470000
0$
0,
#9475000
1$
1,
b1101111110 *
b11000101011110010111010 Q
b11000101011110010111010 P
b11000101011110010111010 )
#9480000
0$
0,
#9485000
1$
1,
b1101111111 *
b1100010101111001011101 Q
b1100010101111001011101 P
b1100010101111001011101 )
#9490000
0$
0,
#9495000
1$
1,
b1110000000 *
b10110001010111100101001 Q
b10110001010111100101001 P
b10110001010111100101001 )
#9500000
0$
0,
#9505000
1$
1,
b1110000001 *
b11011000101011110010011 Q
b11011000101011110010011 P
b11011000101011110010011 )
#9510000
0$
0,
#9515000
1$
1,
b1110000010 *
b11101100010101111001110 Q
b11101100010101111001110 P
b11101100010101111001110 )
#9520000
0$
0,
#9525000
1$
1,
b1110000011 *
b1110110001010111100111 Q
b1110110001010111100111 P
b1110110001010111100111 )
#9530000
0$
0,
#9535000
1$
1,
b1110000100 *
b10111011000101011110100 Q
b10111011000101011110100 P
b10111011000101011110100 )
#9540000
0$
0,
#9545000
1$
1,
b1110000101 *
b1011101100010101111010 Q
b1011101100010101111010 P
b1011101100010101111010 )
#9550000
0$
0,
#9555000
1$
1,
b1110000110 *
b101110110001010111101 Q
b101110110001010111101 P
b101110110001010111101 )
#9560000
0$
0,
#9565000
1$
1,
b1110000111 *
b10010111011000101011001 Q
b10010111011000101011001 P
b10010111011000101011001 )
#9570000
0$
0,
#9575000
1$
1,
b1110001000 *
b11001011101100010101011 Q
b11001011101100010101011 P
b11001011101100010101011 )
#9580000
0$
0,
#9585000
1$
1,
b1110001001 *
b11100101110110001010010 Q
b11100101110110001010010 P
b11100101110110001010010 )
#9590000
0$
0,
#9595000
1$
1,
b1110001010 *
b1110010111011000101001 Q
b1110010111011000101001 P
b1110010111011000101001 )
#9600000
0$
0,
#9605000
1$
1,
b1110001011 *
b10111001011101100010011 Q
b10111001011101100010011 P
b10111001011101100010011 )
#9610000
0$
0,
#9615000
1$
1,
b1110001100 *
b11011100101110110001110 Q
b11011100101110110001110 P
b11011100101110110001110 )
#9620000
0$
0,
#9625000
1$
1,
b1110001101 *
b1101110010111011000111 Q
b1101110010111011000111 P
b1101110010111011000111 )
#9630000
0$
0,
#9635000
1$
1,
b1110001110 *
b10110111001011101100100 Q
b10110111001011101100100 P
b10110111001011101100100 )
#9640000
0$
0,
#9645000
1$
1,
b1110001111 *
b1011011100101110110010 Q
b1011011100101110110010 P
b1011011100101110110010 )
#9650000
0$
0,
#9655000
1$
1,
b1110010000 *
b101101110010111011001 Q
b101101110010111011001 P
b101101110010111011001 )
#9660000
0$
0,
#9665000
1$
1,
b1110010001 *
b10010110111001011101011 Q
b10010110111001011101011 P
b10010110111001011101011 )
#9670000
0$
0,
#9675000
1$
1,
b1110010010 *
b11001011011100101110010 Q
b11001011011100101110010 P
b11001011011100101110010 )
#9680000
0$
0,
#9685000
1$
1,
b1110010011 *
b1100101101110010111001 Q
b1100101101110010111001 P
b1100101101110010111001 )
#9690000
0$
0,
#9695000
1$
1,
b1110010100 *
b10110010110111001011011 Q
b10110010110111001011011 P
b10110010110111001011011 )
#9700000
0$
0,
#9705000
1$
1,
b1110010101 *
b11011001011011100101010 Q
b11011001011011100101010 P
b11011001011011100101010 )
#9710000
0$
0,
#9715000
1$
1,
b1110010110 *
b1101100101101110010101 Q
b1101100101101110010101 P
b1101100101101110010101 )
#9720000
0$
0,
#9725000
1$
1,
b1110010111 *
b10110110010110111001101 Q
b10110110010110111001101 P
b10110110010110111001101 )
#9730000
0$
0,
#9735000
1$
1,
b1110011000 *
b11011011001011011100001 Q
b11011011001011011100001 P
b11011011001011011100001 )
#9740000
0$
0,
#9745000
1$
1,
b1110011001 *
b11101101100101101110111 Q
b11101101100101101110111 P
b11101101100101101110111 )
#9750000
0$
0,
#9755000
1$
1,
b1110011010 *
b11110110110010110111100 Q
b11110110110010110111100 P
b11110110110010110111100 )
#9760000
0$
0,
#9765000
1$
1,
b1110011011 *
b1111011011001011011110 Q
b1111011011001011011110 P
b1111011011001011011110 )
#9770000
0$
0,
#9775000
1$
1,
b1110011100 *
b111101101100101101111 Q
b111101101100101101111 P
b111101101100101101111 )
#9780000
0$
0,
#9785000
1$
1,
b1110011101 *
b10011110110110010110000 Q
b10011110110110010110000 P
b10011110110110010110000 )
#9790000
0$
0,
#9795000
1$
1,
b1110011110 *
b1001111011011001011000 Q
b1001111011011001011000 P
b1001111011011001011000 )
#9800000
0$
0,
#9805000
1$
1,
b1110011111 *
b100111101101100101100 Q
b100111101101100101100 P
b100111101101100101100 )
#9810000
0$
0,
#9815000
1$
1,
b1110100000 *
b10011110110110010110 Q
b10011110110110010110 P
b10011110110110010110 )
#9820000
0$
0,
#9825000
1$
1,
b1110100001 *
b1001111011011001011 Q
b1001111011011001011 P
b1001111011011001011 )
#9830000
0$
0,
#9835000
1$
1,
b1110100010 *
b10000100111101101100010 Q
b10000100111101101100010 P
b10000100111101101100010 )
#9840000
0$
0,
#9845000
1$
1,
b1110100011 *
b1000010011110110110001 Q
b1000010011110110110001 P
b1000010011110110110001 )
#9850000
0$
0,
#9855000
1$
1,
b1110100100 *
b10100001001111011011111 Q
b10100001001111011011111 P
b10100001001111011011111 )
#9860000
0$
0,
#9865000
1$
1,
b1110100101 *
b11010000100111101101000 Q
b11010000100111101101000 P
b11010000100111101101000 )
#9870000
0$
0,
#9875000
1$
1,
b1110100110 *
b1101000010011110110100 Q
b1101000010011110110100 P
b1101000010011110110100 )
#9880000
0$
0,
#9885000
1$
1,
b1110100111 *
b110100001001111011010 Q
b110100001001111011010 P
b110100001001111011010 )
#9890000
0$
0,
#9895000
1$
1,
b1110101000 *
b11010000100111101101 Q
b11010000100111101101 P
b11010000100111101101 )
#9900000
0$
0,
#9905000
1$
1,
b1110101001 *
b10001101000010011110001 Q
b10001101000010011110001 P
b10001101000010011110001 )
#9910000
0$
0,
#9915000
1$
1,
b1110101010 *
b11000110100001001111111 Q
b11000110100001001111111 P
b11000110100001001111111 )
#9920000
0$
0,
#9925000
1$
1,
b1110101011 *
b11100011010000100111000 Q
b11100011010000100111000 P
b11100011010000100111000 )
#9930000
0$
0,
#9935000
1$
1,
b1110101100 *
b1110001101000010011100 Q
b1110001101000010011100 P
b1110001101000010011100 )
#9940000
0$
0,
#9945000
1$
1,
b1110101101 *
b111000110100001001110 Q
b111000110100001001110 P
b111000110100001001110 )
#9950000
0$
0,
#9955000
1$
1,
b1110101110 *
b11100011010000100111 Q
b11100011010000100111 P
b11100011010000100111 )
#9960000
0$
0,
#9965000
1$
1,
b1110101111 *
b10001110001101000010100 Q
b10001110001101000010100 P
b10001110001101000010100 )
#9970000
0$
0,
#9975000
1$
1,
b1110110000 *
b1000111000110100001010 Q
b1000111000110100001010 P
b1000111000110100001010 )
#9980000
0$
0,
#9985000
1$
1,
b1110110001 *
b100011100011010000101 Q
b100011100011010000101 P
b100011100011010000101 )
#9990000
0$
0,
#9995000
1$
1,
b1110110010 *
b10010001110001101000101 Q
b10010001110001101000101 P
b10010001110001101000101 )
#10000000
0$
0,
#10005000
1$
1,
b1110110011 *
b11001000111000110100101 Q
b11001000111000110100101 P
b11001000111000110100101 )
#10010000
0$
0,
#10015000
1$
1,
b1110110100 *
b11100100011100011010101 Q
b11100100011100011010101 P
b11100100011100011010101 )
#10020000
0$
0,
#10025000
1$
1,
b1110110101 *
b11110010001110001101101 Q
b11110010001110001101101 P
b11110010001110001101101 )
#10030000
0$
0,
#10035000
1$
1,
b1110110110 *
b11111001000111000110001 Q
b11111001000111000110001 P
b11111001000111000110001 )
#10040000
0$
0,
#10045000
1$
1,
b1110110111 *
b11111100100011100011111 Q
b11111100100011100011111 P
b11111100100011100011111 )
#10050000
0$
0,
#10055000
1$
1,
b1110111000 *
b11111110010001110001000 Q
b11111110010001110001000 P
b11111110010001110001000 )
#10060000
0$
0,
#10065000
1$
1,
b1110111001 *
b1111111001000111000100 Q
b1111111001000111000100 P
b1111111001000111000100 )
#10070000
0$
0,
#10075000
1$
1,
b1110111010 *
b111111100100011100010 Q
b111111100100011100010 P
b111111100100011100010 )
#10080000
0$
0,
#10085000
1$
1,
b1110111011 *
b11111110010001110001 Q
b11111110010001110001 P
b11111110010001110001 )
#10090000
0$
0,
#10095000
1$
1,
b1110111100 *
b10001111111001000111111 Q
b10001111111001000111111 P
b10001111111001000111111 )
#10100000
0$
0,
#10105000
1$
1,
b1110111101 *
b11000111111100100011000 Q
b11000111111100100011000 P
b11000111111100100011000 )
#10110000
0$
0,
#10115000
1$
1,
b1110111110 *
b1100011111110010001100 Q
b1100011111110010001100 P
b1100011111110010001100 )
#10120000
0$
0,
#10125000
1$
1,
b1110111111 *
b110001111111001000110 Q
b110001111111001000110 P
b110001111111001000110 )
#10130000
0$
0,
#10135000
1$
1,
b1111000000 *
b11000111111100100011 Q
b11000111111100100011 P
b11000111111100100011 )
#10140000
0$
0,
#10145000
1$
1,
b1111000001 *
b10001100011111110010110 Q
b10001100011111110010110 P
b10001100011111110010110 )
#10150000
0$
0,
#10155000
1$
1,
b1111000010 *
b1000110001111111001011 Q
b1000110001111111001011 P
b1000110001111111001011 )
#10160000
0$
0,
#10165000
1$
1,
b1111000011 *
b10100011000111111100010 Q
b10100011000111111100010 P
b10100011000111111100010 )
#10170000
0$
0,
#10175000
1$
1,
b1111000100 *
b1010001100011111110001 Q
b1010001100011111110001 P
b1010001100011111110001 )
#10180000
0$
0,
#10185000
1$
1,
b1111000101 *
b10101000110001111111111 Q
b10101000110001111111111 P
b10101000110001111111111 )
#10190000
0$
0,
#10195000
1$
1,
b1111000110 *
b11010100011000111111000 Q
b11010100011000111111000 P
b11010100011000111111000 )
#10200000
0$
0,
#10205000
1$
1,
b1111000111 *
b1101010001100011111100 Q
b1101010001100011111100 P
b1101010001100011111100 )
#10210000
0$
0,
#10215000
1$
1,
b1111001000 *
b110101000110001111110 Q
b110101000110001111110 P
b110101000110001111110 )
#10220000
0$
0,
#10225000
1$
1,
b1111001001 *
b11010100011000111111 Q
b11010100011000111111 P
b11010100011000111111 )
#10230000
0$
0,
#10235000
1$
1,
b1111001010 *
b10001101010001100011000 Q
b10001101010001100011000 P
b10001101010001100011000 )
#10240000
0$
0,
#10245000
1$
1,
b1111001011 *
b1000110101000110001100 Q
b1000110101000110001100 P
b1000110101000110001100 )
#10250000
0$
0,
#10255000
1$
1,
b1111001100 *
b100011010100011000110 Q
b100011010100011000110 P
b100011010100011000110 )
#10260000
0$
0,
#10265000
1$
1,
b1111001101 *
b10001101010001100011 Q
b10001101010001100011 P
b10001101010001100011 )
#10270000
0$
0,
#10275000
1$
1,
b1111001110 *
b10001000110101000110110 Q
b10001000110101000110110 P
b10001000110101000110110 )
#10280000
0$
0,
#10285000
1$
1,
b1111001111 *
b1000100011010100011011 Q
b1000100011010100011011 P
b1000100011010100011011 )
#10290000
0$
0,
#10295000
1$
1,
b1111010000 *
b10100010001101010001010 Q
b10100010001101010001010 P
b10100010001101010001010 )
#10300000
0$
0,
#10305000
1$
1,
b1111010001 *
b1010001000110101000101 Q
b1010001000110101000101 P
b1010001000110101000101 )
#10310000
0$
0,
#10315000
1$
1,
b1111010010 *
b10101000100011010100101 Q
b10101000100011010100101 P
b10101000100011010100101 )
#10320000
0$
0,
#10325000
1$
1,
b1111010011 *
b11010100010001101010101 Q
b11010100010001101010101 P
b11010100010001101010101 )
#10330000
0$
0,
#10335000
1$
1,
b1111010100 *
b11101010001000110101101 Q
b11101010001000110101101 P
b11101010001000110101101 )
#10340000
0$
0,
#10345000
1$
1,
b1111010101 *
b11110101000100011010001 Q
b11110101000100011010001 P
b11110101000100011010001 )
#10350000
0$
0,
#10355000
1$
1,
b1111010110 *
b11111010100010001101111 Q
b11111010100010001101111 P
b11111010100010001101111 )
#10360000
0$
0,
#10365000
1$
1,
b1111010111 *
b11111101010001000110000 Q
b11111101010001000110000 P
b11111101010001000110000 )
#10370000
0$
0,
#10375000
1$
1,
b1111011000 *
b1111110101000100011000 Q
b1111110101000100011000 P
b1111110101000100011000 )
#10380000
0$
0,
#10385000
1$
1,
b1111011001 *
b111111010100010001100 Q
b111111010100010001100 P
b111111010100010001100 )
#10390000
0$
0,
#10395000
1$
1,
b1111011010 *
b11111101010001000110 Q
b11111101010001000110 P
b11111101010001000110 )
#10400000
0$
0,
#10405000
1$
1,
b1111011011 *
b1111110101000100011 Q
b1111110101000100011 P
b1111110101000100011 )
#10410000
0$
0,
#10415000
1$
1,
b1111011100 *
b10000111111010100010110 Q
b10000111111010100010110 P
b10000111111010100010110 )
#10420000
0$
0,
#10425000
1$
1,
b1111011101 *
b1000011111101010001011 Q
b1000011111101010001011 P
b1000011111101010001011 )
#10430000
0$
0,
#10435000
1$
1,
b1111011110 *
b10100001111110101000010 Q
b10100001111110101000010 P
b10100001111110101000010 )
#10440000
0$
0,
#10445000
1$
1,
b1111011111 *
b1010000111111010100001 Q
b1010000111111010100001 P
b1010000111111010100001 )
#10450000
0$
0,
#10455000
1$
1,
b1111100000 *
b10101000011111101010111 Q
b10101000011111101010111 P
b10101000011111101010111 )
#10460000
0$
0,
#10465000
1$
1,
b1111100001 *
b11010100001111110101100 Q
b11010100001111110101100 P
b11010100001111110101100 )
#10470000
0$
0,
#10475000
1$
1,
b1111100010 *
b1101010000111111010110 Q
b1101010000111111010110 P
b1101010000111111010110 )
#10480000
0$
0,
#10485000
1$
1,
b1111100011 *
b110101000011111101011 Q
b110101000011111101011 P
b110101000011111101011 )
#10490000
0$
0,
#10495000
1$
1,
b1111100100 *
b10011010100001111110010 Q
b10011010100001111110010 P
b10011010100001111110010 )
#10500000
0$
0,
#10505000
1$
1,
b1111100101 *
b1001101010000111111001 Q
b1001101010000111111001 P
b1001101010000111111001 )
#10510000
0$
0,
#10515000
1$
1,
b1111100110 *
b10100110101000011111011 Q
b10100110101000011111011 P
b10100110101000011111011 )
#10520000
0$
0,
#10525000
1$
1,
b1111100111 *
b11010011010100001111010 Q
b11010011010100001111010 P
b11010011010100001111010 )
#10530000
0$
0,
#10535000
1$
1,
b1111101000 *
b1101001101010000111101 Q
b1101001101010000111101 P
b1101001101010000111101 )
#10540000
0$
0,
#10545000
1$
1,
b1111101001 *
b10110100110101000011001 Q
b10110100110101000011001 P
b10110100110101000011001 )
#10550000
0$
0,
#10555000
1$
1,
b1111101010 *
b11011010011010100001011 Q
b11011010011010100001011 P
b11011010011010100001011 )
#10560000
0$
0,
#10565000
1$
1,
b1111101011 *
b11101101001101010000010 Q
b11101101001101010000010 P
b11101101001101010000010 )
#10570000
0$
0,
#10575000
1$
1,
b1111101100 *
b1110110100110101000001 Q
b1110110100110101000001 P
b1110110100110101000001 )
#10580000
0$
0,
#10585000
1$
1,
b1111101101 *
b10111011010011010100111 Q
b10111011010011010100111 P
b10111011010011010100111 )
#10590000
0$
0,
#10595000
1$
1,
b1111101110 *
b11011101101001101010100 Q
b11011101101001101010100 P
b11011101101001101010100 )
#10600000
0$
0,
#10605000
1$
1,
b1111101111 *
b1101110110100110101010 Q
b1101110110100110101010 P
b1101110110100110101010 )
#10610000
0$
0,
#10615000
1$
1,
b1111110000 *
b110111011010011010101 Q
b110111011010011010101 P
b110111011010011010101 )
#10620000
0$
0,
#10625000
1$
1,
b1111110001 *
b10011011101101001101101 Q
b10011011101101001101101 P
b10011011101101001101101 )
#10630000
0$
0,
#10635000
1$
1,
b1111110010 *
b11001101110110100110001 Q
b11001101110110100110001 P
b11001101110110100110001 )
#10640000
0$
0,
#10645000
1$
1,
b1111110011 *
b11100110111011010011111 Q
b11100110111011010011111 P
b11100110111011010011111 )
#10650000
0$
0,
#10655000
1$
1,
b1111110100 *
b11110011011101101001000 Q
b11110011011101101001000 P
b11110011011101101001000 )
#10660000
0$
0,
#10665000
1$
1,
b1111110101 *
b1111001101110110100100 Q
b1111001101110110100100 P
b1111001101110110100100 )
#10670000
0$
0,
#10675000
1$
1,
b1111110110 *
b111100110111011010010 Q
b111100110111011010010 P
b111100110111011010010 )
#10680000
0$
0,
#10685000
1$
1,
b1111110111 *
b11110011011101101001 Q
b11110011011101101001 P
b11110011011101101001 )
#10690000
0$
0,
#10695000
1$
1,
b1111111000 *
b10001111001101110110011 Q
b10001111001101110110011 P
b10001111001101110110011 )
#10700000
0$
0,
#10705000
1$
1,
b1111111001 *
b11000111100110111011110 Q
b11000111100110111011110 P
b11000111100110111011110 )
#10710000
0$
0,
#10715000
1$
1,
b1111111010 *
b1100011110011011101111 Q
b1100011110011011101111 P
b1100011110011011101111 )
#10720000
0$
0,
#10725000
1$
1,
b1111111011 *
b10110001111001101110000 Q
b10110001111001101110000 P
b10110001111001101110000 )
#10730000
0$
0,
#10735000
1$
1,
b1111111100 *
b1011000111100110111000 Q
b1011000111100110111000 P
b1011000111100110111000 )
#10740000
0$
0,
#10745000
1$
1,
b1111111101 *
b101100011110011011100 Q
b101100011110011011100 P
b101100011110011011100 )
#10750000
0$
0,
#10755000
1$
1,
b1111111110 *
b10110001111001101110 Q
b10110001111001101110 P
b10110001111001101110 )
#10760000
0$
0,
#10765000
1$
1,
b1111111111 *
b1011000111100110111 Q
b1011000111100110111 P
b1011000111100110111 )
#10770000
0$
0,
#10775000
1$
1,
b10000000000 *
b10000101100011110011100 Q
b10000101100011110011100 P
b10000101100011110011100 )
#10780000
0$
0,
#10785000
1$
1,
b10000000001 *
b1000010110001111001110 Q
b1000010110001111001110 P
b1000010110001111001110 )
#10790000
0$
0,
#10795000
1$
1,
b10000000010 *
b100001011000111100111 Q
b100001011000111100111 P
b100001011000111100111 )
#10800000
0$
0,
#10805000
1$
1,
b10000000011 *
b10010000101100011110100 Q
b10010000101100011110100 P
b10010000101100011110100 )
#10810000
0$
0,
#10815000
1$
1,
b10000000100 *
b1001000010110001111010 Q
b1001000010110001111010 P
b1001000010110001111010 )
#10820000
0$
0,
#10825000
1$
1,
b10000000101 *
b100100001011000111101 Q
b100100001011000111101 P
b100100001011000111101 )
#10830000
0$
0,
#10835000
1$
1,
b10000000110 *
b10010010000101100011001 Q
b10010010000101100011001 P
b10010010000101100011001 )
#10840000
0$
0,
#10845000
1$
1,
b10000000111 *
b11001001000010110001011 Q
b11001001000010110001011 P
b11001001000010110001011 )
#10850000
0$
0,
#10855000
1$
1,
b10000001000 *
b11100100100001011000010 Q
b11100100100001011000010 P
b11100100100001011000010 )
#10860000
0$
0,
#10865000
1$
1,
b10000001001 *
b1110010010000101100001 Q
b1110010010000101100001 P
b1110010010000101100001 )
#10870000
0$
0,
#10875000
1$
1,
b10000001010 *
b10111001001000010110111 Q
b10111001001000010110111 P
b10111001001000010110111 )
#10880000
0$
0,
#10885000
1$
1,
b10000001011 *
b11011100100100001011100 Q
b11011100100100001011100 P
b11011100100100001011100 )
#10890000
0$
0,
#10895000
1$
1,
b10000001100 *
b1101110010010000101110 Q
b1101110010010000101110 P
b1101110010010000101110 )
#10900000
0$
0,
#10905000
1$
1,
b10000001101 *
b110111001001000010111 Q
b110111001001000010111 P
b110111001001000010111 )
#10910000
0$
0,
#10915000
1$
1,
b10000001110 *
b10011011100100100001100 Q
b10011011100100100001100 P
b10011011100100100001100 )
#10920000
0$
0,
#10925000
1$
1,
b10000001111 *
b1001101110010010000110 Q
b1001101110010010000110 P
b1001101110010010000110 )
#10930000
0$
0,
#10935000
1$
1,
b10000010000 *
b100110111001001000011 Q
b100110111001001000011 P
b100110111001001000011 )
#10940000
0$
0,
#10945000
1$
1,
b10000010001 *
b10010011011100100100110 Q
b10010011011100100100110 P
b10010011011100100100110 )
#10950000
0$
0,
#10955000
1$
1,
b10000010010 *
b1001001101110010010011 Q
b1001001101110010010011 P
b1001001101110010010011 )
#10960000
0$
0,
#10965000
1$
1,
b10000010011 *
b10100100110111001001110 Q
b10100100110111001001110 P
b10100100110111001001110 )
#10970000
0$
0,
#10975000
1$
1,
b10000010100 *
b1010010011011100100111 Q
b1010010011011100100111 P
b1010010011011100100111 )
#10980000
0$
0,
#10985000
1$
1,
b10000010101 *
b10101001001101110010100 Q
b10101001001101110010100 P
b10101001001101110010100 )
#10990000
0$
0,
#10995000
1$
1,
b10000010110 *
b1010100100110111001010 Q
b1010100100110111001010 P
b1010100100110111001010 )
#11000000
0$
0,
#11005000
1$
1,
b10000010111 *
b101010010011011100101 Q
b101010010011011100101 P
b101010010011011100101 )
#11010000
0$
0,
#11015000
1$
1,
b10000011000 *
b10010101001001101110101 Q
b10010101001001101110101 P
b10010101001001101110101 )
#11020000
0$
0,
#11025000
1$
1,
b10000011001 *
b11001010100100110111101 Q
b11001010100100110111101 P
b11001010100100110111101 )
#11030000
0$
0,
#11035000
1$
1,
b10000011010 *
b11100101010010011011001 Q
b11100101010010011011001 P
b11100101010010011011001 )
#11040000
0$
0,
#11045000
1$
1,
b10000011011 *
b11110010101001001101011 Q
b11110010101001001101011 P
b11110010101001001101011 )
#11050000
0$
0,
#11055000
1$
1,
b10000011100 *
b11111001010100100110010 Q
b11111001010100100110010 P
b11111001010100100110010 )
#11060000
0$
0,
#11065000
1$
1,
b10000011101 *
b1111100101010010011001 Q
b1111100101010010011001 P
b1111100101010010011001 )
#11070000
0$
0,
#11075000
1$
1,
b10000011110 *
b10111110010101001001011 Q
b10111110010101001001011 P
b10111110010101001001011 )
#11080000
0$
0,
#11085000
1$
1,
b10000011111 *
b11011111001010100100010 Q
b11011111001010100100010 P
b11011111001010100100010 )
#11090000
0$
0,
#11095000
1$
1,
b10000100000 *
b1101111100101010010001 Q
b1101111100101010010001 P
b1101111100101010010001 )
#11100000
0$
0,
#11105000
1$
1,
b10000100001 *
b10110111110010101001111 Q
b10110111110010101001111 P
b10110111110010101001111 )
#11110000
0$
0,
#11115000
1$
1,
b10000100010 *
b11011011111001010100000 Q
b11011011111001010100000 P
b11011011111001010100000 )
#11120000
0$
0,
#11125000
1$
1,
b10000100011 *
b1101101111100101010000 Q
b1101101111100101010000 P
b1101101111100101010000 )
#11130000
0$
0,
#11135000
1$
1,
b10000100100 *
b110110111110010101000 Q
b110110111110010101000 P
b110110111110010101000 )
#11140000
0$
0,
#11145000
1$
1,
b10000100101 *
b11011011111001010100 Q
b11011011111001010100 P
b11011011111001010100 )
#11150000
0$
0,
#11155000
1$
1,
b10000100110 *
b1101101111100101010 Q
b1101101111100101010 P
b1101101111100101010 )
#11160000
0$
0,
#11165000
1$
1,
b10000100111 *
b110110111110010101 Q
b110110111110010101 P
b110110111110010101 )
#11170000
0$
0,
#11175000
1$
1,
b10000101000 *
b10000011011011111001101 Q
b10000011011011111001101 P
b10000011011011111001101 )
#11180000
0$
0,
#11185000
1$
1,
b10000101001 *
b11000001101101111100001 Q
b11000001101101111100001 P
b11000001101101111100001 )
#11190000
0$
0,
#11195000
1$
1,
b10000101010 *
b11100000110110111110111 Q
b11100000110110111110111 P
b11100000110110111110111 )
#11200000
0$
0,
#11205000
1$
1,
b10000101011 *
b11110000011011011111100 Q
b11110000011011011111100 P
b11110000011011011111100 )
#11210000
0$
0,
#11215000
1$
1,
b10000101100 *
b1111000001101101111110 Q
b1111000001101101111110 P
b1111000001101101111110 )
#11220000
0$
0,
#11225000
1$
1,
b10000101101 *
b111100000110110111111 Q
b111100000110110111111 P
b111100000110110111111 )
#11230000
0$
0,
#11235000
1$
1,
b10000101110 *
b10011110000011011011000 Q
b10011110000011011011000 P
b10011110000011011011000 )
#11240000
0$
0,
#11245000
1$
1,
b10000101111 *
b1001111000001101101100 Q
b1001111000001101101100 P
b1001111000001101101100 )
#11250000
0$
0,
#11255000
1$
1,
b10000110000 *
b100111100000110110110 Q
b100111100000110110110 P
b100111100000110110110 )
#11260000
0$
0,
#11265000
1$
1,
b10000110001 *
b10011110000011011011 Q
b10011110000011011011 P
b10011110000011011011 )
#11270000
0$
0,
#11275000
1$
1,
b10000110010 *
b10001001111000001101010 Q
b10001001111000001101010 P
b10001001111000001101010 )
#11280000
0$
0,
#11285000
1$
1,
b10000110011 *
b1000100111100000110101 Q
b1000100111100000110101 P
b1000100111100000110101 )
#11290000
0$
0,
#11295000
1$
1,
b10000110100 *
b10100010011110000011101 Q
b10100010011110000011101 P
b10100010011110000011101 )
#11300000
0$
0,
#11305000
1$
1,
b10000110101 *
b11010001001111000001001 Q
b11010001001111000001001 P
b11010001001111000001001 )
#11310000
0$
0,
#11315000
1$
1,
b10000110110 *
b11101000100111100000011 Q
b11101000100111100000011 P
b11101000100111100000011 )
#11320000
0$
0,
#11325000
1$
1,
b10000110111 *
b11110100010011110000110 Q
b11110100010011110000110 P
b11110100010011110000110 )
#11330000
0$
0,
#11335000
1$
1,
b10000111000 *
b1111010001001111000011 Q
b1111010001001111000011 P
b1111010001001111000011 )
#11340000
0$
0,
#11345000
1$
1,
b10000111001 *
b10111101000100111100110 Q
b10111101000100111100110 P
b10111101000100111100110 )
#11350000
0$
0,
#11355000
1$
1,
b10000111010 *
b1011110100010011110011 Q
b1011110100010011110011 P
b1011110100010011110011 )
#11360000
0$
0,
#11365000
1$
1,
b10000111011 *
b10101111010001001111110 Q
b10101111010001001111110 P
b10101111010001001111110 )
#11370000
0$
0,
#11375000
1$
1,
b10000111100 *
b1010111101000100111111 Q
b1010111101000100111111 P
b1010111101000100111111 )
#11380000
0$
0,
#11385000
1$
1,
b10000111101 *
b10101011110100010011000 Q
b10101011110100010011000 P
b10101011110100010011000 )
#11390000
0$
0,
#11395000
1$
1,
b10000111110 *
b1010101111010001001100 Q
b1010101111010001001100 P
b1010101111010001001100 )
#11400000
0$
0,
#11405000
1$
1,
b10000111111 *
b101010111101000100110 Q
b101010111101000100110 P
b101010111101000100110 )
#11410000
0$
0,
#11415000
1$
1,
b10001000000 *
b10101011110100010011 Q
b10101011110100010011 P
b10101011110100010011 )
#11420000
0$
0,
#11425000
1$
1,
b10001000001 *
b10001010101111010001110 Q
b10001010101111010001110 P
b10001010101111010001110 )
#11430000
0$
0,
#11435000
1$
1,
b10001000010 *
b1000101010111101000111 Q
b1000101010111101000111 P
b1000101010111101000111 )
#11440000
0$
0,
#11445000
1$
1,
b10001000011 *
b10100010101011110100100 Q
b10100010101011110100100 P
b10100010101011110100100 )
#11450000
0$
0,
#11455000
1$
1,
b10001000100 *
b1010001010101111010010 Q
b1010001010101111010010 P
b1010001010101111010010 )
#11460000
0$
0,
#11465000
1$
1,
b10001000101 *
b101000101010111101001 Q
b101000101010111101001 P
b101000101010111101001 )
#11470000
0$
0,
#11475000
1$
1,
b10001000110 *
b10010100010101011110011 Q
b10010100010101011110011 P
b10010100010101011110011 )
#11480000
0$
0,
#11485000
1$
1,
b10001000111 *
b11001010001010101111110 Q
b11001010001010101111110 P
b11001010001010101111110 )
#11490000
0$
0,
#11495000
1$
1,
b10001001000 *
b1100101000101010111111 Q
b1100101000101010111111 P
b1100101000101010111111 )
#11500000
0$
0,
#11505000
1$
1,
b10001001001 *
b10110010100010101011000 Q
b10110010100010101011000 P
b10110010100010101011000 )
#11510000
0$
0,
#11515000
1$
1,
b10001001010 *
b1011001010001010101100 Q
b1011001010001010101100 P
b1011001010001010101100 )
#11520000
0$
0,
#11525000
1$
1,
b10001001011 *
b101100101000101010110 Q
b101100101000101010110 P
b101100101000101010110 )
#11530000
0$
0,
#11535000
1$
1,
b10001001100 *
b10110010100010101011 Q
b10110010100010101011 P
b10110010100010101011 )
#11540000
0$
0,
#11545000
1$
1,
b10001001101 *
b10001011001010001010010 Q
b10001011001010001010010 P
b10001011001010001010010 )
#11550000
0$
0,
#11555000
1$
1,
b10001001110 *
b1000101100101000101001 Q
b1000101100101000101001 P
b1000101100101000101001 )
#11560000
0$
0,
#11565000
1$
1,
b10001001111 *
b10100010110010100010011 Q
b10100010110010100010011 P
b10100010110010100010011 )
#11570000
0$
0,
#11575000
1$
1,
b10001010000 *
b11010001011001010001110 Q
b11010001011001010001110 P
b11010001011001010001110 )
#11580000
0$
0,
#11585000
1$
1,
b10001010001 *
b1101000101100101000111 Q
b1101000101100101000111 P
b1101000101100101000111 )
#11590000
0$
0,
#11595000
1$
1,
b10001010010 *
b10110100010110010100100 Q
b10110100010110010100100 P
b10110100010110010100100 )
#11600000
0$
0,
#11605000
1$
1,
b10001010011 *
b1011010001011001010010 Q
b1011010001011001010010 P
b1011010001011001010010 )
#11610000
0$
0,
#11615000
1$
1,
b10001010100 *
b101101000101100101001 Q
b101101000101100101001 P
b101101000101100101001 )
#11620000
0$
0,
#11625000
1$
1,
b10001010101 *
b10010110100010110010011 Q
b10010110100010110010011 P
b10010110100010110010011 )
#11630000
0$
0,
#11635000
1$
1,
b10001010110 *
b11001011010001011001110 Q
b11001011010001011001110 P
b11001011010001011001110 )
#11640000
0$
0,
#11645000
1$
1,
b10001010111 *
b1100101101000101100111 Q
b1100101101000101100111 P
b1100101101000101100111 )
#11650000
0$
0,
#11655000
1$
1,
b10001011000 *
b10110010110100010110100 Q
b10110010110100010110100 P
b10110010110100010110100 )
#11660000
0$
0,
#11665000
1$
1,
b10001011001 *
b1011001011010001011010 Q
b1011001011010001011010 P
b1011001011010001011010 )
#11670000
0$
0,
#11675000
1$
1,
b10001011010 *
b101100101101000101101 Q
b101100101101000101101 P
b101100101101000101101 )
#11680000
0$
0,
#11685000
1$
1,
b10001011011 *
b10010110010110100010001 Q
b10010110010110100010001 P
b10010110010110100010001 )
#11690000
0$
0,
#11695000
1$
1,
b10001011100 *
b11001011001011010001111 Q
b11001011001011010001111 P
b11001011001011010001111 )
#11700000
0$
0,
#11705000
1$
1,
b10001011101 *
b11100101100101101000000 Q
b11100101100101101000000 P
b11100101100101101000000 )
#11710000
0$
0,
#11715000
1$
1,
b10001011110 *
b1110010110010110100000 Q
b1110010110010110100000 P
b1110010110010110100000 )
#11720000
0$
0,
#11725000
1$
1,
b10001011111 *
b111001011001011010000 Q
b111001011001011010000 P
b111001011001011010000 )
#11730000
0$
0,
#11735000
1$
1,
b10001100000 *
b11100101100101101000 Q
b11100101100101101000 P
b11100101100101101000 )
#11740000
0$
0,
#11745000
1$
1,
b10001100001 *
b1110010110010110100 Q
b1110010110010110100 P
b1110010110010110100 )
#11750000
0$
0,
#11755000
1$
1,
b10001100010 *
b111001011001011010 Q
b111001011001011010 P
b111001011001011010 )
#11760000
0$
0,
#11765000
1$
1,
b10001100011 *
b11100101100101101 Q
b11100101100101101 P
b11100101100101101 )
#11770000
0$
0,
#11775000
1$
1,
b10001100100 *
b10000001110010110010001 Q
b10000001110010110010001 P
b10000001110010110010001 )
#11780000
0$
0,
#11785000
1$
1,
b10001100101 *
b11000000111001011001111 Q
b11000000111001011001111 P
b11000000111001011001111 )
#11790000
0$
0,
#11795000
1$
1,
b10001100110 *
b11100000011100101100000 Q
b11100000011100101100000 P
b11100000011100101100000 )
#11800000
0$
0,
#11805000
1$
1,
b10001100111 *
b1110000001110010110000 Q
b1110000001110010110000 P
b1110000001110010110000 )
#11810000
0$
0,
#11815000
1$
1,
b10001101000 *
b111000000111001011000 Q
b111000000111001011000 P
b111000000111001011000 )
#11820000
0$
0,
#11825000
1$
1,
b10001101001 *
b11100000011100101100 Q
b11100000011100101100 P
b11100000011100101100 )
#11830000
0$
0,
#11835000
1$
1,
b10001101010 *
b1110000001110010110 Q
b1110000001110010110 P
b1110000001110010110 )
#11840000
0$
0,
#11845000
1$
1,
b10001101011 *
b111000000111001011 Q
b111000000111001011 P
b111000000111001011 )
#11850000
0$
0,
#11855000
1$
1,
b10001101100 *
b10000011100000011100010 Q
b10000011100000011100010 P
b10000011100000011100010 )
#11860000
0$
0,
#11865000
1$
1,
b10001101101 *
b1000001110000001110001 Q
b1000001110000001110001 P
b1000001110000001110001 )
#11870000
0$
0,
#11875000
1$
1,
b10001101110 *
b10100000111000000111111 Q
b10100000111000000111111 P
b10100000111000000111111 )
#11880000
0$
0,
#11885000
1$
1,
b10001101111 *
b11010000011100000011000 Q
b11010000011100000011000 P
b11010000011100000011000 )
#11890000
0$
0,
#11895000
1$
1,
b10001110000 *
b1101000001110000001100 Q
b1101000001110000001100 P
b1101000001110000001100 )
#11900000
0$
0,
#11905000
1$
1,
b10001110001 *
b110100000111000000110 Q
b110100000111000000110 P
b110100000111000000110 )
#11910000
0$
0,
#11915000
1$
1,
b10001110010 *
b11010000011100000011 Q
b11010000011100000011 P
b11010000011100000011 )
#11920000
0$
0,
#11925000
1$
1,
b10001110011 *
b10001101000001110000110 Q
b10001101000001110000110 P
b10001101000001110000110 )
#11930000
0$
0,
#11935000
1$
1,
b10001110100 *
b1000110100000111000011 Q
b1000110100000111000011 P
b1000110100000111000011 )
#11940000
0$
0,
#11945000
1$
1,
b10001110101 *
b10100011010000011100110 Q
b10100011010000011100110 P
b10100011010000011100110 )
#11950000
0$
0,
#11955000
1$
1,
b10001110110 *
b1010001101000001110011 Q
b1010001101000001110011 P
b1010001101000001110011 )
#11960000
0$
0,
#11965000
1$
1,
b10001110111 *
b10101000110100000111110 Q
b10101000110100000111110 P
b10101000110100000111110 )
#11970000
0$
0,
#11975000
1$
1,
b10001111000 *
b1010100011010000011111 Q
b1010100011010000011111 P
b1010100011010000011111 )
#11980000
0$
0,
#11985000
1$
1,
b10001111001 *
b10101010001101000001000 Q
b10101010001101000001000 P
b10101010001101000001000 )
#11990000
0$
0,
#11995000
1$
1,
b10001111010 *
b1010101000110100000100 Q
b1010101000110100000100 P
b1010101000110100000100 )
#12000000
0$
0,
#12005000
1$
1,
b10001111011 *
b101010100011010000010 Q
b101010100011010000010 P
b101010100011010000010 )
#12010000
0$
0,
#12015000
1$
1,
b10001111100 *
b10101010001101000001 Q
b10101010001101000001 P
b10101010001101000001 )
#12020000
0$
0,
#12025000
1$
1,
b10001111101 *
b10001010101000110100111 Q
b10001010101000110100111 P
b10001010101000110100111 )
#12030000
0$
0,
#12035000
1$
1,
b10001111110 *
b11000101010100011010100 Q
b11000101010100011010100 P
b11000101010100011010100 )
#12040000
0$
0,
#12045000
1$
1,
b10001111111 *
b1100010101010001101010 Q
b1100010101010001101010 P
b1100010101010001101010 )
#12050000
0$
0,
#12055000
1$
1,
b10010000000 *
b110001010101000110101 Q
b110001010101000110101 P
b110001010101000110101 )
#12060000
0$
0,
#12065000
1$
1,
b10010000001 *
b10011000101010100011101 Q
b10011000101010100011101 P
b10011000101010100011101 )
#12070000
0$
0,
#12075000
1$
1,
b10010000010 *
b11001100010101010001001 Q
b11001100010101010001001 P
b11001100010101010001001 )
#12080000
0$
0,
#12085000
1$
1,
b10010000011 *
b11100110001010101000011 Q
b11100110001010101000011 P
b11100110001010101000011 )
#12090000
0$
0,
#12095000
1$
1,
b10010000100 *
b11110011000101010100110 Q
b11110011000101010100110 P
b11110011000101010100110 )
#12100000
0$
0,
#12105000
1$
1,
b10010000101 *
b1111001100010101010011 Q
b1111001100010101010011 P
b1111001100010101010011 )
#12110000
0$
0,
#12115000
1$
1,
b10010000110 *
b10111100110001010101110 Q
b10111100110001010101110 P
b10111100110001010101110 )
#12120000
0$
0,
#12125000
1$
1,
b10010000111 *
b1011110011000101010111 Q
b1011110011000101010111 P
b1011110011000101010111 )
#12130000
0$
0,
#12135000
1$
1,
b10010001000 *
b10101111001100010101100 Q
b10101111001100010101100 P
b10101111001100010101100 )
#12140000
0$
0,
#12145000
1$
1,
b10010001001 *
b1010111100110001010110 Q
b1010111100110001010110 P
b1010111100110001010110 )
#12150000
0$
0,
#12155000
1$
1,
b10010001010 *
b101011110011000101011 Q
b101011110011000101011 P
b101011110011000101011 )
#12160000
0$
0,
#12165000
1$
1,
b10010001011 *
b10010101111001100010010 Q
b10010101111001100010010 P
b10010101111001100010010 )
#12170000
0$
0,
#12175000
1$
1,
b10010001100 *
b1001010111100110001001 Q
b1001010111100110001001 P
b1001010111100110001001 )
#12180000
0$
0,
#12185000
1$
1,
b10010001101 *
b10100101011110011000011 Q
b10100101011110011000011 P
b10100101011110011000011 )
#12190000
0$
0,
#12195000
1$
1,
b10010001110 *
b11010010101111001100110 Q
b11010010101111001100110 P
b11010010101111001100110 )
#12200000
0$
0,
#12205000
1$
1,
b10010001111 *
b1101001010111100110011 Q
b1101001010111100110011 P
b1101001010111100110011 )
#12210000
0$
0,
#12215000
1$
1,
b10010010000 *
b10110100101011110011110 Q
b10110100101011110011110 P
b10110100101011110011110 )
#12220000
0$
0,
#12225000
1$
1,
b10010010001 *
b1011010010101111001111 Q
b1011010010101111001111 P
b1011010010101111001111 )
#12230000
0$
0,
#12235000
1$
1,
b10010010010 *
b10101101001010111100000 Q
b10101101001010111100000 P
b10101101001010111100000 )
#12240000
0$
0,
#12245000
1$
1,
b10010010011 *
b1010110100101011110000 Q
b1010110100101011110000 P
b1010110100101011110000 )
#12250000
0$
0,
#12255000
1$
1,
b10010010100 *
b101011010010101111000 Q
b101011010010101111000 P
b101011010010101111000 )
#12260000
0$
0,
#12265000
1$
1,
b10010010101 *
b10101101001010111100 Q
b10101101001010111100 P
b10101101001010111100 )
#12270000
0$
0,
#12275000
1$
1,
b10010010110 *
b1010110100101011110 Q
b1010110100101011110 P
b1010110100101011110 )
#12280000
0$
0,
#12285000
1$
1,
b10010010111 *
b101011010010101111 Q
b101011010010101111 P
b101011010010101111 )
#12290000
0$
0,
#12295000
1$
1,
b10010011000 *
b10000010101101001010000 Q
b10000010101101001010000 P
b10000010101101001010000 )
#12300000
0$
0,
#12305000
1$
1,
b10010011001 *
b1000001010110100101000 Q
b1000001010110100101000 P
b1000001010110100101000 )
#12310000
0$
0,
#12315000
1$
1,
b10010011010 *
b100000101011010010100 Q
b100000101011010010100 P
b100000101011010010100 )
#12320000
0$
0,
#12325000
1$
1,
b10010011011 *
b10000010101101001010 Q
b10000010101101001010 P
b10000010101101001010 )
#12330000
0$
0,
#12335000
1$
1,
b10010011100 *
0&
