$date
   Tue Apr 28 22:21:45 2026
$end

$version
  2025.2
  $dumpfile ("tb_link_loopback.vcd") 
$end

$timescale
  1ps
$end

$scope module tb_link_loopback $end
$var reg 1 ! clk $end
$var reg 1 " rst_n $end
$var reg 128 # frame_in [127:0] $end
$var reg 1 $ frame_in_valid $end
$var reg 1 % frame_in_ready $end
$var reg 128 & frame_out [127:0] $end
$var reg 1 ' frame_out_valid $end
$var reg 1 ( link_up $end
$var reg 32 ) error_count [31:0] $end
$var reg 4 * pmod_data [3:0] $end
$var reg 1 + pmod_valid $end
$var reg 1 , link_remote_ready $end
$var reg 32 - pass_count [31:0] $end
$var reg 32 . fail_count [31:0] $end
$scope module u_link_tx $end
$var wire 1 / clk $end
$var wire 1 0 rst_n $end
$var wire 128 1 frame_in [127:0] $end
$var wire 1 2 frame_in_valid $end
$var reg 1 % frame_in_ready $end
$var reg 4 * pmod_data [3:0] $end
$var reg 1 + pmod_valid $end
$var wire 1 3 remote_ready $end
$var reg 1 4 remote_ready_s1 $end
$var reg 1 5 remote_ready_sync $end
$var reg 1 6 st $end
$var reg 128 7 shifter [127:0] $end
$var reg 5 8 beat [4:0] $end
$var reg 1 9 half_nibble $end
$upscope $end
$scope module u_link_rx $end
$var wire 1 : clk $end
$var wire 1 ; rst_n $end
$var wire 1 < counter_clr $end
$var wire 4 = pmod_data [3:0] $end
$var wire 1 > pmod_valid $end
$var reg 1 , local_ready $end
$var reg 128 & frame_out [127:0] $end
$var reg 1 ' frame_out_valid $end
$var reg 1 ( link_up $end
$var reg 32 ) error_count [31:0] $end
$var reg 1 ? valid_s1 $end
$var reg 1 @ valid_sync $end
$var reg 4 A data_s1 [3:0] $end
$var reg 4 B data_sync [3:0] $end
$var reg 1 C valid_prev $end
$var wire 1 D valid_rise $end
$var reg 1 E state $end
$var reg 128 F assemble_reg [127:0] $end
$var reg 5 G beat_count [4:0] $end
$var reg 1 H phase $end
$scope begin Block124_8 $end
$var reg 128 I assembled_next [127:0] $end
$upscope $end
$upscope $end
$scope begin Block134_11 $end
$var reg 32 J i [31:0] $end
$scope begin Block134_12 $end
$var reg 128 K f [127:0] $end
$upscope $end
$upscope $end
$scope task check $end
$upscope $end
$scope task check128 $end
$upscope $end
$scope task send_and_verify $end
$upscope $end
$upscope $end
$enddefinitions $end

#0
$dumpvars
0!
0"
b0 #
0$
0%
b0 &
0'
0(
b0 )
b0 *
0+
1,
b0 -
b0 .
0/
00
b0 1
02
13
04
05
06
b0 7
b0 8
09
0:
0;
0<
b0 =
0>
0?
0@
b0 A
b0 B
0C
0D
0E
b0 F
b0 G
0H
bx I
b0 J
bx K
$end

#5000
1!
1/
1:

#10000
0!
0/
0:

#15000
1!
1/
1:

#20000
0!
0/
0:

#25000
1!
1/
1:

#30000
0!
0/
0:

#35000
1!
1/
1:

#40000
0!
0/
0:

#45000
1!
1/
1:

#50000
0!
0/
0:

#55000
1!
1/
1:

#60000
0!
0/
0:

#65000
1!
1/
1:

#70000
0!
0/
0:

#75000
1!
1/
1:

#80000
0!
0/
0:

#85000
1!
1/
1:

#90000
0!
0/
0:

#95000
1!
1/
1:

#100000
0!
1"
0/
10
0:
1;

#105000
1!
1/
14
1:

#110000
0!
0/
0:

#115000
1!
1%
1/
15
1:

#120000
0!
0/
0:

#125000
1!
1/
1:

#130000
0!
0/
0:

#135000
1!
b10000000000000000000010110100000000000000000000000000101101010000000000000000000000111110100000000011111010000000000000000000 #
1$
0%
b1 *
1+
1/
b10000000000000000000010110100000000000000000000000000101101010000000000000000000000111110100000000011111010000000000000000000 1
12
16
b10000000000000000000010110100000000000000000000000000101101010000000000000000000000111110100000000011111010000000000000000000 7
1:
b1 =
1>

#140000
0!
0/
0:

#145000
1!
1/
19
1:
1?
b1 A

#150000
0!
0/
0:

#155000
1!
b0 *
1/
b101101000000000000000000000000001011010100000000000000000000001111101000000000111110100000000000000000000000 7
b1 8
09
1:
b0 =
1@
b1 B
1D

#160000
0!
0/
0:

#165000
1!
0,
1/
03
19
1:
b0 A
1C
0D
1E

#170000
0!
0/
0:

#175000
1!
1/
04
b1011010000000000000000000000000010110101000000000000000000000011111010000000001111101000000000000000000000000000 7
b10 8
09
1:
b0 B
b1 F
b1 G
1H
b1 I

#180000
0!
0/
0:

#185000
1!
1/
05
19
1:
0H

#190000
0!
0/
0:

#195000
1!
1/
b10110100000000000000000000000000101101010000000000000000000000111110100000000011111010000000000000000000000000000000 7
b11 8
09
1:
b10000 F
b10 G
1H
b10000 I

#200000
0!
0/
0:

#205000
1!
1/
19
1:
0H

#210000
0!
0/
0:

#215000
1!
1/
b101101000000000000000000000000001011010100000000000000000000001111101000000000111110100000000000000000000000000000000000 7
b100 8
09
1:
b100000000 F
b11 G
1H
b100000000 I

#220000
0!
0/
0:

#225000
1!
1/
19
1:
0H

#230000
0!
0/
0:

#235000
1!
1/
b1011010000000000000000000000000010110101000000000000000000000011111010000000001111101000000000000000000000000000000000000000 7
b101 8
09
1:
b1000000000000 F
b100 G
1H
b1000000000000 I

#240000
0!
0/
0:

#245000
1!
1/
19
1:
0H

#250000
0!
0/
0:

#255000
1!
b1011 *
1/
b10110100000000000000000000000000101101010000000000000000000000111110100000000011111010000000000000000000000000000000000000000000 7
b110 8
09
1:
b1011 =
b10000000000000000 F
b101 G
1H
b10000000000000000 I

#260000
0!
0/
0:

#265000
1!
1/
19
1:
b1011 A
0H

#270000
0!
0/
0:

#275000
1!
b100 *
1/
b1000000000000000000000000001011010100000000000000000000001111101000000000111110100000000000000000000000000000000000000000000000 7
b111 8
09
1:
b100 =
b1011 B
b100000000000000000000 F
b110 G
1H
b100000000000000000000 I

#280000
0!
0/
0:

#285000
1!
1/
19
1:
b100 A
0H

#290000
0!
0/
0:

#295000
1!
b0 *
1/
b10110101000000000000000000000011111010000000001111101000000000000000000000000000000000000000000000000000 7
b1000 8
09
1:
b0 =
b100 B
b1000000000000000000001011 F
b111 G
1H
b1000000000000000000001011 I

#300000
0!
0/
0:

#305000
1!
1/
19
1:
b0 A
0H

#310000
0!
0/
0:

#315000
1!
1/
b101101010000000000000000000000111110100000000011111010000000000000000000000000000000000000000000000000000000 7
b1001 8
09
1:
b0 B
b10000000000000000000010110100 F
b1000 G
1H
b10000000000000000000010110100 I

#320000
0!
0/
0:

#325000
1!
1/
19
1:
0H

#330000
0!
0/
0:

#335000
1!
1/
b1011010100000000000000000000001111101000000000111110100000000000000000000000000000000000000000000000000000000000 7
b1010 8
09
1:
b100000000000000000000101101000000 F
b1001 G
1H
b100000000000000000000101101000000 I

#340000
0!
0/
0:

#345000
1!
1/
19
1:
0H

#350000
0!
0/
0:

#355000
1!
1/
b10110101000000000000000000000011111010000000001111101000000000000000000000000000000000000000000000000000000000000000 7
b1011 8
09
1:
b1000000000000000000001011010000000000 F
b1010 G
1H
b1000000000000000000001011010000000000 I

#360000
0!
0/
0:

#365000
1!
1/
19
1:
0H

#370000
0!
0/
0:

#375000
1!
1/
b101101010000000000000000000000111110100000000011111010000000000000000000000000000000000000000000000000000000000000000000 7
b1100 8
09
1:
b10000000000000000000010110100000000000000 F
b1011 G
1H
b10000000000000000000010110100000000000000 I

#380000
0!
0/
0:

#385000
1!
1/
19
1:
0H

#390000
0!
0/
0:

#395000
1!
1/
b1011010100000000000000000000001111101000000000111110100000000000000000000000000000000000000000000000000000000000000000000000 7
b1101 8
09
1:
b100000000000000000000101101000000000000000000 F
b1100 G
1H
b100000000000000000000101101000000000000000000 I

#400000
0!
0/
0:

#405000
1!
1/
19
1:
0H

#410000
0!
0/
0:

#415000
1!
b1011 *
1/
b10110101000000000000000000000011111010000000001111101000000000000000000000000000000000000000000000000000000000000000000000000000 7
b1110 8
09
1:
b1011 =
b1000000000000000000001011010000000000000000000000 F
b1101 G
1H
b1000000000000000000001011010000000000000000000000 I

#420000
0!
0/
0:

#425000
1!
1/
19
1:
b1011 A
0H

#430000
0!
0/
0:

#435000
1!
b101 *
1/
b1010000000000000000000000111110100000000011111010000000000000000000000000000000000000000000000000000000000000000000000000000000 7
b1111 8
09
1:
b101 =
b1011 B
b10000000000000000000010110100000000000000000000000000 F
b1110 G
1H
b10000000000000000000010110100000000000000000000000000 I

#440000
0!
0/
0:

#445000
1!
1/
19
1:
b101 A
0H

#450000
0!
0/
0:

#455000
1!
b0 *
1/
b1111101000000000111110100000000000000000000000000000000000000000000000000000000000000000000000000000000000 7
b10000 8
09
1:
b0 =
b101 B
b100000000000000000000101101000000000000000000000000001011 F
b1111 G
1H
b100000000000000000000101101000000000000000000000000001011 I

#460000
0!
0/
0:

#465000
1!
1/
19
1:
b0 A
0H

#470000
0!
0/
0:

#475000
1!
1/
b11111010000000001111101000000000000000000000000000000000000000000000000000000000000000000000000000000000000000 7
b10001 8
09
1:
b0 B
b1000000000000000000001011010000000000000000000000000010110101 F
b10000 G
1H
b1000000000000000000001011010000000000000000000000000010110101 I

#480000
0!
0/
0:

#485000
1!
1/
19
1:
0H

#490000
0!
0/
0:

#495000
1!
1/
b111110100000000011111010000000000000000000000000000000000000000000000000000000000000000000000000000000000000000000 7
b10010 8
09
1:
b10000000000000000000010110100000000000000000000000000101101010000 F
b10001 G
1H
b10000000000000000000010110100000000000000000000000000101101010000 I

#500000
0!
0/
0:

#505000
1!
1/
19
1:
0H

#510000
0!
0/
0:

#515000
1!
1/
b1111101000000000111110100000000000000000000000000000000000000000000000000000000000000000000000000000000000000000000000 7
b10011 8
09
1:
b100000000000000000000101101000000000000000000000000001011010100000000 F
b10010 G
1H
b100000000000000000000101101000000000000000000000000001011010100000000 I

#520000
0!
0/
0:

#525000
1!
1/
19
1:
0H

#530000
0!
0/
0:

#535000
1!
1/
b11111010000000001111101000000000000000000000000000000000000000000000000000000000000000000000000000000000000000000000000000 7
b10100 8
09
1:
b1000000000000000000001011010000000000000000000000000010110101000000000000 F
b10011 G
1H
b1000000000000000000001011010000000000000000000000000010110101000000000000 I

#540000
0!
0/
0:

#545000
1!
1/
19
1:
0H

#550000
0!
0/
0:

#555000
1!
b11 *
1/
b111110100000000011111010000000000000000000000000000000000000000000000000000000000000000000000000000000000000000000000000000000 7
b10101 8
09
1:
b11 =
b10000000000000000000010110100000000000000000000000000101101010000000000000000 F
b10100 G
1H
b10000000000000000000010110100000000000000000000000000101101010000000000000000 I

#560000
0!
0/
0:

#565000
1!
1/
19
1:
b11 A
0H

#570000
0!
0/
0:

#575000
1!
b1110 *
1/
b11101000000000111110100000000000000000000000000000000000000000000000000000000000000000000000000000000000000000000000000000000000 7
b10110 8
09
1:
b1110 =
b11 B
b100000000000000000000101101000000000000000000000000001011010100000000000000000000 F
b10101 G
1H
b100000000000000000000101101000000000000000000000000001011010100000000000000000000 I

#580000
0!
0/
0:

#585000
1!
1/
19
1:
b1110 A
0H

#590000
0!
0/
0:

#595000
1!
b1000 *
1/
b10000000001111101000000000000000000000000000000000000000000000000000000000000000000000000000000000000000000000000000000000000000 7
b10111 8
09
1:
b1000 =
b1110 B
b1000000000000000000001011010000000000000000000000000010110101000000000000000000000011 F
b10110 G
1H
b1000000000000000000001011010000000000000000000000000010110101000000000000000000000011 I

#600000
0!
0/
0:

#605000
1!
1/
19
1:
b1000 A
0H

#610000
0!
0/
0:

#615000
1!
b0 *
1/
b11111010000000000000000000000000000000000000000000000000000000000000000000000000000000000000000000000000000000000000000000 7
b11000 8
09
1:
b0 =
b1000 B
b10000000000000000000010110100000000000000000000000000101101010000000000000000000000111110 F
b10111 G
1H
b10000000000000000000010110100000000000000000000000000101101010000000000000000000000111110 I

#620000
0!
0/
0:

#625000
1!
1/
19
1:
b0 A
0H

#630000
0!
0/
0:

#635000
1!
b11 *
1/
b111110100000000000000000000000000000000000000000000000000000000000000000000000000000000000000000000000000000000000000000000000 7
b11001 8
09
1:
b11 =
b0 B
b100000000000000000000101101000000000000000000000000001011010100000000000000000000001111101000 F
b11000 G
1H
b100000000000000000000101101000000000000000000000000001011010100000000000000000000001111101000 I

#640000
0!
0/
0:

#645000
1!
1/
19
1:
b11 A
0H

#650000
0!
0/
0:

#655000
1!
b1110 *
1/
b11101000000000000000000000000000000000000000000000000000000000000000000000000000000000000000000000000000000000000000000000000000 7
b11010 8
09
1:
b1110 =
b11 B
b1000000000000000000001011010000000000000000000000000010110101000000000000000000000011111010000000 F
b11001 G
1H
b1000000000000000000001011010000000000000000000000000010110101000000000000000000000011111010000000 I

#660000
0!
0/
0:

#665000
1!
1/
19
1:
b1110 A
0H

#670000
0!
0/
0:

#675000
1!
b1000 *
1/
b10000000000000000000000000000000000000000000000000000000000000000000000000000000000000000000000000000000000000000000000000000000 7
b11011 8
09
1:
b1000 =
b1110 B
b10000000000000000000010110100000000000000000000000000101101010000000000000000000000111110100000000011 F
b11010 G
1H
b10000000000000000000010110100000000000000000000000000101101010000000000000000000000111110100000000011 I

#680000
0!
0/
0:

#685000
1!
1/
19
1:
b1000 A
0H

#690000
0!
0/
0:

#695000
1!
b0 *
1/
b0 7
b11100 8
09
1:
b0 =
b1000 B
b100000000000000000000101101000000000000000000000000001011010100000000000000000000001111101000000000111110 F
b11011 G
1H
b100000000000000000000101101000000000000000000000000001011010100000000000000000000001111101000000000111110 I

#700000
0!
0/
0:

#705000
1!
1/
19
1:
b0 A
0H

#710000
0!
0/
0:

#715000
1!
1/
b11101 8
09
1:
b0 B
b1000000000000000000001011010000000000000000000000000010110101000000000000000000000011111010000000001111101000 F
b11100 G
1H
b1000000000000000000001011010000000000000000000000000010110101000000000000000000000011111010000000001111101000 I

#720000
0!
0/
0:

#725000
1!
1/
19
1:
0H

#730000
0!
0/
0:

#735000
1!
1/
b11110 8
09
1:
b10000000000000000000010110100000000000000000000000000101101010000000000000000000000111110100000000011111010000000 F
b11101 G
1H
b10000000000000000000010110100000000000000000000000000101101010000000000000000000000111110100000000011111010000000 I

#740000
0!
0/
0:

#745000
1!
1/
19
1:
0H

#750000
0!
0/
0:

#755000
1!
1/
b11111 8
09
1:
b100000000000000000000101101000000000000000000000000001011010100000000000000000000001111101000000000111110100000000000 F
b11110 G
1H
b100000000000000000000101101000000000000000000000000001011010100000000000000000000001111101000000000111110100000000000 I

#760000
0!
0/
0:

#765000
1!
1/
19
1:
0H

#770000
0!
0/
0:

#775000
1!
0+
1/
06
09
1:
0>
b1000000000000000000001011010000000000000000000000000010110101000000000000000000000011111010000000001111101000000000000000 F
b11111 G
1H
b1000000000000000000001011010000000000000000000000000010110101000000000000000000000011111010000000001111101000000000000000 I

#780000
0!
0/
0:

#785000
1!
1/
1:
0?
0H

#790000
0!
0/
0:

#795000
1!
b10000000000000000000010110100000000000000000000000000101101010000000000000000000000111110100000000011111010000000000000000000 &
1'
1(
1,
1/
13
1:
0@
0E
b0 F
b0 G
1H
b10000000000000000000010110100000000000000000000000000101101010000000000000000000000111110100000000011111010000000000000000000 I

#800000
0!
0/
0:

#805000
1!
0'
1/
14
1:
0C

#810000
0!
0/
0:

#815000
1!
1%
1/
15
1:

#820000
0!
0/
0:

#825000
1!
0%
b1 *
1+
1/
16
b10000000000000000000010110100000000000000000000000000101101010000000000000000000000111110100000000011111010000000000000000000 7
b0 8
1:
b1 =
1>

#830000
0!
0/
0:

#835000
1!
0$
1/
02
19
1:
1?
b1 A

#840000
0!
0/
0:

#845000
1!
b0 *
1/
b101101000000000000000000000000001011010100000000000000000000001111101000000000111110100000000000000000000000 7
b1 8
09
1:
b0 =
1@
b1 B
1D

#850000
0!
0/
0:

#855000
1!
0,
1/
03
19
1:
b0 A
1C
0D
1E
0H

#860000
0!
0/
0:

#865000
1!
1/
04
b1011010000000000000000000000000010110101000000000000000000000011111010000000001111101000000000000000000000000000 7
b10 8
09
1:
b0 B
b1 F
b1 G
1H
b1 I

#870000
0!
0/
0:

#875000
1!
1/
05
19
1:
0H

#880000
0!
0/
0:

#885000
1!
1/
b10110100000000000000000000000000101101010000000000000000000000111110100000000011111010000000000000000000000000000000 7
b11 8
09
1:
b10000 F
b10 G
1H
b10000 I

#890000
0!
0/
0:

#895000
1!
1/
19
1:
0H

#900000
0!
0/
0:

#905000
1!
1/
b101101000000000000000000000000001011010100000000000000000000001111101000000000111110100000000000000000000000000000000000 7
b100 8
09
1:
b100000000 F
b11 G
1H
b100000000 I

#910000
0!
0/
0:

#915000
1!
1/
19
1:
0H

#920000
0!
0/
0:

#925000
1!
1/
b1011010000000000000000000000000010110101000000000000000000000011111010000000001111101000000000000000000000000000000000000000 7
b101 8
09
1:
b1000000000000 F
b100 G
1H
b1000000000000 I

#930000
0!
0/
0:

#935000
1!
1/
19
1:
0H

#940000
0!
0/
0:

#945000
1!
b1011 *
1/
b10110100000000000000000000000000101101010000000000000000000000111110100000000011111010000000000000000000000000000000000000000000 7
b110 8
09
1:
b1011 =
b10000000000000000 F
b101 G
1H
b10000000000000000 I

#950000
0!
0/
0:

#955000
1!
1/
19
1:
b1011 A
0H

#960000
0!
0/
0:

#965000
1!
b100 *
1/
b1000000000000000000000000001011010100000000000000000000001111101000000000111110100000000000000000000000000000000000000000000000 7
b111 8
09
1:
b100 =
b1011 B
b100000000000000000000 F
b110 G
1H
b100000000000000000000 I

#970000
0!
0/
0:

#975000
1!
1/
19
1:
b100 A
0H

#980000
0!
0/
0:

#985000
1!
b0 *
1/
b10110101000000000000000000000011111010000000001111101000000000000000000000000000000000000000000000000000 7
b1000 8
09
1:
b0 =
b100 B
b1000000000000000000001011 F
b111 G
1H
b1000000000000000000001011 I

#990000
0!
0/
0:

#995000
1!
1/
19
1:
b0 A
0H

#1000000
0!
0/
0:

#1005000
1!
1/
b101101010000000000000000000000111110100000000011111010000000000000000000000000000000000000000000000000000000 7
b1001 8
09
1:
b0 B
b10000000000000000000010110100 F
b1000 G
1H
b10000000000000000000010110100 I

#1010000
0!
0/
0:

#1015000
1!
1/
19
1:
0H

#1020000
0!
0/
0:

#1025000
1!
1/
b1011010100000000000000000000001111101000000000111110100000000000000000000000000000000000000000000000000000000000 7
b1010 8
09
1:
b100000000000000000000101101000000 F
b1001 G
1H
b100000000000000000000101101000000 I

#1030000
0!
0/
0:

#1035000
1!
1/
19
1:
0H

#1040000
0!
0/
0:

#1045000
1!
1/
b10110101000000000000000000000011111010000000001111101000000000000000000000000000000000000000000000000000000000000000 7
b1011 8
09
1:
b1000000000000000000001011010000000000 F
b1010 G
1H
b1000000000000000000001011010000000000 I

#1050000
0!
0/
0:

#1055000
1!
1/
19
1:
0H

#1060000
0!
0/
0:

#1065000
1!
1/
b101101010000000000000000000000111110100000000011111010000000000000000000000000000000000000000000000000000000000000000000 7
b1100 8
09
1:
b10000000000000000000010110100000000000000 F
b1011 G
1H
b10000000000000000000010110100000000000000 I

#1070000
0!
0/
0:

#1075000
1!
1/
19
1:
0H

#1080000
0!
0/
0:

#1085000
1!
1/
b1011010100000000000000000000001111101000000000111110100000000000000000000000000000000000000000000000000000000000000000000000 7
b1101 8
09
1:
b100000000000000000000101101000000000000000000 F
b1100 G
1H
b100000000000000000000101101000000000000000000 I

#1090000
0!
0/
0:

#1095000
1!
1/
19
1:
0H

#1100000
0!
0/
0:

#1105000
1!
b1011 *
1/
b10110101000000000000000000000011111010000000001111101000000000000000000000000000000000000000000000000000000000000000000000000000 7
b1110 8
09
1:
b1011 =
b1000000000000000000001011010000000000000000000000 F
b1101 G
1H
b1000000000000000000001011010000000000000000000000 I

#1110000
0!
0/
0:

#1115000
1!
1/
19
1:
b1011 A
0H

#1120000
0!
0/
0:

#1125000
1!
b101 *
1/
b1010000000000000000000000111110100000000011111010000000000000000000000000000000000000000000000000000000000000000000000000000000 7
b1111 8
09
1:
b101 =
b1011 B
b10000000000000000000010110100000000000000000000000000 F
b1110 G
1H
b10000000000000000000010110100000000000000000000000000 I

#1130000
0!
0/
0:

#1135000
1!
1/
19
1:
b101 A
0H

#1140000
0!
0/
0:

#1145000
1!
b0 *
1/
b1111101000000000111110100000000000000000000000000000000000000000000000000000000000000000000000000000000000 7
b10000 8
09
1:
b0 =
b101 B
b100000000000000000000101101000000000000000000000000001011 F
b1111 G
1H
b100000000000000000000101101000000000000000000000000001011 I

#1150000
0!
0/
0:

#1155000
1!
1/
19
1:
b0 A
0H

#1160000
0!
0/
0:

#1165000
1!
1/
b11111010000000001111101000000000000000000000000000000000000000000000000000000000000000000000000000000000000000 7
b10001 8
09
1:
b0 B
b1000000000000000000001011010000000000000000000000000010110101 F
b10000 G
1H
b1000000000000000000001011010000000000000000000000000010110101 I

#1170000
0!
0/
0:

#1175000
1!
1/
19
1:
0H

#1180000
0!
0/
0:

#1185000
1!
1/
b111110100000000011111010000000000000000000000000000000000000000000000000000000000000000000000000000000000000000000 7
b10010 8
09
1:
b10000000000000000000010110100000000000000000000000000101101010000 F
b10001 G
1H
b10000000000000000000010110100000000000000000000000000101101010000 I

#1190000
0!
0/
0:

#1195000
1!
1/
19
1:
0H

#1200000
0!
0/
0:

#1205000
1!
1/
b1111101000000000111110100000000000000000000000000000000000000000000000000000000000000000000000000000000000000000000000 7
b10011 8
09
1:
b100000000000000000000101101000000000000000000000000001011010100000000 F
b10010 G
1H
b100000000000000000000101101000000000000000000000000001011010100000000 I

#1210000
0!
0/
0:

#1215000
1!
1/
19
1:
0H

#1220000
0!
0/
0:

#1225000
1!
1/
b11111010000000001111101000000000000000000000000000000000000000000000000000000000000000000000000000000000000000000000000000 7
b10100 8
09
1:
b1000000000000000000001011010000000000000000000000000010110101000000000000 F
b10011 G
1H
b1000000000000000000001011010000000000000000000000000010110101000000000000 I

#1230000
0!
0/
0:

#1235000
1!
1/
19
1:
0H

#1240000
0!
0/
0:

#1245000
1!
b11 *
1/
b111110100000000011111010000000000000000000000000000000000000000000000000000000000000000000000000000000000000000000000000000000 7
b10101 8
09
1:
b11 =
b10000000000000000000010110100000000000000000000000000101101010000000000000000 F
b10100 G
1H
b10000000000000000000010110100000000000000000000000000101101010000000000000000 I

#1250000
0!
0/
0:

#1255000
1!
1/
19
1:
b11 A
0H

#1260000
0!
0/
0:

#1265000
1!
b1110 *
1/
b11101000000000111110100000000000000000000000000000000000000000000000000000000000000000000000000000000000000000000000000000000000 7
b10110 8
09
1:
b1110 =
b11 B
b100000000000000000000101101000000000000000000000000001011010100000000000000000000 F
b10101 G
1H
b100000000000000000000101101000000000000000000000000001011010100000000000000000000 I

#1270000
0!
0/
0:

#1275000
1!
1/
19
1:
b1110 A
0H

#1280000
0!
0/
0:

#1285000
1!
b1000 *
1/
b10000000001111101000000000000000000000000000000000000000000000000000000000000000000000000000000000000000000000000000000000000000 7
b10111 8
09
1:
b1000 =
b1110 B
b1000000000000000000001011010000000000000000000000000010110101000000000000000000000011 F
b10110 G
1H
b1000000000000000000001011010000000000000000000000000010110101000000000000000000000011 I

#1290000
0!
0/
0:

#1295000
1!
1/
19
1:
b1000 A
0H

#1300000
0!
0/
0:

#1305000
1!
b0 *
1/
b11111010000000000000000000000000000000000000000000000000000000000000000000000000000000000000000000000000000000000000000000 7
b11000 8
09
1:
b0 =
b1000 B
b10000000000000000000010110100000000000000000000000000101101010000000000000000000000111110 F
b10111 G
1H
b10000000000000000000010110100000000000000000000000000101101010000000000000000000000111110 I

#1310000
0!
0/
0:

#1315000
1!
1/
19
1:
b0 A
0H

#1320000
0!
0/
0:

#1325000
1!
b11 *
1/
b111110100000000000000000000000000000000000000000000000000000000000000000000000000000000000000000000000000000000000000000000000 7
b11001 8
09
1:
b11 =
b0 B
b100000000000000000000101101000000000000000000000000001011010100000000000000000000001111101000 F
b11000 G
1H
b100000000000000000000101101000000000000000000000000001011010100000000000000000000001111101000 I

#1330000
0!
0/
0:

#1335000
1!
1/
19
1:
b11 A
0H

#1340000
0!
0/
0:

#1345000
1!
b1110 *
1/
b11101000000000000000000000000000000000000000000000000000000000000000000000000000000000000000000000000000000000000000000000000000 7
b11010 8
09
1:
b1110 =
b11 B
b1000000000000000000001011010000000000000000000000000010110101000000000000000000000011111010000000 F
b11001 G
1H
b1000000000000000000001011010000000000000000000000000010110101000000000000000000000011111010000000 I

#1350000
0!
0/
0:

#1355000
1!
1/
19
1:
b1110 A
0H

#1360000
0!
0/
0:

#1365000
1!
b1000 *
1/
b10000000000000000000000000000000000000000000000000000000000000000000000000000000000000000000000000000000000000000000000000000000 7
b11011 8
09
1:
b1000 =
b1110 B
b10000000000000000000010110100000000000000000000000000101101010000000000000000000000111110100000000011 F
b11010 G
1H
b10000000000000000000010110100000000000000000000000000101101010000000000000000000000111110100000000011 I

#1370000
0!
0/
0:

#1375000
1!
1/
19
1:
b1000 A
0H

#1380000
0!
0/
0:

#1385000
1!
b0 *
1/
b0 7
b11100 8
09
1:
b0 =
b1000 B
b100000000000000000000101101000000000000000000000000001011010100000000000000000000001111101000000000111110 F
b11011 G
1H
b100000000000000000000101101000000000000000000000000001011010100000000000000000000001111101000000000111110 I

#1390000
0!
0/
0:

#1395000
1!
1/
19
1:
b0 A
0H

#1400000
0!
0/
0:

#1405000
1!
1/
b11101 8
09
1:
b0 B
b1000000000000000000001011010000000000000000000000000010110101000000000000000000000011111010000000001111101000 F
b11100 G
1H
b1000000000000000000001011010000000000000000000000000010110101000000000000000000000011111010000000001111101000 I

#1410000
0!
0/
0:

#1415000
1!
1/
19
1:
0H

#1420000
0!
0/
0:

#1425000
1!
1/
b11110 8
09
1:
b10000000000000000000010110100000000000000000000000000101101010000000000000000000000111110100000000011111010000000 F
b11101 G
1H
b10000000000000000000010110100000000000000000000000000101101010000000000000000000000111110100000000011111010000000 I

#1430000
0!
0/
0:

#1435000
1!
1/
19
1:
0H

#1440000
0!
0/
0:

#1445000
1!
1/
b11111 8
09
1:
b100000000000000000000101101000000000000000000000000001011010100000000000000000000001111101000000000111110100000000000 F
b11110 G
1H
b100000000000000000000101101000000000000000000000000001011010100000000000000000000001111101000000000111110100000000000 I

#1450000
0!
0/
0:

#1455000
1!
1/
19
1:
0H

#1460000
0!
0/
0:

#1465000
1!
0+
1/
06
09
1:
0>
b1000000000000000000001011010000000000000000000000000010110101000000000000000000000011111010000000001111101000000000000000 F
b11111 G
1H
b1000000000000000000001011010000000000000000000000000010110101000000000000000000000011111010000000001111101000000000000000 I

#1470000
0!
0/
0:

#1475000
1!
1/
1:
0?
0H

#1480000
0!
0/
0:

#1485000
1!
1'
1,
1/
13
1:
0@
0E
b0 F
b0 G
1H
b10000000000000000000010110100000000000000000000000000101101010000000000000000000000111110100000000011111010000000000000000000 I

#1490000
0!
0/
0:

#1495000
1!
b100000001100000000000001100100000000000000000000000000011001000000000000000001101010111100110100000000000000000000000000000000 #
1$
0'
b10 -
1/
b100000001100000000000001100100000000000000000000000000011001000000000000000001101010111100110100000000000000000000000000000000 1
12
14
1:
0C

#1500000
0!
0/
0:

#1505000
1!
1%
1/
15
1:

#1510000
0!
0/
0:

#1515000
1!
0%
b10 *
1+
1/
16
b100000001100000000000001100100000000000000000000000000011001000000000000000001101010111100110100000000000000000000000000000000 7
b0 8
1:
b10 =
1>

#1520000
0!
0/
0:

#1525000
1!
0$
1/
02
19
1:
1?
b10 A

#1530000
0!
0/
0:

#1535000
1!
b0 *
1/
b11000000000000011001000000000000000000000000000110010000000000000000011010101111001101000000000000000000000000000000000000 7
b1 8
09
1:
b0 =
1@
b10 B
1D

#1540000
0!
0/
0:

#1545000
1!
0,
1/
03
19
1:
b0 A
1C
0D
1E
0H

#1550000
0!
0/
0:

#1555000
1!
b11 *
1/
04
b110000000000000110010000000000000000000000000001100100000000000000000110101011110011010000000000000000000000000000000000000000 7
b10 8
09
1:
b11 =
b0 B
b10 F
b1 G
1H
b10 I

#1560000
0!
0/
0:

#1565000
1!
1/
05
19
1:
b11 A
0H

#1570000
0!
0/
0:

#1575000
1!
b0 *
1/
b1100100000000000000000000000000011001000000000000000001101010111100110100000000000000000000000000000000000000000000 7
b11 8
09
1:
b0 =
b11 B
b100000 F
b10 G
1H
b100000 I

#1580000
0!
0/
0:

#1585000
1!
1/
19
1:
b0 A
0H

#1590000
0!
0/
0:

#1595000
1!
1/
b11001000000000000000000000000000110010000000000000000011010101111001101000000000000000000000000000000000000000000000000 7
b100 8
09
1:
b0 B
b1000000011 F
b11 G
1H
b1000000011 I

#1600000
0!
0/
0:

#1605000
1!
1/
19
1:
0H

#1610000
0!
0/
0:

#1615000
1!
1/
b110010000000000000000000000000001100100000000000000000110101011110011010000000000000000000000000000000000000000000000000000 7
b101 8
09
1:
b10000000110000 F
b100 G
1H
b10000000110000 I

#1620000
0!
0/
0:

#1625000
1!
1/
19
1:
0H

#1630000
0!
0/
0:

#1635000
1!
b110 *
1/
b1100100000000000000000000000000011001000000000000000001101010111100110100000000000000000000000000000000000000000000000000000000 7
b110 8
09
1:
b110 =
b100000001100000000 F
b101 G
1H
b100000001100000000 I

#1640000
0!
0/
0:

#1645000
1!
1/
19
1:
b110 A
0H

#1650000
0!
0/
0:

#1655000
1!
b100 *
1/
b1000000000000000000000000000110010000000000000000011010101111001101000000000000000000000000000000000000000000000000000000000000 7
b111 8
09
1:
b100 =
b110 B
b1000000011000000000000 F
b110 G
1H
b1000000011000000000000 I

#1660000
0!
0/
0:

#1665000
1!
1/
19
1:
b100 A
0H

#1670000
0!
0/
0:

#1675000
1!
b0 *
1/
b1100100000000000000000110101011110011010000000000000000000000000000000000000000000000000000000000000000 7
b1000 8
09
1:
b0 =
b100 B
b10000000110000000000000110 F
b111 G
1H
b10000000110000000000000110 I

#1680000
0!
0/
0:

#1685000
1!
1/
19
1:
b0 A
0H

#1690000
0!
0/
0:

#1695000
1!
1/
b11001000000000000000001101010111100110100000000000000000000000000000000000000000000000000000000000000000000 7
b1001 8
09
1:
b0 B
b100000001100000000000001100100 F
b1000 G
1H
b100000001100000000000001100100 I

#1700000
0!
0/
0:

#1705000
1!
1/
19
1:
0H

#1710000
0!
0/
0:

#1715000
1!
1/
b110010000000000000000011010101111001101000000000000000000000000000000000000000000000000000000000000000000000000 7
b1010 8
09
1:
b1000000011000000000000011001000000 F
b1001 G
1H
b1000000011000000000000011001000000 I

#1720000
0!
0/
0:

#1725000
1!
1/
19
1:
0H

#1730000
0!
0/
0:

#1735000
1!
1/
b1100100000000000000000110101011110011010000000000000000000000000000000000000000000000000000000000000000000000000000 7
b1011 8
09
1:
b10000000110000000000000110010000000000 F
b1010 G
1H
b10000000110000000000000110010000000000 I

#1740000
0!
0/
0:

#1745000
1!
1/
19
1:
0H

#1750000
0!
0/
0:

#1755000
1!
1/
b11001000000000000000001101010111100110100000000000000000000000000000000000000000000000000000000000000000000000000000000 7
b1100 8
09
1:
b100000001100000000000001100100000000000000 F
b1011 G
1H
b100000001100000000000001100100000000000000 I

#1760000
0!
0/
0:

#1765000
1!
1/
19
1:
0H

#1770000
0!
0/
0:

#1775000
1!
1/
b110010000000000000000011010101111001101000000000000000000000000000000000000000000000000000000000000000000000000000000000000 7
b1101 8
09
1:
b1000000011000000000000011001000000000000000000 F
b1100 G
1H
b1000000011000000000000011001000000000000000000 I

#1780000
0!
0/
0:

#1785000
1!
1/
19
1:
0H

#1790000
0!
0/
0:

#1795000
1!
b110 *
1/
b1100100000000000000000110101011110011010000000000000000000000000000000000000000000000000000000000000000000000000000000000000000 7
b1110 8
09
1:
b110 =
b10000000110000000000000110010000000000000000000000 F
b1101 G
1H
b10000000110000000000000110010000000000000000000000 I

#1800000
0!
0/
0:

#1805000
1!
1/
19
1:
b110 A
0H

#1810000
0!
0/
0:

#1815000
1!
b100 *
1/
b1000000000000000001101010111100110100000000000000000000000000000000000000000000000000000000000000000000000000000000000000000000 7
b1111 8
09
1:
b100 =
b110 B
b100000001100000000000001100100000000000000000000000000 F
b1110 G
1H
b100000001100000000000001100100000000000000000000000000 I

#1820000
0!
0/
0:

#1825000
1!
1/
19
1:
b100 A
0H

#1830000
0!
0/
0:

#1835000
1!
b0 *
1/
b11010101111001101000000000000000000000000000000000000000000000000000000000000000000000000000000000000000000000000 7
b10000 8
09
1:
b0 =
b100 B
b1000000011000000000000011001000000000000000000000000000110 F
b1111 G
1H
b1000000011000000000000011001000000000000000000000000000110 I

#1840000
0!
0/
0:

#1845000
1!
1/
19
1:
b0 A
0H

#1850000
0!
0/
0:

#1855000
1!
1/
b110101011110011010000000000000000000000000000000000000000000000000000000000000000000000000000000000000000000000000000 7
b10001 8
09
1:
b0 B
b10000000110000000000000110010000000000000000000000000001100100 F
b10000 G
1H
b10000000110000000000000110010000000000000000000000000001100100 I

#1860000
0!
0/
0:

#1865000
1!
1/
19
1:
0H

#1870000
0!
0/
0:

#1875000
1!
1/
b1101010111100110100000000000000000000000000000000000000000000000000000000000000000000000000000000000000000000000000000000 7
b10010 8
09
1:
b100000001100000000000001100100000000000000000000000000011001000000 F
b10001 G
1H
b100000001100000000000001100100000000000000000000000000011001000000 I

#1880000
0!
0/
0:

#1885000
1!
1/
19
1:
0H

#1890000
0!
0/
0:

#1895000
1!
b1 *
1/
b11010101111001101000000000000000000000000000000000000000000000000000000000000000000000000000000000000000000000000000000000000 7
b10011 8
09
1:
b1 =
b1000000011000000000000011001000000000000000000000000000110010000000000 F
b10010 G
1H
b1000000011000000000000011001000000000000000000000000000110010000000000 I

#1900000
0!
0/
0:

#1905000
1!
1/
19
1:
b1 A
0H

#1910000
0!
0/
0:

#1915000
1!
b1010 *
1/
b10101011110011010000000000000000000000000000000000000000000000000000000000000000000000000000000000000000000000000000000000000000 7
b10100 8
09
1:
b1010 =
b1 B
b10000000110000000000000110010000000000000000000000000001100100000000000000 F
b10011 G
1H
b10000000110000000000000110010000000000000000000000000001100100000000000000 I

#1920000
0!
0/
0:

#1925000
1!
1/
19
1:
b1010 A
0H

#1930000
0!
0/
0:

#1935000
1!
b1011 *
1/
b10111100110100000000000000000000000000000000000000000000000000000000000000000000000000000000000000000000000000000000000000000000 7
b10101 8
09
1:
b1011 =
b1010 B
b100000001100000000000001100100000000000000000000000000011001000000000000000001 F
b10100 G
1H
b100000001100000000000001100100000000000000000000000000011001000000000000000001 I

#1940000
0!
0/
0:

#1945000
1!
1/
19
1:
b1011 A
0H

#1950000
0!
0/
0:

#1955000
1!
b1100 *
1/
b11001101000000000000000000000000000000000000000000000000000000000000000000000000000000000000000000000000000000000000000000000000 7
b10110 8
09
1:
b1100 =
b1011 B
b1000000011000000000000011001000000000000000000000000000110010000000000000000011010 F
b10101 G
1H
b1000000011000000000000011001000000000000000000000000000110010000000000000000011010 I

#1960000
0!
0/
0:

#1965000
1!
1/
19
1:
b1100 A
0H

#1970000
0!
0/
0:

#1975000
1!
b1101 *
1/
b11010000000000000000000000000000000000000000000000000000000000000000000000000000000000000000000000000000000000000000000000000000 7
b10111 8
09
1:
b1101 =
b1100 B
b10000000110000000000000110010000000000000000000000000001100100000000000000000110101011 F
b10110 G
1H
b10000000110000000000000110010000000000000000000000000001100100000000000000000110101011 I

#1980000
0!
0/
0:

#1985000
1!
1/
19
1:
b1101 A
0H

#1990000
0!
0/
0:

#1995000
1!
b0 *
1/
b0 7
b11000 8
09
1:
b0 =
b1101 B
b100000001100000000000001100100000000000000000000000000011001000000000000000001101010111100 F
b10111 G
1H
b100000001100000000000001100100000000000000000000000000011001000000000000000001101010111100 I

#2000000
0!
0/
0:

#2005000
1!
1/
19
1:
b0 A
0H

#2010000
0!
0/
0:

#2015000
1!
1/
b11001 8
09
1:
b0 B
b1000000011000000000000011001000000000000000000000000000110010000000000000000011010101111001101 F
b11000 G
1H
b1000000011000000000000011001000000000000000000000000000110010000000000000000011010101111001101 I

#2020000
0!
0/
0:

#2025000
1!
1/
19
1:
0H

#2030000
0!
0/
0:

#2035000
1!
1/
b11010 8
09
1:
b10000000110000000000000110010000000000000000000000000001100100000000000000000110101011110011010000 F
b11001 G
1H
b10000000110000000000000110010000000000000000000000000001100100000000000000000110101011110011010000 I

#2040000
0!
0/
0:

#2045000
1!
1/
19
1:
0H

#2050000
0!
0/
0:

#2055000
1!
1/
b11011 8
09
1:
b100000001100000000000001100100000000000000000000000000011001000000000000000001101010111100110100000000 F
b11010 G
1H
b100000001100000000000001100100000000000000000000000000011001000000000000000001101010111100110100000000 I

#2060000
0!
0/
0:

#2065000
1!
1/
19
1:
0H

#2070000
0!
0/
0:

#2075000
1!
1/
b11100 8
09
1:
b1000000011000000000000011001000000000000000000000000000110010000000000000000011010101111001101000000000000 F
b11011 G
1H
b1000000011000000000000011001000000000000000000000000000110010000000000000000011010101111001101000000000000 I

#2080000
0!
0/
0:

#2085000
1!
1/
19
1:
0H

#2090000
0!
0/
0:

#2095000
1!
1/
b11101 8
09
1:
b10000000110000000000000110010000000000000000000000000001100100000000000000000110101011110011010000000000000000 F
b11100 G
1H
b10000000110000000000000110010000000000000000000000000001100100000000000000000110101011110011010000000000000000 I

#2100000
0!
0/
0:

#2105000
1!
1/
19
1:
0H

#2110000
0!
0/
0:

#2115000
1!
1/
b11110 8
09
1:
b100000001100000000000001100100000000000000000000000000011001000000000000000001101010111100110100000000000000000000 F
b11101 G
1H
b100000001100000000000001100100000000000000000000000000011001000000000000000001101010111100110100000000000000000000 I

#2120000
0!
0/
0:

#2125000
1!
1/
19
1:
0H

#2130000
0!
0/
0:

#2135000
1!
1/
b11111 8
09
1:
b1000000011000000000000011001000000000000000000000000000110010000000000000000011010101111001101000000000000000000000000 F
b11110 G
1H
b1000000011000000000000011001000000000000000000000000000110010000000000000000011010101111001101000000000000000000000000 I

#2140000
0!
0/
0:

#2145000
1!
1/
19
1:
0H

#2150000
0!
0/
0:

#2155000
1!
0+
1/
06
09
1:
0>
b10000000110000000000000110010000000000000000000000000001100100000000000000000110101011110011010000000000000000000000000000 F
b11111 G
1H
b10000000110000000000000110010000000000000000000000000001100100000000000000000110101011110011010000000000000000000000000000 I

#2160000
0!
0/
0:

#2165000
1!
1/
1:
0?
0H

#2170000
0!
0/
0:

#2175000
1!
b100000001100000000000001100100000000000000000000000000011001000000000000000001101010111100110100000000000000000000000000000000 &
1'
1,
1/
13
1:
0@
0E
b0 F
b0 G
1H
b100000001100000000000001100100000000000000000000000000011001000000000000000001101010111100110100000000000000000000000000000000 I

#2180000
0!
0/
0:

#2185000
1!
b110000001100000000000001100100000000000000000000000000011001000000000000000001101010111100110100000000000000000000000000000000 #
1$
0'
b100 -
1/
b110000001100000000000001100100000000000000000000000000011001000000000000000001101010111100110100000000000000000000000000000000 1
12
14
1:
0C

#2190000
0!
0/
0:

#2195000
1!
1%
1/
15
1:

#2200000
0!
0/
0:

#2205000
1!
0%
b11 *
1+
1/
16
b110000001100000000000001100100000000000000000000000000011001000000000000000001101010111100110100000000000000000000000000000000 7
b0 8
1:
b11 =
1>

#2210000
0!
0/
0:

#2215000
1!
0$
1/
02
19
1:
1?
b11 A

#2220000
0!
0/
0:

#2225000
1!
b0 *
1/
b11000000000000011001000000000000000000000000000110010000000000000000011010101111001101000000000000000000000000000000000000 7
b1 8
09
1:
b0 =
1@
b11 B
1D

#2230000
0!
0/
0:

#2235000
1!
0,
1/
03
19
1:
b0 A
1C
0D
1E
0H

#2240000
0!
0/
0:

#2245000
1!
b11 *
1/
04
b110000000000000110010000000000000000000000000001100100000000000000000110101011110011010000000000000000000000000000000000000000 7
b10 8
09
1:
b11 =
b0 B
b11 F
b1 G
1H
b11 I

#2250000
0!
0/
0:

#2255000
1!
1/
05
19
1:
b11 A
0H

#2260000
0!
0/
0:

#2265000
1!
b0 *
1/
b1100100000000000000000000000000011001000000000000000001101010111100110100000000000000000000000000000000000000000000 7
b11 8
09
1:
b0 =
b11 B
b110000 F
b10 G
1H
b110000 I

#2270000
0!
0/
0:

#2275000
1!
1/
19
1:
b0 A
0H

#2280000
0!
0/
0:

#2285000
1!
1/
b11001000000000000000000000000000110010000000000000000011010101111001101000000000000000000000000000000000000000000000000 7
b100 8
09
1:
b0 B
b1100000011 F
b11 G
1H
b1100000011 I

#2290000
0!
0/
0:

#2295000
1!
1/
19
1:
0H

#2300000
0!
0/
0:

#2305000
1!
1/
b110010000000000000000000000000001100100000000000000000110101011110011010000000000000000000000000000000000000000000000000000 7
b101 8
09
1:
b11000000110000 F
b100 G
1H
b11000000110000 I

#2310000
0!
0/
0:

#2315000
1!
1/
19
1:
0H

#2320000
0!
0/
0:

#2325000
1!
b110 *
1/
b1100100000000000000000000000000011001000000000000000001101010111100110100000000000000000000000000000000000000000000000000000000 7
b110 8
09
1:
b110 =
b110000001100000000 F
b101 G
1H
b110000001100000000 I

#2330000
0!
0/
0:

#2335000
1!
1/
19
1:
b110 A
0H

#2340000
0!
0/
0:

#2345000
1!
b100 *
1/
b1000000000000000000000000000110010000000000000000011010101111001101000000000000000000000000000000000000000000000000000000000000 7
b111 8
09
1:
b100 =
b110 B
b1100000011000000000000 F
b110 G
1H
b1100000011000000000000 I

#2350000
0!
0/
0:

#2355000
1!
1/
19
1:
b100 A
0H

#2360000
0!
0/
0:

#2365000
1!
b0 *
1/
b1100100000000000000000110101011110011010000000000000000000000000000000000000000000000000000000000000000 7
b1000 8
09
1:
b0 =
b100 B
b11000000110000000000000110 F
b111 G
1H
b11000000110000000000000110 I

#2370000
0!
0/
0:

#2375000
1!
1/
19
1:
b0 A
0H

#2380000
0!
0/
0:

#2385000
1!
1/
b11001000000000000000001101010111100110100000000000000000000000000000000000000000000000000000000000000000000 7
b1001 8
09
1:
b0 B
b110000001100000000000001100100 F
b1000 G
1H
b110000001100000000000001100100 I

#2390000
0!
0/
0:

#2395000
1!
1/
19
1:
0H

#2400000
0!
0/
0:

#2405000
1!
1/
b110010000000000000000011010101111001101000000000000000000000000000000000000000000000000000000000000000000000000 7
b1010 8
09
1:
b1100000011000000000000011001000000 F
b1001 G
1H
b1100000011000000000000011001000000 I

#2410000
0!
0/
0:

#2415000
1!
1/
19
1:
0H

#2420000
0!
0/
0:

#2425000
1!
1/
b1100100000000000000000110101011110011010000000000000000000000000000000000000000000000000000000000000000000000000000 7
b1011 8
09
1:
b11000000110000000000000110010000000000 F
b1010 G
1H
b11000000110000000000000110010000000000 I

#2430000
0!
0/
0:

#2435000
1!
1/
19
1:
0H

#2440000
0!
0/
0:

#2445000
1!
1/
b11001000000000000000001101010111100110100000000000000000000000000000000000000000000000000000000000000000000000000000000 7
b1100 8
09
1:
b110000001100000000000001100100000000000000 F
b1011 G
1H
b110000001100000000000001100100000000000000 I

#2450000
0!
0/
0:

#2455000
1!
1/
19
1:
0H

#2460000
0!
0/
0:

#2465000
1!
1/
b110010000000000000000011010101111001101000000000000000000000000000000000000000000000000000000000000000000000000000000000000 7
b1101 8
09
1:
b1100000011000000000000011001000000000000000000 F
b1100 G
1H
b1100000011000000000000011001000000000000000000 I

#2470000
0!
0/
0:

#2475000
1!
1/
19
1:
0H

#2480000
0!
0/
0:

#2485000
1!
b110 *
1/
b1100100000000000000000110101011110011010000000000000000000000000000000000000000000000000000000000000000000000000000000000000000 7
b1110 8
09
1:
b110 =
b11000000110000000000000110010000000000000000000000 F
b1101 G
1H
b11000000110000000000000110010000000000000000000000 I

#2490000
0!
0/
0:

#2495000
1!
1/
19
1:
b110 A
0H

#2500000
0!
0/
0:

#2505000
1!
b100 *
1/
b1000000000000000001101010111100110100000000000000000000000000000000000000000000000000000000000000000000000000000000000000000000 7
b1111 8
09
1:
b100 =
b110 B
b110000001100000000000001100100000000000000000000000000 F
b1110 G
1H
b110000001100000000000001100100000000000000000000000000 I

#2510000
0!
0/
0:

#2515000
1!
1/
19
1:
b100 A
0H

#2520000
0!
0/
0:

#2525000
1!
b0 *
1/
b11010101111001101000000000000000000000000000000000000000000000000000000000000000000000000000000000000000000000000 7
b10000 8
09
1:
b0 =
b100 B
b1100000011000000000000011001000000000000000000000000000110 F
b1111 G
1H
b1100000011000000000000011001000000000000000000000000000110 I

#2530000
0!
0/
0:

#2535000
1!
1/
19
1:
b0 A
0H

#2540000
0!
0/
0:

#2545000
1!
1/
b110101011110011010000000000000000000000000000000000000000000000000000000000000000000000000000000000000000000000000000 7
b10001 8
09
1:
b0 B
b11000000110000000000000110010000000000000000000000000001100100 F
b10000 G
1H
b11000000110000000000000110010000000000000000000000000001100100 I

#2550000
0!
0/
0:

#2555000
1!
1/
19
1:
0H

#2560000
0!
0/
0:

#2565000
1!
1/
b1101010111100110100000000000000000000000000000000000000000000000000000000000000000000000000000000000000000000000000000000 7
b10010 8
09
1:
b110000001100000000000001100100000000000000000000000000011001000000 F
b10001 G
1H
b110000001100000000000001100100000000000000000000000000011001000000 I

#2570000
0!
0/
0:

#2575000
1!
1/
19
1:
0H

#2580000
0!
0/
0:

#2585000
1!
b1 *
1/
b11010101111001101000000000000000000000000000000000000000000000000000000000000000000000000000000000000000000000000000000000000 7
b10011 8
09
1:
b1 =
b1100000011000000000000011001000000000000000000000000000110010000000000 F
b10010 G
1H
b1100000011000000000000011001000000000000000000000000000110010000000000 I

#2590000
0!
0/
0:

#2595000
1!
1/
19
1:
b1 A
0H

#2600000
0!
0/
0:

#2605000
1!
b1010 *
1/
b10101011110011010000000000000000000000000000000000000000000000000000000000000000000000000000000000000000000000000000000000000000 7
b10100 8
09
1:
b1010 =
b1 B
b11000000110000000000000110010000000000000000000000000001100100000000000000 F
b10011 G
1H
b11000000110000000000000110010000000000000000000000000001100100000000000000 I

#2610000
0!
0/
0:

#2615000
1!
1/
19
1:
b1010 A
0H

#2620000
0!
0/
0:

#2625000
1!
b1011 *
1/
b10111100110100000000000000000000000000000000000000000000000000000000000000000000000000000000000000000000000000000000000000000000 7
b10101 8
09
1:
b1011 =
b1010 B
b110000001100000000000001100100000000000000000000000000011001000000000000000001 F
b10100 G
1H
b110000001100000000000001100100000000000000000000000000011001000000000000000001 I

#2630000
0!
0/
0:

#2635000
1!
1/
19
1:
b1011 A
0H

#2640000
0!
0/
0:

#2645000
1!
b1100 *
1/
b11001101000000000000000000000000000000000000000000000000000000000000000000000000000000000000000000000000000000000000000000000000 7
b10110 8
09
1:
b1100 =
b1011 B
b1100000011000000000000011001000000000000000000000000000110010000000000000000011010 F
b10101 G
1H
b1100000011000000000000011001000000000000000000000000000110010000000000000000011010 I

#2650000
0!
0/
0:

#2655000
1!
1/
19
1:
b1100 A
0H

#2660000
0!
0/
0:

#2665000
1!
b1101 *
1/
b11010000000000000000000000000000000000000000000000000000000000000000000000000000000000000000000000000000000000000000000000000000 7
b10111 8
09
1:
b1101 =
b1100 B
b11000000110000000000000110010000000000000000000000000001100100000000000000000110101011 F
b10110 G
1H
b11000000110000000000000110010000000000000000000000000001100100000000000000000110101011 I

#2670000
0!
0/
0:

#2675000
1!
1/
19
1:
b1101 A
0H

#2680000
0!
0/
0:

#2685000
1!
b0 *
1/
b0 7
b11000 8
09
1:
b0 =
b1101 B
b110000001100000000000001100100000000000000000000000000011001000000000000000001101010111100 F
b10111 G
1H
b110000001100000000000001100100000000000000000000000000011001000000000000000001101010111100 I

#2690000
0!
0/
0:

#2695000
1!
1/
19
1:
b0 A
0H

#2700000
0!
0/
0:

#2705000
1!
1/
b11001 8
09
1:
b0 B
b1100000011000000000000011001000000000000000000000000000110010000000000000000011010101111001101 F
b11000 G
1H
b1100000011000000000000011001000000000000000000000000000110010000000000000000011010101111001101 I

#2710000
0!
0/
0:

#2715000
1!
1/
19
1:
0H

#2720000
0!
0/
0:

#2725000
1!
1/
b11010 8
09
1:
b11000000110000000000000110010000000000000000000000000001100100000000000000000110101011110011010000 F
b11001 G
1H
b11000000110000000000000110010000000000000000000000000001100100000000000000000110101011110011010000 I

#2730000
0!
0/
0:

#2735000
1!
1/
19
1:
0H

#2740000
0!
0/
0:

#2745000
1!
1/
b11011 8
09
1:
b110000001100000000000001100100000000000000000000000000011001000000000000000001101010111100110100000000 F
b11010 G
1H
b110000001100000000000001100100000000000000000000000000011001000000000000000001101010111100110100000000 I

#2750000
0!
0/
0:

#2755000
1!
1/
19
1:
0H

#2760000
0!
0/
0:

#2765000
1!
1/
b11100 8
09
1:
b1100000011000000000000011001000000000000000000000000000110010000000000000000011010101111001101000000000000 F
b11011 G
1H
b1100000011000000000000011001000000000000000000000000000110010000000000000000011010101111001101000000000000 I

#2770000
0!
0/
0:

#2775000
1!
1/
19
1:
0H

#2780000
0!
0/
0:

#2785000
1!
1/
b11101 8
09
1:
b11000000110000000000000110010000000000000000000000000001100100000000000000000110101011110011010000000000000000 F
b11100 G
1H
b11000000110000000000000110010000000000000000000000000001100100000000000000000110101011110011010000000000000000 I

#2790000
0!
0/
0:

#2795000
1!
1/
19
1:
0H

#2800000
0!
0/
0:

#2805000
1!
1/
b11110 8
09
1:
b110000001100000000000001100100000000000000000000000000011001000000000000000001101010111100110100000000000000000000 F
b11101 G
1H
b110000001100000000000001100100000000000000000000000000011001000000000000000001101010111100110100000000000000000000 I

#2810000
0!
0/
0:

#2815000
1!
1/
19
1:
0H

#2820000
0!
0/
0:

#2825000
1!
1/
b11111 8
09
1:
b1100000011000000000000011001000000000000000000000000000110010000000000000000011010101111001101000000000000000000000000 F
b11110 G
1H
b1100000011000000000000011001000000000000000000000000000110010000000000000000011010101111001101000000000000000000000000 I

#2830000
0!
0/
0:

#2835000
1!
1/
19
1:
0H

#2840000
0!
0/
0:

#2845000
1!
0+
1/
06
09
1:
0>
b11000000110000000000000110010000000000000000000000000001100100000000000000000110101011110011010000000000000000000000000000 F
b11111 G
1H
b11000000110000000000000110010000000000000000000000000001100100000000000000000110101011110011010000000000000000000000000000 I

#2850000
0!
0/
0:

#2855000
1!
1/
1:
0?
0H

#2860000
0!
0/
0:

#2865000
1!
b110000001100000000000001100100000000000000000000000000011001000000000000000001101010111100110100000000000000000000000000000000 &
1'
1,
1/
13
1:
0@
0E
b0 F
b0 G
1H
b110000001100000000000001100100000000000000000000000000011001000000000000000001101010111100110100000000000000000000000000000000 I

#2870000
0!
0/
0:

#2875000
1!
b10000000000000000000000000000000000000000000000000000000000000000000000000000000000000000000000000000000000000000000000000001 #
1$
0'
b1000 -
1/
b10000000000000000000000000000000000000000000000000000000000000000000000000000000000000000000000000000000000000000000000000001 1
12
14
1:
0C
b10000000000000000000000000000000000000000000000000000000000000000000000000000000000000000000000000000000000000000000000000001 K

#2880000
0!
0/
0:

#2885000
1!
1%
1/
15
1:

#2890000
0!
0/
0:

#2895000
1!
0%
b1 *
1+
1/
16
b10000000000000000000000000000000000000000000000000000000000000000000000000000000000000000000000000000000000000000000000000001 7
b0 8
1:
b1 =
1>

#2900000
0!
0/
0:

#2905000
1!
0$
1/
02
19
1:
1?
b1 A

#2910000
0!
0/
0:

#2915000
1!
b0 *
1/
b10000 7
b1 8
09
1:
b0 =
1@
b1 B
1D

#2920000
0!
0/
0:

#2925000
1!
0,
1/
03
19
1:
b0 A
1C
0D
1E
0H

#2930000
0!
0/
0:

#2935000
1!
1/
04
b100000000 7
b10 8
09
1:
b0 B
b1 F
b1 G
1H
b1 I

#2940000
0!
0/
0:

#2945000
1!
1/
05
19
1:
0H

#2950000
0!
0/
0:

#2955000
1!
1/
b1000000000000 7
b11 8
09
1:
b10000 F
b10 G
1H
b10000 I

#2960000
0!
0/
0:

#2965000
1!
1/
19
1:
0H

#2970000
0!
0/
0:

#2975000
1!
1/
b10000000000000000 7
b100 8
09
1:
b100000000 F
b11 G
1H
b100000000 I

#2980000
0!
0/
0:

#2985000
1!
1/
19
1:
0H

#2990000
0!
0/
0:

#2995000
1!
1/
b100000000000000000000 7
b101 8
09
1:
b1000000000000 F
b100 G
1H
b1000000000000 I

#3000000
0!
0/
0:

#3005000
1!
1/
19
1:
0H

#3010000
0!
0/
0:

#3015000
1!
1/
b1000000000000000000000000 7
b110 8
09
1:
b10000000000000000 F
b101 G
1H
b10000000000000000 I

#3020000
0!
0/
0:

#3025000
1!
1/
19
1:
0H

#3030000
0!
0/
0:

#3035000
1!
1/
b10000000000000000000000000000 7
b111 8
09
1:
b100000000000000000000 F
b110 G
1H
b100000000000000000000 I

#3040000
0!
0/
0:

#3045000
1!
1/
19
1:
0H

#3050000
0!
0/
0:

#3055000
1!
1/
b100000000000000000000000000000000 7
b1000 8
09
1:
b1000000000000000000000000 F
b111 G
1H
b1000000000000000000000000 I

#3060000
0!
0/
0:

#3065000
1!
1/
19
1:
0H

#3070000
0!
0/
0:

#3075000
1!
1/
b1000000000000000000000000000000000000 7
b1001 8
09
1:
b10000000000000000000000000000 F
b1000 G
1H
b10000000000000000000000000000 I

#3080000
0!
0/
0:

#3085000
1!
1/
19
1:
0H

#3090000
0!
0/
0:

#3095000
1!
1/
b10000000000000000000000000000000000000000 7
b1010 8
09
1:
b100000000000000000000000000000000 F
b1001 G
1H
b100000000000000000000000000000000 I

#3100000
0!
0/
0:

#3105000
1!
1/
19
1:
0H

#3110000
0!
0/
0:

#3115000
1!
1/
b100000000000000000000000000000000000000000000 7
b1011 8
09
1:
b1000000000000000000000000000000000000 F
b1010 G
1H
b1000000000000000000000000000000000000 I

#3120000
0!
0/
0:

#3125000
1!
1/
19
1:
0H

#3130000
0!
0/
0:

#3135000
1!
1/
b1000000000000000000000000000000000000000000000000 7
b1100 8
09
1:
b10000000000000000000000000000000000000000 F
b1011 G
1H
b10000000000000000000000000000000000000000 I

#3140000
0!
0/
0:

#3145000
1!
1/
19
1:
0H

#3150000
0!
0/
0:

#3155000
1!
1/
b10000000000000000000000000000000000000000000000000000 7
b1101 8
09
1:
b100000000000000000000000000000000000000000000 F
b1100 G
1H
b100000000000000000000000000000000000000000000 I

#3160000
0!
0/
0:

#3165000
1!
1/
19
1:
0H

#3170000
0!
0/
0:

#3175000
1!
1/
b100000000000000000000000000000000000000000000000000000000 7
b1110 8
09
1:
b1000000000000000000000000000000000000000000000000 F
b1101 G
1H
b1000000000000000000000000000000000000000000000000 I

#3180000
0!
0/
0:

#3185000
1!
1/
19
1:
0H

#3190000
0!
0/
0:

#3195000
1!
1/
b1000000000000000000000000000000000000000000000000000000000000 7
b1111 8
09
1:
b10000000000000000000000000000000000000000000000000000 F
b1110 G
1H
b10000000000000000000000000000000000000000000000000000 I

#3200000
0!
0/
0:

#3205000
1!
1/
19
1:
0H

#3210000
0!
0/
0:

#3215000
1!
1/
b10000000000000000000000000000000000000000000000000000000000000000 7
b10000 8
09
1:
b100000000000000000000000000000000000000000000000000000000 F
b1111 G
1H
b100000000000000000000000000000000000000000000000000000000 I

#3220000
0!
0/
0:

#3225000
1!
1/
19
1:
0H

#3230000
0!
0/
0:

#3235000
1!
1/
b100000000000000000000000000000000000000000000000000000000000000000000 7
b10001 8
09
1:
b1000000000000000000000000000000000000000000000000000000000000 F
b10000 G
1H
b1000000000000000000000000000000000000000000000000000000000000 I

#3240000
0!
0/
0:

#3245000
1!
1/
19
1:
0H

#3250000
0!
0/
0:

#3255000
1!
1/
b1000000000000000000000000000000000000000000000000000000000000000000000000 7
b10010 8
09
1:
b10000000000000000000000000000000000000000000000000000000000000000 F
b10001 G
1H
b10000000000000000000000000000000000000000000000000000000000000000 I

#3260000
0!
0/
0:

#3265000
1!
1/
19
1:
0H

#3270000
0!
0/
0:

#3275000
1!
1/
b10000000000000000000000000000000000000000000000000000000000000000000000000000 7
b10011 8
09
1:
b100000000000000000000000000000000000000000000000000000000000000000000 F
b10010 G
1H
b100000000000000000000000000000000000000000000000000000000000000000000 I

#3280000
0!
0/
0:

#3285000
1!
1/
19
1:
0H

#3290000
0!
0/
0:

#3295000
1!
1/
b100000000000000000000000000000000000000000000000000000000000000000000000000000000 7
b10100 8
09
1:
b1000000000000000000000000000000000000000000000000000000000000000000000000 F
b10011 G
1H
b1000000000000000000000000000000000000000000000000000000000000000000000000 I

#3300000
0!
0/
0:

#3305000
1!
1/
19
1:
0H

#3310000
0!
0/
0:

#3315000
1!
1/
b1000000000000000000000000000000000000000000000000000000000000000000000000000000000000 7
b10101 8
09
1:
b10000000000000000000000000000000000000000000000000000000000000000000000000000 F
b10100 G
1H
b10000000000000000000000000000000000000000000000000000000000000000000000000000 I

#3320000
0!
0/
0:

#3325000
1!
1/
19
1:
0H

#3330000
0!
0/
0:

#3335000
1!
1/
b10000000000000000000000000000000000000000000000000000000000000000000000000000000000000000 7
b10110 8
09
1:
b100000000000000000000000000000000000000000000000000000000000000000000000000000000 F
b10101 G
1H
b100000000000000000000000000000000000000000000000000000000000000000000000000000000 I

#3340000
0!
0/
0:

#3345000
1!
1/
19
1:
0H

#3350000
0!
0/
0:

#3355000
1!
1/
b100000000000000000000000000000000000000000000000000000000000000000000000000000000000000000000 7
b10111 8
09
1:
b1000000000000000000000000000000000000000000000000000000000000000000000000000000000000 F
b10110 G
1H
b1000000000000000000000000000000000000000000000000000000000000000000000000000000000000 I

#3360000
0!
0/
0:

#3365000
1!
1/
19
1:
0H

#3370000
0!
0/
0:

#3375000
1!
1/
b1000000000000000000000000000000000000000000000000000000000000000000000000000000000000000000000000 7
b11000 8
09
1:
b10000000000000000000000000000000000000000000000000000000000000000000000000000000000000000 F
b10111 G
1H
b10000000000000000000000000000000000000000000000000000000000000000000000000000000000000000 I

#3380000
0!
0/
0:

#3385000
1!
1/
19
1:
0H

#3390000
0!
0/
0:

#3395000
1!
1/
b10000000000000000000000000000000000000000000000000000000000000000000000000000000000000000000000000000 7
b11001 8
09
1:
b100000000000000000000000000000000000000000000000000000000000000000000000000000000000000000000 F
b11000 G
1H
b100000000000000000000000000000000000000000000000000000000000000000000000000000000000000000000 I

#3400000
0!
0/
0:

#3405000
1!
1/
19
1:
0H

#3410000
0!
0/
0:

#3415000
1!
1/
b100000000000000000000000000000000000000000000000000000000000000000000000000000000000000000000000000000000 7
b11010 8
09
1:
b1000000000000000000000000000000000000000000000000000000000000000000000000000000000000000000000000 F
b11001 G
1H
b1000000000000000000000000000000000000000000000000000000000000000000000000000000000000000000000000 I

#3420000
0!
0/
0:

#3425000
1!
1/
19
1:
0H

#3430000
0!
0/
0:

#3435000
1!
1/
b1000000000000000000000000000000000000000000000000000000000000000000000000000000000000000000000000000000000000 7
b11011 8
09
1:
b10000000000000000000000000000000000000000000000000000000000000000000000000000000000000000000000000000 F
b11010 G
1H
b10000000000000000000000000000000000000000000000000000000000000000000000000000000000000000000000000000 I

#3440000
0!
0/
0:

#3445000
1!
1/
19
1:
0H

#3450000
0!
0/
0:

#3455000
1!
1/
b10000000000000000000000000000000000000000000000000000000000000000000000000000000000000000000000000000000000000000 7
b11100 8
09
1:
b100000000000000000000000000000000000000000000000000000000000000000000000000000000000000000000000000000000 F
b11011 G
1H
b100000000000000000000000000000000000000000000000000000000000000000000000000000000000000000000000000000000 I

#3460000
0!
0/
0:

#3465000
1!
1/
19
1:
0H

#3470000
0!
0/
0:

#3475000
1!
1/
b100000000000000000000000000000000000000000000000000000000000000000000000000000000000000000000000000000000000000000000 7
b11101 8
09
1:
b1000000000000000000000000000000000000000000000000000000000000000000000000000000000000000000000000000000000000 F
b11100 G
1H
b1000000000000000000000000000000000000000000000000000000000000000000000000000000000000000000000000000000000000 I

#3480000
0!
0/
0:

#3485000
1!
1/
19
1:
0H

#3490000
0!
0/
0:

#3495000
1!
1/
b1000000000000000000000000000000000000000000000000000000000000000000000000000000000000000000000000000000000000000000000000 7
b11110 8
09
1:
b10000000000000000000000000000000000000000000000000000000000000000000000000000000000000000000000000000000000000000 F
b11101 G
1H
b10000000000000000000000000000000000000000000000000000000000000000000000000000000000000000000000000000000000000000 I

#3500000
0!
0/
0:

#3505000
1!
1/
19
1:
0H

#3510000
0!
0/
0:

#3515000
1!
b1 *
1/
b10000000000000000000000000000000000000000000000000000000000000000000000000000000000000000000000000000000000000000000000000000 7
b11111 8
09
1:
b1 =
b100000000000000000000000000000000000000000000000000000000000000000000000000000000000000000000000000000000000000000000 F
b11110 G
1H
b100000000000000000000000000000000000000000000000000000000000000000000000000000000000000000000000000000000000000000000 I

#3520000
0!
0/
0:

#3525000
1!
1/
19
1:
b1 A
0H

#3530000
0!
0/
0:

#3535000
1!
0+
1/
06
09
1:
0>
b1 B
b1000000000000000000000000000000000000000000000000000000000000000000000000000000000000000000000000000000000000000000000000 F
b11111 G
1H
b1000000000000000000000000000000000000000000000000000000000000000000000000000000000000000000000000000000000000000000000000 I

#3540000
0!
0/
0:

#3545000
1!
1/
1:
0?
0H

#3550000
0!
0/
0:

#3555000
1!
b10000000000000000000000000000000000000000000000000000000000000000000000000000000000000000000000000000000000000000000000000001 &
1'
1,
1/
13
1:
0@
0E
b0 F
b0 G
1H
b10000000000000000000000000000000000000000000000000000000000000000000000000000000000000000000000000000000000000000000000000001 I

#3560000
0!
0/
0:

#3565000
1!
b100000000100000000000000000000000000000000000000000000000000000000000000000000000000000000000000000000000000000000000000000010 #
1$
0'
b1010 -
1/
b100000000100000000000000000000000000000000000000000000000000000000000000000000000000000000000000000000000000000000000000000010 1
12
14
1:
0C
b1 J
b100000000100000000000000000000000000000000000000000000000000000000000000000000000000000000000000000000000000000000000000000010 K

#3570000
0!
0/
0:

#3575000
1!
1%
1/
15
1:

#3580000
0!
0/
0:

#3585000
1!
0%
b10 *
1+
1/
16
b100000000100000000000000000000000000000000000000000000000000000000000000000000000000000000000000000000000000000000000000000010 7
b0 8
1:
b10 =
1>

#3590000
0!
0/
0:

#3595000
1!
0$
1/
02
19
1:
1?
b10 A

#3600000
0!
0/
0:

#3605000
1!
b0 *
1/
b1000000000000000000000000000000000000000000000000000000000000000000000000000000000000000000000000000000000000000000100000 7
b1 8
09
1:
b0 =
1@
b10 B
1D

#3610000
0!
0/
0:

#3615000
1!
0,
1/
03
19
1:
b0 A
1C
0D
1E
0H

#3620000
0!
0/
0:

#3625000
1!
b1 *
1/
04
b10000000000000000000000000000000000000000000000000000000000000000000000000000000000000000000000000000000000000000001000000000 7
b10 8
09
1:
b1 =
b0 B
b10 F
b1 G
1H
b10 I

#3630000
0!
0/
0:

#3635000
1!
1/
05
19
1:
b1 A
0H

#3640000
0!
0/
0:

#3645000
1!
b0 *
1/
b10000000000000 7
b11 8
09
1:
b0 =
b1 B
b100000 F
b10 G
1H
b100000 I

#3650000
0!
0/
0:

#3655000
1!
1/
19
1:
b0 A
0H

#3660000
0!
0/
0:

#3665000
1!
1/
b100000000000000000 7
b100 8
09
1:
b0 B
b1000000001 F
b11 G
1H
b1000000001 I

#3670000
0!
0/
0:

#3675000
1!
1/
19
1:
0H

#3680000
0!
0/
0:

#3685000
1!
1/
b1000000000000000000000 7
b101 8
09
1:
b10000000010000 F
b100 G
1H
b10000000010000 I

#3690000
0!
0/
0:

#3695000
1!
1/
19
1:
0H

#3700000
0!
0/
0:

#3705000
1!
1/
b10000000000000000000000000 7
b110 8
09
1:
b100000000100000000 F
b101 G
1H
b100000000100000000 I

#3710000
0!
0/
0:

#3715000
1!
1/
19
1:
0H

#3720000
0!
0/
0:

#3725000
1!
1/
b100000000000000000000000000000 7
b111 8
09
1:
b1000000001000000000000 F
b110 G
1H
b1000000001000000000000 I

#3730000
0!
0/
0:

#3735000
1!
1/
19
1:
0H

#3740000
0!
0/
0:

#3745000
1!
1/
b1000000000000000000000000000000000 7
b1000 8
09
1:
b10000000010000000000000000 F
b111 G
1H
b10000000010000000000000000 I

#3750000
0!
0/
0:

#3755000
1!
1/
19
1:
0H

#3760000
0!
0/
0:

#3765000
1!
1/
b10000000000000000000000000000000000000 7
b1001 8
09
1:
b100000000100000000000000000000 F
b1000 G
1H
b100000000100000000000000000000 I

#3770000
0!
0/
0:

#3775000
1!
1/
19
1:
0H

#3780000
0!
0/
0:

#3785000
1!
1/
b100000000000000000000000000000000000000000 7
b1010 8
09
1:
b1000000001000000000000000000000000 F
b1001 G
1H
b1000000001000000000000000000000000 I

#3790000
0!
0/
0:

#3795000
1!
1/
19
1:
0H

#3800000
0!
0/
0:

#3805000
1!
1/
b1000000000000000000000000000000000000000000000 7
b1011 8
09
1:
b10000000010000000000000000000000000000 F
b1010 G
1H
b10000000010000000000000000000000000000 I

#3810000
0!
0/
0:

#3815000
1!
1/
19
1:
0H

#3820000
0!
0/
0:

#3825000
1!
1/
b10000000000000000000000000000000000000000000000000 7
b1100 8
09
1:
b100000000100000000000000000000000000000000 F
b1011 G
1H
b100000000100000000000000000000000000000000 I

#3830000
0!
0/
0:

#3835000
1!
1/
19
1:
0H

#3840000
0!
0/
0:

#3845000
1!
1/
b100000000000000000000000000000000000000000000000000000 7
b1101 8
09
1:
b1000000001000000000000000000000000000000000000 F
b1100 G
1H
b1000000001000000000000000000000000000000000000 I

#3850000
0!
0/
0:

#3855000
1!
1/
19
1:
0H

#3860000
0!
0/
0:

#3865000
1!
1/
b1000000000000000000000000000000000000000000000000000000000 7
b1110 8
09
1:
b10000000010000000000000000000000000000000000000000 F
b1101 G
1H
b10000000010000000000000000000000000000000000000000 I

#3870000
0!
0/
0:

#3875000
1!
1/
19
1:
0H

#3880000
0!
0/
0:

#3885000
1!
1/
b10000000000000000000000000000000000000000000000000000000000000 7
b1111 8
09
1:
b100000000100000000000000000000000000000000000000000000 F
b1110 G
1H
b100000000100000000000000000000000000000000000000000000 I

#3890000
0!
0/
0:

#3895000
1!
1/
19
1:
0H

#3900000
0!
0/
0:

#3905000
1!
1/
b100000000000000000000000000000000000000000000000000000000000000000 7
b10000 8
09
1:
b1000000001000000000000000000000000000000000000000000000000 F
b1111 G
1H
b1000000001000000000000000000000000000000000000000000000000 I

#3910000
0!
0/
0:

#3915000
1!
1/
19
1:
0H

#3920000
0!
0/
0:

#3925000
1!
1/
b1000000000000000000000000000000000000000000000000000000000000000000000 7
b10001 8
09
1:
b10000000010000000000000000000000000000000000000000000000000000 F
b10000 G
1H
b10000000010000000000000000000000000000000000000000000000000000 I

#3930000
0!
0/
0:

#3935000
1!
1/
19
1:
0H

#3940000
0!
0/
0:

#3945000
1!
1/
b10000000000000000000000000000000000000000000000000000000000000000000000000 7
b10010 8
09
1:
b100000000100000000000000000000000000000000000000000000000000000000 F
b10001 G
1H
b100000000100000000000000000000000000000000000000000000000000000000 I

#3950000
0!
0/
0:

#3955000
1!
1/
19
1:
0H

#3960000
0!
0/
0:

#3965000
1!
1/
b100000000000000000000000000000000000000000000000000000000000000000000000000000 7
b10011 8
09
1:
b1000000001000000000000000000000000000000000000000000000000000000000000 F
b10010 G
1H
b1000000001000000000000000000000000000000000000000000000000000000000000 I

#3970000
0!
0/
0:

#3975000
1!
1/
19
1:
0H

#3980000
0!
0/
0:

#3985000
1!
1/
b1000000000000000000000000000000000000000000000000000000000000000000000000000000000 7
b10100 8
09
1:
b10000000010000000000000000000000000000000000000000000000000000000000000000 F
b10011 G
1H
b10000000010000000000000000000000000000000000000000000000000000000000000000 I

#3990000
0!
0/
0:

#3995000
1!
1/
19
1:
0H

#4000000
0!
0/
0:

#4005000
1!
1/
b10000000000000000000000000000000000000000000000000000000000000000000000000000000000000 7
b10101 8
09
1:
b100000000100000000000000000000000000000000000000000000000000000000000000000000 F
b10100 G
1H
b100000000100000000000000000000000000000000000000000000000000000000000000000000 I

#4010000
0!
0/
0:

#4015000
1!
1/
19
1:
0H

#4020000
0!
0/
0:

#4025000
1!
1/
b100000000000000000000000000000000000000000000000000000000000000000000000000000000000000000 7
b10110 8
09
1:
b1000000001000000000000000000000000000000000000000000000000000000000000000000000000 F
b10101 G
1H
b1000000001000000000000000000000000000000000000000000000000000000000000000000000000 I

#4030000
0!
0/
0:

#4035000
1!
1/
19
1:
0H

#4040000
0!
0/
0:

#4045000
1!
1/
b1000000000000000000000000000000000000000000000000000000000000000000000000000000000000000000000 7
b10111 8
09
1:
b10000000010000000000000000000000000000000000000000000000000000000000000000000000000000 F
b10110 G
1H
b10000000010000000000000000000000000000000000000000000000000000000000000000000000000000 I

#4050000
0!
0/
0:

#4055000
1!
1/
19
1:
0H

#4060000
0!
0/
0:

#4065000
1!
1/
b10000000000000000000000000000000000000000000000000000000000000000000000000000000000000000000000000 7
b11000 8
09
1:
b100000000100000000000000000000000000000000000000000000000000000000000000000000000000000000 F
b10111 G
1H
b100000000100000000000000000000000000000000000000000000000000000000000000000000000000000000 I

#4070000
0!
0/
0:

#4075000
1!
1/
19
1:
0H

#4080000
0!
0/
0:

#4085000
1!
1/
b100000000000000000000000000000000000000000000000000000000000000000000000000000000000000000000000000000 7
b11001 8
09
1:
b1000000001000000000000000000000000000000000000000000000000000000000000000000000000000000000000 F
b11000 G
1H
b1000000001000000000000000000000000000000000000000000000000000000000000000000000000000000000000 I

#4090000
0!
0/
0:

#4095000
1!
1/
19
1:
0H

#4100000
0!
0/
0:

#4105000
1!
1/
b1000000000000000000000000000000000000000000000000000000000000000000000000000000000000000000000000000000000 7
b11010 8
09
1:
b10000000010000000000000000000000000000000000000000000000000000000000000000000000000000000000000000 F
b11001 G
1H
b10000000010000000000000000000000000000000000000000000000000000000000000000000000000000000000000000 I

#4110000
0!
0/
0:

#4115000
1!
1/
19
1:
0H

#4120000
0!
0/
0:

#4125000
1!
1/
b10000000000000000000000000000000000000000000000000000000000000000000000000000000000000000000000000000000000000 7
b11011 8
09
1:
b100000000100000000000000000000000000000000000000000000000000000000000000000000000000000000000000000000 F
b11010 G
1H
b100000000100000000000000000000000000000000000000000000000000000000000000000000000000000000000000000000 I

#4130000
0!
0/
0:

#4135000
1!
1/
19
1:
0H

#4140000
0!
0/
0:

#4145000
1!
1/
b100000000000000000000000000000000000000000000000000000000000000000000000000000000000000000000000000000000000000000 7
b11100 8
09
1:
b1000000001000000000000000000000000000000000000000000000000000000000000000000000000000000000000000000000000 F
b11011 G
1H
b1000000001000000000000000000000000000000000000000000000000000000000000000000000000000000000000000000000000 I

#4150000
0!
0/
0:

#4155000
1!
1/
19
1:
0H

#4160000
0!
0/
0:

#4165000
1!
1/
b1000000000000000000000000000000000000000000000000000000000000000000000000000000000000000000000000000000000000000000000 7
b11101 8
09
1:
b10000000010000000000000000000000000000000000000000000000000000000000000000000000000000000000000000000000000000 F
b11100 G
1H
b10000000010000000000000000000000000000000000000000000000000000000000000000000000000000000000000000000000000000 I

#4170000
0!
0/
0:

#4175000
1!
1/
19
1:
0H

#4180000
0!
0/
0:

#4185000
1!
1/
b10000000000000000000000000000000000000000000000000000000000000000000000000000000000000000000000000000000000000000000000000 7
b11110 8
09
1:
b100000000100000000000000000000000000000000000000000000000000000000000000000000000000000000000000000000000000000000 F
b11101 G
1H
b100000000100000000000000000000000000000000000000000000000000000000000000000000000000000000000000000000000000000000 I

#4190000
0!
0/
0:

#4195000
1!
1/
19
1:
0H

#4200000
0!
0/
0:

#4205000
1!
b10 *
1/
b100000000000000000000000000000000000000000000000000000000000000000000000000000000000000000000000000000000000000000000000000000 7
b11111 8
09
1:
b10 =
b1000000001000000000000000000000000000000000000000000000000000000000000000000000000000000000000000000000000000000000000 F
b11110 G
1H
b1000000001000000000000000000000000000000000000000000000000000000000000000000000000000000000000000000000000000000000000 I

#4210000
0!
0/
0:

#4215000
1!
1/
19
1:
b10 A
0H

#4220000
0!
0/
0:

#4225000
1!
0+
1/
06
09
1:
0>
b10 B
b10000000010000000000000000000000000000000000000000000000000000000000000000000000000000000000000000000000000000000000000000 F
b11111 G
1H
b10000000010000000000000000000000000000000000000000000000000000000000000000000000000000000000000000000000000000000000000000 I

#4230000
0!
0/
0:

#4235000
1!
1/
1:
0?
0H

#4240000
0!
0/
0:

#4245000
1!
b100000000100000000000000000000000000000000000000000000000000000000000000000000000000000000000000000000000000000000000000000010 &
1'
1,
1/
13
1:
0@
0E
b0 F
b0 G
1H
b100000000100000000000000000000000000000000000000000000000000000000000000000000000000000000000000000000000000000000000000000010 I

#4250000
0!
0/
0:

#4255000
1!
b110000001000000000000000000000000000000000000000000000000000000000000000000000000000000000000000000000000000000000000000000011 #
1$
0'
b1100 -
1/
b110000001000000000000000000000000000000000000000000000000000000000000000000000000000000000000000000000000000000000000000000011 1
12
14
1:
0C
b10 J
b110000001000000000000000000000000000000000000000000000000000000000000000000000000000000000000000000000000000000000000000000011 K

#4260000
0!
0/
0:

#4265000
1!
1%
1/
15
1:

#4270000
0!
0/
0:

#4275000
1!
0%
b11 *
1+
1/
16
b110000001000000000000000000000000000000000000000000000000000000000000000000000000000000000000000000000000000000000000000000011 7
b0 8
1:
b11 =
1>

#4280000
0!
0/
0:

#4285000
1!
0$
1/
02
19
1:
1?
b11 A

#4290000
0!
0/
0:

#4295000
1!
b0 *
1/
b10000000000000000000000000000000000000000000000000000000000000000000000000000000000000000000000000000000000000000000110000 7
b1 8
09
1:
b0 =
1@
b11 B
1D

#4300000
0!
0/
0:

#4305000
1!
0,
1/
03
19
1:
b0 A
1C
0D
1E
0H

#4310000
0!
0/
0:

#4315000
1!
b10 *
1/
04
b100000000000000000000000000000000000000000000000000000000000000000000000000000000000000000000000000000000000000000001100000000 7
b10 8
09
1:
b10 =
b0 B
b11 F
b1 G
1H
b11 I

#4320000
0!
0/
0:

#4325000
1!
1/
05
19
1:
b10 A
0H

#4330000
0!
0/
0:

#4335000
1!
b0 *
1/
b11000000000000 7
b11 8
09
1:
b0 =
b10 B
b110000 F
b10 G
1H
b110000 I

#4340000
0!
0/
0:

#4345000
1!
1/
19
1:
b0 A
0H

#4350000
0!
0/
0:

#4355000
1!
1/
b110000000000000000 7
b100 8
09
1:
b0 B
b1100000010 F
b11 G
1H
b1100000010 I

#4360000
0!
0/
0:

#4365000
1!
1/
19
1:
0H

#4370000
0!
0/
0:

#4375000
1!
1/
b1100000000000000000000 7
b101 8
09
1:
b11000000100000 F
b100 G
1H
b11000000100000 I

#4380000
0!
0/
0:

#4385000
1!
1/
19
1:
0H

#4390000
0!
0/
0:

#4395000
1!
1/
b11000000000000000000000000 7
b110 8
09
1:
b110000001000000000 F
b101 G
1H
b110000001000000000 I

#4400000
0!
0/
0:

#4405000
1!
1/
19
1:
0H

#4410000
0!
0/
0:

#4415000
1!
1/
b110000000000000000000000000000 7
b111 8
09
1:
b1100000010000000000000 F
b110 G
1H
b1100000010000000000000 I

#4420000
0!
0/
0:

#4425000
1!
1/
19
1:
0H

#4430000
0!
0/
0:

#4435000
1!
1/
b1100000000000000000000000000000000 7
b1000 8
09
1:
b11000000100000000000000000 F
b111 G
1H
b11000000100000000000000000 I

#4440000
0!
0/
0:

#4445000
1!
1/
19
1:
0H

#4450000
0!
0/
0:

#4455000
1!
1/
b11000000000000000000000000000000000000 7
b1001 8
09
1:
b110000001000000000000000000000 F
b1000 G
1H
b110000001000000000000000000000 I

#4460000
0!
0/
0:

#4465000
1!
1/
19
1:
0H

#4470000
0!
0/
0:

#4475000
1!
1/
b110000000000000000000000000000000000000000 7
b1010 8
09
1:
b1100000010000000000000000000000000 F
b1001 G
1H
b1100000010000000000000000000000000 I

#4480000
0!
0/
0:

#4485000
1!
1/
19
1:
0H

#4490000
0!
0/
0:

#4495000
1!
1/
b1100000000000000000000000000000000000000000000 7
b1011 8
09
1:
b11000000100000000000000000000000000000 F
b1010 G
1H
b11000000100000000000000000000000000000 I

#4500000
0!
0/
0:

#4505000
1!
1/
19
1:
0H

#4510000
0!
0/
0:

#4515000
1!
1/
b11000000000000000000000000000000000000000000000000 7
b1100 8
09
1:
b110000001000000000000000000000000000000000 F
b1011 G
1H
b110000001000000000000000000000000000000000 I

#4520000
0!
0/
0:

#4525000
1!
1/
19
1:
0H

#4530000
0!
0/
0:

#4535000
1!
1/
b110000000000000000000000000000000000000000000000000000 7
b1101 8
09
1:
b1100000010000000000000000000000000000000000000 F
b1100 G
1H
b1100000010000000000000000000000000000000000000 I

#4540000
0!
0/
0:

#4545000
1!
1/
19
1:
0H

#4550000
0!
0/
0:

#4555000
1!
1/
b1100000000000000000000000000000000000000000000000000000000 7
b1110 8
09
1:
b11000000100000000000000000000000000000000000000000 F
b1101 G
1H
b11000000100000000000000000000000000000000000000000 I

#4560000
0!
0/
0:

#4565000
1!
1/
19
1:
0H

#4570000
0!
0/
0:

#4575000
1!
1/
b11000000000000000000000000000000000000000000000000000000000000 7
b1111 8
09
1:
b110000001000000000000000000000000000000000000000000000 F
b1110 G
1H
b110000001000000000000000000000000000000000000000000000 I

#4580000
0!
0/
0:

#4585000
1!
1/
19
1:
0H

#4590000
0!
0/
0:

#4595000
1!
1/
b110000000000000000000000000000000000000000000000000000000000000000 7
b10000 8
09
1:
b1100000010000000000000000000000000000000000000000000000000 F
b1111 G
1H
b1100000010000000000000000000000000000000000000000000000000 I

#4600000
0!
0/
0:

#4605000
1!
1/
19
1:
0H

#4610000
0!
0/
0:

#4615000
1!
1/
b1100000000000000000000000000000000000000000000000000000000000000000000 7
b10001 8
09
1:
b11000000100000000000000000000000000000000000000000000000000000 F
b10000 G
1H
b11000000100000000000000000000000000000000000000000000000000000 I

#4620000
0!
0/
0:

#4625000
1!
1/
19
1:
0H

#4630000
0!
0/
0:

#4635000
1!
1/
b11000000000000000000000000000000000000000000000000000000000000000000000000 7
b10010 8
09
1:
b110000001000000000000000000000000000000000000000000000000000000000 F
b10001 G
1H
b110000001000000000000000000000000000000000000000000000000000000000 I

#4640000
0!
0/
0:

#4645000
1!
1/
19
1:
0H

#4650000
0!
0/
0:

#4655000
1!
1/
b110000000000000000000000000000000000000000000000000000000000000000000000000000 7
b10011 8
09
1:
b1100000010000000000000000000000000000000000000000000000000000000000000 F
b10010 G
1H
b1100000010000000000000000000000000000000000000000000000000000000000000 I

#4660000
0!
0/
0:

#4665000
1!
1/
19
1:
0H

#4670000
0!
0/
0:

#4675000
1!
1/
b1100000000000000000000000000000000000000000000000000000000000000000000000000000000 7
b10100 8
09
1:
b11000000100000000000000000000000000000000000000000000000000000000000000000 F
b10011 G
1H
b11000000100000000000000000000000000000000000000000000000000000000000000000 I

#4680000
0!
0/
0:

#4685000
1!
1/
19
1:
0H

#4690000
0!
0/
0:

#4695000
1!
1/
b11000000000000000000000000000000000000000000000000000000000000000000000000000000000000 7
b10101 8
09
1:
b110000001000000000000000000000000000000000000000000000000000000000000000000000 F
b10100 G
1H
b110000001000000000000000000000000000000000000000000000000000000000000000000000 I

#4700000
0!
0/
0:

#4705000
1!
1/
19
1:
0H

#4710000
0!
0/
0:

#4715000
1!
1/
b110000000000000000000000000000000000000000000000000000000000000000000000000000000000000000 7
b10110 8
09
1:
b1100000010000000000000000000000000000000000000000000000000000000000000000000000000 F
b10101 G
1H
b1100000010000000000000000000000000000000000000000000000000000000000000000000000000 I

#4720000
0!
0/
0:

#4725000
1!
1/
19
1:
0H

#4730000
0!
0/
0:

#4735000
1!
1/
b1100000000000000000000000000000000000000000000000000000000000000000000000000000000000000000000 7
b10111 8
09
1:
b11000000100000000000000000000000000000000000000000000000000000000000000000000000000000 F
b10110 G
1H
b11000000100000000000000000000000000000000000000000000000000000000000000000000000000000 I

#4740000
0!
0/
0:

#4745000
1!
1/
19
1:
0H

#4750000
0!
0/
0:

#4755000
1!
1/
b11000000000000000000000000000000000000000000000000000000000000000000000000000000000000000000000000 7
b11000 8
09
1:
b110000001000000000000000000000000000000000000000000000000000000000000000000000000000000000 F
b10111 G
1H
b110000001000000000000000000000000000000000000000000000000000000000000000000000000000000000 I

#4760000
0!
0/
0:

#4765000
1!
1/
19
1:
0H

#4770000
0!
0/
0:

#4775000
1!
1/
b110000000000000000000000000000000000000000000000000000000000000000000000000000000000000000000000000000 7
b11001 8
09
1:
b1100000010000000000000000000000000000000000000000000000000000000000000000000000000000000000000 F
b11000 G
1H
b1100000010000000000000000000000000000000000000000000000000000000000000000000000000000000000000 I

#4780000
0!
0/
0:

#4785000
1!
1/
19
1:
0H

#4790000
0!
0/
0:

#4795000
1!
1/
b1100000000000000000000000000000000000000000000000000000000000000000000000000000000000000000000000000000000 7
b11010 8
09
1:
b11000000100000000000000000000000000000000000000000000000000000000000000000000000000000000000000000 F
b11001 G
1H
b11000000100000000000000000000000000000000000000000000000000000000000000000000000000000000000000000 I

#4800000
0!
0/
0:

#4805000
1!
1/
19
1:
0H

#4810000
0!
0/
0:

#4815000
1!
1/
b11000000000000000000000000000000000000000000000000000000000000000000000000000000000000000000000000000000000000 7
b11011 8
09
1:
b110000001000000000000000000000000000000000000000000000000000000000000000000000000000000000000000000000 F
b11010 G
1H
b110000001000000000000000000000000000000000000000000000000000000000000000000000000000000000000000000000 I

#4820000
0!
0/
0:

#4825000
1!
1/
19
1:
0H

#4830000
0!
0/
0:

#4835000
1!
1/
b110000000000000000000000000000000000000000000000000000000000000000000000000000000000000000000000000000000000000000 7
b11100 8
09
1:
b1100000010000000000000000000000000000000000000000000000000000000000000000000000000000000000000000000000000 F
b11011 G
1H
b1100000010000000000000000000000000000000000000000000000000000000000000000000000000000000000000000000000000 I

#4840000
0!
0/
0:

#4845000
1!
1/
19
1:
0H

#4850000
0!
0/
0:

#4855000
1!
1/
b1100000000000000000000000000000000000000000000000000000000000000000000000000000000000000000000000000000000000000000000 7
b11101 8
09
1:
b11000000100000000000000000000000000000000000000000000000000000000000000000000000000000000000000000000000000000 F
b11100 G
1H
b11000000100000000000000000000000000000000000000000000000000000000000000000000000000000000000000000000000000000 I

#4860000
0!
0/
0:

#4865000
1!
1/
19
1:
0H

#4870000
0!
0/
0:

#4875000
1!
1/
b11000000000000000000000000000000000000000000000000000000000000000000000000000000000000000000000000000000000000000000000000 7
b11110 8
09
1:
b110000001000000000000000000000000000000000000000000000000000000000000000000000000000000000000000000000000000000000 F
b11101 G
1H
b110000001000000000000000000000000000000000000000000000000000000000000000000000000000000000000000000000000000000000 I

#4880000
0!
0/
0:

#4885000
1!
1/
19
1:
0H

#4890000
0!
0/
0:

#4895000
1!
b11 *
1/
b110000000000000000000000000000000000000000000000000000000000000000000000000000000000000000000000000000000000000000000000000000 7
b11111 8
09
1:
b11 =
b1100000010000000000000000000000000000000000000000000000000000000000000000000000000000000000000000000000000000000000000 F
b11110 G
1H
b1100000010000000000000000000000000000000000000000000000000000000000000000000000000000000000000000000000000000000000000 I

#4900000
0!
0/
0:

#4905000
1!
1/
19
1:
b11 A
0H

#4910000
0!
0/
0:

#4915000
1!
0+
1/
06
09
1:
0>
b11 B
b11000000100000000000000000000000000000000000000000000000000000000000000000000000000000000000000000000000000000000000000000 F
b11111 G
1H
b11000000100000000000000000000000000000000000000000000000000000000000000000000000000000000000000000000000000000000000000000 I

#4920000
0!
0/
0:

#4925000
1!
1/
1:
0?
0H

#4930000
0!
0/
0:

#4935000
1!
b110000001000000000000000000000000000000000000000000000000000000000000000000000000000000000000000000000000000000000000000000011 &
1'
1,
1/
13
1:
0@
0E
b0 F
b0 G
1H
b110000001000000000000000000000000000000000000000000000000000000000000000000000000000000000000000000000000000000000000000000011 I

#4940000
0!
0/
0:

#4945000
1!
b10000001100000000000000000000000000000000000000000000000000000000000000000000000000000000000000000000000000000000000000000100 #
1$
0'
b1110 -
1/
b10000001100000000000000000000000000000000000000000000000000000000000000000000000000000000000000000000000000000000000000000100 1
12
14
1:
0C
b11 J
b10000001100000000000000000000000000000000000000000000000000000000000000000000000000000000000000000000000000000000000000000100 K

#4950000
0!
0/
0:

#4955000
1!
1%
1/
15
1:

#4960000
0!
0/
0:

#4965000
1!
0%
b1 *
1+
1/
16
b10000001100000000000000000000000000000000000000000000000000000000000000000000000000000000000000000000000000000000000000000100 7
b0 8
1:
b1 =
1>

#4970000
0!
0/
0:

#4975000
1!
0$
1/
02
19
1:
1?
b1 A

#4980000
0!
0/
0:

#4985000
1!
b0 *
1/
b11000000000000000000000000000000000000000000000000000000000000000000000000000000000000000000000000000000000000000001000000 7
b1 8
09
1:
b0 =
1@
b1 B
1D

#4990000
0!
0/
0:

#4995000
1!
0,
1/
03
19
1:
b0 A
1C
0D
1E
0H

#5000000
0!
0/
0:

#5005000
1!
b11 *
1/
04
b110000000000000000000000000000000000000000000000000000000000000000000000000000000000000000000000000000000000000000010000000000 7
b10 8
09
1:
b11 =
b0 B
b1 F
b1 G
1H
b1 I

#5010000
0!
0/
0:

#5015000
1!
1/
05
19
1:
b11 A
0H

#5020000
0!
0/
0:

#5025000
1!
b0 *
1/
b100000000000000 7
b11 8
09
1:
b0 =
b11 B
b10000 F
b10 G
1H
b10000 I

#5030000
0!
0/
0:

#5035000
1!
1/
19
1:
b0 A
0H

#5040000
0!
0/
0:

#5045000
1!
1/
b1000000000000000000 7
b100 8
09
1:
b0 B
b100000011 F
b11 G
1H
b100000011 I

#5050000
0!
0/
0:

#5055000
1!
1/
19
1:
0H

#5060000
0!
0/
0:

#5065000
1!
1/
b10000000000000000000000 7
b101 8
09
1:
b1000000110000 F
b100 G
1H
b1000000110000 I

#5070000
0!
0/
0:

#5075000
1!
1/
19
1:
0H

#5080000
0!
0/
0:

#5085000
1!
1/
b100000000000000000000000000 7
b110 8
09
1:
b10000001100000000 F
b101 G
1H
b10000001100000000 I

#5090000
0!
0/
0:

#5095000
1!
1/
19
1:
0H

#5100000
0!
0/
0:

#5105000
1!
1/
b1000000000000000000000000000000 7
b111 8
09
1:
b100000011000000000000 F
b110 G
1H
b100000011000000000000 I

#5110000
0!
0/
0:

#5115000
1!
1/
19
1:
0H

#5120000
0!
0/
0:

#5125000
1!
1/
b10000000000000000000000000000000000 7
b1000 8
09
1:
b1000000110000000000000000 F
b111 G
1H
b1000000110000000000000000 I

#5130000
0!
0/
0:

#5135000
1!
1/
19
1:
0H

#5140000
0!
0/
0:

#5145000
1!
1/
b100000000000000000000000000000000000000 7
b1001 8
09
1:
b10000001100000000000000000000 F
b1000 G
1H
b10000001100000000000000000000 I

#5150000
0!
0/
0:

#5155000
1!
1/
19
1:
0H

#5160000
0!
0/
0:

#5165000
1!
1/
b1000000000000000000000000000000000000000000 7
b1010 8
09
1:
b100000011000000000000000000000000 F
b1001 G
1H
b100000011000000000000000000000000 I

#5170000
0!
0/
0:

#5175000
1!
1/
19
1:
0H

#5180000
0!
0/
0:

#5185000
1!
1/
b10000000000000000000000000000000000000000000000 7
b1011 8
09
1:
b1000000110000000000000000000000000000 F
b1010 G
1H
b1000000110000000000000000000000000000 I

#5190000
0!
0/
0:

#5195000
1!
1/
19
1:
0H

#5200000
0!
0/
0:

#5205000
1!
1/
b100000000000000000000000000000000000000000000000000 7
b1100 8
09
1:
b10000001100000000000000000000000000000000 F
b1011 G
1H
b10000001100000000000000000000000000000000 I

#5210000
0!
0/
0:

#5215000
1!
1/
19
1:
0H

#5220000
0!
0/
0:

#5225000
1!
1/
b1000000000000000000000000000000000000000000000000000000 7
b1101 8
09
1:
b100000011000000000000000000000000000000000000 F
b1100 G
1H
b100000011000000000000000000000000000000000000 I

#5230000
0!
0/
0:

#5235000
1!
1/
19
1:
0H

#5240000
0!
0/
0:

#5245000
1!
1/
b10000000000000000000000000000000000000000000000000000000000 7
b1110 8
09
1:
b1000000110000000000000000000000000000000000000000 F
b1101 G
1H
b1000000110000000000000000000000000000000000000000 I

#5250000
0!
0/
0:

#5255000
1!
1/
19
1:
0H

#5260000
0!
0/
0:

#5265000
1!
1/
b100000000000000000000000000000000000000000000000000000000000000 7
b1111 8
09
1:
b10000001100000000000000000000000000000000000000000000 F
b1110 G
1H
b10000001100000000000000000000000000000000000000000000 I

#5270000
0!
0/
0:

#5275000
1!
1/
19
1:
0H

#5280000
0!
0/
0:

#5285000
1!
1/
b1000000000000000000000000000000000000000000000000000000000000000000 7
b10000 8
09
1:
b100000011000000000000000000000000000000000000000000000000 F
b1111 G
1H
b100000011000000000000000000000000000000000000000000000000 I

#5290000
0!
0/
0:

#5295000
1!
1/
19
1:
0H

#5300000
0!
0/
0:

#5305000
1!
1/
b10000000000000000000000000000000000000000000000000000000000000000000000 7
b10001 8
09
1:
b1000000110000000000000000000000000000000000000000000000000000 F
b10000 G
1H
b1000000110000000000000000000000000000000000000000000000000000 I

#5310000
0!
0/
0:

#5315000
1!
1/
19
1:
0H

#5320000
0!
0/
0:

#5325000
1!
1/
b100000000000000000000000000000000000000000000000000000000000000000000000000 7
b10010 8
09
1:
b10000001100000000000000000000000000000000000000000000000000000000 F
b10001 G
1H
b10000001100000000000000000000000000000000000000000000000000000000 I

#5330000
0!
0/
0:

#5335000
1!
1/
19
1:
0H

#5340000
0!
0/
0:

#5345000
1!
1/
b1000000000000000000000000000000000000000000000000000000000000000000000000000000 7
b10011 8
09
1:
b100000011000000000000000000000000000000000000000000000000000000000000 F
b10010 G
1H
b100000011000000000000000000000000000000000000000000000000000000000000 I

#5350000
0!
0/
0:

#5355000
1!
1/
19
1:
0H

#5360000
0!
0/
0:

#5365000
1!
1/
b10000000000000000000000000000000000000000000000000000000000000000000000000000000000 7
b10100 8
09
1:
b1000000110000000000000000000000000000000000000000000000000000000000000000 F
b10011 G
1H
b1000000110000000000000000000000000000000000000000000000000000000000000000 I

#5370000
0!
0/
0:

#5375000
1!
1/
19
1:
0H

#5380000
0!
0/
0:

#5385000
1!
1/
b100000000000000000000000000000000000000000000000000000000000000000000000000000000000000 7
b10101 8
09
1:
b10000001100000000000000000000000000000000000000000000000000000000000000000000 F
b10100 G
1H
b10000001100000000000000000000000000000000000000000000000000000000000000000000 I

#5390000
0!
0/
0:

#5395000
1!
1/
19
1:
0H

#5400000
0!
0/
0:

#5405000
1!
1/
b1000000000000000000000000000000000000000000000000000000000000000000000000000000000000000000 7
b10110 8
09
1:
b100000011000000000000000000000000000000000000000000000000000000000000000000000000 F
b10101 G
1H
b100000011000000000000000000000000000000000000000000000000000000000000000000000000 I

#5410000
0!
0/
0:

#5415000
1!
1/
19
1:
0H

#5420000
0!
0/
0:

#5425000
1!
1/
b10000000000000000000000000000000000000000000000000000000000000000000000000000000000000000000000 7
b10111 8
09
1:
b1000000110000000000000000000000000000000000000000000000000000000000000000000000000000 F
b10110 G
1H
b1000000110000000000000000000000000000000000000000000000000000000000000000000000000000 I

#5430000
0!
0/
0:

#5435000
1!
1/
19
1:
0H

#5440000
0!
0/
0:

#5445000
1!
1/
b100000000000000000000000000000000000000000000000000000000000000000000000000000000000000000000000000 7
b11000 8
09
1:
b10000001100000000000000000000000000000000000000000000000000000000000000000000000000000000 F
b10111 G
1H
b10000001100000000000000000000000000000000000000000000000000000000000000000000000000000000 I

#5450000
0!
0/
0:

#5455000
1!
1/
19
1:
0H

#5460000
0!
0/
0:

#5465000
1!
1/
b1000000000000000000000000000000000000000000000000000000000000000000000000000000000000000000000000000000 7
b11001 8
09
1:
b100000011000000000000000000000000000000000000000000000000000000000000000000000000000000000000 F
b11000 G
1H
b100000011000000000000000000000000000000000000000000000000000000000000000000000000000000000000 I

#5470000
0!
0/
0:

#5475000
1!
1/
19
1:
0H

#5480000
0!
0/
0:

#5485000
1!
1/
b10000000000000000000000000000000000000000000000000000000000000000000000000000000000000000000000000000000000 7
b11010 8
09
1:
b1000000110000000000000000000000000000000000000000000000000000000000000000000000000000000000000000 F
b11001 G
1H
b1000000110000000000000000000000000000000000000000000000000000000000000000000000000000000000000000 I

#5490000
0!
0/
0:

#5495000
1!
1/
19
1:
0H

#5500000
0!
0/
0:

#5505000
1!
1/
b100000000000000000000000000000000000000000000000000000000000000000000000000000000000000000000000000000000000000 7
b11011 8
09
1:
b10000001100000000000000000000000000000000000000000000000000000000000000000000000000000000000000000000 F
b11010 G
1H
b10000001100000000000000000000000000000000000000000000000000000000000000000000000000000000000000000000 I

#5510000
0!
0/
0:

#5515000
1!
1/
19
1:
0H

#5520000
0!
0/
0:

#5525000
1!
1/
b1000000000000000000000000000000000000000000000000000000000000000000000000000000000000000000000000000000000000000000 7
b11100 8
09
1:
b100000011000000000000000000000000000000000000000000000000000000000000000000000000000000000000000000000000 F
b11011 G
1H
b100000011000000000000000000000000000000000000000000000000000000000000000000000000000000000000000000000000 I

#5530000
0!
0/
0:

#5535000
1!
1/
19
1:
0H

#5540000
0!
0/
0:

#5545000
1!
1/
b10000000000000000000000000000000000000000000000000000000000000000000000000000000000000000000000000000000000000000000000 7
b11101 8
09
1:
b1000000110000000000000000000000000000000000000000000000000000000000000000000000000000000000000000000000000000 F
b11100 G
1H
b1000000110000000000000000000000000000000000000000000000000000000000000000000000000000000000000000000000000000 I

#5550000
0!
0/
0:

#5555000
1!
1/
19
1:
0H

#5560000
0!
0/
0:

#5565000
1!
1/
b100000000000000000000000000000000000000000000000000000000000000000000000000000000000000000000000000000000000000000000000000 7
b11110 8
09
1:
b10000001100000000000000000000000000000000000000000000000000000000000000000000000000000000000000000000000000000000 F
b11101 G
1H
b10000001100000000000000000000000000000000000000000000000000000000000000000000000000000000000000000000000000000000 I

#5570000
0!
0/
0:

#5575000
1!
1/
19
1:
0H

#5580000
0!
0/
0:

#5585000
1!
b100 *
1/
b1000000000000000000000000000000000000000000000000000000000000000000000000000000000000000000000000000000000000000000000000000000 7
b11111 8
09
1:
b100 =
b100000011000000000000000000000000000000000000000000000000000000000000000000000000000000000000000000000000000000000000 F
b11110 G
1H
b100000011000000000000000000000000000000000000000000000000000000000000000000000000000000000000000000000000000000000000 I

#5590000
0!
0/
0:

#5595000
1!
1/
19
1:
b100 A
0H

#5600000
0!
0/
0:

#5605000
1!
0+
1/
06
09
1:
0>
b100 B
b1000000110000000000000000000000000000000000000000000000000000000000000000000000000000000000000000000000000000000000000000 F
b11111 G
1H
b1000000110000000000000000000000000000000000000000000000000000000000000000000000000000000000000000000000000000000000000000 I

#5610000
0!
0/
0:

#5615000
1!
1/
1:
0?
0H

#5620000
0!
0/
0:

#5625000
1!
b10000001100000000000000000000000000000000000000000000000000000000000000000000000000000000000000000000000000000000000000000100 &
1'
1,
1/
13
1:
0@
0E
b0 F
b0 G
1H
b10000001100000000000000000000000000000000000000000000000000000000000000000000000000000000000000000000000000000000000000000100 I

#5630000
0!
0/
0:

#5635000
1!
b100000010000000000000000000000000000000000000000000000000000000000000000000000000000000000000000000000000000000000000000000101 #
1$
0'
b10000 -
1/
b100000010000000000000000000000000000000000000000000000000000000000000000000000000000000000000000000000000000000000000000000101 1
12
14
1:
0C
b100 J
b100000010000000000000000000000000000000000000000000000000000000000000000000000000000000000000000000000000000000000000000000101 K

#5640000
0!
0/
0:

#5645000
1!
1%
1/
15
1:

#5650000
0!
0/
0:

#5655000
1!
0%
b10 *
1+
1/
16
b100000010000000000000000000000000000000000000000000000000000000000000000000000000000000000000000000000000000000000000000000101 7
b0 8
1:
b10 =
1>

#5660000
0!
0/
0:

#5665000
1!
0$
1/
02
19
1:
1?
b10 A

#5670000
0!
0/
0:

#5675000
1!
b0 *
1/
b100000000000000000000000000000000000000000000000000000000000000000000000000000000000000000000000000000000000000000001010000 7
b1 8
09
1:
b0 =
1@
b10 B
1D

#5680000
0!
0/
0:

#5685000
1!
0,
1/
03
19
1:
b0 A
1C
0D
1E
0H

#5690000
0!
0/
0:

#5695000
1!
b100 *
1/
04
b1000000000000000000000000000000000000000000000000000000000000000000000000000000000000000000000000000000000000000000010100000000 7
b10 8
09
1:
b100 =
b0 B
b10 F
b1 G
1H
b10 I

#5700000
0!
0/
0:

#5705000
1!
1/
05
19
1:
b100 A
0H

#5710000
0!
0/
0:

#5715000
1!
b0 *
1/
b101000000000000 7
b11 8
09
1:
b0 =
b100 B
b100000 F
b10 G
1H
b100000 I

#5720000
0!
0/
0:

#5725000
1!
1/
19
1:
b0 A
0H

#5730000
0!
0/
0:

#5735000
1!
1/
b1010000000000000000 7
b100 8
09
1:
b0 B
b1000000100 F
b11 G
1H
b1000000100 I

#5740000
0!
0/
0:

#5745000
1!
1/
19
1:
0H

#5750000
0!
0/
0:

#5755000
1!
1/
b10100000000000000000000 7
b101 8
09
1:
b10000001000000 F
b100 G
1H
b10000001000000 I

#5760000
0!
0/
0:

#5765000
1!
1/
19
1:
0H

#5770000
0!
0/
0:

#5775000
1!
1/
b101000000000000000000000000 7
b110 8
09
1:
b100000010000000000 F
b101 G
1H
b100000010000000000 I

#5780000
0!
0/
0:

#5785000
1!
1/
19
1:
0H

#5790000
0!
0/
0:

#5795000
1!
1/
b1010000000000000000000000000000 7
b111 8
09
1:
b1000000100000000000000 F
b110 G
1H
b1000000100000000000000 I

#5800000
0!
0/
0:

#5805000
1!
1/
19
1:
0H

#5810000
0!
0/
0:

#5815000
1!
1/
b10100000000000000000000000000000000 7
b1000 8
09
1:
b10000001000000000000000000 F
b111 G
1H
b10000001000000000000000000 I

#5820000
0!
0/
0:

#5825000
1!
1/
19
1:
0H

#5830000
0!
0/
0:

#5835000
1!
1/
b101000000000000000000000000000000000000 7
b1001 8
09
1:
b100000010000000000000000000000 F
b1000 G
1H
b100000010000000000000000000000 I

#5840000
0!
0/
0:

#5845000
1!
1/
19
1:
0H

#5850000
0!
0/
0:

#5855000
1!
1/
b1010000000000000000000000000000000000000000 7
b1010 8
09
1:
b1000000100000000000000000000000000 F
b1001 G
1H
b1000000100000000000000000000000000 I

#5860000
0!
0/
0:

#5865000
1!
1/
19
1:
0H

#5870000
0!
0/
0:

#5875000
1!
1/
b10100000000000000000000000000000000000000000000 7
b1011 8
09
1:
b10000001000000000000000000000000000000 F
b1010 G
1H
b10000001000000000000000000000000000000 I

#5880000
0!
0/
0:

#5885000
1!
1/
19
1:
0H

#5890000
0!
0/
0:

#5895000
1!
1/
b101000000000000000000000000000000000000000000000000 7
b1100 8
09
1:
b100000010000000000000000000000000000000000 F
b1011 G
1H
b100000010000000000000000000000000000000000 I

#5900000
0!
0/
0:

#5905000
1!
1/
19
1:
0H

#5910000
0!
0/
0:

#5915000
1!
1/
b1010000000000000000000000000000000000000000000000000000 7
b1101 8
09
1:
b1000000100000000000000000000000000000000000000 F
b1100 G
1H
b1000000100000000000000000000000000000000000000 I

#5920000
0!
0/
0:

#5925000
1!
1/
19
1:
0H

#5930000
0!
0/
0:

#5935000
1!
1/
b10100000000000000000000000000000000000000000000000000000000 7
b1110 8
09
1:
b10000001000000000000000000000000000000000000000000 F
b1101 G
1H
b10000001000000000000000000000000000000000000000000 I

#5940000
0!
0/
0:

#5945000
1!
1/
19
1:
0H

#5950000
0!
0/
0:

#5955000
1!
1/
b101000000000000000000000000000000000000000000000000000000000000 7
b1111 8
09
1:
b100000010000000000000000000000000000000000000000000000 F
b1110 G
1H
b100000010000000000000000000000000000000000000000000000 I

#5960000
0!
0/
0:

#5965000
1!
1/
19
1:
0H

#5970000
0!
0/
0:

#5975000
1!
1/
b1010000000000000000000000000000000000000000000000000000000000000000 7
b10000 8
09
1:
b1000000100000000000000000000000000000000000000000000000000 F
b1111 G
1H
b1000000100000000000000000000000000000000000000000000000000 I

#5980000
0!
0/
0:

#5985000
1!
1/
19
1:
0H

#5990000
0!
0/
0:

#5995000
1!
1/
b10100000000000000000000000000000000000000000000000000000000000000000000 7
b10001 8
09
1:
b10000001000000000000000000000000000000000000000000000000000000 F
b10000 G
1H
b10000001000000000000000000000000000000000000000000000000000000 I

#6000000
0!
0/
0:

#6005000
1!
1/
19
1:
0H

#6010000
0!
0/
0:

#6015000
1!
1/
b101000000000000000000000000000000000000000000000000000000000000000000000000 7
b10010 8
09
1:
b100000010000000000000000000000000000000000000000000000000000000000 F
b10001 G
1H
b100000010000000000000000000000000000000000000000000000000000000000 I

#6020000
0!
0/
0:

#6025000
1!
1/
19
1:
0H

#6030000
0!
0/
0:

#6035000
1!
1/
b1010000000000000000000000000000000000000000000000000000000000000000000000000000 7
b10011 8
09
1:
b1000000100000000000000000000000000000000000000000000000000000000000000 F
b10010 G
1H
b1000000100000000000000000000000000000000000000000000000000000000000000 I

#6040000
0!
0/
0:

#6045000
1!
1/
19
1:
0H

#6050000
0!
0/
0:

#6055000
1!
1/
b10100000000000000000000000000000000000000000000000000000000000000000000000000000000 7
b10100 8
09
1:
b10000001000000000000000000000000000000000000000000000000000000000000000000 F
b10011 G
1H
b10000001000000000000000000000000000000000000000000000000000000000000000000 I

#6060000
0!
0/
0:

#6065000
1!
1/
19
1:
0H

#6070000
0!
0/
0:

#6075000
1!
1/
b101000000000000000000000000000000000000000000000000000000000000000000000000000000000000 7
b10101 8
09
1:
b100000010000000000000000000000000000000000000000000000000000000000000000000000 F
b10100 G
1H
b100000010000000000000000000000000000000000000000000000000000000000000000000000 I

#6080000
0!
0/
0:

#6085000
1!
1/
19
1:
0H

#6090000
0!
0/
0:

#6095000
1!
1/
b1010000000000000000000000000000000000000000000000000000000000000000000000000000000000000000 7
b10110 8
09
1:
b1000000100000000000000000000000000000000000000000000000000000000000000000000000000 F
b10101 G
1H
b1000000100000000000000000000000000000000000000000000000000000000000000000000000000 I

#6100000
0!
0/
0:

#6105000
1!
1/
19
1:
0H

#6110000
0!
0/
0:

#6115000
1!
1/
b10100000000000000000000000000000000000000000000000000000000000000000000000000000000000000000000 7
b10111 8
09
1:
b10000001000000000000000000000000000000000000000000000000000000000000000000000000000000 F
b10110 G
1H
b10000001000000000000000000000000000000000000000000000000000000000000000000000000000000 I

#6120000
0!
0/
0:

#6125000
1!
1/
19
1:
0H

#6130000
0!
0/
0:

#6135000
1!
1/
b101000000000000000000000000000000000000000000000000000000000000000000000000000000000000000000000000 7
b11000 8
09
1:
b100000010000000000000000000000000000000000000000000000000000000000000000000000000000000000 F
b10111 G
1H
b100000010000000000000000000000000000000000000000000000000000000000000000000000000000000000 I

#6140000
0!
0/
0:

#6145000
1!
1/
19
1:
0H

#6150000
0!
0/
0:

#6155000
1!
1/
b1010000000000000000000000000000000000000000000000000000000000000000000000000000000000000000000000000000 7
b11001 8
09
1:
b1000000100000000000000000000000000000000000000000000000000000000000000000000000000000000000000 F
b11000 G
1H
b1000000100000000000000000000000000000000000000000000000000000000000000000000000000000000000000 I

#6160000
0!
0/
0:

#6165000
1!
1/
19
1:
0H

#6170000
0!
0/
0:

#6175000
1!
1/
b10100000000000000000000000000000000000000000000000000000000000000000000000000000000000000000000000000000000 7
b11010 8
09
1:
b10000001000000000000000000000000000000000000000000000000000000000000000000000000000000000000000000 F
b11001 G
1H
b10000001000000000000000000000000000000000000000000000000000000000000000000000000000000000000000000 I

#6180000
0!
0/
0:

#6185000
1!
1/
19
1:
0H

#6190000
0!
0/
0:

#6195000
1!
1/
b101000000000000000000000000000000000000000000000000000000000000000000000000000000000000000000000000000000000000 7
b11011 8
09
1:
b100000010000000000000000000000000000000000000000000000000000000000000000000000000000000000000000000000 F
b11010 G
1H
b100000010000000000000000000000000000000000000000000000000000000000000000000000000000000000000000000000 I

#6200000
0!
0/
0:

#6205000
1!
1/
19
1:
0H

#6210000
0!
0/
0:

#6215000
1!
1/
b1010000000000000000000000000000000000000000000000000000000000000000000000000000000000000000000000000000000000000000 7
b11100 8
09
1:
b1000000100000000000000000000000000000000000000000000000000000000000000000000000000000000000000000000000000 F
b11011 G
1H
b1000000100000000000000000000000000000000000000000000000000000000000000000000000000000000000000000000000000 I

#6220000
0!
0/
0:

#6225000
1!
1/
19
1:
0H

#6230000
0!
0/
0:

#6235000
1!
1/
b10100000000000000000000000000000000000000000000000000000000000000000000000000000000000000000000000000000000000000000000 7
b11101 8
09
1:
b10000001000000000000000000000000000000000000000000000000000000000000000000000000000000000000000000000000000000 F
b11100 G
1H
b10000001000000000000000000000000000000000000000000000000000000000000000000000000000000000000000000000000000000 I

#6240000
0!
0/
0:

#6245000
1!
1/
19
1:
0H

#6250000
0!
0/
0:

#6255000
1!
1/
b101000000000000000000000000000000000000000000000000000000000000000000000000000000000000000000000000000000000000000000000000 7
b11110 8
09
1:
b100000010000000000000000000000000000000000000000000000000000000000000000000000000000000000000000000000000000000000 F
b11101 G
1H
b100000010000000000000000000000000000000000000000000000000000000000000000000000000000000000000000000000000000000000 I

#6260000
0!
0/
0:

#6265000
1!
1/
19
1:
0H

#6270000
0!
0/
0:

#6275000
1!
b101 *
1/
b1010000000000000000000000000000000000000000000000000000000000000000000000000000000000000000000000000000000000000000000000000000 7
b11111 8
09
1:
b101 =
b1000000100000000000000000000000000000000000000000000000000000000000000000000000000000000000000000000000000000000000000 F
b11110 G
1H
b1000000100000000000000000000000000000000000000000000000000000000000000000000000000000000000000000000000000000000000000 I

#6280000
0!
0/
0:

#6285000
1!
1/
19
1:
b101 A
0H

#6290000
0!
0/
0:

#6295000
1!
0+
1/
06
09
1:
0>
b101 B
b10000001000000000000000000000000000000000000000000000000000000000000000000000000000000000000000000000000000000000000000000 F
b11111 G
1H
b10000001000000000000000000000000000000000000000000000000000000000000000000000000000000000000000000000000000000000000000000 I

#6300000
0!
0/
0:

#6305000
1!
1/
1:
0?
0H

#6310000
0!
0/
0:

#6315000
1!
b100000010000000000000000000000000000000000000000000000000000000000000000000000000000000000000000000000000000000000000000000101 &
1'
1,
1/
13
1:
0@
0E
b0 F
b0 G
1H
b100000010000000000000000000000000000000000000000000000000000000000000000000000000000000000000000000000000000000000000000000101 I

#6320000
0!
0/
0:

#6325000
1!
b110000010100000000000000000000000000000000000000000000000000000000000000000000000000000000000000000000000000000000000000000110 #
1$
0'
b10010 -
1/
b110000010100000000000000000000000000000000000000000000000000000000000000000000000000000000000000000000000000000000000000000110 1
12
14
1:
0C
b101 J
b110000010100000000000000000000000000000000000000000000000000000000000000000000000000000000000000000000000000000000000000000110 K

#6330000
0!
0/
0:

#6335000
1!
1%
1/
15
1:

#6340000
0!
0/
0:

#6345000
1!
0%
b11 *
1+
1/
16
b110000010100000000000000000000000000000000000000000000000000000000000000000000000000000000000000000000000000000000000000000110 7
b0 8
1:
b11 =
1>

#6350000
0!
0/
0:

#6355000
1!
0$
1/
02
19
1:
1?
b11 A

#6360000
0!
0/
0:

#6365000
1!
b0 *
1/
b101000000000000000000000000000000000000000000000000000000000000000000000000000000000000000000000000000000000000000001100000 7
b1 8
09
1:
b0 =
1@
b11 B
1D

#6370000
0!
0/
0:

#6375000
1!
0,
1/
03
19
1:
b0 A
1C
0D
1E
0H

#6380000
0!
0/
0:

#6385000
1!
b101 *
1/
04
b1010000000000000000000000000000000000000000000000000000000000000000000000000000000000000000000000000000000000000000011000000000 7
b10 8
09
1:
b101 =
b0 B
b11 F
b1 G
1H
b11 I

#6390000
0!
0/
0:

#6395000
1!
1/
05
19
1:
b101 A
0H

#6400000
0!
0/
0:

#6405000
1!
b0 *
1/
b110000000000000 7
b11 8
09
1:
b0 =
b101 B
b110000 F
b10 G
1H
b110000 I

#6410000
0!
0/
0:

#6415000
1!
1/
19
1:
b0 A
0H

#6420000
0!
0/
0:

#6425000
1!
1/
b1100000000000000000 7
b100 8
09
1:
b0 B
b1100000101 F
b11 G
1H
b1100000101 I

#6430000
0!
0/
0:

#6435000
1!
1/
19
1:
0H

#6440000
0!
0/
0:

#6445000
1!
1/
b11000000000000000000000 7
b101 8
09
1:
b11000001010000 F
b100 G
1H
b11000001010000 I

#6450000
0!
0/
0:

#6455000
1!
1/
19
1:
0H

#6460000
0!
0/
0:

#6465000
1!
1/
b110000000000000000000000000 7
b110 8
09
1:
b110000010100000000 F
b101 G
1H
b110000010100000000 I

#6470000
0!
0/
0:

#6475000
1!
1/
19
1:
0H

#6480000
0!
0/
0:

#6485000
1!
1/
b1100000000000000000000000000000 7
b111 8
09
1:
b1100000101000000000000 F
b110 G
1H
b1100000101000000000000 I

#6490000
0!
0/
0:

#6495000
1!
1/
19
1:
0H

#6500000
0!
0/
0:

#6505000
1!
1/
b11000000000000000000000000000000000 7
b1000 8
09
1:
b11000001010000000000000000 F
b111 G
1H
b11000001010000000000000000 I

#6510000
0!
0/
0:

#6515000
1!
1/
19
1:
0H

#6520000
0!
0/
0:

#6525000
1!
1/
b110000000000000000000000000000000000000 7
b1001 8
09
1:
b110000010100000000000000000000 F
b1000 G
1H
b110000010100000000000000000000 I

#6530000
0!
0/
0:

#6535000
1!
1/
19
1:
0H

#6540000
0!
0/
0:

#6545000
1!
1/
b1100000000000000000000000000000000000000000 7
b1010 8
09
1:
b1100000101000000000000000000000000 F
b1001 G
1H
b1100000101000000000000000000000000 I

#6550000
0!
0/
0:

#6555000
1!
1/
19
1:
0H

#6560000
0!
0/
0:

#6565000
1!
1/
b11000000000000000000000000000000000000000000000 7
b1011 8
09
1:
b11000001010000000000000000000000000000 F
b1010 G
1H
b11000001010000000000000000000000000000 I

#6570000
0!
0/
0:

#6575000
1!
1/
19
1:
0H

#6580000
0!
0/
0:

#6585000
1!
1/
b110000000000000000000000000000000000000000000000000 7
b1100 8
09
1:
b110000010100000000000000000000000000000000 F
b1011 G
1H
b110000010100000000000000000000000000000000 I

#6590000
0!
0/
0:

#6595000
1!
1/
19
1:
0H

#6600000
0!
0/
0:

#6605000
1!
1/
b1100000000000000000000000000000000000000000000000000000 7
b1101 8
09
1:
b1100000101000000000000000000000000000000000000 F
b1100 G
1H
b1100000101000000000000000000000000000000000000 I

#6610000
0!
0/
0:

#6615000
1!
1/
19
1:
0H

#6620000
0!
0/
0:

#6625000
1!
1/
b11000000000000000000000000000000000000000000000000000000000 7
b1110 8
09
1:
b11000001010000000000000000000000000000000000000000 F
b1101 G
1H
b11000001010000000000000000000000000000000000000000 I

#6630000
0!
0/
0:

#6635000
1!
1/
19
1:
0H

#6640000
0!
0/
0:

#6645000
1!
1/
b110000000000000000000000000000000000000000000000000000000000000 7
b1111 8
09
1:
b110000010100000000000000000000000000000000000000000000 F
b1110 G
1H
b110000010100000000000000000000000000000000000000000000 I

#6650000
0!
0/
0:

#6655000
1!
1/
19
1:
0H

#6660000
0!
0/
0:

#6665000
1!
1/
b1100000000000000000000000000000000000000000000000000000000000000000 7
b10000 8
09
1:
b1100000101000000000000000000000000000000000000000000000000 F
b1111 G
1H
b1100000101000000000000000000000000000000000000000000000000 I

#6670000
0!
0/
0:

#6675000
1!
1/
19
1:
0H

#6680000
0!
0/
0:

#6685000
1!
1/
b11000000000000000000000000000000000000000000000000000000000000000000000 7
b10001 8
09
1:
b11000001010000000000000000000000000000000000000000000000000000 F
b10000 G
1H
b11000001010000000000000000000000000000000000000000000000000000 I

#6690000
0!
0/
0:

#6695000
1!
1/
19
1:
0H

#6700000
0!
0/
0:

#6705000
1!
1/
b110000000000000000000000000000000000000000000000000000000000000000000000000 7
b10010 8
09
1:
b110000010100000000000000000000000000000000000000000000000000000000 F
b10001 G
1H
b110000010100000000000000000000000000000000000000000000000000000000 I

#6710000
0!
0/
0:

#6715000
1!
1/
19
1:
0H

#6720000
0!
0/
0:

#6725000
1!
1/
b1100000000000000000000000000000000000000000000000000000000000000000000000000000 7
b10011 8
09
1:
b1100000101000000000000000000000000000000000000000000000000000000000000 F
b10010 G
1H
b1100000101000000000000000000000000000000000000000000000000000000000000 I

#6730000
0!
0/
0:

#6735000
1!
1/
19
1:
0H

#6740000
0!
0/
0:

#6745000
1!
1/
b11000000000000000000000000000000000000000000000000000000000000000000000000000000000 7
b10100 8
09
1:
b11000001010000000000000000000000000000000000000000000000000000000000000000 F
b10011 G
1H
b11000001010000000000000000000000000000000000000000000000000000000000000000 I

#6750000
0!
0/
0:

#6755000
1!
1/
19
1:
0H

#6760000
0!
0/
0:

#6765000
1!
1/
b110000000000000000000000000000000000000000000000000000000000000000000000000000000000000 7
b10101 8
09
1:
b110000010100000000000000000000000000000000000000000000000000000000000000000000 F
b10100 G
1H
b110000010100000000000000000000000000000000000000000000000000000000000000000000 I

#6770000
0!
0/
0:

#6775000
1!
1/
19
1:
0H

#6780000
0!
0/
0:

#6785000
1!
1/
b1100000000000000000000000000000000000000000000000000000000000000000000000000000000000000000 7
b10110 8
09
1:
b1100000101000000000000000000000000000000000000000000000000000000000000000000000000 F
b10101 G
1H
b1100000101000000000000000000000000000000000000000000000000000000000000000000000000 I

#6790000
0!
0/
0:

#6795000
1!
1/
19
1:
0H

#6800000
0!
0/
0:

#6805000
1!
1/
b11000000000000000000000000000000000000000000000000000000000000000000000000000000000000000000000 7
b10111 8
09
1:
b11000001010000000000000000000000000000000000000000000000000000000000000000000000000000 F
b10110 G
1H
b11000001010000000000000000000000000000000000000000000000000000000000000000000000000000 I

#6810000
0!
0/
0:

#6815000
1!
1/
19
1:
0H

#6820000
0!
0/
0:

#6825000
1!
1/
b110000000000000000000000000000000000000000000000000000000000000000000000000000000000000000000000000 7
b11000 8
09
1:
b110000010100000000000000000000000000000000000000000000000000000000000000000000000000000000 F
b10111 G
1H
b110000010100000000000000000000000000000000000000000000000000000000000000000000000000000000 I

#6830000
0!
0/
0:

#6835000
1!
1/
19
1:
0H

#6840000
0!
0/
0:

#6845000
1!
1/
b1100000000000000000000000000000000000000000000000000000000000000000000000000000000000000000000000000000 7
b11001 8
09
1:
b1100000101000000000000000000000000000000000000000000000000000000000000000000000000000000000000 F
b11000 G
1H
b1100000101000000000000000000000000000000000000000000000000000000000000000000000000000000000000 I

#6850000
0!
0/
0:

#6855000
1!
1/
19
1:
0H

#6860000
0!
0/
0:

#6865000
1!
1/
b11000000000000000000000000000000000000000000000000000000000000000000000000000000000000000000000000000000000 7
b11010 8
09
1:
b11000001010000000000000000000000000000000000000000000000000000000000000000000000000000000000000000 F
b11001 G
1H
b11000001010000000000000000000000000000000000000000000000000000000000000000000000000000000000000000 I

#6870000
0!
0/
0:

#6875000
1!
1/
19
1:
0H

#6880000
0!
0/
0:

#6885000
1!
1/
b110000000000000000000000000000000000000000000000000000000000000000000000000000000000000000000000000000000000000 7
b11011 8
09
1:
b110000010100000000000000000000000000000000000000000000000000000000000000000000000000000000000000000000 F
b11010 G
1H
b110000010100000000000000000000000000000000000000000000000000000000000000000000000000000000000000000000 I

#6890000
0!
0/
0:

#6895000
1!
1/
19
1:
0H

#6900000
0!
0/
0:

#6905000
1!
1/
b1100000000000000000000000000000000000000000000000000000000000000000000000000000000000000000000000000000000000000000 7
b11100 8
09
1:
b1100000101000000000000000000000000000000000000000000000000000000000000000000000000000000000000000000000000 F
b11011 G
1H
b1100000101000000000000000000000000000000000000000000000000000000000000000000000000000000000000000000000000 I

#6910000
0!
0/
0:

#6915000
1!
1/
19
1:
0H

#6920000
0!
0/
0:

#6925000
1!
1/
b11000000000000000000000000000000000000000000000000000000000000000000000000000000000000000000000000000000000000000000000 7
b11101 8
09
1:
b11000001010000000000000000000000000000000000000000000000000000000000000000000000000000000000000000000000000000 F
b11100 G
1H
b11000001010000000000000000000000000000000000000000000000000000000000000000000000000000000000000000000000000000 I

#6930000
0!
0/
0:

#6935000
1!
1/
19
1:
0H

#6940000
0!
0/
0:

#6945000
1!
1/
b110000000000000000000000000000000000000000000000000000000000000000000000000000000000000000000000000000000000000000000000000 7
b11110 8
09
1:
b110000010100000000000000000000000000000000000000000000000000000000000000000000000000000000000000000000000000000000 F
b11101 G
1H
b110000010100000000000000000000000000000000000000000000000000000000000000000000000000000000000000000000000000000000 I

#6950000
0!
0/
0:

#6955000
1!
1/
19
1:
0H

#6960000
0!
0/
0:

#6965000
1!
b110 *
1/
b1100000000000000000000000000000000000000000000000000000000000000000000000000000000000000000000000000000000000000000000000000000 7
b11111 8
09
1:
b110 =
b1100000101000000000000000000000000000000000000000000000000000000000000000000000000000000000000000000000000000000000000 F
b11110 G
1H
b1100000101000000000000000000000000000000000000000000000000000000000000000000000000000000000000000000000000000000000000 I

#6970000
0!
0/
0:

#6975000
1!
1/
19
1:
b110 A
0H

#6980000
0!
0/
0:

#6985000
1!
0+
1/
06
09
1:
0>
b110 B
b11000001010000000000000000000000000000000000000000000000000000000000000000000000000000000000000000000000000000000000000000 F
b11111 G
1H
b11000001010000000000000000000000000000000000000000000000000000000000000000000000000000000000000000000000000000000000000000 I

#6990000
0!
0/
0:

#6995000
1!
1/
1:
0?
0H

#7000000
0!
0/
0:

#7005000
1!
b110000010100000000000000000000000000000000000000000000000000000000000000000000000000000000000000000000000000000000000000000110 &
1'
1,
1/
13
1:
0@
0E
b0 F
b0 G
1H
b110000010100000000000000000000000000000000000000000000000000000000000000000000000000000000000000000000000000000000000000000110 I

#7010000
0!
0/
0:

#7015000
1!
b10000011000000000000000000000000000000000000000000000000000000000000000000000000000000000000000000000000000000000000000000111 #
1$
0'
b10100 -
1/
b10000011000000000000000000000000000000000000000000000000000000000000000000000000000000000000000000000000000000000000000000111 1
12
14
1:
0C
b110 J
b10000011000000000000000000000000000000000000000000000000000000000000000000000000000000000000000000000000000000000000000000111 K

#7020000
0!
0/
0:

#7025000
1!
1%
1/
15
1:

#7030000
0!
0/
0:

#7035000
1!
0%
b1 *
1+
1/
16
b10000011000000000000000000000000000000000000000000000000000000000000000000000000000000000000000000000000000000000000000000111 7
b0 8
1:
b1 =
1>

#7040000
0!
0/
0:

#7045000
1!
0$
1/
02
19
1:
1?
b1 A

#7050000
0!
0/
0:

#7055000
1!
b0 *
1/
b110000000000000000000000000000000000000000000000000000000000000000000000000000000000000000000000000000000000000000001110000 7
b1 8
09
1:
b0 =
1@
b1 B
1D

#7060000
0!
0/
0:

#7065000
1!
0,
1/
03
19
1:
b0 A
1C
0D
1E
0H

#7070000
0!
0/
0:

#7075000
1!
b110 *
1/
04
b1100000000000000000000000000000000000000000000000000000000000000000000000000000000000000000000000000000000000000000011100000000 7
b10 8
09
1:
b110 =
b0 B
b1 F
b1 G
1H
b1 I

#7080000
0!
0/
0:

#7085000
1!
1/
05
19
1:
b110 A
0H

#7090000
0!
0/
0:

#7095000
1!
b0 *
1/
b111000000000000 7
b11 8
09
1:
b0 =
b110 B
b10000 F
b10 G
1H
b10000 I

#7100000
0!
0/
0:

#7105000
1!
1/
19
1:
b0 A
0H

#7110000
0!
0/
0:

#7115000
1!
1/
b1110000000000000000 7
b100 8
09
1:
b0 B
b100000110 F
b11 G
1H
b100000110 I

#7120000
0!
0/
0:

#7125000
1!
1/
19
1:
0H

#7130000
0!
0/
0:

#7135000
1!
1/
b11100000000000000000000 7
b101 8
09
1:
b1000001100000 F
b100 G
1H
b1000001100000 I

#7140000
0!
0/
0:

#7145000
1!
1/
19
1:
0H

#7150000
0!
0/
0:

#7155000
1!
1/
b111000000000000000000000000 7
b110 8
09
1:
b10000011000000000 F
b101 G
1H
b10000011000000000 I

#7160000
0!
0/
0:

#7165000
1!
1/
19
1:
0H

#7170000
0!
0/
0:

#7175000
1!
1/
b1110000000000000000000000000000 7
b111 8
09
1:
b100000110000000000000 F
b110 G
1H
b100000110000000000000 I

#7180000
0!
0/
0:

#7185000
1!
1/
19
1:
0H

#7190000
0!
0/
0:

#7195000
1!
1/
b11100000000000000000000000000000000 7
b1000 8
09
1:
b1000001100000000000000000 F
b111 G
1H
b1000001100000000000000000 I

#7200000
0!
0/
0:

#7205000
1!
1/
19
1:
0H

#7210000
0!
0/
0:

#7215000
1!
1/
b111000000000000000000000000000000000000 7
b1001 8
09
1:
b10000011000000000000000000000 F
b1000 G
1H
b10000011000000000000000000000 I

#7220000
0!
0/
0:

#7225000
1!
1/
19
1:
0H

#7230000
0!
0/
0:

#7235000
1!
1/
b1110000000000000000000000000000000000000000 7
b1010 8
09
1:
b100000110000000000000000000000000 F
b1001 G
1H
b100000110000000000000000000000000 I

#7240000
0!
0/
0:

#7245000
1!
1/
19
1:
0H

#7250000
0!
0/
0:

#7255000
1!
1/
b11100000000000000000000000000000000000000000000 7
b1011 8
09
1:
b1000001100000000000000000000000000000 F
b1010 G
1H
b1000001100000000000000000000000000000 I

#7260000
0!
0/
0:

#7265000
1!
1/
19
1:
0H

#7270000
0!
0/
0:

#7275000
1!
1/
b111000000000000000000000000000000000000000000000000 7
b1100 8
09
1:
b10000011000000000000000000000000000000000 F
b1011 G
1H
b10000011000000000000000000000000000000000 I

#7280000
0!
0/
0:

#7285000
1!
1/
19
1:
0H

#7290000
0!
0/
0:

#7295000
1!
1/
b1110000000000000000000000000000000000000000000000000000 7
b1101 8
09
1:
b100000110000000000000000000000000000000000000 F
b1100 G
1H
b100000110000000000000000000000000000000000000 I

#7300000
0!
0/
0:

#7305000
1!
1/
19
1:
0H

#7310000
0!
0/
0:

#7315000
1!
1/
b11100000000000000000000000000000000000000000000000000000000 7
b1110 8
09
1:
b1000001100000000000000000000000000000000000000000 F
b1101 G
1H
b1000001100000000000000000000000000000000000000000 I

#7320000
0!
0/
0:

#7325000
1!
1/
19
1:
0H

#7330000
0!
0/
0:

#7335000
1!
1/
b111000000000000000000000000000000000000000000000000000000000000 7
b1111 8
09
1:
b10000011000000000000000000000000000000000000000000000 F
b1110 G
1H
b10000011000000000000000000000000000000000000000000000 I

#7340000
0!
0/
0:

#7345000
1!
1/
19
1:
0H

#7350000
0!
0/
0:

#7355000
1!
1/
b1110000000000000000000000000000000000000000000000000000000000000000 7
b10000 8
09
1:
b100000110000000000000000000000000000000000000000000000000 F
b1111 G
1H
b100000110000000000000000000000000000000000000000000000000 I

#7360000
0!
0/
0:

#7365000
1!
1/
19
1:
0H

#7370000
0!
0/
0:

#7375000
1!
1/
b11100000000000000000000000000000000000000000000000000000000000000000000 7
b10001 8
09
1:
b1000001100000000000000000000000000000000000000000000000000000 F
b10000 G
1H
b1000001100000000000000000000000000000000000000000000000000000 I

#7380000
0!
0/
0:

#7385000
1!
1/
19
1:
0H

#7390000
0!
0/
0:

#7395000
1!
1/
b111000000000000000000000000000000000000000000000000000000000000000000000000 7
b10010 8
09
1:
b10000011000000000000000000000000000000000000000000000000000000000 F
b10001 G
1H
b10000011000000000000000000000000000000000000000000000000000000000 I

#7400000
0!
0/
0:

#7405000
1!
1/
19
1:
0H

#7410000
0!
0/
0:

#7415000
1!
1/
b1110000000000000000000000000000000000000000000000000000000000000000000000000000 7
b10011 8
09
1:
b100000110000000000000000000000000000000000000000000000000000000000000 F
b10010 G
1H
b100000110000000000000000000000000000000000000000000000000000000000000 I

#7420000
0!
0/
0:

#7425000
1!
1/
19
1:
0H

#7430000
0!
0/
0:

#7435000
1!
1/
b11100000000000000000000000000000000000000000000000000000000000000000000000000000000 7
b10100 8
09
1:
b1000001100000000000000000000000000000000000000000000000000000000000000000 F
b10011 G
1H
b1000001100000000000000000000000000000000000000000000000000000000000000000 I

#7440000
0!
0/
0:

#7445000
1!
1/
19
1:
0H

#7450000
0!
0/
0:

#7455000
1!
1/
b111000000000000000000000000000000000000000000000000000000000000000000000000000000000000 7
b10101 8
09
1:
b10000011000000000000000000000000000000000000000000000000000000000000000000000 F
b10100 G
1H
b10000011000000000000000000000000000000000000000000000000000000000000000000000 I

#7460000
0!
0/
0:

#7465000
1!
1/
19
1:
0H

#7470000
0!
0/
0:

#7475000
1!
1/
b1110000000000000000000000000000000000000000000000000000000000000000000000000000000000000000 7
b10110 8
09
1:
b100000110000000000000000000000000000000000000000000000000000000000000000000000000 F
b10101 G
1H
b100000110000000000000000000000000000000000000000000000000000000000000000000000000 I

#7480000
0!
0/
0:

#7485000
1!
1/
19
1:
0H

#7490000
0!
0/
0:

#7495000
1!
1/
b11100000000000000000000000000000000000000000000000000000000000000000000000000000000000000000000 7
b10111 8
09
1:
b1000001100000000000000000000000000000000000000000000000000000000000000000000000000000 F
b10110 G
1H
b1000001100000000000000000000000000000000000000000000000000000000000000000000000000000 I

#7500000
0!
0/
0:

#7505000
1!
1/
19
1:
0H

#7510000
0!
0/
0:

#7515000
1!
1/
b111000000000000000000000000000000000000000000000000000000000000000000000000000000000000000000000000 7
b11000 8
09
1:
b10000011000000000000000000000000000000000000000000000000000000000000000000000000000000000 F
b10111 G
1H
b10000011000000000000000000000000000000000000000000000000000000000000000000000000000000000 I

#7520000
0!
0/
0:

#7525000
1!
1/
19
1:
0H

#7530000
0!
0/
0:

#7535000
1!
1/
b1110000000000000000000000000000000000000000000000000000000000000000000000000000000000000000000000000000 7
b11001 8
09
1:
b100000110000000000000000000000000000000000000000000000000000000000000000000000000000000000000 F
b11000 G
1H
b100000110000000000000000000000000000000000000000000000000000000000000000000000000000000000000 I

#7540000
0!
0/
0:

#7545000
1!
1/
19
1:
0H

#7550000
0!
0/
0:

#7555000
1!
1/
b11100000000000000000000000000000000000000000000000000000000000000000000000000000000000000000000000000000000 7
b11010 8
09
1:
b1000001100000000000000000000000000000000000000000000000000000000000000000000000000000000000000000 F
b11001 G
1H
b1000001100000000000000000000000000000000000000000000000000000000000000000000000000000000000000000 I

#7560000
0!
0/
0:

#7565000
1!
1/
19
1:
0H

#7570000
0!
0/
0:

#7575000
1!
1/
b111000000000000000000000000000000000000000000000000000000000000000000000000000000000000000000000000000000000000 7
b11011 8
09
1:
b10000011000000000000000000000000000000000000000000000000000000000000000000000000000000000000000000000 F
b11010 G
1H
b10000011000000000000000000000000000000000000000000000000000000000000000000000000000000000000000000000 I

#7580000
0!
0/
0:

#7585000
1!
1/
19
1:
0H

#7590000
0!
0/
0:

#7595000
1!
1/
b1110000000000000000000000000000000000000000000000000000000000000000000000000000000000000000000000000000000000000000 7
b11100 8
09
1:
b100000110000000000000000000000000000000000000000000000000000000000000000000000000000000000000000000000000 F
b11011 G
1H
b100000110000000000000000000000000000000000000000000000000000000000000000000000000000000000000000000000000 I

#7600000
0!
0/
0:

#7605000
1!
1/
19
1:
0H

#7610000
0!
0/
0:

#7615000
1!
1/
b11100000000000000000000000000000000000000000000000000000000000000000000000000000000000000000000000000000000000000000000 7
b11101 8
09
1:
b1000001100000000000000000000000000000000000000000000000000000000000000000000000000000000000000000000000000000 F
b11100 G
1H
b1000001100000000000000000000000000000000000000000000000000000000000000000000000000000000000000000000000000000 I

#7620000
0!
0/
0:

#7625000
1!
1/
19
1:
0H

#7630000
0!
0/
0:

#7635000
1!
1/
b111000000000000000000000000000000000000000000000000000000000000000000000000000000000000000000000000000000000000000000000000 7
b11110 8
09
1:
b10000011000000000000000000000000000000000000000000000000000000000000000000000000000000000000000000000000000000000 F
b11101 G
1H
b10000011000000000000000000000000000000000000000000000000000000000000000000000000000000000000000000000000000000000 I

#7640000
0!
0/
0:

#7645000
1!
1/
19
1:
0H

#7650000
0!
0/
0:

#7655000
1!
b111 *
1/
b1110000000000000000000000000000000000000000000000000000000000000000000000000000000000000000000000000000000000000000000000000000 7
b11111 8
09
1:
b111 =
b100000110000000000000000000000000000000000000000000000000000000000000000000000000000000000000000000000000000000000000 F
b11110 G
1H
b100000110000000000000000000000000000000000000000000000000000000000000000000000000000000000000000000000000000000000000 I

#7660000
0!
0/
0:

#7665000
1!
1/
19
1:
b111 A
0H

#7670000
0!
0/
0:

#7675000
1!
0+
1/
06
09
1:
0>
b111 B
b1000001100000000000000000000000000000000000000000000000000000000000000000000000000000000000000000000000000000000000000000 F
b11111 G
1H
b1000001100000000000000000000000000000000000000000000000000000000000000000000000000000000000000000000000000000000000000000 I

#7680000
0!
0/
0:

#7685000
1!
1/
1:
0?
0H

#7690000
0!
0/
0:

#7695000
1!
b10000011000000000000000000000000000000000000000000000000000000000000000000000000000000000000000000000000000000000000000000111 &
1'
1,
1/
13
1:
0@
0E
b0 F
b0 G
1H
b10000011000000000000000000000000000000000000000000000000000000000000000000000000000000000000000000000000000000000000000000111 I

#7700000
0!
0/
0:

#7705000
1!
b100000011100000000000000000000000000000000000000000000000000000000000000000000000000000000000000000000000000000000000000001000 #
1$
0'
b10110 -
1/
b100000011100000000000000000000000000000000000000000000000000000000000000000000000000000000000000000000000000000000000000001000 1
12
14
1:
0C
b111 J
b100000011100000000000000000000000000000000000000000000000000000000000000000000000000000000000000000000000000000000000000001000 K

#7710000
0!
0/
0:

#7715000
1!
1%
1/
15
1:

#7720000
0!
0/
0:

#7725000
1!
0%
b10 *
1+
1/
16
b100000011100000000000000000000000000000000000000000000000000000000000000000000000000000000000000000000000000000000000000001000 7
b0 8
1:
b10 =
1>

#7730000
0!
0/
0:

#7735000
1!
0$
1/
02
19
1:
1?
b10 A

#7740000
0!
0/
0:

#7745000
1!
b0 *
1/
b111000000000000000000000000000000000000000000000000000000000000000000000000000000000000000000000000000000000000000010000000 7
b1 8
09
1:
b0 =
1@
b10 B
1D

#7750000
0!
0/
0:

#7755000
1!
0,
1/
03
19
1:
b0 A
1C
0D
1E
0H

#7760000
0!
0/
0:

#7765000
1!
b111 *
1/
04
b1110000000000000000000000000000000000000000000000000000000000000000000000000000000000000000000000000000000000000000100000000000 7
b10 8
09
1:
b111 =
b0 B
b10 F
b1 G
1H
b10 I

#7770000
0!
0/
0:

#7775000
1!
1/
05
19
1:
b111 A
0H

#7780000
0!
0/
0:

#7785000
1!
b0 *
1/
b1000000000000000 7
b11 8
09
1:
b0 =
b111 B
b100000 F
b10 G
1H
b100000 I

#7790000
0!
0/
0:

#7795000
1!
1/
19
1:
b0 A
0H

#7800000
0!
0/
0:

#7805000
1!
1/
b10000000000000000000 7
b100 8
09
1:
b0 B
b1000000111 F
b11 G
1H
b1000000111 I

#7810000
0!
0/
0:

#7815000
1!
1/
19
1:
0H

#7820000
0!
0/
0:

#7825000
1!
1/
b100000000000000000000000 7
b101 8
09
1:
b10000001110000 F
b100 G
1H
b10000001110000 I

#7830000
0!
0/
0:

#7835000
1!
1/
19
1:
0H

#7840000
0!
0/
0:

#7845000
1!
1/
b1000000000000000000000000000 7
b110 8
09
1:
b100000011100000000 F
b101 G
1H
b100000011100000000 I

#7850000
0!
0/
0:

#7855000
1!
1/
19
1:
0H

#7860000
0!
0/
0:

#7865000
1!
1/
b10000000000000000000000000000000 7
b111 8
09
1:
b1000000111000000000000 F
b110 G
1H
b1000000111000000000000 I

#7870000
0!
0/
0:

#7875000
1!
1/
19
1:
0H

#7880000
0!
0/
0:

#7885000
1!
1/
b100000000000000000000000000000000000 7
b1000 8
09
1:
b10000001110000000000000000 F
b111 G
1H
b10000001110000000000000000 I

#7890000
0!
0/
0:

#7895000
1!
1/
19
1:
0H

#7900000
0!
0/
0:

#7905000
1!
1/
b1000000000000000000000000000000000000000 7
b1001 8
09
1:
b100000011100000000000000000000 F
b1000 G
1H
b100000011100000000000000000000 I

#7910000
0!
0/
0:

#7915000
1!
1/
19
1:
0H

#7920000
0!
0/
0:

#7925000
1!
1/
b10000000000000000000000000000000000000000000 7
b1010 8
09
1:
b1000000111000000000000000000000000 F
b1001 G
1H
b1000000111000000000000000000000000 I

#7930000
0!
0/
0:

#7935000
1!
1/
19
1:
0H

#7940000
0!
0/
0:

#7945000
1!
1/
b100000000000000000000000000000000000000000000000 7
b1011 8
09
1:
b10000001110000000000000000000000000000 F
b1010 G
1H
b10000001110000000000000000000000000000 I

#7950000
0!
0/
0:

#7955000
1!
1/
19
1:
0H

#7960000
0!
0/
0:

#7965000
1!
1/
b1000000000000000000000000000000000000000000000000000 7
b1100 8
09
1:
b100000011100000000000000000000000000000000 F
b1011 G
1H
b100000011100000000000000000000000000000000 I

#7970000
0!
0/
0:

#7975000
1!
1/
19
1:
0H

#7980000
0!
0/
0:

#7985000
1!
1/
b10000000000000000000000000000000000000000000000000000000 7
b1101 8
09
1:
b1000000111000000000000000000000000000000000000 F
b1100 G
1H
b1000000111000000000000000000000000000000000000 I

#7990000
0!
0/
0:

#7995000
1!
1/
19
1:
0H

#8000000
0!
0/
0:

#8005000
1!
1/
b100000000000000000000000000000000000000000000000000000000000 7
b1110 8
09
1:
b10000001110000000000000000000000000000000000000000 F
b1101 G
1H
b10000001110000000000000000000000000000000000000000 I

#8010000
0!
0/
0:

#8015000
1!
1/
19
1:
0H

#8020000
0!
0/
0:

#8025000
1!
1/
b1000000000000000000000000000000000000000000000000000000000000000 7
b1111 8
09
1:
b100000011100000000000000000000000000000000000000000000 F
b1110 G
1H
b100000011100000000000000000000000000000000000000000000 I

#8030000
0!
0/
0:

#8035000
1!
1/
19
1:
0H

#8040000
0!
0/
0:

#8045000
1!
1/
b10000000000000000000000000000000000000000000000000000000000000000000 7
b10000 8
09
1:
b1000000111000000000000000000000000000000000000000000000000 F
b1111 G
1H
b1000000111000000000000000000000000000000000000000000000000 I

#8050000
0!
0/
0:

#8055000
1!
1/
19
1:
0H

#8060000
0!
0/
0:

#8065000
1!
1/
b100000000000000000000000000000000000000000000000000000000000000000000000 7
b10001 8
09
1:
b10000001110000000000000000000000000000000000000000000000000000 F
b10000 G
1H
b10000001110000000000000000000000000000000000000000000000000000 I

#8070000
0!
0/
0:

#8075000
1!
1/
19
1:
0H

#8080000
0!
0/
0:

#8085000
1!
1/
b1000000000000000000000000000000000000000000000000000000000000000000000000000 7
b10010 8
09
1:
b100000011100000000000000000000000000000000000000000000000000000000 F
b10001 G
1H
b100000011100000000000000000000000000000000000000000000000000000000 I

#8090000
0!
0/
0:

#8095000
1!
1/
19
1:
0H

#8100000
0!
0/
0:

#8105000
1!
1/
b10000000000000000000000000000000000000000000000000000000000000000000000000000000 7
b10011 8
09
1:
b1000000111000000000000000000000000000000000000000000000000000000000000 F
b10010 G
1H
b1000000111000000000000000000000000000000000000000000000000000000000000 I

#8110000
0!
0/
0:

#8115000
1!
1/
19
1:
0H

#8120000
0!
0/
0:

#8125000
1!
1/
b100000000000000000000000000000000000000000000000000000000000000000000000000000000000 7
b10100 8
09
1:
b10000001110000000000000000000000000000000000000000000000000000000000000000 F
b10011 G
1H
b10000001110000000000000000000000000000000000000000000000000000000000000000 I

#8130000
0!
0/
0:

#8135000
1!
1/
19
1:
0H

#8140000
0!
0/
0:

#8145000
1!
1/
b1000000000000000000000000000000000000000000000000000000000000000000000000000000000000000 7
b10101 8
09
1:
b100000011100000000000000000000000000000000000000000000000000000000000000000000 F
b10100 G
1H
b100000011100000000000000000000000000000000000000000000000000000000000000000000 I

#8150000
0!
0/
0:

#8155000
1!
1/
19
1:
0H

#8160000
0!
0/
0:

#8165000
1!
1/
b10000000000000000000000000000000000000000000000000000000000000000000000000000000000000000000 7
b10110 8
09
1:
b1000000111000000000000000000000000000000000000000000000000000000000000000000000000 F
b10101 G
1H
b1000000111000000000000000000000000000000000000000000000000000000000000000000000000 I

#8170000
0!
0/
0:

#8175000
1!
1/
19
1:
0H

#8180000
0!
0/
0:

#8185000
1!
1/
b100000000000000000000000000000000000000000000000000000000000000000000000000000000000000000000000 7
b10111 8
09
1:
b10000001110000000000000000000000000000000000000000000000000000000000000000000000000000 F
b10110 G
1H
b10000001110000000000000000000000000000000000000000000000000000000000000000000000000000 I

#8190000
0!
0/
0:

#8195000
1!
1/
19
1:
0H

#8200000
0!
0/
0:

#8205000
1!
1/
b1000000000000000000000000000000000000000000000000000000000000000000000000000000000000000000000000000 7
b11000 8
09
1:
b100000011100000000000000000000000000000000000000000000000000000000000000000000000000000000 F
b10111 G
1H
b100000011100000000000000000000000000000000000000000000000000000000000000000000000000000000 I

#8210000
0!
0/
0:

#8215000
1!
1/
19
1:
0H

#8220000
0!
0/
0:

#8225000
1!
1/
b10000000000000000000000000000000000000000000000000000000000000000000000000000000000000000000000000000000 7
b11001 8
09
1:
b1000000111000000000000000000000000000000000000000000000000000000000000000000000000000000000000 F
b11000 G
1H
b1000000111000000000000000000000000000000000000000000000000000000000000000000000000000000000000 I

#8230000
0!
0/
0:

#8235000
1!
1/
19
1:
0H

#8240000
0!
0/
0:

#8245000
1!
1/
b100000000000000000000000000000000000000000000000000000000000000000000000000000000000000000000000000000000000 7
b11010 8
09
1:
b10000001110000000000000000000000000000000000000000000000000000000000000000000000000000000000000000 F
b11001 G
1H
b10000001110000000000000000000000000000000000000000000000000000000000000000000000000000000000000000 I

#8250000
0!
0/
0:

#8255000
1!
1/
19
1:
0H

#8260000
0!
0/
0:

#8265000
1!
1/
b1000000000000000000000000000000000000000000000000000000000000000000000000000000000000000000000000000000000000000 7
b11011 8
09
1:
b100000011100000000000000000000000000000000000000000000000000000000000000000000000000000000000000000000 F
b11010 G
1H
b100000011100000000000000000000000000000000000000000000000000000000000000000000000000000000000000000000 I

#8270000
0!
0/
0:

#8275000
1!
1/
19
1:
0H

#8280000
0!
0/
0:

#8285000
1!
1/
b10000000000000000000000000000000000000000000000000000000000000000000000000000000000000000000000000000000000000000000 7
b11100 8
09
1:
b1000000111000000000000000000000000000000000000000000000000000000000000000000000000000000000000000000000000 F
b11011 G
1H
b1000000111000000000000000000000000000000000000000000000000000000000000000000000000000000000000000000000000 I

#8290000
0!
0/
0:

#8295000
1!
1/
19
1:
0H

#8300000
0!
0/
0:

#8305000
1!
1/
b100000000000000000000000000000000000000000000000000000000000000000000000000000000000000000000000000000000000000000000000 7
b11101 8
09
1:
b10000001110000000000000000000000000000000000000000000000000000000000000000000000000000000000000000000000000000 F
b11100 G
1H
b10000001110000000000000000000000000000000000000000000000000000000000000000000000000000000000000000000000000000 I

#8310000
0!
0/
0:

#8315000
1!
1/
19
1:
0H

#8320000
0!
0/
0:

#8325000
1!
1/
b1000000000000000000000000000000000000000000000000000000000000000000000000000000000000000000000000000000000000000000000000000 7
b11110 8
09
1:
b100000011100000000000000000000000000000000000000000000000000000000000000000000000000000000000000000000000000000000 F
b11101 G
1H
b100000011100000000000000000000000000000000000000000000000000000000000000000000000000000000000000000000000000000000 I

#8330000
0!
0/
0:

#8335000
1!
1/
19
1:
0H

#8340000
0!
0/
0:

#8345000
1!
b1000 *
1/
b10000000000000000000000000000000000000000000000000000000000000000000000000000000000000000000000000000000000000000000000000000000 7
b11111 8
09
1:
b1000 =
b1000000111000000000000000000000000000000000000000000000000000000000000000000000000000000000000000000000000000000000000 F
b11110 G
1H
b1000000111000000000000000000000000000000000000000000000000000000000000000000000000000000000000000000000000000000000000 I

#8350000
0!
0/
0:

#8355000
1!
1/
19
1:
b1000 A
0H

#8360000
0!
0/
0:

#8365000
1!
0+
1/
06
09
1:
0>
b1000 B
b10000001110000000000000000000000000000000000000000000000000000000000000000000000000000000000000000000000000000000000000000 F
b11111 G
1H
b10000001110000000000000000000000000000000000000000000000000000000000000000000000000000000000000000000000000000000000000000 I

#8370000
0!
0/
0:

#8375000
1!
1/
1:
0?
0H

#8380000
0!
0/
0:

#8385000
1!
b100000011100000000000000000000000000000000000000000000000000000000000000000000000000000000000000000000000000000000000000001000 &
1'
1,
1/
13
1:
0@
0E
b0 F
b0 G
1H
b100000011100000000000000000000000000000000000000000000000000000000000000000000000000000000000000000000000000000000000000001000 I

#8390000
0!
0/
0:

#8395000
1!
b110000100000000000000000000000000000000000000000000000000000000000000000000000000000000000000000000000000000000000000000001001 #
1$
0'
b11000 -
1/
b110000100000000000000000000000000000000000000000000000000000000000000000000000000000000000000000000000000000000000000000001001 1
12
14
1:
0C
b1000 J
b110000100000000000000000000000000000000000000000000000000000000000000000000000000000000000000000000000000000000000000000001001 K

#8400000
0!
0/
0:

#8405000
1!
1%
1/
15
1:

#8410000
0!
0/
0:

#8415000
1!
0%
b11 *
1+
1/
16
b110000100000000000000000000000000000000000000000000000000000000000000000000000000000000000000000000000000000000000000000001001 7
b0 8
1:
b11 =
1>

#8420000
0!
0/
0:

#8425000
1!
0$
1/
02
19
1:
1?
b11 A

#8430000
0!
0/
0:

#8435000
1!
b0 *
1/
b1000000000000000000000000000000000000000000000000000000000000000000000000000000000000000000000000000000000000000000010010000 7
b1 8
09
1:
b0 =
1@
b11 B
1D

#8440000
0!
0/
0:

#8445000
1!
0,
1/
03
19
1:
b0 A
1C
0D
1E
0H

#8450000
0!
0/
0:

#8455000
1!
b1000 *
1/
04
b10000000000000000000000000000000000000000000000000000000000000000000000000000000000000000000000000000000000000000000100100000000 7
b10 8
09
1:
b1000 =
b0 B
b11 F
b1 G
1H
b11 I

#8460000
0!
0/
0:

#8465000
1!
1/
05
19
1:
b1000 A
0H

#8470000
0!
0/
0:

#8475000
1!
b0 *
1/
b1001000000000000 7
b11 8
09
1:
b0 =
b1000 B
b110000 F
b10 G
1H
b110000 I

#8480000
0!
0/
0:

#8485000
1!
1/
19
1:
b0 A
0H

#8490000
0!
0/
0:

#8495000
1!
1/
b10010000000000000000 7
b100 8
09
1:
b0 B
b1100001000 F
b11 G
1H
b1100001000 I

#8500000
0!
0/
0:

#8505000
1!
1/
19
1:
0H

#8510000
0!
0/
0:

#8515000
1!
1/
b100100000000000000000000 7
b101 8
09
1:
b11000010000000 F
b100 G
1H
b11000010000000 I

#8520000
0!
0/
0:

#8525000
1!
1/
19
1:
0H

#8530000
0!
0/
0:

#8535000
1!
1/
b1001000000000000000000000000 7
b110 8
09
1:
b110000100000000000 F
b101 G
1H
b110000100000000000 I

#8540000
0!
0/
0:

#8545000
1!
1/
19
1:
0H

#8550000
0!
0/
0:

#8555000
1!
1/
b10010000000000000000000000000000 7
b111 8
09
1:
b1100001000000000000000 F
b110 G
1H
b1100001000000000000000 I

#8560000
0!
0/
0:

#8565000
1!
1/
19
1:
0H

#8570000
0!
0/
0:

#8575000
1!
1/
b100100000000000000000000000000000000 7
b1000 8
09
1:
b11000010000000000000000000 F
b111 G
1H
b11000010000000000000000000 I

#8580000
0!
0/
0:

#8585000
1!
1/
19
1:
0H

#8590000
0!
0/
0:

#8595000
1!
1/
b1001000000000000000000000000000000000000 7
b1001 8
09
1:
b110000100000000000000000000000 F
b1000 G
1H
b110000100000000000000000000000 I

#8600000
0!
0/
0:

#8605000
1!
1/
19
1:
0H

#8610000
0!
0/
0:

#8615000
1!
1/
b10010000000000000000000000000000000000000000 7
b1010 8
09
1:
b1100001000000000000000000000000000 F
b1001 G
1H
b1100001000000000000000000000000000 I

#8620000
0!
0/
0:

#8625000
1!
1/
19
1:
0H

#8630000
0!
0/
0:

#8635000
1!
1/
b100100000000000000000000000000000000000000000000 7
b1011 8
09
1:
b11000010000000000000000000000000000000 F
b1010 G
1H
b11000010000000000000000000000000000000 I

#8640000
0!
0/
0:

#8645000
1!
1/
19
1:
0H

#8650000
0!
0/
0:

#8655000
1!
1/
b1001000000000000000000000000000000000000000000000000 7
b1100 8
09
1:
b110000100000000000000000000000000000000000 F
b1011 G
1H
b110000100000000000000000000000000000000000 I

#8660000
0!
0/
0:

#8665000
1!
1/
19
1:
0H

#8670000
0!
0/
0:

#8675000
1!
1/
b10010000000000000000000000000000000000000000000000000000 7
b1101 8
09
1:
b1100001000000000000000000000000000000000000000 F
b1100 G
1H
b1100001000000000000000000000000000000000000000 I

#8680000
0!
0/
0:

#8685000
1!
1/
19
1:
0H

#8690000
0!
0/
0:

#8695000
1!
1/
b100100000000000000000000000000000000000000000000000000000000 7
b1110 8
09
1:
b11000010000000000000000000000000000000000000000000 F
b1101 G
1H
b11000010000000000000000000000000000000000000000000 I

#8700000
0!
0/
0:

#8705000
1!
1/
19
1:
0H

#8710000
0!
0/
0:

#8715000
1!
1/
b1001000000000000000000000000000000000000000000000000000000000000 7
b1111 8
09
1:
b110000100000000000000000000000000000000000000000000000 F
b1110 G
1H
b110000100000000000000000000000000000000000000000000000 I

#8720000
0!
0/
0:

#8725000
1!
1/
19
1:
0H

#8730000
0!
0/
0:

#8735000
1!
1/
b10010000000000000000000000000000000000000000000000000000000000000000 7
b10000 8
09
1:
b1100001000000000000000000000000000000000000000000000000000 F
b1111 G
1H
b1100001000000000000000000000000000000000000000000000000000 I

#8740000
0!
0/
0:

#8745000
1!
1/
19
1:
0H

#8750000
0!
0/
0:

#8755000
1!
1/
b100100000000000000000000000000000000000000000000000000000000000000000000 7
b10001 8
09
1:
b11000010000000000000000000000000000000000000000000000000000000 F
b10000 G
1H
b11000010000000000000000000000000000000000000000000000000000000 I

#8760000
0!
0/
0:

#8765000
1!
1/
19
1:
0H

#8770000
0!
0/
0:

#8775000
1!
1/
b1001000000000000000000000000000000000000000000000000000000000000000000000000 7
b10010 8
09
1:
b110000100000000000000000000000000000000000000000000000000000000000 F
b10001 G
1H
b110000100000000000000000000000000000000000000000000000000000000000 I

#8780000
0!
0/
0:

#8785000
1!
1/
19
1:
0H

#8790000
0!
0/
0:

#8795000
1!
1/
b10010000000000000000000000000000000000000000000000000000000000000000000000000000 7
b10011 8
09
1:
b1100001000000000000000000000000000000000000000000000000000000000000000 F
b10010 G
1H
b1100001000000000000000000000000000000000000000000000000000000000000000 I

#8800000
0!
0/
0:

#8805000
1!
1/
19
1:
0H

#8810000
0!
0/
0:

#8815000
1!
1/
b100100000000000000000000000000000000000000000000000000000000000000000000000000000000 7
b10100 8
09
1:
b11000010000000000000000000000000000000000000000000000000000000000000000000 F
b10011 G
1H
b11000010000000000000000000000000000000000000000000000000000000000000000000 I

#8820000
0!
0/
0:

#8825000
1!
1/
19
1:
0H

#8830000
0!
0/
0:

#8835000
1!
1/
b1001000000000000000000000000000000000000000000000000000000000000000000000000000000000000 7
b10101 8
09
1:
b110000100000000000000000000000000000000000000000000000000000000000000000000000 F
b10100 G
1H
b110000100000000000000000000000000000000000000000000000000000000000000000000000 I

#8840000
0!
0/
0:

#8845000
1!
1/
19
1:
0H

#8850000
0!
0/
0:

#8855000
1!
1/
b10010000000000000000000000000000000000000000000000000000000000000000000000000000000000000000 7
b10110 8
09
1:
b1100001000000000000000000000000000000000000000000000000000000000000000000000000000 F
b10101 G
1H
b1100001000000000000000000000000000000000000000000000000000000000000000000000000000 I

#8860000
0!
0/
0:

#8865000
1!
1/
19
1:
0H

#8870000
0!
0/
0:

#8875000
1!
1/
b100100000000000000000000000000000000000000000000000000000000000000000000000000000000000000000000 7
b10111 8
09
1:
b11000010000000000000000000000000000000000000000000000000000000000000000000000000000000 F
b10110 G
1H
b11000010000000000000000000000000000000000000000000000000000000000000000000000000000000 I

#8880000
0!
0/
0:

#8885000
1!
1/
19
1:
0H

#8890000
0!
0/
0:

#8895000
1!
1/
b1001000000000000000000000000000000000000000000000000000000000000000000000000000000000000000000000000 7
b11000 8
09
1:
b110000100000000000000000000000000000000000000000000000000000000000000000000000000000000000 F
b10111 G
1H
b110000100000000000000000000000000000000000000000000000000000000000000000000000000000000000 I

#8900000
0!
0/
0:

#8905000
1!
1/
19
1:
0H

#8910000
0!
0/
0:

#8915000
1!
1/
b10010000000000000000000000000000000000000000000000000000000000000000000000000000000000000000000000000000 7
b11001 8
09
1:
b1100001000000000000000000000000000000000000000000000000000000000000000000000000000000000000000 F
b11000 G
1H
b1100001000000000000000000000000000000000000000000000000000000000000000000000000000000000000000 I

#8920000
0!
0/
0:

#8925000
1!
1/
19
1:
0H

#8930000
0!
0/
0:

#8935000
1!
1/
b100100000000000000000000000000000000000000000000000000000000000000000000000000000000000000000000000000000000 7
b11010 8
09
1:
b11000010000000000000000000000000000000000000000000000000000000000000000000000000000000000000000000 F
b11001 G
1H
b11000010000000000000000000000000000000000000000000000000000000000000000000000000000000000000000000 I

#8940000
0!
0/
0:

#8945000
1!
1/
19
1:
0H

#8950000
0!
0/
0:

#8955000
1!
1/
b1001000000000000000000000000000000000000000000000000000000000000000000000000000000000000000000000000000000000000 7
b11011 8
09
1:
b110000100000000000000000000000000000000000000000000000000000000000000000000000000000000000000000000000 F
b11010 G
1H
b110000100000000000000000000000000000000000000000000000000000000000000000000000000000000000000000000000 I

#8960000
0!
0/
0:

#8965000
1!
1/
19
1:
0H

#8970000
0!
0/
0:

#8975000
1!
1/
b10010000000000000000000000000000000000000000000000000000000000000000000000000000000000000000000000000000000000000000 7
b11100 8
09
1:
b1100001000000000000000000000000000000000000000000000000000000000000000000000000000000000000000000000000000 F
b11011 G
1H
b1100001000000000000000000000000000000000000000000000000000000000000000000000000000000000000000000000000000 I

#8980000
0!
0/
0:

#8985000
1!
1/
19
1:
0H

#8990000
0!
0/
0:

#8995000
1!
1/
b100100000000000000000000000000000000000000000000000000000000000000000000000000000000000000000000000000000000000000000000 7
b11101 8
09
1:
b11000010000000000000000000000000000000000000000000000000000000000000000000000000000000000000000000000000000000 F
b11100 G
1H
b11000010000000000000000000000000000000000000000000000000000000000000000000000000000000000000000000000000000000 I

#9000000
0!
0/
0:

#9005000
1!
1/
19
1:
0H

#9010000
0!
0/
0:

#9015000
1!
1/
b1001000000000000000000000000000000000000000000000000000000000000000000000000000000000000000000000000000000000000000000000000 7
b11110 8
09
1:
b110000100000000000000000000000000000000000000000000000000000000000000000000000000000000000000000000000000000000000 F
b11101 G
1H
b110000100000000000000000000000000000000000000000000000000000000000000000000000000000000000000000000000000000000000 I

#9020000
0!
0/
0:

#9025000
1!
1/
19
1:
0H

#9030000
0!
0/
0:

#9035000
1!
b1001 *
1/
b10010000000000000000000000000000000000000000000000000000000000000000000000000000000000000000000000000000000000000000000000000000 7
b11111 8
09
1:
b1001 =
b1100001000000000000000000000000000000000000000000000000000000000000000000000000000000000000000000000000000000000000000 F
b11110 G
1H
b1100001000000000000000000000000000000000000000000000000000000000000000000000000000000000000000000000000000000000000000 I

#9040000
0!
0/
0:

#9045000
1!
1/
19
1:
b1001 A
0H

#9050000
0!
0/
0:

#9055000
1!
0+
1/
06
09
1:
0>
b1001 B
b11000010000000000000000000000000000000000000000000000000000000000000000000000000000000000000000000000000000000000000000000 F
b11111 G
1H
b11000010000000000000000000000000000000000000000000000000000000000000000000000000000000000000000000000000000000000000000000 I

#9060000
0!
0/
0:

#9065000
1!
1/
1:
0?
0H

#9070000
0!
0/
0:

#9075000
1!
b110000100000000000000000000000000000000000000000000000000000000000000000000000000000000000000000000000000000000000000000001001 &
1'
1,
1/
13
1:
0@
0E
b0 F
b0 G
1H
b110000100000000000000000000000000000000000000000000000000000000000000000000000000000000000000000000000000000000000000000001001 I

#9080000
0!
0/
0:

#9085000
1!
b10000100100000000000000000000000000000000000000000000000000000000000000000000000000000000000000000000000000000000000000001010 #
1$
0'
b11010 -
1/
b10000100100000000000000000000000000000000000000000000000000000000000000000000000000000000000000000000000000000000000000001010 1
12
14
1:
0C
b1001 J
b10000100100000000000000000000000000000000000000000000000000000000000000000000000000000000000000000000000000000000000000001010 K

#9090000
0!
0/
0:

#9095000
1!
1%
1/
15
1:

#9100000
0!
0/
0:

#9105000
1!
0%
b1 *
1+
1/
16
b10000100100000000000000000000000000000000000000000000000000000000000000000000000000000000000000000000000000000000000000001010 7
b0 8
1:
b1 =
1>

#9110000
0!
0/
0:

#9115000
1!
0$
1/
02
19
1:
1?
b1 A

#9120000
0!
0/
0:

#9125000
1!
b0 *
1/
b1001000000000000000000000000000000000000000000000000000000000000000000000000000000000000000000000000000000000000000010100000 7
b1 8
09
1:
b0 =
1@
b1 B
1D

#9130000
0!
0/
0:

#9135000
1!
0,
1/
03
19
1:
b0 A
1C
0D
1E
0H

#9140000
0!
0/
0:

#9145000
1!
b1001 *
1/
04
b10010000000000000000000000000000000000000000000000000000000000000000000000000000000000000000000000000000000000000000101000000000 7
b10 8
09
1:
b1001 =
b0 B
b1 F
b1 G
1H
b1 I

#9150000
0!
0/
0:

#9155000
1!
1/
05
19
1:
b1001 A
0H

#9160000
0!
0/
0:

#9165000
1!
b0 *
1/
b1010000000000000 7
b11 8
09
1:
b0 =
b1001 B
b10000 F
b10 G
1H
b10000 I

#9170000
0!
0/
0:

#9175000
1!
1/
19
1:
b0 A
0H

#9180000
0!
0/
0:

#9185000
1!
1/
b10100000000000000000 7
b100 8
09
1:
b0 B
b100001001 F
b11 G
1H
b100001001 I

#9190000
0!
0/
0:

#9195000
1!
1/
19
1:
0H

#9200000
0!
0/
0:

#9205000
1!
1/
b101000000000000000000000 7
b101 8
09
1:
b1000010010000 F
b100 G
1H
b1000010010000 I

#9210000
0!
0/
0:

#9215000
1!
1/
19
1:
0H

#9220000
0!
0/
0:

#9225000
1!
1/
b1010000000000000000000000000 7
b110 8
09
1:
b10000100100000000 F
b101 G
1H
b10000100100000000 I

#9230000
0!
0/
0:

#9235000
1!
1/
19
1:
0H

#9240000
0!
0/
0:

#9245000
1!
1/
b10100000000000000000000000000000 7
b111 8
09
1:
b100001001000000000000 F
b110 G
1H
b100001001000000000000 I

#9250000
0!
0/
0:

#9255000
1!
1/
19
1:
0H

#9260000
0!
0/
0:

#9265000
1!
1/
b101000000000000000000000000000000000 7
b1000 8
09
1:
b1000010010000000000000000 F
b111 G
1H
b1000010010000000000000000 I

#9270000
0!
0/
0:

#9275000
1!
1/
19
1:
0H

#9280000
0!
0/
0:

#9285000
1!
1/
b1010000000000000000000000000000000000000 7
b1001 8
09
1:
b10000100100000000000000000000 F
b1000 G
1H
b10000100100000000000000000000 I

#9290000
0!
0/
0:

#9295000
1!
1/
19
1:
0H

#9300000
0!
0/
0:

#9305000
1!
1/
b10100000000000000000000000000000000000000000 7
b1010 8
09
1:
b100001001000000000000000000000000 F
b1001 G
1H
b100001001000000000000000000000000 I

#9310000
0!
0/
0:

#9315000
1!
1/
19
1:
0H

#9320000
0!
0/
0:

#9325000
1!
1/
b101000000000000000000000000000000000000000000000 7
b1011 8
09
1:
b1000010010000000000000000000000000000 F
b1010 G
1H
b1000010010000000000000000000000000000 I

#9330000
0!
0/
0:

#9335000
1!
1/
19
1:
0H

#9340000
0!
0/
0:

#9345000
1!
1/
b1010000000000000000000000000000000000000000000000000 7
b1100 8
09
1:
b10000100100000000000000000000000000000000 F
b1011 G
1H
b10000100100000000000000000000000000000000 I

#9350000
0!
0/
0:

#9355000
1!
1/
19
1:
0H

#9360000
0!
0/
0:

#9365000
1!
1/
b10100000000000000000000000000000000000000000000000000000 7
b1101 8
09
1:
b100001001000000000000000000000000000000000000 F
b1100 G
1H
b100001001000000000000000000000000000000000000 I

#9370000
0!
0/
0:

#9375000
1!
1/
19
1:
0H

#9380000
0!
0/
0:

#9385000
1!
1/
b101000000000000000000000000000000000000000000000000000000000 7
b1110 8
09
1:
b1000010010000000000000000000000000000000000000000 F
b1101 G
1H
b1000010010000000000000000000000000000000000000000 I

#9390000
0!
0/
0:

#9395000
1!
1/
19
1:
0H

#9400000
0!
0/
0:

#9405000
1!
1/
b1010000000000000000000000000000000000000000000000000000000000000 7
b1111 8
09
1:
b10000100100000000000000000000000000000000000000000000 F
b1110 G
1H
b10000100100000000000000000000000000000000000000000000 I

#9410000
0!
0/
0:

#9415000
1!
1/
19
1:
0H

#9420000
0!
0/
0:

#9425000
1!
1/
b10100000000000000000000000000000000000000000000000000000000000000000 7
b10000 8
09
1:
b100001001000000000000000000000000000000000000000000000000 F
b1111 G
1H
b100001001000000000000000000000000000000000000000000000000 I

#9430000
0!
0/
0:

#9435000
1!
1/
19
1:
0H

#9440000
0!
0/
0:

#9445000
1!
1/
b101000000000000000000000000000000000000000000000000000000000000000000000 7
b10001 8
09
1:
b1000010010000000000000000000000000000000000000000000000000000 F
b10000 G
1H
b1000010010000000000000000000000000000000000000000000000000000 I

#9450000
0!
0/
0:

#9455000
1!
1/
19
1:
0H

#9460000
0!
0/
0:

#9465000
1!
1/
b1010000000000000000000000000000000000000000000000000000000000000000000000000 7
b10010 8
09
1:
b10000100100000000000000000000000000000000000000000000000000000000 F
b10001 G
1H
b10000100100000000000000000000000000000000000000000000000000000000 I

#9470000
0!
0/
0:

#9475000
1!
1/
19
1:
0H

#9480000
0!
0/
0:

#9485000
1!
1/
b10100000000000000000000000000000000000000000000000000000000000000000000000000000 7
b10011 8
09
1:
b100001001000000000000000000000000000000000000000000000000000000000000 F
b10010 G
1H
b100001001000000000000000000000000000000000000000000000000000000000000 I

#9490000
0!
0/
0:

#9495000
1!
1/
19
1:
0H

#9500000
0!
0/
0:

#9505000
1!
1/
b101000000000000000000000000000000000000000000000000000000000000000000000000000000000 7
b10100 8
09
1:
b1000010010000000000000000000000000000000000000000000000000000000000000000 F
b10011 G
1H
b1000010010000000000000000000000000000000000000000000000000000000000000000 I

#9510000
0!
0/
0:

#9515000
1!
1/
19
1:
0H

#9520000
0!
0/
0:

#9525000
1!
1/
b1010000000000000000000000000000000000000000000000000000000000000000000000000000000000000 7
b10101 8
09
1:
b10000100100000000000000000000000000000000000000000000000000000000000000000000 F
b10100 G
1H
b10000100100000000000000000000000000000000000000000000000000000000000000000000 I

#9530000
0!
0/
0:

#9535000
1!
1/
19
1:
0H

#9540000
0!
0/
0:

#9545000
1!
1/
b10100000000000000000000000000000000000000000000000000000000000000000000000000000000000000000 7
b10110 8
09
1:
b100001001000000000000000000000000000000000000000000000000000000000000000000000000 F
b10101 G
1H
b100001001000000000000000000000000000000000000000000000000000000000000000000000000 I

#9550000
0!
0/
0:

#9555000
1!
1/
19
1:
0H

#9560000
0!
0/
0:

#9565000
1!
1/
b101000000000000000000000000000000000000000000000000000000000000000000000000000000000000000000000 7
b10111 8
09
1:
b1000010010000000000000000000000000000000000000000000000000000000000000000000000000000 F
b10110 G
1H
b1000010010000000000000000000000000000000000000000000000000000000000000000000000000000 I

#9570000
0!
0/
0:

#9575000
1!
1/
19
1:
0H

#9580000
0!
0/
0:

#9585000
1!
1/
b1010000000000000000000000000000000000000000000000000000000000000000000000000000000000000000000000000 7
b11000 8
09
1:
b10000100100000000000000000000000000000000000000000000000000000000000000000000000000000000 F
b10111 G
1H
b10000100100000000000000000000000000000000000000000000000000000000000000000000000000000000 I

#9590000
0!
0/
0:

#9595000
1!
1/
19
1:
0H

#9600000
0!
0/
0:

#9605000
1!
1/
b10100000000000000000000000000000000000000000000000000000000000000000000000000000000000000000000000000000 7
b11001 8
09
1:
b100001001000000000000000000000000000000000000000000000000000000000000000000000000000000000000 F
b11000 G
1H
b100001001000000000000000000000000000000000000000000000000000000000000000000000000000000000000 I

#9610000
0!
0/
0:

#9615000
1!
1/
19
1:
0H

#9620000
0!
0/
0:

#9625000
1!
1/
b101000000000000000000000000000000000000000000000000000000000000000000000000000000000000000000000000000000000 7
b11010 8
09
1:
b1000010010000000000000000000000000000000000000000000000000000000000000000000000000000000000000000 F
b11001 G
1H
b1000010010000000000000000000000000000000000000000000000000000000000000000000000000000000000000000 I

#9630000
0!
0/
0:

#9635000
1!
1/
19
1:
0H

#9640000
0!
0/
0:

#9645000
1!
1/
b1010000000000000000000000000000000000000000000000000000000000000000000000000000000000000000000000000000000000000 7
b11011 8
09
1:
b10000100100000000000000000000000000000000000000000000000000000000000000000000000000000000000000000000 F
b11010 G
1H
b10000100100000000000000000000000000000000000000000000000000000000000000000000000000000000000000000000 I

#9650000
0!
0/
0:

#9655000
1!
1/
19
1:
0H

#9660000
0!
0/
0:

#9665000
1!
1/
b10100000000000000000000000000000000000000000000000000000000000000000000000000000000000000000000000000000000000000000 7
b11100 8
09
1:
b100001001000000000000000000000000000000000000000000000000000000000000000000000000000000000000000000000000 F
b11011 G
1H
b100001001000000000000000000000000000000000000000000000000000000000000000000000000000000000000000000000000 I

#9670000
0!
0/
0:

#9675000
1!
1/
19
1:
0H

#9680000
0!
0/
0:

#9685000
1!
1/
b101000000000000000000000000000000000000000000000000000000000000000000000000000000000000000000000000000000000000000000000 7
b11101 8
09
1:
b1000010010000000000000000000000000000000000000000000000000000000000000000000000000000000000000000000000000000 F
b11100 G
1H
b1000010010000000000000000000000000000000000000000000000000000000000000000000000000000000000000000000000000000 I

#9690000
0!
0/
0:

#9695000
1!
1/
19
1:
0H

#9700000
0!
0/
0:

#9705000
1!
1/
b1010000000000000000000000000000000000000000000000000000000000000000000000000000000000000000000000000000000000000000000000000 7
b11110 8
09
1:
b10000100100000000000000000000000000000000000000000000000000000000000000000000000000000000000000000000000000000000 F
b11101 G
1H
b10000100100000000000000000000000000000000000000000000000000000000000000000000000000000000000000000000000000000000 I

#9710000
0!
0/
0:

#9715000
1!
1/
19
1:
0H

#9720000
0!
0/
0:

#9725000
1!
b1010 *
1/
b10100000000000000000000000000000000000000000000000000000000000000000000000000000000000000000000000000000000000000000000000000000 7
b11111 8
09
1:
b1010 =
b100001001000000000000000000000000000000000000000000000000000000000000000000000000000000000000000000000000000000000000 F
b11110 G
1H
b100001001000000000000000000000000000000000000000000000000000000000000000000000000000000000000000000000000000000000000 I

#9730000
0!
0/
0:

#9735000
1!
1/
19
1:
b1010 A
0H

#9740000
0!
0/
0:

#9745000
1!
0+
1/
06
09
1:
0>
b1010 B
b1000010010000000000000000000000000000000000000000000000000000000000000000000000000000000000000000000000000000000000000000 F
b11111 G
1H
b1000010010000000000000000000000000000000000000000000000000000000000000000000000000000000000000000000000000000000000000000 I

#9750000
0!
0/
0:

#9755000
1!
1/
1:
0?
0H

#9760000
0!
0/
0:

#9765000
1!
b10000100100000000000000000000000000000000000000000000000000000000000000000000000000000000000000000000000000000000000000001010 &
1'
1,
1/
13
1:
0@
0E
b0 F
b0 G
1H
b10000100100000000000000000000000000000000000000000000000000000000000000000000000000000000000000000000000000000000000000001010 I

#9770000
0!
0/
0:

#9775000
1!
b10000000000000000000000000000000000000000000000000000000000000000000000000000000000000000000000000000000000000000000000000000 #
1$
0'
b11101 -
1/
b10000000000000000000000000000000000000000000000000000000000000000000000000000000000000000000000000000000000000000000000000000 1
12
14
1:
0C
b1010 J

#9780000
0!
0/
0:

#9785000
1!
1%
1/
15
1:

#9790000
0!
0/
0:

#9795000
1!
0%
b1 *
1+
1/
16
b10000000000000000000000000000000000000000000000000000000000000000000000000000000000000000000000000000000000000000000000000000 7
b0 8
1:
b1 =
1>

#9800000
0!
0/
0:

#9805000
1!
0$
1/
02
19
1:
1?
b1 A

#9810000
0!
0/
0:

#9815000
1!
b0 *
1/
b0 7
b1 8
09
1:
b0 =
1@
b1 B
1D

#9820000
0!
0/
0:

#9825000
1!
0,
1/
03
19
1:
b0 A
1C
0D
1E
0H

#9830000
0!
0/
0:

#9835000
1!
1/
04
b10 8
09
1:
b0 B
b1 F
b1 G
1H
b1 I

#9840000
0!
0/
0:

#9845000
1!
1/
05
19
1:
0H

#9850000
0!
0/
0:

#9855000
1!
1/
b11 8
09
1:
b10000 F
b10 G
1H
b10000 I

#9860000
0!
0/
0:

#9865000
1!
1/
19
1:
0H

#9870000
0!
0/
0:

#9875000
1!
1/
b100 8
09
1:
b100000000 F
b11 G
1H
b100000000 I

#9880000
0!
0/
0:

#9885000
1!
1/
19
1:
0H

#9890000
0!
0/
0:

#9895000
1!
1/
b101 8
09
1:
b1000000000000 F
b100 G
1H
b1000000000000 I

#9900000
0!
0/
0:

#9905000
1!
1/
19
1:
0H

#9910000
0!
0/
0:

#9915000
1!
1/
b110 8
09
1:
b10000000000000000 F
b101 G
1H
b10000000000000000 I

#9920000
0!
0/
0:

#9925000
1!
1/
19
1:
0H

#9930000
0!
0/
0:

#9935000
1!
1/
b111 8
09
1:
b100000000000000000000 F
b110 G
1H
b100000000000000000000 I

#9940000
0!
0/
0:

#9945000
1!
1/
19
1:
0H

#9950000
0!
0/
0:

#9955000
1!
1/
b1000 8
09
1:
b1000000000000000000000000 F
b111 G
1H
b1000000000000000000000000 I

#9960000
0!
0/
0:

#9965000
1!
1/
19
1:
0H

#9970000
0!
0/
0:

#9975000
1!
1/
b1001 8
09
1:
b10000000000000000000000000000 F
b1000 G
1H
b10000000000000000000000000000 I

#9980000
0!
0/
0:

#9985000
1!
1/
19
1:
0H

#9990000
0!
0/
0:

#9995000
1!
1/
b1010 8
09
1:
b100000000000000000000000000000000 F
b1001 G
1H
b100000000000000000000000000000000 I

#10000000
0!
0/
0:

#10005000
1!
1/
19
1:
0H

#10010000
0!
0/
0:

#10015000
1!
1/
b1011 8
09
1:
b1000000000000000000000000000000000000 F
b1010 G
1H
b1000000000000000000000000000000000000 I

#10020000
0!
0/
0:

#10025000
1!
1/
19
1:
0H

#10030000
0!
0/
0:

#10035000
1!
1/
b1100 8
09
1:
b10000000000000000000000000000000000000000 F
b1011 G
1H
b10000000000000000000000000000000000000000 I

#10040000
0!
0/
0:

#10045000
1!
1/
19
1:
0H

#10050000
0!
0/
0:

#10055000
1!
1/
b1101 8
09
1:
b100000000000000000000000000000000000000000000 F
b1100 G
1H
b100000000000000000000000000000000000000000000 I

#10060000
0!
0/
0:

#10065000
1!
1/
19
1:
0H

#10070000
0!
0/
0:

#10075000
1!
1/
b1110 8
09
1:
b1000000000000000000000000000000000000000000000000 F
b1101 G
1H
b1000000000000000000000000000000000000000000000000 I

#10080000
0!
0/
0:

#10085000
1!
1/
19
1:
0H

#10090000
0!
0/
0:

#10095000
1!
1/
b1111 8
09
1:
b10000000000000000000000000000000000000000000000000000 F
b1110 G
1H
b10000000000000000000000000000000000000000000000000000 I

#10100000
0!
0/
0:

#10105000
1!
1/
19
1:
0H

#10110000
0!
0/
0:

#10115000
1!
1/
b10000 8
09
1:
b100000000000000000000000000000000000000000000000000000000 F
b1111 G
1H
b100000000000000000000000000000000000000000000000000000000 I

#10120000
0!
0/
0:

#10125000
1!
1/
19
1:
0H

#10130000
0!
0/
0:

#10135000
1!
1/
b10001 8
09
1:
b1000000000000000000000000000000000000000000000000000000000000 F
b10000 G
1H
b1000000000000000000000000000000000000000000000000000000000000 I

#10140000
0!
0/
0:

#10145000
1!
1/
19
1:
0H

#10150000
0!
0/
0:

#10155000
1!
1/
b10010 8
09
1:
b10000000000000000000000000000000000000000000000000000000000000000 F
b10001 G
1H
b10000000000000000000000000000000000000000000000000000000000000000 I

#10160000
0!
0/
0:

#10165000
1!
1/
19
1:
0H

#10170000
0!
0/
0:

#10175000
1!
1/
b10011 8
09
1:
b100000000000000000000000000000000000000000000000000000000000000000000 F
b10010 G
1H
b100000000000000000000000000000000000000000000000000000000000000000000 I

#10180000
0!
0/
0:

#10185000
1!
1/
19
1:
0H

#10190000
0!
0/
0:

#10195000
1!
1/
b10100 8
09
1:
b1000000000000000000000000000000000000000000000000000000000000000000000000 F
b10011 G
1H
b1000000000000000000000000000000000000000000000000000000000000000000000000 I

#10200000
0!
0/
0:

#10205000
1!
1/
19
1:
0H

#10210000
0!
0/
0:

#10215000
1!
1/
b10101 8
09
1:
b10000000000000000000000000000000000000000000000000000000000000000000000000000 F
b10100 G
1H
b10000000000000000000000000000000000000000000000000000000000000000000000000000 I

#10220000
0!
0/
0:

#10225000
1!
1/
19
1:
0H

#10230000
0!
0/
0:

#10235000
1!
1/
b10110 8
09
1:
b100000000000000000000000000000000000000000000000000000000000000000000000000000000 F
b10101 G
1H
b100000000000000000000000000000000000000000000000000000000000000000000000000000000 I

#10240000
0!
0/
0:

#10245000
1!
1/
19
1:
0H

#10250000
0!
0/
0:

#10255000
1!
1/
b10111 8
09
1:
b1000000000000000000000000000000000000000000000000000000000000000000000000000000000000 F
b10110 G
1H
b1000000000000000000000000000000000000000000000000000000000000000000000000000000000000 I

#10260000
0!
0/
0:

#10265000
1!
1/
19
1:
0H

#10270000
0!
0/
0:

#10275000
1!
1/
b11000 8
09
1:
b10000000000000000000000000000000000000000000000000000000000000000000000000000000000000000 F
b10111 G
1H
b10000000000000000000000000000000000000000000000000000000000000000000000000000000000000000 I

#10280000
0!
0/
0:

#10285000
1!
1/
19
1:
0H

#10290000
0!
0/
0:

#10295000
1!
1/
b11001 8
09
1:
b100000000000000000000000000000000000000000000000000000000000000000000000000000000000000000000 F
b11000 G
1H
b100000000000000000000000000000000000000000000000000000000000000000000000000000000000000000000 I

#10300000
0!
0/
0:

#10305000
1!
1/
19
1:
0H

#10310000
0!
0/
0:

#10315000
1!
1/
b11010 8
09
1:
b1000000000000000000000000000000000000000000000000000000000000000000000000000000000000000000000000 F
b11001 G
1H
b1000000000000000000000000000000000000000000000000000000000000000000000000000000000000000000000000 I

#10320000
0!
0/
0:

#10325000
1!
1/
19
1:
0H

#10330000
0!
0/
0:

#10335000
1!
1/
b11011 8
09
1:
b10000000000000000000000000000000000000000000000000000000000000000000000000000000000000000000000000000 F
b11010 G
1H
b10000000000000000000000000000000000000000000000000000000000000000000000000000000000000000000000000000 I

#10340000
0!
0/
0:

#10345000
1!
1/
19
1:
0H

#10350000
0!
0/
0:

#10355000
1!
1/
b11100 8
09
1:
b100000000000000000000000000000000000000000000000000000000000000000000000000000000000000000000000000000000 F
b11011 G
1H
b100000000000000000000000000000000000000000000000000000000000000000000000000000000000000000000000000000000 I

#10360000
0!
0/
0:

#10365000
1!
1/
19
1:
0H

#10370000
0!
0/
0:

#10375000
1!
1/
b11101 8
09
1:
b1000000000000000000000000000000000000000000000000000000000000000000000000000000000000000000000000000000000000 F
b11100 G
1H
b1000000000000000000000000000000000000000000000000000000000000000000000000000000000000000000000000000000000000 I

#10380000
0!
0/
0:

#10385000
1!
1/
19
1:
0H

#10390000
0!
0/
0:

#10395000
1!
1/
b11110 8
09
1:
b10000000000000000000000000000000000000000000000000000000000000000000000000000000000000000000000000000000000000000 F
b11101 G
1H
b10000000000000000000000000000000000000000000000000000000000000000000000000000000000000000000000000000000000000000 I

#10400000
0!
0/
0:

#10405000
1!
1/
19
1:
0H

#10410000
0!
0/
0:

#10415000
1!
1/
b11111 8
09
1:
b100000000000000000000000000000000000000000000000000000000000000000000000000000000000000000000000000000000000000000000 F
b11110 G
1H
b100000000000000000000000000000000000000000000000000000000000000000000000000000000000000000000000000000000000000000000 I

#10420000
0!
0/
0:

#10425000
1!
1/
19
1:
0H

#10430000
0!
0/
0:

#10435000
1!
0+
1/
06
09
1:
0>
b1000000000000000000000000000000000000000000000000000000000000000000000000000000000000000000000000000000000000000000000000 F
b11111 G
1H
b1000000000000000000000000000000000000000000000000000000000000000000000000000000000000000000000000000000000000000000000000 I

#10440000
0!
0/
0:

#10445000
1!
1/
1:
0?
0H

#10450000
0!
0/
0:

#10455000
1!
b10000000000000000000000000000000000000000000000000000000000000000000000000000000000000000000000000000000000000000000000000000 &
1'
1,
1/
13
1:
0@
0E
b0 F
b0 G
1H
b10000000000000000000000000000000000000000000000000000000000000000000000000000000000000000000000000000000000000000000000000000 I

#10460000
0!
0/
0:

#10465000
1!
b10000111111111111111111111111111111111111111111111111111111111111111111111111111111111111111111111111111111111111111111111111 #
1$
0'
b11111 -
1/
b10000111111111111111111111111111111111111111111111111111111111111111111111111111111111111111111111111111111111111111111111111 1
12
14
1:
0C

#10470000
0!
0/
0:

#10475000
1!
1%
1/
15
1:

#10480000
0!
0/
0:

#10485000
1!
0%
b1 *
1+
1/
16
b10000111111111111111111111111111111111111111111111111111111111111111111111111111111111111111111111111111111111111111111111111 7
b0 8
1:
b1 =
1>

#10490000
0!
0/
0:

#10495000
1!
0$
1/
02
19
1:
1?
b1 A

#10500000
0!
0/
0:

#10505000
1!
b0 *
1/
b1111111111111111111111111111111111111111111111111111111111111111111111111111111111111111111111111111111111111111111111110000 7
b1 8
09
1:
b0 =
1@
b1 B
1D

#10510000
0!
0/
0:

#10515000
1!
0,
1/
03
19
1:
b0 A
1C
0D
1E
0H

#10520000
0!
0/
0:

#10525000
1!
b1111 *
1/
04
b11111111111111111111111111111111111111111111111111111111111111111111111111111111111111111111111111111111111111111111111100000000 7
b10 8
09
1:
b1111 =
b0 B
b1 F
b1 G
1H
b1 I

#10530000
0!
0/
0:

#10535000
1!
1/
05
19
1:
b1111 A
0H

#10540000
0!
0/
0:

#10545000
1!
1/
b11111111111111111111111111111111111111111111111111111111111111111111111111111111111111111111111111111111111111111111000000000000 7
b11 8
09
1:
b1111 B
b10000 F
b10 G
1H
b10000 I

#10550000
0!
0/
0:

#10555000
1!
1/
19
1:
0H

#10560000
0!
0/
0:

#10565000
1!
1/
b11111111111111111111111111111111111111111111111111111111111111111111111111111111111111111111111111111111111111110000000000000000 7
b100 8
09
1:
b100001111 F
b11 G
1H
b100001111 I

#10570000
0!
0/
0:

#10575000
1!
1/
19
1:
0H

#10580000
0!
0/
0:

#10585000
1!
1/
b11111111111111111111111111111111111111111111111111111111111111111111111111111111111111111111111111111111111100000000000000000000 7
b101 8
09
1:
b1000011111111 F
b100 G
1H
b1000011111111 I

#10590000
0!
0/
0:

#10595000
1!
1/
19
1:
0H

#10600000
0!
0/
0:

#10605000
1!
1/
b11111111111111111111111111111111111111111111111111111111111111111111111111111111111111111111111111111111000000000000000000000000 7
b110 8
09
1:
b10000111111111111 F
b101 G
1H
b10000111111111111 I

#10610000
0!
0/
0:

#10615000
1!
1/
19
1:
0H

#10620000
0!
0/
0:

#10625000
1!
1/
b11111111111111111111111111111111111111111111111111111111111111111111111111111111111111111111111111110000000000000000000000000000 7
b111 8
09
1:
b100001111111111111111 F
b110 G
1H
b100001111111111111111 I

#10630000
0!
0/
0:

#10635000
1!
1/
19
1:
0H

#10640000
0!
0/
0:

#10645000
1!
1/
b11111111111111111111111111111111111111111111111111111111111111111111111111111111111111111111111100000000000000000000000000000000 7
b1000 8
09
1:
b1000011111111111111111111 F
b111 G
1H
b1000011111111111111111111 I

#10650000
0!
0/
0:

#10655000
1!
1/
19
1:
0H

#10660000
0!
0/
0:

#10665000
1!
1/
b11111111111111111111111111111111111111111111111111111111111111111111111111111111111111111111000000000000000000000000000000000000 7
b1001 8
09
1:
b10000111111111111111111111111 F
b1000 G
1H
b10000111111111111111111111111 I

#10670000
0!
0/
0:

#10675000
1!
1/
19
1:
0H

#10680000
0!
0/
0:

#10685000
1!
1/
b11111111111111111111111111111111111111111111111111111111111111111111111111111111111111110000000000000000000000000000000000000000 7
b1010 8
09
1:
b100001111111111111111111111111111 F
b1001 G
1H
b100001111111111111111111111111111 I

#10690000
0!
0/
0:

#10695000
1!
1/
19
1:
0H

#10700000
0!
0/
0:

#10705000
1!
1/
b11111111111111111111111111111111111111111111111111111111111111111111111111111111111100000000000000000000000000000000000000000000 7
b1011 8
09
1:
b1000011111111111111111111111111111111 F
b1010 G
1H
b1000011111111111111111111111111111111 I

#10710000
0!
0/
0:

#10715000
1!
1/
19
1:
0H

#10720000
0!
0/
0:

#10725000
1!
1/
b11111111111111111111111111111111111111111111111111111111111111111111111111111111000000000000000000000000000000000000000000000000 7
b1100 8
09
1:
b10000111111111111111111111111111111111111 F
b1011 G
1H
b10000111111111111111111111111111111111111 I

#10730000
0!
0/
0:

#10735000
1!
1/
19
1:
0H

#10740000
0!
0/
0:

#10745000
1!
1/
b11111111111111111111111111111111111111111111111111111111111111111111111111110000000000000000000000000000000000000000000000000000 7
b1101 8
09
1:
b100001111111111111111111111111111111111111111 F
b1100 G
1H
b100001111111111111111111111111111111111111111 I

#10750000
0!
0/
0:

#10755000
1!
1/
19
1:
0H

#10760000
0!
0/
0:

#10765000
1!
1/
b11111111111111111111111111111111111111111111111111111111111111111111111100000000000000000000000000000000000000000000000000000000 7
b1110 8
09
1:
b1000011111111111111111111111111111111111111111111 F
b1101 G
1H
b1000011111111111111111111111111111111111111111111 I

#10770000
0!
0/
0:

#10775000
1!
1/
19
1:
0H

#10780000
0!
0/
0:

#10785000
1!
1/
b11111111111111111111111111111111111111111111111111111111111111111111000000000000000000000000000000000000000000000000000000000000 7
b1111 8
09
1:
b10000111111111111111111111111111111111111111111111111 F
b1110 G
1H
b10000111111111111111111111111111111111111111111111111 I

#10790000
0!
0/
0:

#10795000
1!
1/
19
1:
0H

#10800000
0!
0/
0:

#10805000
1!
1/
b11111111111111111111111111111111111111111111111111111111111111110000000000000000000000000000000000000000000000000000000000000000 7
b10000 8
09
1:
b100001111111111111111111111111111111111111111111111111111 F
b1111 G
1H
b100001111111111111111111111111111111111111111111111111111 I

#10810000
0!
0/
0:

#10815000
1!
1/
19
1:
0H

#10820000
0!
0/
0:

#10825000
1!
1/
b11111111111111111111111111111111111111111111111111111111111100000000000000000000000000000000000000000000000000000000000000000000 7
b10001 8
09
1:
b1000011111111111111111111111111111111111111111111111111111111 F
b10000 G
1H
b1000011111111111111111111111111111111111111111111111111111111 I

#10830000
0!
0/
0:

#10835000
1!
1/
19
1:
0H

#10840000
0!
0/
0:

#10845000
1!
1/
b11111111111111111111111111111111111111111111111111111111000000000000000000000000000000000000000000000000000000000000000000000000 7
b10010 8
09
1:
b10000111111111111111111111111111111111111111111111111111111111111 F
b10001 G
1H
b10000111111111111111111111111111111111111111111111111111111111111 I

#10850000
0!
0/
0:

#10855000
1!
1/
19
1:
0H

#10860000
0!
0/
0:

#10865000
1!
1/
b11111111111111111111111111111111111111111111111111110000000000000000000000000000000000000000000000000000000000000000000000000000 7
b10011 8
09
1:
b100001111111111111111111111111111111111111111111111111111111111111111 F
b10010 G
1H
b100001111111111111111111111111111111111111111111111111111111111111111 I

#10870000
0!
0/
0:

#10875000
1!
1/
19
1:
0H

#10880000
0!
0/
0:

#10885000
1!
1/
b11111111111111111111111111111111111111111111111100000000000000000000000000000000000000000000000000000000000000000000000000000000 7
b10100 8
09
1:
b1000011111111111111111111111111111111111111111111111111111111111111111111 F
b10011 G
1H
b1000011111111111111111111111111111111111111111111111111111111111111111111 I

#10890000
0!
0/
0:

#10895000
1!
1/
19
1:
0H

#10900000
0!
0/
0:

#10905000
1!
1/
b11111111111111111111111111111111111111111111000000000000000000000000000000000000000000000000000000000000000000000000000000000000 7
b10101 8
09
1:
b10000111111111111111111111111111111111111111111111111111111111111111111111111 F
b10100 G
1H
b10000111111111111111111111111111111111111111111111111111111111111111111111111 I

#10910000
0!
0/
0:

#10915000
1!
1/
19
1:
0H

#10920000
0!
0/
0:

#10925000
1!
1/
b11111111111111111111111111111111111111110000000000000000000000000000000000000000000000000000000000000000000000000000000000000000 7
b10110 8
09
1:
b100001111111111111111111111111111111111111111111111111111111111111111111111111111 F
b10101 G
1H
b100001111111111111111111111111111111111111111111111111111111111111111111111111111 I

#10930000
0!
0/
0:

#10935000
1!
1/
19
1:
0H

#10940000
0!
0/
0:

#10945000
1!
1/
b11111111111111111111111111111111111100000000000000000000000000000000000000000000000000000000000000000000000000000000000000000000 7
b10111 8
09
1:
b1000011111111111111111111111111111111111111111111111111111111111111111111111111111111 F
b10110 G
1H
b1000011111111111111111111111111111111111111111111111111111111111111111111111111111111 I

#10950000
0!
0/
0:

#10955000
1!
1/
19
1:
0H

#10960000
0!
0/
0:

#10965000
1!
1/
b11111111111111111111111111111111000000000000000000000000000000000000000000000000000000000000000000000000000000000000000000000000 7
b11000 8
09
1:
b10000111111111111111111111111111111111111111111111111111111111111111111111111111111111111 F
b10111 G
1H
b10000111111111111111111111111111111111111111111111111111111111111111111111111111111111111 I

#10970000
0!
0/
0:

#10975000
1!
1/
19
1:
0H

#10980000
0!
0/
0:

#10985000
1!
1/
b11111111111111111111111111110000000000000000000000000000000000000000000000000000000000000000000000000000000000000000000000000000 7
b11001 8
09
1:
b100001111111111111111111111111111111111111111111111111111111111111111111111111111111111111111 F
b11000 G
1H
b100001111111111111111111111111111111111111111111111111111111111111111111111111111111111111111 I

#10990000
0!
0/
0:

#10995000
1!
1/
19
1:
0H

#11000000
0!
0/
0:

#11005000
1!
1/
b11111111111111111111111100000000000000000000000000000000000000000000000000000000000000000000000000000000000000000000000000000000 7
b11010 8
09
1:
b1000011111111111111111111111111111111111111111111111111111111111111111111111111111111111111111111 F
b11001 G
1H
b1000011111111111111111111111111111111111111111111111111111111111111111111111111111111111111111111 I

#11010000
0!
0/
0:

#11015000
1!
1/
19
1:
0H

#11020000
0!
0/
0:

#11025000
1!
1/
b11111111111111111111000000000000000000000000000000000000000000000000000000000000000000000000000000000000000000000000000000000000 7
b11011 8
09
1:
b10000111111111111111111111111111111111111111111111111111111111111111111111111111111111111111111111111 F
b11010 G
1H
b10000111111111111111111111111111111111111111111111111111111111111111111111111111111111111111111111111 I

#11030000
0!
0/
0:

#11035000
1!
1/
19
1:
0H

#11040000
0!
0/
0:

#11045000
1!
1/
b11111111111111110000000000000000000000000000000000000000000000000000000000000000000000000000000000000000000000000000000000000000 7
b11100 8
09
1:
b100001111111111111111111111111111111111111111111111111111111111111111111111111111111111111111111111111111 F
b11011 G
1H
b100001111111111111111111111111111111111111111111111111111111111111111111111111111111111111111111111111111 I

#11050000
0!
0/
0:

#11055000
1!
1/
19
1:
0H

#11060000
0!
0/
0:

#11065000
1!
1/
b11111111111100000000000000000000000000000000000000000000000000000000000000000000000000000000000000000000000000000000000000000000 7
b11101 8
09
1:
b1000011111111111111111111111111111111111111111111111111111111111111111111111111111111111111111111111111111111 F
b11100 G
1H
b1000011111111111111111111111111111111111111111111111111111111111111111111111111111111111111111111111111111111 I

#11070000
0!
0/
0:

#11075000
1!
1/
19
1:
0H

#11080000
0!
0/
0:

#11085000
1!
1/
b11111111000000000000000000000000000000000000000000000000000000000000000000000000000000000000000000000000000000000000000000000000 7
b11110 8
09
1:
b10000111111111111111111111111111111111111111111111111111111111111111111111111111111111111111111111111111111111111 F
b11101 G
1H
b10000111111111111111111111111111111111111111111111111111111111111111111111111111111111111111111111111111111111111 I

#11090000
0!
0/
0:

#11095000
1!
1/
19
1:
0H

#11100000
0!
0/
0:

#11105000
1!
1/
b11110000000000000000000000000000000000000000000000000000000000000000000000000000000000000000000000000000000000000000000000000000 7
b11111 8
09
1:
b100001111111111111111111111111111111111111111111111111111111111111111111111111111111111111111111111111111111111111111 F
b11110 G
1H
b100001111111111111111111111111111111111111111111111111111111111111111111111111111111111111111111111111111111111111111 I

#11110000
0!
0/
0:

#11115000
1!
1/
19
1:
0H

#11120000
0!
0/
0:

#11125000
1!
0+
1/
06
09
1:
0>
b1000011111111111111111111111111111111111111111111111111111111111111111111111111111111111111111111111111111111111111111111 F
b11111 G
1H
b1000011111111111111111111111111111111111111111111111111111111111111111111111111111111111111111111111111111111111111111111 I

#11130000
0!
0/
0:

#11135000
1!
1/
1:
0?
0H

#11140000
0!
0/
0:

#11145000
1!
b10000111111111111111111111111111111111111111111111111111111111111111111111111111111111111111111111111111111111111111111111111 &
1'
1,
1/
13
1:
0@
0E
b0 F
b0 G
1H
b10000111111111111111111111111111111111111111111111111111111111111111111111111111111111111111111111111111111111111111111111111 I

#11150000
0!
0/
0:

#11155000
1!
b11010010110100101101001011010010110100101101001011010010110100101101001011010010110100101101001011010010110100101101001011010 #
1$
0'
b100001 -
1/
b11010010110100101101001011010010110100101101001011010010110100101101001011010010110100101101001011010010110100101101001011010 1
12
14
1:
0C

#11160000
0!
0/
0:

#11165000
1!
1%
1/
15
1:

#11170000
0!
0/
0:

#11175000
1!
0%
b1 *
1+
1/
16
b11010010110100101101001011010010110100101101001011010010110100101101001011010010110100101101001011010010110100101101001011010 7
b0 8
1:
b1 =
1>

#11180000
0!
0/
0:

#11185000
1!
0$
1/
02
19
1:
1?
b1 A

#11190000
0!
0/
0:

#11195000
1!
b1010 *
1/
b10100101101001011010010110100101101001011010010110100101101001011010010110100101101001011010010110100101101001011010010110100000 7
b1 8
09
1:
b1010 =
1@
b1 B
1D

#11200000
0!
0/
0:

#11205000
1!
0,
1/
03
19
1:
b1010 A
1C
0D
1E
0H

#11210000
0!
0/
0:

#11215000
1!
b101 *
1/
04
b1011010010110100101101001011010010110100101101001011010010110100101101001011010010110100101101001011010010110100101101000000000 7
b10 8
09
1:
b101 =
b1010 B
b1 F
b1 G
1H
b1 I

#11220000
0!
0/
0:

#11225000
1!
1/
05
19
1:
b101 A
0H

#11230000
0!
0/
0:

#11235000
1!
b1010 *
1/
b10100101101001011010010110100101101001011010010110100101101001011010010110100101101001011010010110100101101001011010000000000000 7
b11 8
09
1:
b1010 =
b101 B
b11010 F
b10 G
1H
b11010 I

#11240000
0!
0/
0:

#11245000
1!
1/
19
1:
b1010 A
0H

#11250000
0!
0/
0:

#11255000
1!
b101 *
1/
b1011010010110100101101001011010010110100101101001011010010110100101101001011010010110100101101001011010010110100000000000000000 7
b100 8
09
1:
b101 =
b1010 B
b110100101 F
b11 G
1H
b110100101 I

#11260000
0!
0/
0:

#11265000
1!
1/
19
1:
b101 A
0H

#11270000
0!
0/
0:

#11275000
1!
b1010 *
1/
b10100101101001011010010110100101101001011010010110100101101001011010010110100101101001011010010110100101101000000000000000000000 7
b101 8
09
1:
b1010 =
b101 B
b1101001011010 F
b100 G
1H
b1101001011010 I

#11280000
0!
0/
0:

#11285000
1!
1/
19
1:
b1010 A
0H

#11290000
0!
0/
0:

#11295000
1!
b101 *
1/
b1011010010110100101101001011010010110100101101001011010010110100101101001011010010110100101101001011010000000000000000000000000 7
b110 8
09
1:
b101 =
b1010 B
b11010010110100101 F
b101 G
1H
b11010010110100101 I

#11300000
0!
0/
0:

#11305000
1!
1/
19
1:
b101 A
0H

#11310000
0!
0/
0:

#11315000
1!
b1010 *
1/
b10100101101001011010010110100101101001011010010110100101101001011010010110100101101001011010010110100000000000000000000000000000 7
b111 8
09
1:
b1010 =
b101 B
b110100101101001011010 F
b110 G
1H
b110100101101001011010 I

#11320000
0!
0/
0:

#11325000
1!
1/
19
1:
b1010 A
0H

#11330000
0!
0/
0:

#11335000
1!
b101 *
1/
b1011010010110100101101001011010010110100101101001011010010110100101101001011010010110100101101000000000000000000000000000000000 7
b1000 8
09
1:
b101 =
b1010 B
b1101001011010010110100101 F
b111 G
1H
b1101001011010010110100101 I

#11340000
0!
0/
0:

#11345000
1!
1/
19
1:
b101 A
0H

#11350000
0!
0/
0:

#11355000
1!
b1010 *
1/
b10100101101001011010010110100101101001011010010110100101101001011010010110100101101001011010000000000000000000000000000000000000 7
b1001 8
09
1:
b1010 =
b101 B
b11010010110100101101001011010 F
b1000 G
1H
b11010010110100101101001011010 I

#11360000
0!
0/
0:

#11365000
1!
1/
19
1:
b1010 A
0H

#11370000
0!
0/
0:

#11375000
1!
b101 *
1/
b1011010010110100101101001011010010110100101101001011010010110100101101001011010010110100000000000000000000000000000000000000000 7
b1010 8
09
1:
b101 =
b1010 B
b110100101101001011010010110100101 F
b1001 G
1H
b110100101101001011010010110100101 I

#11380000
0!
0/
0:

#11385000
1!
1/
19
1:
b101 A
0H

#11390000
0!
0/
0:

#11395000
1!
b1010 *
1/
b10100101101001011010010110100101101001011010010110100101101001011010010110100101101000000000000000000000000000000000000000000000 7
b1011 8
09
1:
b1010 =
b101 B
b1101001011010010110100101101001011010 F
b1010 G
1H
b1101001011010010110100101101001011010 I

#11400000
0!
0/
0:

#11405000
1!
1/
19
1:
b1010 A
0H

#11410000
0!
0/
0:

#11415000
1!
b101 *
1/
b1011010010110100101101001011010010110100101101001011010010110100101101001011010000000000000000000000000000000000000000000000000 7
b1100 8
09
1:
b101 =
b1010 B
b11010010110100101101001011010010110100101 F
b1011 G
1H
b11010010110100101101001011010010110100101 I

#11420000
0!
0/
0:

#11425000
1!
1/
19
1:
b101 A
0H

#11430000
0!
0/
0:

#11435000
1!
b1010 *
1/
b10100101101001011010010110100101101001011010010110100101101001011010010110100000000000000000000000000000000000000000000000000000 7
b1101 8
09
1:
b1010 =
b101 B
b110100101101001011010010110100101101001011010 F
b1100 G
1H
b110100101101001011010010110100101101001011010 I

#11440000
0!
0/
0:

#11445000
1!
1/
19
1:
b1010 A
0H

#11450000
0!
0/
0:

#11455000
1!
b101 *
1/
b1011010010110100101101001011010010110100101101001011010010110100101101000000000000000000000000000000000000000000000000000000000 7
b1110 8
09
1:
b101 =
b1010 B
b1101001011010010110100101101001011010010110100101 F
b1101 G
1H
b1101001011010010110100101101001011010010110100101 I

#11460000
0!
0/
0:

#11465000
1!
1/
19
1:
b101 A
0H

#11470000
0!
0/
0:

#11475000
1!
b1010 *
1/
b10100101101001011010010110100101101001011010010110100101101001011010000000000000000000000000000000000000000000000000000000000000 7
b1111 8
09
1:
b1010 =
b101 B
b11010010110100101101001011010010110100101101001011010 F
b1110 G
1H
b11010010110100101101001011010010110100101101001011010 I

#11480000
0!
0/
0:

#11485000
1!
1/
19
1:
b1010 A
0H

#11490000
0!
0/
0:

#11495000
1!
b101 *
1/
b1011010010110100101101001011010010110100101101001011010010110100000000000000000000000000000000000000000000000000000000000000000 7
b10000 8
09
1:
b101 =
b1010 B
b110100101101001011010010110100101101001011010010110100101 F
b1111 G
1H
b110100101101001011010010110100101101001011010010110100101 I

#11500000
0!
0/
0:

#11505000
1!
1/
19
1:
b101 A
0H

#11510000
0!
0/
0:

#11515000
1!
b1010 *
1/
b10100101101001011010010110100101101001011010010110100101101000000000000000000000000000000000000000000000000000000000000000000000 7
b10001 8
09
1:
b1010 =
b101 B
b1101001011010010110100101101001011010010110100101101001011010 F
b10000 G
1H
b1101001011010010110100101101001011010010110100101101001011010 I

#11520000
0!
0/
0:

#11525000
1!
1/
19
1:
b1010 A
0H

#11530000
0!
0/
0:

#11535000
1!
b101 *
1/
b1011010010110100101101001011010010110100101101001011010000000000000000000000000000000000000000000000000000000000000000000000000 7
b10010 8
09
1:
b101 =
b1010 B
b11010010110100101101001011010010110100101101001011010010110100101 F
b10001 G
1H
b11010010110100101101001011010010110100101101001011010010110100101 I

#11540000
0!
0/
0:

#11545000
1!
1/
19
1:
b101 A
0H

#11550000
0!
0/
0:

#11555000
1!
b1010 *
1/
b10100101101001011010010110100101101001011010010110100000000000000000000000000000000000000000000000000000000000000000000000000000 7
b10011 8
09
1:
b1010 =
b101 B
b110100101101001011010010110100101101001011010010110100101101001011010 F
b10010 G
1H
b110100101101001011010010110100101101001011010010110100101101001011010 I

#11560000
0!
0/
0:

#11565000
1!
1/
19
1:
b1010 A
0H

#11570000
0!
0/
0:

#11575000
1!
b101 *
1/
b1011010010110100101101001011010010110100101101000000000000000000000000000000000000000000000000000000000000000000000000000000000 7
b10100 8
09
1:
b101 =
b1010 B
b1101001011010010110100101101001011010010110100101101001011010010110100101 F
b10011 G
1H
b1101001011010010110100101101001011010010110100101101001011010010110100101 I

#11580000
0!
0/
0:

#11585000
1!
1/
19
1:
b101 A
0H

#11590000
0!
0/
0:

#11595000
1!
b1010 *
1/
b10100101101001011010010110100101101001011010000000000000000000000000000000000000000000000000000000000000000000000000000000000000 7
b10101 8
09
1:
b1010 =
b101 B
b11010010110100101101001011010010110100101101001011010010110100101101001011010 F
b10100 G
1H
b11010010110100101101001011010010110100101101001011010010110100101101001011010 I

#11600000
0!
0/
0:

#11605000
1!
1/
19
1:
b1010 A
0H

#11610000
0!
0/
0:

#11615000
1!
b101 *
1/
b1011010010110100101101001011010010110100000000000000000000000000000000000000000000000000000000000000000000000000000000000000000 7
b10110 8
09
1:
b101 =
b1010 B
b110100101101001011010010110100101101001011010010110100101101001011010010110100101 F
b10101 G
1H
b110100101101001011010010110100101101001011010010110100101101001011010010110100101 I

#11620000
0!
0/
0:

#11625000
1!
1/
19
1:
b101 A
0H

#11630000
0!
0/
0:

#11635000
1!
b1010 *
1/
b10100101101001011010010110100101101000000000000000000000000000000000000000000000000000000000000000000000000000000000000000000000 7
b10111 8
09
1:
b1010 =
b101 B
b1101001011010010110100101101001011010010110100101101001011010010110100101101001011010 F
b10110 G
1H
b1101001011010010110100101101001011010010110100101101001011010010110100101101001011010 I

#11640000
0!
0/
0:

#11645000
1!
1/
19
1:
b1010 A
0H

#11650000
0!
0/
0:

#11655000
1!
b101 *
1/
b1011010010110100101101001011010000000000000000000000000000000000000000000000000000000000000000000000000000000000000000000000000 7
b11000 8
09
1:
b101 =
b1010 B
b11010010110100101101001011010010110100101101001011010010110100101101001011010010110100101 F
b10111 G
1H
b11010010110100101101001011010010110100101101001011010010110100101101001011010010110100101 I

#11660000
0!
0/
0:

#11665000
1!
1/
19
1:
b101 A
0H

#11670000
0!
0/
0:

#11675000
1!
b1010 *
1/
b10100101101001011010010110100000000000000000000000000000000000000000000000000000000000000000000000000000000000000000000000000000 7
b11001 8
09
1:
b1010 =
b101 B
b110100101101001011010010110100101101001011010010110100101101001011010010110100101101001011010 F
b11000 G
1H
b110100101101001011010010110100101101001011010010110100101101001011010010110100101101001011010 I

#11680000
0!
0/
0:

#11685000
1!
1/
19
1:
b1010 A
0H

#11690000
0!
0/
0:

#11695000
1!
b101 *
1/
b1011010010110100101101000000000000000000000000000000000000000000000000000000000000000000000000000000000000000000000000000000000 7
b11010 8
09
1:
b101 =
b1010 B
b1101001011010010110100101101001011010010110100101101001011010010110100101101001011010010110100101 F
b11001 G
1H
b1101001011010010110100101101001011010010110100101101001011010010110100101101001011010010110100101 I

#11700000
0!
0/
0:

#11705000
1!
1/
19
1:
b101 A
0H

#11710000
0!
0/
0:

#11715000
1!
b1010 *
1/
b10100101101001011010000000000000000000000000000000000000000000000000000000000000000000000000000000000000000000000000000000000000 7
b11011 8
09
1:
b1010 =
b101 B
b11010010110100101101001011010010110100101101001011010010110100101101001011010010110100101101001011010 F
b11010 G
1H
b11010010110100101101001011010010110100101101001011010010110100101101001011010010110100101101001011010 I

#11720000
0!
0/
0:

#11725000
1!
1/
19
1:
b1010 A
0H

#11730000
0!
0/
0:

#11735000
1!
b101 *
1/
b1011010010110100000000000000000000000000000000000000000000000000000000000000000000000000000000000000000000000000000000000000000 7
b11100 8
09
1:
b101 =
b1010 B
b110100101101001011010010110100101101001011010010110100101101001011010010110100101101001011010010110100101 F
b11011 G
1H
b110100101101001011010010110100101101001011010010110100101101001011010010110100101101001011010010110100101 I

#11740000
0!
0/
0:

#11745000
1!
1/
19
1:
b101 A
0H

#11750000
0!
0/
0:

#11755000
1!
b1010 *
1/
b10100101101000000000000000000000000000000000000000000000000000000000000000000000000000000000000000000000000000000000000000000000 7
b11101 8
09
1:
b1010 =
b101 B
b1101001011010010110100101101001011010010110100101101001011010010110100101101001011010010110100101101001011010 F
b11100 G
1H
b1101001011010010110100101101001011010010110100101101001011010010110100101101001011010010110100101101001011010 I

#11760000
0!
0/
0:

#11765000
1!
1/
19
1:
b1010 A
0H

#11770000
0!
0/
0:

#11775000
1!
b101 *
1/
b1011010000000000000000000000000000000000000000000000000000000000000000000000000000000000000000000000000000000000000000000000000 7
b11110 8
09
1:
b101 =
b1010 B
b11010010110100101101001011010010110100101101001011010010110100101101001011010010110100101101001011010010110100101 F
b11101 G
1H
b11010010110100101101001011010010110100101101001011010010110100101101001011010010110100101101001011010010110100101 I

#11780000
0!
0/
0:

#11785000
1!
1/
19
1:
b101 A
0H

#11790000
0!
0/
0:

#11795000
1!
b1010 *
1/
b10100000000000000000000000000000000000000000000000000000000000000000000000000000000000000000000000000000000000000000000000000000 7
b11111 8
09
1:
b1010 =
b101 B
b110100101101001011010010110100101101001011010010110100101101001011010010110100101101001011010010110100101101001011010 F
b11110 G
1H
b110100101101001011010010110100101101001011010010110100101101001011010010110100101101001011010010110100101101001011010 I

#11800000
0!
0/
0:

#11805000
1!
1/
19
1:
b1010 A
0H

#11810000
0!
0/
0:

#11815000
1!
0+
1/
06
09
1:
0>
b1010 B
b1101001011010010110100101101001011010010110100101101001011010010110100101101001011010010110100101101001011010010110100101 F
b11111 G
1H
b1101001011010010110100101101001011010010110100101101001011010010110100101101001011010010110100101101001011010010110100101 I

#11820000
0!
0/
0:

#11825000
1!
1/
1:
0?
0H

#11830000
0!
0/
0:

#11835000
1!
b11010010110100101101001011010010110100101101001011010010110100101101001011010010110100101101001011010010110100101101001011010 &
1'
1,
1/
13
1:
0@
0E
b0 F
b0 G
1H
b11010010110100101101001011010010110100101101001011010010110100101101001011010010110100101101001011010010110100101101001011010 I

#11840000
0!
0/
0:

#11845000
1!
b10101101001011010010110100101101001011010010110100101101001011010010110100101101001011010010110100101101001011010010110100101 #
1$
0'
b100011 -
1/
b10101101001011010010110100101101001011010010110100101101001011010010110100101101001011010010110100101101001011010010110100101 1
12
14
1:
0C

#11850000
0!
0/
0:

#11855000
1!
1%
1/
15
1:

#11860000
0!
0/
0:

#11865000
1!
0%
b1 *
1+
1/
16
b10101101001011010010110100101101001011010010110100101101001011010010110100101101001011010010110100101101001011010010110100101 7
b0 8
1:
b1 =
1>

#11870000
0!
0/
0:

#11875000
1!
0$
1/
02
19
1:
1?
b1 A

#11880000
0!
0/
0:

#11885000
1!
b101 *
1/
b1011010010110100101101001011010010110100101101001011010010110100101101001011010010110100101101001011010010110100101101001010000 7
b1 8
09
1:
b101 =
1@
b1 B
1D

#11890000
0!
0/
0:

#11895000
1!
0,
1/
03
19
1:
b101 A
1C
0D
1E
0H

#11900000
0!
0/
0:

#11905000
1!
b1010 *
1/
04
b10100101101001011010010110100101101001011010010110100101101001011010010110100101101001011010010110100101101001011010010100000000 7
b10 8
09
1:
b1010 =
b101 B
b1 F
b1 G
1H
b1 I

#11910000
0!
0/
0:

#11915000
1!
1/
05
19
1:
b1010 A
0H

#11920000
0!
0/
0:

#11925000
1!
b101 *
1/
b1011010010110100101101001011010010110100101101001011010010110100101101001011010010110100101101001011010010110100101000000000000 7
b11 8
09
1:
b101 =
b1010 B
b10101 F
b10 G
1H
b10101 I

#11930000
0!
0/
0:

#11935000
1!
1/
19
1:
b101 A
0H

#11940000
0!
0/
0:

#11945000
1!
b1010 *
1/
b10100101101001011010010110100101101001011010010110100101101001011010010110100101101001011010010110100101101001010000000000000000 7
b100 8
09
1:
b1010 =
b101 B
b101011010 F
b11 G
1H
b101011010 I

#11950000
0!
0/
0:

#11955000
1!
1/
19
1:
b1010 A
0H

#11960000
0!
0/
0:

#11965000
1!
b101 *
1/
b1011010010110100101101001011010010110100101101001011010010110100101101001011010010110100101101001011010010100000000000000000000 7
b101 8
09
1:
b101 =
b1010 B
b1010110100101 F
b100 G
1H
b1010110100101 I

#11970000
0!
0/
0:

#11975000
1!
1/
19
1:
b101 A
0H

#11980000
0!
0/
0:

#11985000
1!
b1010 *
1/
b10100101101001011010010110100101101001011010010110100101101001011010010110100101101001011010010110100101000000000000000000000000 7
b110 8
09
1:
b1010 =
b101 B
b10101101001011010 F
b101 G
1H
b10101101001011010 I

#11990000
0!
0/
0:

#11995000
1!
1/
19
1:
b1010 A
0H

#12000000
0!
0/
0:

#12005000
1!
b101 *
1/
b1011010010110100101101001011010010110100101101001011010010110100101101001011010010110100101101001010000000000000000000000000000 7
b111 8
09
1:
b101 =
b1010 B
b101011010010110100101 F
b110 G
1H
b101011010010110100101 I

#12010000
0!
0/
0:

#12015000
1!
1/
19
1:
b101 A
0H

#12020000
0!
0/
0:

#12025000
1!
b1010 *
1/
b10100101101001011010010110100101101001011010010110100101101001011010010110100101101001011010010100000000000000000000000000000000 7
b1000 8
09
1:
b1010 =
b101 B
b1010110100101101001011010 F
b111 G
1H
b1010110100101101001011010 I

#12030000
0!
0/
0:

#12035000
1!
1/
19
1:
b1010 A
0H

#12040000
0!
0/
0:

#12045000
1!
b101 *
1/
b1011010010110100101101001011010010110100101101001011010010110100101101001011010010110100101000000000000000000000000000000000000 7
b1001 8
09
1:
b101 =
b1010 B
b10101101001011010010110100101 F
b1000 G
1H
b10101101001011010010110100101 I

#12050000
0!
0/
0:

#12055000
1!
1/
19
1:
b101 A
0H

#12060000
0!
0/
0:

#12065000
1!
b1010 *
1/
b10100101101001011010010110100101101001011010010110100101101001011010010110100101101001010000000000000000000000000000000000000000 7
b1010 8
09
1:
b1010 =
b101 B
b101011010010110100101101001011010 F
b1001 G
1H
b101011010010110100101101001011010 I

#12070000
0!
0/
0:

#12075000
1!
1/
19
1:
b1010 A
0H

#12080000
0!
0/
0:

#12085000
1!
b101 *
1/
b1011010010110100101101001011010010110100101101001011010010110100101101001011010010100000000000000000000000000000000000000000000 7
b1011 8
09
1:
b101 =
b1010 B
b1010110100101101001011010010110100101 F
b1010 G
1H
b1010110100101101001011010010110100101 I

#12090000
0!
0/
0:

#12095000
1!
1/
19
1:
b101 A
0H

#12100000
0!
0/
0:

#12105000
1!
b1010 *
1/
b10100101101001011010010110100101101001011010010110100101101001011010010110100101000000000000000000000000000000000000000000000000 7
b1100 8
09
1:
b1010 =
b101 B
b10101101001011010010110100101101001011010 F
b1011 G
1H
b10101101001011010010110100101101001011010 I

#12110000
0!
0/
0:

#12115000
1!
1/
19
1:
b1010 A
0H

#12120000
0!
0/
0:

#12125000
1!
b101 *
1/
b1011010010110100101101001011010010110100101101001011010010110100101101001010000000000000000000000000000000000000000000000000000 7
b1101 8
09
1:
b101 =
b1010 B
b101011010010110100101101001011010010110100101 F
b1100 G
1H
b101011010010110100101101001011010010110100101 I

#12130000
0!
0/
0:

#12135000
1!
1/
19
1:
b101 A
0H

#12140000
0!
0/
0:

#12145000
1!
b1010 *
1/
b10100101101001011010010110100101101001011010010110100101101001011010010100000000000000000000000000000000000000000000000000000000 7
b1110 8
09
1:
b1010 =
b101 B
b1010110100101101001011010010110100101101001011010 F
b1101 G
1H
b1010110100101101001011010010110100101101001011010 I

#12150000
0!
0/
0:

#12155000
1!
1/
19
1:
b1010 A
0H

#12160000
0!
0/
0:

#12165000
1!
b101 *
1/
b1011010010110100101101001011010010110100101101001011010010110100101000000000000000000000000000000000000000000000000000000000000 7
b1111 8
09
1:
b101 =
b1010 B
b10101101001011010010110100101101001011010010110100101 F
b1110 G
1H
b10101101001011010010110100101101001011010010110100101 I

#12170000
0!
0/
0:

#12175000
1!
1/
19
1:
b101 A
0H

#12180000
0!
0/
0:

#12185000
1!
b1010 *
1/
b10100101101001011010010110100101101001011010010110100101101001010000000000000000000000000000000000000000000000000000000000000000 7
b10000 8
09
1:
b1010 =
b101 B
b101011010010110100101101001011010010110100101101001011010 F
b1111 G
1H
b101011010010110100101101001011010010110100101101001011010 I

#12190000
0!
0/
0:

#12195000
1!
1/
19
1:
b1010 A
0H

#12200000
0!
0/
0:

#12205000
1!
b101 *
1/
b1011010010110100101101001011010010110100101101001011010010100000000000000000000000000000000000000000000000000000000000000000000 7
b10001 8
09
1:
b101 =
b1010 B
b1010110100101101001011010010110100101101001011010010110100101 F
b10000 G
1H
b1010110100101101001011010010110100101101001011010010110100101 I

#12210000
0!
0/
0:

#12215000
1!
1/
19
1:
b101 A
0H

#12220000
0!
0/
0:

#12225000
1!
b1010 *
1/
b10100101101001011010010110100101101001011010010110100101000000000000000000000000000000000000000000000000000000000000000000000000 7
b10010 8
09
1:
b1010 =
b101 B
b10101101001011010010110100101101001011010010110100101101001011010 F
b10001 G
1H
b10101101001011010010110100101101001011010010110100101101001011010 I

#12230000
0!
0/
0:

#12235000
1!
1/
19
1:
b1010 A
0H

#12240000
0!
0/
0:

#12245000
1!
b101 *
1/
b1011010010110100101101001011010010110100101101001010000000000000000000000000000000000000000000000000000000000000000000000000000 7
b10011 8
09
1:
b101 =
b1010 B
b101011010010110100101101001011010010110100101101001011010010110100101 F
b10010 G
1H
b101011010010110100101101001011010010110100101101001011010010110100101 I

#12250000
0!
0/
0:

#12255000
1!
1/
19
1:
b101 A
0H

#12260000
0!
0/
0:

#12265000
1!
b1010 *
1/
b10100101101001011010010110100101101001011010010100000000000000000000000000000000000000000000000000000000000000000000000000000000 7
b10100 8
09
1:
b1010 =
b101 B
b1010110100101101001011010010110100101101001011010010110100101101001011010 F
b10011 G
1H
b1010110100101101001011010010110100101101001011010010110100101101001011010 I

#12270000
0!
0/
0:

#12275000
1!
1/
19
1:
b1010 A
0H

#12280000
0!
0/
0:

#12285000
1!
b101 *
1/
b1011010010110100101101001011010010110100101000000000000000000000000000000000000000000000000000000000000000000000000000000000000 7
b10101 8
09
1:
b101 =
b1010 B
b10101101001011010010110100101101001011010010110100101101001011010010110100101 F
b10100 G
1H
b10101101001011010010110100101101001011010010110100101101001011010010110100101 I

#12290000
0!
0/
0:

#12295000
1!
1/
19
1:
b101 A
0H

#12300000
0!
0/
0:

#12305000
1!
b1010 *
1/
b10100101101001011010010110100101101001010000000000000000000000000000000000000000000000000000000000000000000000000000000000000000 7
b10110 8
09
1:
b1010 =
b101 B
b101011010010110100101101001011010010110100101101001011010010110100101101001011010 F
b10101 G
1H
b101011010010110100101101001011010010110100101101001011010010110100101101001011010 I

#12310000
0!
0/
0:

#12315000
1!
1/
19
1:
b1010 A
0H

#12320000
0!
0/
0:

#12325000
1!
b101 *
1/
b1011010010110100101101001011010010100000000000000000000000000000000000000000000000000000000000000000000000000000000000000000000 7
b10111 8
09
1:
b101 =
b1010 B
b1010110100101101001011010010110100101101001011010010110100101101001011010010110100101 F
b10110 G
1H
b1010110100101101001011010010110100101101001011010010110100101101001011010010110100101 I

#12330000
0!
0/
0:

#12335000
1!
1/
19
1:
b101 A
0H

#12340000
0!
0/
0:

#12345000
1!
b1010 *
1/
b10100101101001011010010110100101000000000000000000000000000000000000000000000000000000000000000000000000000000000000000000000000 7
b11000 8
09
1:
b1010 =
b101 B
b10101101001011010010110100101101001011010010110100101101001011010010110100101101001011010 F
b10111 G
1H
b10101101001011010010110100101101001011010010110100101101001011010010110100101101001011010 I

#12350000
0!
0/
0:

#12355000
1!
1/
19
1:
b1010 A
0H

#12360000
0!
0/
0:

#12365000
1!
b101 *
1/
b1011010010110100101101001010000000000000000000000000000000000000000000000000000000000000000000000000000000000000000000000000000 7
b11001 8
09
1:
b101 =
b1010 B
b101011010010110100101101001011010010110100101101001011010010110100101101001011010010110100101 F
b11000 G
1H
b101011010010110100101101001011010010110100101101001011010010110100101101001011010010110100101 I

#12370000
0!
0/
0:

#12375000
1!
1/
19
1:
b101 A
0H

#12380000
0!
0/
0:

#12385000
1!
b1010 *
1/
b10100101101001011010010100000000000000000000000000000000000000000000000000000000000000000000000000000000000000000000000000000000 7
b11010 8
09
1:
b1010 =
b101 B
b1010110100101101001011010010110100101101001011010010110100101101001011010010110100101101001011010 F
b11001 G
1H
b1010110100101101001011010010110100101101001011010010110100101101001011010010110100101101001011010 I

#12390000
0!
0/
0:

#12395000
1!
1/
19
1:
b1010 A
0H

#12400000
0!
0/
0:

#12405000
1!
b101 *
1/
b1011010010110100101000000000000000000000000000000000000000000000000000000000000000000000000000000000000000000000000000000000000 7
b11011 8
09
1:
b101 =
b1010 B
b10101101001011010010110100101101001011010010110100101101001011010010110100101101001011010010110100101 F
b11010 G
1H
b10101101001011010010110100101101001011010010110100101101001011010010110100101101001011010010110100101 I

#12410000
0!
0/
0:

#12415000
1!
1/
19
1:
b101 A
0H

#12420000
0!
0/
0:

#12425000
1!
b1010 *
1/
b10100101101001010000000000000000000000000000000000000000000000000000000000000000000000000000000000000000000000000000000000000000 7
b11100 8
09
1:
b1010 =
b101 B
b101011010010110100101101001011010010110100101101001011010010110100101101001011010010110100101101001011010 F
b11011 G
1H
b101011010010110100101101001011010010110100101101001011010010110100101101001011010010110100101101001011010 I

#12430000
0!
0/
0:

#12435000
1!
1/
19
1:
b1010 A
0H

#12440000
0!
0/
0:

#12445000
1!
b101 *
1/
b1011010010100000000000000000000000000000000000000000000000000000000000000000000000000000000000000000000000000000000000000000000 7
b11101 8
09
1:
b101 =
b1010 B
b1010110100101101001011010010110100101101001011010010110100101101001011010010110100101101001011010010110100101 F
b11100 G
1H
b1010110100101101001011010010110100101101001011010010110100101101001011010010110100101101001011010010110100101 I

#12450000
0!
0/
0:

#12455000
1!
1/
19
1:
b101 A
0H

#12460000
0!
0/
0:

#12465000
1!
b1010 *
1/
b10100101000000000000000000000000000000000000000000000000000000000000000000000000000000000000000000000000000000000000000000000000 7
b11110 8
09
1:
b1010 =
b101 B
b10101101001011010010110100101101001011010010110100101101001011010010110100101101001011010010110100101101001011010 F
b11101 G
1H
b10101101001011010010110100101101001011010010110100101101001011010010110100101101001011010010110100101101001011010 I

#12470000
0!
0/
0:

#12475000
1!
1/
19
1:
b1010 A
0H

#12480000
0!
0/
0:

#12485000
1!
b101 *
1/
b1010000000000000000000000000000000000000000000000000000000000000000000000000000000000000000000000000000000000000000000000000000 7
b11111 8
09
1:
b101 =
b1010 B
b101011010010110100101101001011010010110100101101001011010010110100101101001011010010110100101101001011010010110100101 F
b11110 G
1H
b101011010010110100101101001011010010110100101101001011010010110100101101001011010010110100101101001011010010110100101 I

#12490000
0!
0/
0:

#12495000
1!
1/
19
1:
b101 A
0H

#12500000
0!
0/
0:

#12505000
1!
0+
1/
06
09
1:
0>
b101 B
b1010110100101101001011010010110100101101001011010010110100101101001011010010110100101101001011010010110100101101001011010 F
b11111 G
1H
b1010110100101101001011010010110100101101001011010010110100101101001011010010110100101101001011010010110100101101001011010 I

#12510000
0!
0/
0:

#12515000
1!
1/
1:
0?
0H

#12520000
0!
0/
0:

#12525000
1!
b10101101001011010010110100101101001011010010110100101101001011010010110100101101001011010010110100101101001011010010110100101 &
1'
1,
1/
13
1:
0@
0E
b0 F
b0 G
1H
b10101101001011010010110100101101001011010010110100101101001011010010110100101101001011010010110100101101001011010010110100101 I

#12530000
0!
0/
0:

#12535000
1!
b10000000000000000000000000001100000000000000000000000000000000100000000000000000000000000000000100000000000000000000000000000 #
1$
0'
b100101 -
1/
b10000000000000000000000000001100000000000000000000000000000000100000000000000000000000000000000100000000000000000000000000000 1
12
14
1:
0C

#12540000
0!
0/
0:

#12545000
1!
1%
1/
15
1:

#12550000
0!
0/
0:

#12555000
1!
0%
b1 *
1+
1/
16
b10000000000000000000000000001100000000000000000000000000000000100000000000000000000000000000000100000000000000000000000000000 7
b0 8
1:
b1 =
1>

#12560000
0!
0/
0:

#12565000
1!
0$
1/
02
19
1:
1?
b1 A

#12570000
0!
0/
0:

#12575000
1!
b0 *
1/
b11000000000000000000000000000000001000000000000000000000000000000001000000000000000000000000000000000 7
b1 8
09
1:
b0 =
1@
b1 B
1D

#12580000
0!
0/
0:

#12585000
1!
0,
1/
03
19
1:
b0 A
1C
0D
1E
0H

#12590000
0!
0/
0:

#12595000
1!
1/
04
b110000000000000000000000000000000010000000000000000000000000000000010000000000000000000000000000000000000 7
b10 8
09
1:
b0 B
b1 F
b1 G
1H
b1 I

#12600000
0!
0/
0:

#12605000
1!
1/
05
19
1:
0H

#12610000
0!
0/
0:

#12615000
1!
1/
b1100000000000000000000000000000000100000000000000000000000000000000100000000000000000000000000000000000000000 7
b11 8
09
1:
b10000 F
b10 G
1H
b10000 I

#12620000
0!
0/
0:

#12625000
1!
1/
19
1:
0H

#12630000
0!
0/
0:

#12635000
1!
1/
b11000000000000000000000000000000001000000000000000000000000000000001000000000000000000000000000000000000000000000 7
b100 8
09
1:
b100000000 F
b11 G
1H
b100000000 I

#12640000
0!
0/
0:

#12645000
1!
1/
19
1:
0H

#12650000
0!
0/
0:

#12655000
1!
1/
b110000000000000000000000000000000010000000000000000000000000000000010000000000000000000000000000000000000000000000000 7
b101 8
09
1:
b1000000000000 F
b100 G
1H
b1000000000000 I

#12660000
0!
0/
0:

#12665000
1!
1/
19
1:
0H

#12670000
0!
0/
0:

#12675000
1!
1/
b1100000000000000000000000000000000100000000000000000000000000000000100000000000000000000000000000000000000000000000000000 7
b110 8
09
1:
b10000000000000000 F
b101 G
1H
b10000000000000000 I

#12680000
0!
0/
0:

#12685000
1!
1/
19
1:
0H

#12690000
0!
0/
0:

#12695000
1!
b1 *
1/
b11000000000000000000000000000000001000000000000000000000000000000001000000000000000000000000000000000000000000000000000000000 7
b111 8
09
1:
b1 =
b100000000000000000000 F
b110 G
1H
b100000000000000000000 I

#12700000
0!
0/
0:

#12705000
1!
1/
19
1:
b1 A
0H

#12710000
0!
0/
0:

#12715000
1!
b1000 *
1/
b10000000000000000000000000000000010000000000000000000000000000000010000000000000000000000000000000000000000000000000000000000000 7
b1000 8
09
1:
b1000 =
b1 B
b1000000000000000000000000 F
b111 G
1H
b1000000000000000000000000 I

#12720000
0!
0/
0:

#12725000
1!
1/
19
1:
b1000 A
0H

#12730000
0!
0/
0:

#12735000
1!
b0 *
1/
b100000000000000000000000000000000100000000000000000000000000000000000000000000000000000000000000000 7
b1001 8
09
1:
b0 =
b1000 B
b10000000000000000000000000001 F
b1000 G
1H
b10000000000000000000000000001 I

#12740000
0!
0/
0:

#12745000
1!
1/
19
1:
b0 A
0H

#12750000
0!
0/
0:

#12755000
1!
1/
b1000000000000000000000000000000001000000000000000000000000000000000000000000000000000000000000000000000 7
b1010 8
09
1:
b0 B
b100000000000000000000000000011000 F
b1001 G
1H
b100000000000000000000000000011000 I

#12760000
0!
0/
0:

#12765000
1!
1/
19
1:
0H

#12770000
0!
0/
0:

#12775000
1!
1/
b10000000000000000000000000000000010000000000000000000000000000000000000000000000000000000000000000000000000 7
b1011 8
09
1:
b1000000000000000000000000000110000000 F
b1010 G
1H
b1000000000000000000000000000110000000 I

#12780000
0!
0/
0:

#12785000
1!
1/
19
1:
0H

#12790000
0!
0/
0:

#12795000
1!
1/
b100000000000000000000000000000000100000000000000000000000000000000000000000000000000000000000000000000000000000 7
b1100 8
09
1:
b10000000000000000000000000001100000000000 F
b1011 G
1H
b10000000000000000000000000001100000000000 I

#12800000
0!
0/
0:

#12805000
1!
1/
19
1:
0H

#12810000
0!
0/
0:

#12815000
1!
1/
b1000000000000000000000000000000001000000000000000000000000000000000000000000000000000000000000000000000000000000000 7
b1101 8
09
1:
b100000000000000000000000000011000000000000000 F
b1100 G
1H
b100000000000000000000000000011000000000000000 I

#12820000
0!
0/
0:

#12825000
1!
1/
19
1:
0H

#12830000
0!
0/
0:

#12835000
1!
1/
b10000000000000000000000000000000010000000000000000000000000000000000000000000000000000000000000000000000000000000000000 7
b1110 8
09
1:
b1000000000000000000000000000110000000000000000000 F
b1101 G
1H
b1000000000000000000000000000110000000000000000000 I

#12840000
0!
0/
0:

#12845000
1!
1/
19
1:
0H

#12850000
0!
0/
0:

#12855000
1!
1/
b100000000000000000000000000000000100000000000000000000000000000000000000000000000000000000000000000000000000000000000000000 7
b1111 8
09
1:
b10000000000000000000000000001100000000000000000000000 F
b1110 G
1H
b10000000000000000000000000001100000000000000000000000 I

#12860000
0!
0/
0:

#12865000
1!
1/
19
1:
0H

#12870000
0!
0/
0:

#12875000
1!
b100 *
1/
b1000000000000000000000000000000001000000000000000000000000000000000000000000000000000000000000000000000000000000000000000000000 7
b10000 8
09
1:
b100 =
b100000000000000000000000000011000000000000000000000000000 F
b1111 G
1H
b100000000000000000000000000011000000000000000000000000000 I

#12880000
0!
0/
0:

#12885000
1!
1/
19
1:
b100 A
0H

#12890000
0!
0/
0:

#12895000
1!
b0 *
1/
b10000000000000000000000000000000000000000000000000000000000000000000000000000000000000000000000000 7
b10001 8
09
1:
b0 =
b100 B
b1000000000000000000000000000110000000000000000000000000000000 F
b10000 G
1H
b1000000000000000000000000000110000000000000000000000000000000 I

#12900000
0!
0/
0:

#12905000
1!
1/
19
1:
b0 A
0H

#12910000
0!
0/
0:

#12915000
1!
1/
b100000000000000000000000000000000000000000000000000000000000000000000000000000000000000000000000000000 7
b10010 8
09
1:
b0 B
b10000000000000000000000000001100000000000000000000000000000000100 F
b10001 G
1H
b10000000000000000000000000001100000000000000000000000000000000100 I

#12920000
0!
0/
0:

#12925000
1!
1/
19
1:
0H

#12930000
0!
0/
0:

#12935000
1!
1/
b1000000000000000000000000000000000000000000000000000000000000000000000000000000000000000000000000000000000 7
b10011 8
09
1:
b100000000000000000000000000011000000000000000000000000000000001000000 F
b10010 G
1H
b100000000000000000000000000011000000000000000000000000000000001000000 I

#12940000
0!
0/
0:

#12945000
1!
1/
19
1:
0H

#12950000
0!
0/
0:

#12955000
1!
1/
b10000000000000000000000000000000000000000000000000000000000000000000000000000000000000000000000000000000000000 7
b10100 8
09
1:
b1000000000000000000000000000110000000000000000000000000000000010000000000 F
b10011 G
1H
b1000000000000000000000000000110000000000000000000000000000000010000000000 I

#12960000
0!
0/
0:

#12965000
1!
1/
19
1:
0H

#12970000
0!
0/
0:

#12975000
1!
1/
b100000000000000000000000000000000000000000000000000000000000000000000000000000000000000000000000000000000000000000 7
b10101 8
09
1:
b10000000000000000000000000001100000000000000000000000000000000100000000000000 F
b10100 G
1H
b10000000000000000000000000001100000000000000000000000000000000100000000000000 I

#12980000
0!
0/
0:

#12985000
1!
1/
19
1:
0H

#12990000
0!
0/
0:

#12995000
1!
1/
b1000000000000000000000000000000000000000000000000000000000000000000000000000000000000000000000000000000000000000000000 7
b10110 8
09
1:
b100000000000000000000000000011000000000000000000000000000000001000000000000000000 F
b10101 G
1H
b100000000000000000000000000011000000000000000000000000000000001000000000000000000 I

#13000000
0!
0/
0:

#13005000
1!
1/
19
1:
0H

#13010000
0!
0/
0:

#13015000
1!
1/
b10000000000000000000000000000000000000000000000000000000000000000000000000000000000000000000000000000000000000000000000000 7
b10111 8
09
1:
b1000000000000000000000000000110000000000000000000000000000000010000000000000000000000 F
b10110 G
1H
b1000000000000000000000000000110000000000000000000000000000000010000000000000000000000 I

#13020000
0!
0/
0:

#13025000
1!
1/
19
1:
0H

#13030000
0!
0/
0:

#13035000
1!
b10 *
1/
b100000000000000000000000000000000000000000000000000000000000000000000000000000000000000000000000000000000000000000000000000000 7
b11000 8
09
1:
b10 =
b10000000000000000000000000001100000000000000000000000000000000100000000000000000000000000 F
b10111 G
1H
b10000000000000000000000000001100000000000000000000000000000000100000000000000000000000000 I

#13040000
0!
0/
0:

#13045000
1!
1/
19
1:
b10 A
0H

#13050000
0!
0/
0:

#13055000
1!
b0 *
1/
b0 7
b11001 8
09
1:
b0 =
b10 B
b100000000000000000000000000011000000000000000000000000000000001000000000000000000000000000000 F
b11000 G
1H
b100000000000000000000000000011000000000000000000000000000000001000000000000000000000000000000 I

#13060000
0!
0/
0:

#13065000
1!
1/
19
1:
b0 A
0H

#13070000
0!
0/
0:

#13075000
1!
1/
b11010 8
09
1:
b0 B
b1000000000000000000000000000110000000000000000000000000000000010000000000000000000000000000000010 F
b11001 G
1H
b1000000000000000000000000000110000000000000000000000000000000010000000000000000000000000000000010 I

#13080000
0!
0/
0:

#13085000
1!
1/
19
1:
0H

#13090000
0!
0/
0:

#13095000
1!
1/
b11011 8
09
1:
b10000000000000000000000000001100000000000000000000000000000000100000000000000000000000000000000100000 F
b11010 G
1H
b10000000000000000000000000001100000000000000000000000000000000100000000000000000000000000000000100000 I

#13100000
0!
0/
0:

#13105000
1!
1/
19
1:
0H

#13110000
0!
0/
0:

#13115000
1!
1/
b11100 8
09
1:
b100000000000000000000000000011000000000000000000000000000000001000000000000000000000000000000001000000000 F
b11011 G
1H
b100000000000000000000000000011000000000000000000000000000000001000000000000000000000000000000001000000000 I

#13120000
0!
0/
0:

#13125000
1!
1/
19
1:
0H

#13130000
0!
0/
0:

#13135000
1!
1/
b11101 8
09
1:
b1000000000000000000000000000110000000000000000000000000000000010000000000000000000000000000000010000000000000 F
b11100 G
1H
b1000000000000000000000000000110000000000000000000000000000000010000000000000000000000000000000010000000000000 I

#13140000
0!
0/
0:

#13145000
1!
1/
19
1:
0H

#13150000
0!
0/
0:

#13155000
1!
1/
b11110 8
09
1:
b10000000000000000000000000001100000000000000000000000000000000100000000000000000000000000000000100000000000000000 F
b11101 G
1H
b10000000000000000000000000001100000000000000000000000000000000100000000000000000000000000000000100000000000000000 I

#13160000
0!
0/
0:

#13165000
1!
1/
19
1:
0H

#13170000
0!
0/
0:

#13175000
1!
1/
b11111 8
09
1:
b100000000000000000000000000011000000000000000000000000000000001000000000000000000000000000000001000000000000000000000 F
b11110 G
1H
b100000000000000000000000000011000000000000000000000000000000001000000000000000000000000000000001000000000000000000000 I

#13180000
0!
0/
0:

#13185000
1!
1/
19
1:
0H

#13190000
0!
0/
0:

#13195000
1!
0+
1/
06
09
1:
0>
b1000000000000000000000000000110000000000000000000000000000000010000000000000000000000000000000010000000000000000000000000 F
b11111 G
1H
b1000000000000000000000000000110000000000000000000000000000000010000000000000000000000000000000010000000000000000000000000 I

#13200000
0!
0/
0:

#13205000
1!
1/
1:
0?
0H

#13210000
0!
0/
0:

#13215000
1!
b10000000000000000000000000001100000000000000000000000000000000100000000000000000000000000000000100000000000000000000000000000 &
1'
1,
1/
13
1:
0@
0E
b0 F
b0 G
1H
b10000000000000000000000000001100000000000000000000000000000000100000000000000000000000000000000100000000000000000000000000000 I

#13220000
0!
0/
0:

#13225000
1!
b101000 -
1/
1:
