Copyright 1986-2022 Xilinx, Inc. All Rights Reserved. Copyright 2022-2025 Advanced Micro Devices, Inc. All Rights Reserved.
-----------------------------------------------------------------------------------------------------------------------------------------------------------------------------------------------------------------------------------------------------------
| Tool Version      : Vivado v.2025.2 (win64) Build 6299465 Fri Nov 14 19:35:11 GMT 2025
| Date              : Wed Apr 29 01:56:57 2026
| Host              : Kushal2009 running 64-bit major release  (build 9200)
| Command           : report_timing_summary -max_paths 10 -routable_nets -report_unconstrained -file system_wrapper_timing_summary_routed.rpt -pb system_wrapper_timing_summary_routed.pb -rpx system_wrapper_timing_summary_routed.rpx -warn_on_violation
| Design            : system_wrapper
| Device            : xczu3eg-sfvc784
| Speed File        : -2  PRODUCTION 1.30 05-15-2022
| Design State      : Routed
| Temperature Grade : E
-----------------------------------------------------------------------------------------------------------------------------------------------------------------------------------------------------------------------------------------------------------

Timing Summary Report

------------------------------------------------------------------------------------------------
| Timer Settings
| --------------
------------------------------------------------------------------------------------------------

  Enable Multi Corner Analysis               :  Yes
  Enable Pessimism Removal                   :  Yes
  Pessimism Removal Resolution               :  Nearest Common Node
  Enable Input Delay Default Clock           :  No
  Enable Preset / Clear Arcs                 :  No
  Disable Flight Delays                      :  No
  Ignore I/O Paths                           :  No
  Timing Early Launch at Borrowing Latches   :  No
  Borrow Time for Max Delay Exceptions       :  Yes
  Merge Timing Exceptions                    :  Yes
  Inter-SLR Compensation                     :  Conservative

  Corner  Analyze    Analyze    
  Name    Max Paths  Min Paths  
  ------  ---------  ---------  
  Slow    Yes        Yes        
  Fast    Yes        Yes        


------------------------------------------------------------------------------------------------
| Report Methodology
| ------------------
------------------------------------------------------------------------------------------------

Rule       Severity  Description                    Violations  
---------  --------  -----------------------------  ----------  
DPIR-2     Warning   Asynchronous driver check      424         
TIMING-18  Warning   Missing input or output delay  38          

Note: This report is based on the most recent report_methodology run and may not be up-to-date. Run report_methodology on the current design for the latest report.



check_timing report

Table of Contents
-----------------
1. checking no_clock (0)
2. checking constant_clock (0)
3. checking pulse_width_clock (0)
4. checking unconstrained_internal_endpoints (0)
5. checking no_input_delay (12)
6. checking no_output_delay (17)
7. checking multiple_clock (0)
8. checking generated_clocks (0)
9. checking loops (0)
10. checking partial_input_delay (0)
11. checking partial_output_delay (0)
12. checking latch_loops (0)

1. checking no_clock (0)
------------------------
 There are 0 register/latch pins with no clock.


2. checking constant_clock (0)
------------------------------
 There are 0 register/latch pins with constant_clock.


3. checking pulse_width_clock (0)
---------------------------------
 There are 0 register/latch pins which need pulse_width check


4. checking unconstrained_internal_endpoints (0)
------------------------------------------------
 There are 0 pins that are not constrained for maximum delay.

 There are 0 pins that are not constrained for maximum delay due to constant clock.


5. checking no_input_delay (12)
-------------------------------
 There are 12 input ports with no input delay specified. (HIGH)

 There are 0 input ports with no input delay but user has a false path constraint.


6. checking no_output_delay (17)
--------------------------------
 There are 17 ports with no output delay specified. (HIGH)

 There are 0 ports with no output delay but user has a false path constraint

 There are 0 ports with no output delay but with a timing clock defined on it or propagating through it


7. checking multiple_clock (0)
------------------------------
 There are 0 register/latch pins with multiple clocks.


8. checking generated_clocks (0)
--------------------------------
 There are 0 generated clocks that are not connected to a clock source.


9. checking loops (0)
---------------------
 There are 0 combinational loops in the design.


10. checking partial_input_delay (0)
------------------------------------
 There are 0 input ports with partial input delay specified.


11. checking partial_output_delay (0)
-------------------------------------
 There are 0 ports with partial output delay specified.


12. checking latch_loops (0)
----------------------------
 There are 0 combinational latch loops in the design through latch input



------------------------------------------------------------------------------------------------
| Design Timing Summary
| ---------------------
------------------------------------------------------------------------------------------------

    WNS(ns)      TNS(ns)  TNS Failing Endpoints  TNS Total Endpoints      WHS(ns)      THS(ns)  THS Failing Endpoints  THS Total Endpoints     WPWS(ns)     TPWS(ns)  TPWS Failing Endpoints  TPWS Total Endpoints  
    -------      -------  ---------------------  -------------------      -------      -------  ---------------------  -------------------     --------     --------  ----------------------  --------------------  
      5.697        0.000                      0                30297        0.009        0.000                      0                30297        8.812        0.000                       0                 12182  


All user specified timing constraints are met.


------------------------------------------------------------------------------------------------
| Clock Summary
| -------------
------------------------------------------------------------------------------------------------

Clock     Waveform(ns)       Period(ns)      Frequency(MHz)
-----     ------------       ----------      --------------
clk_pl_0  {0.000 10.313}     20.625          48.485          


------------------------------------------------------------------------------------------------
| Intra Clock Table
| -----------------
------------------------------------------------------------------------------------------------

Clock             WNS(ns)      TNS(ns)  TNS Failing Endpoints  TNS Total Endpoints      WHS(ns)      THS(ns)  THS Failing Endpoints  THS Total Endpoints     WPWS(ns)     TPWS(ns)  TPWS Failing Endpoints  TPWS Total Endpoints  
-----             -------      -------  ---------------------  -------------------      -------      -------  ---------------------  -------------------     --------     --------  ----------------------  --------------------  
clk_pl_0            5.697        0.000                      0                24387        0.009        0.000                      0                24387        8.812        0.000                       0                 12182  


------------------------------------------------------------------------------------------------
| Inter Clock Table
| -----------------
------------------------------------------------------------------------------------------------

From Clock    To Clock          WNS(ns)      TNS(ns)  TNS Failing Endpoints  TNS Total Endpoints      WHS(ns)      THS(ns)  THS Failing Endpoints  THS Total Endpoints  
----------    --------          -------      -------  ---------------------  -------------------      -------      -------  ---------------------  -------------------  


------------------------------------------------------------------------------------------------
| Other Path Groups Table
| -----------------------
------------------------------------------------------------------------------------------------

Path Group         From Clock         To Clock               WNS(ns)      TNS(ns)  TNS Failing Endpoints  TNS Total Endpoints      WHS(ns)      THS(ns)  THS Failing Endpoints  THS Total Endpoints  
----------         ----------         --------               -------      -------  ---------------------  -------------------      -------      -------  ---------------------  -------------------  
**async_default**  clk_pl_0           clk_pl_0                17.275        0.000                      0                 5910        1.241        0.000                      0                 5910  


------------------------------------------------------------------------------------------------
| User Ignored Path Table
| -----------------------
------------------------------------------------------------------------------------------------

Path Group    From Clock    To Clock    
----------    ----------    --------    
(none)                      clk_pl_0      
(none)        clk_pl_0      clk_pl_0      


------------------------------------------------------------------------------------------------
| Unconstrained Path Table
| ------------------------
------------------------------------------------------------------------------------------------

Path Group    From Clock    To Clock    
----------    ----------    --------    
(none)                                    
(none)        clk_pl_0                    
(none)                      clk_pl_0      


------------------------------------------------------------------------------------------------
| Timing Details
| --------------
------------------------------------------------------------------------------------------------


---------------------------------------------------------------------------------------------------
From Clock:  clk_pl_0
  To Clock:  clk_pl_0

Setup :            0  Failing Endpoints,  Worst Slack        5.697ns,  Total Violation        0.000ns
Hold  :            0  Failing Endpoints,  Worst Slack        0.009ns,  Total Violation        0.000ns
PW    :            0  Failing Endpoints,  Worst Slack        8.812ns,  Total Violation        0.000ns
---------------------------------------------------------------------------------------------------


Max Delay Paths
--------------------------------------------------------------------------------------
Slack (MET) :             5.697ns  (required time - arrival time)
  Source:                 system_i/hft_core/inst/u_core/u_axi_regs/active_sym_count_reg[0]/C
                            (rising edge-triggered cell FDCE clocked by clk_pl_0  {rise@0.000ns fall@10.312ns period=20.625ns})
  Destination:            system_i/hft_core/inst/u_core/u_market_sim/u_market_noise_gen/sec_drift_q16_16_reg[3][8]/D
                            (rising edge-triggered cell FDCE clocked by clk_pl_0  {rise@0.000ns fall@10.312ns period=20.625ns})
  Path Group:             clk_pl_0
  Path Type:              Setup (Max at Slow Process Corner)
  Requirement:            20.625ns  (clk_pl_0 rise@20.625ns - clk_pl_0 rise@0.000ns)
  Data Path Delay:        14.618ns  (logic 6.256ns (42.796%)  route 8.362ns (57.204%))
  Logic Levels:           56  (CARRY8=2 DSP_A_B_DATA=1 DSP_ALU=1 DSP_M_DATA=1 DSP_MULTIPLIER=1 DSP_OUTPUT=1 DSP_PREADD_DATA=1 LUT2=2 LUT4=2 LUT5=12 LUT6=19 MUXF7=13)
  Clock Path Skew:        -0.127ns (DCD - SCD + CPR)
    Destination Clock Delay (DCD):    1.606ns = ( 22.231 - 20.625 ) 
    Source Clock Delay      (SCD):    1.830ns
    Clock Pessimism Removal (CPR):    0.097ns
  Clock Uncertainty:      0.207ns  ((TSJ^2 + DJ^2)^1/2) / 2 + PE
    Total System Jitter     (TSJ):    0.071ns
    Discrete Jitter          (DJ):    0.409ns
    Phase Error              (PE):    0.000ns
  Clock Net Delay (Source):      1.631ns (routing 0.591ns, distribution 1.040ns)
  Clock Net Delay (Destination): 1.446ns (routing 0.533ns, distribution 0.913ns)

    Location             Delay type                Incr(ns)  Path(ns)    Netlist Resource(s)
  -------------------------------------------------------------------    -------------------
                         (clock clk_pl_0 rise edge)
                                                      0.000     0.000 r  
    PS8_X0Y0             PS8                          0.000     0.000 r  system_i/zynq_ps/inst/PS8_i/PLCLK[0]
                         net (fo=1, routed)           0.171     0.171    system_i/zynq_ps/inst/pl_clk_unbuffered[0]
    BUFG_PS_X0Y58        BUFG_PS (Prop_BUFG_PS_I_O)
                                                      0.028     0.199 r  system_i/zynq_ps/inst/buffer_pl_clk_0.PL_CLK_0_BUFG/O
    X0Y1 (CLOCK_ROOT)    net (fo=12182, routed)       1.631     1.830    system_i/hft_core/inst/u_core/u_axi_regs/clk
    SLICE_X24Y64         FDCE                                         r  system_i/hft_core/inst/u_core/u_axi_regs/active_sym_count_reg[0]/C
  -------------------------------------------------------------------    -------------------
    SLICE_X24Y64         FDCE (Prop_HFF2_SLICEM_C_Q)
                                                      0.078     1.908 r  system_i/hft_core/inst/u_core/u_axi_regs/active_sym_count_reg[0]/Q
                         net (fo=6, routed)           0.553     2.461    system_i/hft_core/inst/u_core/u_axi_regs/active_sym_count[0]
    SLICE_X26Y105        LUT5 (Prop_D5LUT_SLICEL_I4_O)
                                                      0.096     2.557 r  system_i/hft_core/inst/u_core/u_axi_regs/lfsr_reg[31]_i_6/O
                         net (fo=120, routed)         0.345     2.902    system_i/hft_core/inst/u_core/u_axi_regs/u_market_sim/active_count_eff[0]
    SLICE_X28Y112        LUT5 (Prop_D6LUT_SLICEM_I4_O)
                                                      0.099     3.001 r  system_i/hft_core/inst/u_core/u_axi_regs/lfsr_reg[31]_i_4__0/O
                         net (fo=15, routed)          0.218     3.219    system_i/hft_core/inst/u_core/u_axi_regs/u_market_sim/u_market_noise_gen/company_noise_q16_161
    SLICE_X28Y105        LUT4 (Prop_C5LUT_SLICEM_I0_O)
                                                      0.068     3.287 r  system_i/hft_core/inst/u_core/u_axi_regs/p_1_out0__2_i_70/O
                         net (fo=1, routed)           0.148     3.435    system_i/hft_core/inst/u_core/u_axi_regs/u_market_sim/u_market_noise_gen/sector_pop1_out
    SLICE_X28Y105        LUT6 (Prop_G6LUT_SLICEM_I5_O)
                                                      0.150     3.585 r  system_i/hft_core/inst/u_core/u_axi_regs/p_1_out0__2_i_69/O
                         net (fo=2, routed)           0.152     3.737    system_i/hft_core/inst/u_core/u_axi_regs/p_1_out0__2_i_69_n_0
    SLICE_X27Y105        LUT6 (Prop_D6LUT_SLICEL_I0_O)
                                                      0.146     3.883 r  system_i/hft_core/inst/u_core/u_axi_regs/p_1_out0_i_281/O
                         net (fo=9, routed)           0.009     3.892    system_i/hft_core/inst/u_core/u_axi_regs/p_1_out0_i_281_n_0
    SLICE_X27Y105        MUXF7 (Prop_F7MUX_CD_SLICEL_I0_O)
                                                      0.063     3.955 r  system_i/hft_core/inst/u_core/u_axi_regs/p_1_out0_i_276/O
                         net (fo=9, routed)           0.227     4.182    system_i/hft_core/inst/u_core/u_axi_regs/p_1_out0_i_276_n_0
    SLICE_X28Y103        LUT5 (Prop_H6LUT_SLICEM_I0_O)
                                                      0.152     4.334 r  system_i/hft_core/inst/u_core/u_axi_regs/p_1_out0__2_i_65/O
                         net (fo=2, routed)           0.099     4.433    system_i/hft_core/inst/u_core/u_axi_regs/p_1_out0__2_i_65_n_0
    SLICE_X28Y102        LUT6 (Prop_D6LUT_SLICEM_I0_O)
                                                      0.099     4.532 r  system_i/hft_core/inst/u_core/u_axi_regs/p_1_out0_i_270/O
                         net (fo=2, routed)           0.025     4.557    system_i/hft_core/inst/u_core/u_axi_regs/p_1_out0_i_270_n_0
    SLICE_X28Y102        MUXF7 (Prop_F7MUX_CD_SLICEM_I0_O)
                                                      0.069     4.626 r  system_i/hft_core/inst/u_core/u_axi_regs/p_1_out0_i_263/O
                         net (fo=8, routed)           0.165     4.791    system_i/hft_core/inst/u_core/u_axi_regs/p_1_out0_i_263_n_0
    SLICE_X27Y102        LUT5 (Prop_F6LUT_SLICEL_I2_O)
                                                      0.123     4.914 r  system_i/hft_core/inst/u_core/u_axi_regs/p_1_out0__3_i_61/O
                         net (fo=2, routed)           0.094     5.008    system_i/hft_core/inst/u_core/u_axi_regs/p_1_out0__3_i_61_n_0
    SLICE_X26Y102        LUT6 (Prop_C6LUT_SLICEL_I5_O)
                                                      0.123     5.131 r  system_i/hft_core/inst/u_core/u_axi_regs/p_1_out0_i_257/O
                         net (fo=1, routed)           0.010     5.141    system_i/hft_core/inst/u_core/u_axi_regs/p_1_out0_i_257_n_0
    SLICE_X26Y102        MUXF7 (Prop_F7MUX_CD_SLICEL_I1_O)
                                                      0.064     5.205 r  system_i/hft_core/inst/u_core/u_axi_regs/p_1_out0_i_248/O
                         net (fo=16, routed)          0.220     5.425    system_i/hft_core/inst/u_core/u_axi_regs/p_1_out0_i_248_n_0
    SLICE_X25Y103        LUT5 (Prop_E6LUT_SLICEL_I1_O)
                                                      0.147     5.572 r  system_i/hft_core/inst/u_core/u_axi_regs/p_1_out0__5_i_58/O
                         net (fo=2, routed)           0.150     5.722    system_i/hft_core/inst/u_core/u_axi_regs/p_1_out0__5_i_58_n_0
    SLICE_X24Y102        LUT6 (Prop_C6LUT_SLICEM_I1_O)
                                                      0.145     5.867 r  system_i/hft_core/inst/u_core/u_axi_regs/p_1_out0_i_244/O
                         net (fo=1, routed)           0.021     5.888    system_i/hft_core/inst/u_core/u_axi_regs/p_1_out0_i_244_n_0
    SLICE_X24Y102        MUXF7 (Prop_F7MUX_CD_SLICEM_I1_O)
                                                      0.068     5.956 r  system_i/hft_core/inst/u_core/u_axi_regs/p_1_out0_i_235/O
                         net (fo=16, routed)          0.205     6.162    system_i/hft_core/inst/u_core/u_axi_regs/p_1_out0_i_235_n_0
    SLICE_X24Y102        LUT5 (Prop_F6LUT_SLICEM_I1_O)
                                                      0.088     6.250 r  system_i/hft_core/inst/u_core/u_axi_regs/p_1_out0__5_i_54/O
                         net (fo=2, routed)           0.206     6.456    system_i/hft_core/inst/u_core/u_axi_regs/p_1_out0__5_i_54_n_0
    SLICE_X22Y102        LUT6 (Prop_C6LUT_SLICEL_I1_O)
                                                      0.096     6.552 r  system_i/hft_core/inst/u_core/u_axi_regs/p_1_out0_i_231/O
                         net (fo=1, routed)           0.010     6.562    system_i/hft_core/inst/u_core/u_axi_regs/p_1_out0_i_231_n_0
    SLICE_X22Y102        MUXF7 (Prop_F7MUX_CD_SLICEL_I1_O)
                                                      0.064     6.626 r  system_i/hft_core/inst/u_core/u_axi_regs/p_1_out0_i_222/O
                         net (fo=16, routed)          0.197     6.822    system_i/hft_core/inst/u_core/u_axi_regs/p_1_out0_i_222_n_0
    SLICE_X22Y101        LUT5 (Prop_F6LUT_SLICEL_I1_O)
                                                      0.035     6.857 r  system_i/hft_core/inst/u_core/u_axi_regs/p_1_out0__0_i_50/O
                         net (fo=3, routed)           0.196     7.053    system_i/hft_core/inst/u_core/u_axi_regs/p_1_out0__0_i_50_n_0
    SLICE_X21Y104        LUT6 (Prop_D6LUT_SLICEL_I3_O)
                                                      0.122     7.175 r  system_i/hft_core/inst/u_core/u_axi_regs/p_1_out0_i_217/O
                         net (fo=1, routed)           0.009     7.184    system_i/hft_core/inst/u_core/u_axi_regs/p_1_out0_i_217_n_0
    SLICE_X21Y104        MUXF7 (Prop_F7MUX_CD_SLICEL_I0_O)
                                                      0.063     7.247 r  system_i/hft_core/inst/u_core/u_axi_regs/p_1_out0_i_204/O
                         net (fo=18, routed)          0.208     7.455    system_i/hft_core/inst/u_core/u_axi_regs/p_1_out0_i_204_n_0
    SLICE_X22Y104        LUT5 (Prop_H6LUT_SLICEL_I1_O)
                                                      0.090     7.545 r  system_i/hft_core/inst/u_core/u_axi_regs/p_1_out0__6_i_46/O
                         net (fo=2, routed)           0.144     7.689    system_i/hft_core/inst/u_core/u_axi_regs/p_1_out0__6_i_46_n_0
    SLICE_X23Y104        LUT6 (Prop_G6LUT_SLICEL_I0_O)
                                                      0.089     7.778 r  system_i/hft_core/inst/u_core/u_axi_regs/p_1_out0_i_193/O
                         net (fo=2, routed)           0.008     7.786    system_i/hft_core/inst/u_core/u_axi_regs/p_1_out0_i_193_n_0
    SLICE_X23Y104        MUXF7 (Prop_F7MUX_GH_SLICEL_I1_O)
                                                      0.063     7.849 r  system_i/hft_core/inst/u_core/u_axi_regs/p_1_out0_i_186/O
                         net (fo=17, routed)          0.298     8.147    system_i/hft_core/inst/u_core/u_axi_regs/p_1_out0_i_186_n_0
    SLICE_X22Y106        LUT5 (Prop_E6LUT_SLICEL_I1_O)
                                                      0.099     8.246 r  system_i/hft_core/inst/u_core/u_axi_regs/p_1_out0__5_i_41/O
                         net (fo=2, routed)           0.164     8.410    system_i/hft_core/inst/u_core/u_axi_regs/p_1_out0__5_i_41_n_0
    SLICE_X24Y106        LUT6 (Prop_C6LUT_SLICEM_I1_O)
                                                      0.037     8.447 r  system_i/hft_core/inst/u_core/u_axi_regs/p_1_out0_i_172/O
                         net (fo=2, routed)           0.021     8.468    system_i/hft_core/inst/u_core/u_axi_regs/p_1_out0_i_172_n_0
    SLICE_X24Y106        MUXF7 (Prop_F7MUX_CD_SLICEM_I1_O)
                                                      0.068     8.536 r  system_i/hft_core/inst/u_core/u_axi_regs/p_1_out0_i_165/O
                         net (fo=17, routed)          0.210     8.746    system_i/hft_core/inst/u_core/u_axi_regs/p_1_out0_i_165_n_0
    SLICE_X26Y106        LUT5 (Prop_G6LUT_SLICEL_I1_O)
                                                      0.050     8.796 r  system_i/hft_core/inst/u_core/u_axi_regs/p_1_out0__2_i_36/O
                         net (fo=3, routed)           0.151     8.947    system_i/hft_core/inst/u_core/u_axi_regs/p_1_out0__2_i_36_n_0
    SLICE_X25Y107        LUT6 (Prop_D6LUT_SLICEL_I0_O)
                                                      0.099     9.046 r  system_i/hft_core/inst/u_core/u_axi_regs/p_1_out0_i_163/O
                         net (fo=1, routed)           0.009     9.055    system_i/hft_core/inst/u_core/u_axi_regs/p_1_out0_i_163_n_0
    SLICE_X25Y107        MUXF7 (Prop_F7MUX_CD_SLICEL_I0_O)
                                                      0.063     9.118 r  system_i/hft_core/inst/u_core/u_axi_regs/p_1_out0_i_144/O
                         net (fo=17, routed)          0.202     9.319    system_i/hft_core/inst/u_core/u_axi_regs/p_1_out0_i_144_n_0
    SLICE_X26Y108        LUT5 (Prop_C6LUT_SLICEL_I1_O)
                                                      0.035     9.354 r  system_i/hft_core/inst/u_core/u_axi_regs/p_1_out0__4_i_31/O
                         net (fo=2, routed)           0.155     9.509    system_i/hft_core/inst/u_core/u_axi_regs/p_1_out0__4_i_31_n_0
    SLICE_X26Y109        LUT6 (Prop_G6LUT_SLICEL_I3_O)
                                                      0.123     9.632 r  system_i/hft_core/inst/u_core/u_axi_regs/p_1_out0_i_130/O
                         net (fo=2, routed)           0.008     9.640    system_i/hft_core/inst/u_core/u_axi_regs/p_1_out0_i_130_n_0
    SLICE_X26Y109        MUXF7 (Prop_F7MUX_GH_SLICEL_I1_O)
                                                      0.063     9.703 r  system_i/hft_core/inst/u_core/u_axi_regs/p_1_out0_i_119/O
                         net (fo=17, routed)          0.258     9.961    system_i/hft_core/inst/u_core/u_axi_regs/p_1_out0_i_119_n_0
    SLICE_X26Y109        LUT5 (Prop_F6LUT_SLICEL_I1_O)
                                                      0.035     9.996 r  system_i/hft_core/inst/u_core/u_axi_regs/p_1_out0__0_i_26/O
                         net (fo=5, routed)           0.098    10.094    system_i/hft_core/inst/u_core/u_axi_regs/p_1_out0__0_i_26_n_0
    SLICE_X25Y109        LUT6 (Prop_D6LUT_SLICEL_I3_O)
                                                      0.122    10.216 r  system_i/hft_core/inst/u_core/u_axi_regs/p_1_out0_i_117/O
                         net (fo=1, routed)           0.009    10.225    system_i/hft_core/inst/u_core/u_axi_regs/p_1_out0_i_117_n_0
    SLICE_X25Y109        MUXF7 (Prop_F7MUX_CD_SLICEL_I0_O)
                                                      0.063    10.288 r  system_i/hft_core/inst/u_core/u_axi_regs/p_1_out0_i_89/O
                         net (fo=18, routed)          0.151    10.440    system_i/hft_core/inst/u_core/u_axi_regs/p_1_out0_i_89_n_0
    SLICE_X23Y109        LUT2 (Prop_D5LUT_SLICEL_I1_O)
                                                      0.096    10.536 r  system_i/hft_core/inst/u_core/u_axi_regs/p_1_out0_i_113/O
                         net (fo=12, routed)          0.238    10.773    system_i/hft_core/inst/u_core/u_axi_regs/p_1_out0_i_113_n_0
    SLICE_X22Y109        LUT6 (Prop_E6LUT_SLICEL_I0_O)
                                                      0.147    10.920 r  system_i/hft_core/inst/u_core/u_axi_regs/p_1_out0_i_82/O
                         net (fo=1, routed)           0.239    11.159    system_i/hft_core/inst/u_core/u_axi_regs/p_1_out0_i_82_n_0
    SLICE_X22Y109        LUT6 (Prop_H6LUT_SLICEL_I3_O)
                                                      0.051    11.210 r  system_i/hft_core/inst/u_core/u_axi_regs/p_1_out0_i_52/O
                         net (fo=8, routed)           0.204    11.414    system_i/hft_core/inst/u_core/u_axi_regs/p_1_out0_i_52_n_0
    SLICE_X23Y112        LUT6 (Prop_C6LUT_SLICEL_I1_O)
                                                      0.096    11.510 r  system_i/hft_core/inst/u_core/u_axi_regs/p_1_out0__3_i_14/O
                         net (fo=2, routed)           0.117    11.627    system_i/hft_core/inst/u_core/u_axi_regs/p_1_out0__3_i_14_n_0
    SLICE_X24Y112        LUT6 (Prop_G6LUT_SLICEM_I5_O)
                                                      0.150    11.777 r  system_i/hft_core/inst/u_core/u_axi_regs/p_1_out0_i_44/O
                         net (fo=1, routed)           0.017    11.794    system_i/hft_core/inst/u_core/u_axi_regs/p_1_out0_i_44_n_0
    SLICE_X24Y112        MUXF7 (Prop_F7MUX_GH_SLICEM_I1_O)
                                                      0.067    11.861 r  system_i/hft_core/inst/u_core/u_axi_regs/p_1_out0_i_26/O
                         net (fo=16, routed)          0.185    12.046    system_i/hft_core/inst/u_core/u_axi_regs/p_1_out0_i_26_n_0
    SLICE_X22Y112        LUT6 (Prop_G6LUT_SLICEL_I1_O)
                                                      0.097    12.143 f  system_i/hft_core/inst/u_core/u_axi_regs/p_1_out0__5_i_9/O
                         net (fo=2, routed)           0.262    12.405    system_i/hft_core/inst/u_core/u_axi_regs/p_1_out0__5_i_9_n_0
    SLICE_X21Y114        LUT6 (Prop_C6LUT_SLICEL_I1_O)
                                                      0.050    12.455 f  system_i/hft_core/inst/u_core/u_axi_regs/p_1_out0_i_24/O
                         net (fo=1, routed)           0.010    12.465    system_i/hft_core/inst/u_core/u_axi_regs/p_1_out0_i_24_n_0
    SLICE_X21Y114        MUXF7 (Prop_F7MUX_CD_SLICEL_I1_O)
                                                      0.064    12.529 f  system_i/hft_core/inst/u_core/u_axi_regs/p_1_out0_i_10/O
                         net (fo=16, routed)          0.451    12.980    system_i/hft_core/inst/u_core/u_axi_regs/p_1_out0_i_10_n_0
    SLICE_X16Y119        LUT6 (Prop_B6LUT_SLICEM_I5_O)
                                                      0.100    13.080 f  system_i/hft_core/inst/u_core/u_axi_regs/p_1_out0__2_i_1/O
                         net (fo=1, routed)           0.526    13.606    system_i/hft_core/inst/u_core/u_market_sim/u_market_noise_gen/p_1_out0__2/B[4]
    DSP48E2_X0Y53        DSP_A_B_DATA (Prop_DSP_A_B_DATA_DSP48E2_B[4]_B2_DATA[4])
                                                      0.151    13.757 r  system_i/hft_core/inst/u_core/u_market_sim/u_market_noise_gen/p_1_out0__2/DSP_A_B_DATA_INST/B2_DATA[4]
                         net (fo=1, routed)           0.000    13.757    system_i/hft_core/inst/u_core/u_market_sim/u_market_noise_gen/p_1_out0__2/DSP_A_B_DATA.B2_DATA<4>
    DSP48E2_X0Y53        DSP_PREADD_DATA (Prop_DSP_PREADD_DATA_DSP48E2_B2_DATA[4]_B2B1[4])
                                                      0.073    13.830 r  system_i/hft_core/inst/u_core/u_market_sim/u_market_noise_gen/p_1_out0__2/DSP_PREADD_DATA_INST/B2B1[4]
                         net (fo=1, routed)           0.000    13.830    system_i/hft_core/inst/u_core/u_market_sim/u_market_noise_gen/p_1_out0__2/DSP_PREADD_DATA.B2B1<4>
    DSP48E2_X0Y53        DSP_MULTIPLIER (Prop_DSP_MULTIPLIER_DSP48E2_B2B1[4]_V[13])
                                                      0.609    14.439 f  system_i/hft_core/inst/u_core/u_market_sim/u_market_noise_gen/p_1_out0__2/DSP_MULTIPLIER_INST/V[13]
                         net (fo=1, routed)           0.000    14.439    system_i/hft_core/inst/u_core/u_market_sim/u_market_noise_gen/p_1_out0__2/DSP_MULTIPLIER.V<13>
    DSP48E2_X0Y53        DSP_M_DATA (Prop_DSP_M_DATA_DSP48E2_V[13]_V_DATA[13])
                                                      0.046    14.485 r  system_i/hft_core/inst/u_core/u_market_sim/u_market_noise_gen/p_1_out0__2/DSP_M_DATA_INST/V_DATA[13]
                         net (fo=1, routed)           0.000    14.485    system_i/hft_core/inst/u_core/u_market_sim/u_market_noise_gen/p_1_out0__2/DSP_M_DATA.V_DATA<13>
    DSP48E2_X0Y53        DSP_ALU (Prop_DSP_ALU_DSP48E2_V_DATA[13]_ALU_OUT[13])
                                                      0.571    15.056 f  system_i/hft_core/inst/u_core/u_market_sim/u_market_noise_gen/p_1_out0__2/DSP_ALU_INST/ALU_OUT[13]
                         net (fo=1, routed)           0.000    15.056    system_i/hft_core/inst/u_core/u_market_sim/u_market_noise_gen/p_1_out0__2/DSP_ALU.ALU_OUT<13>
    DSP48E2_X0Y53        DSP_OUTPUT (Prop_DSP_OUTPUT_DSP48E2_ALU_OUT[13]_P[13])
                                                      0.109    15.165 r  system_i/hft_core/inst/u_core/u_market_sim/u_market_noise_gen/p_1_out0__2/DSP_OUTPUT_INST/P[13]
                         net (fo=5, routed)           0.354    15.519    system_i/hft_core/inst/u_core/u_market_sim/u_market_noise_gen/p_1_out0__2_n_92
    SLICE_X5Y133         LUT2 (Prop_A6LUT_SLICEM_I1_O)
                                                      0.150    15.669 r  system_i/hft_core/inst/u_core/u_market_sim/u_market_noise_gen/sec_drift_q16_16[3][31]_i_43/O
                         net (fo=1, routed)           0.013    15.682    system_i/hft_core/inst/u_core/u_market_sim/u_market_noise_gen/sec_drift_q16_16[3][31]_i_43_n_0
    SLICE_X5Y133         CARRY8 (Prop_CARRY8_SLICEM_S[0]_CO[7])
                                                      0.192    15.874 f  system_i/hft_core/inst/u_core/u_market_sim/u_market_noise_gen/sec_drift_q16_16_reg[3][31]_i_6/CO[7]
                         net (fo=1, routed)           0.026    15.900    system_i/hft_core/inst/u_core/u_market_sim/u_market_noise_gen/sec_drift_q16_16_reg[3][31]_i_6_n_0
    SLICE_X5Y134         CARRY8 (Prop_CARRY8_SLICEM_CI_CO[2])
                                                      0.057    15.957 f  system_i/hft_core/inst/u_core/u_market_sim/u_market_noise_gen/sec_drift_q16_16_reg[3][31]_i_3/CO[2]
                         net (fo=32, routed)          0.318    16.275    system_i/hft_core/inst/u_core/u_market_sim/u_market_noise_gen/sec_drift_q16_16_reg[3][31]_i_3_n_5
    SLICE_X3Y131         LUT4 (Prop_C6LUT_SLICEL_I2_O)
                                                      0.123    16.398 r  system_i/hft_core/inst/u_core/u_market_sim/u_market_noise_gen/sec_drift_q16_16[3][8]_i_1/O
                         net (fo=1, routed)           0.050    16.448    system_i/hft_core/inst/u_core/u_market_sim/u_market_noise_gen/sec_drift_q16_16[3][8]_i_1_n_0
    SLICE_X3Y131         FDCE                                         r  system_i/hft_core/inst/u_core/u_market_sim/u_market_noise_gen/sec_drift_q16_16_reg[3][8]/D
  -------------------------------------------------------------------    -------------------

                         (clock clk_pl_0 rise edge)
                                                     20.625    20.625 r  
    PS8_X0Y0             PS8                          0.000    20.625 r  system_i/zynq_ps/inst/PS8_i/PLCLK[0]
                         net (fo=1, routed)           0.135    20.760    system_i/zynq_ps/inst/pl_clk_unbuffered[0]
    BUFG_PS_X0Y58        BUFG_PS (Prop_BUFG_PS_I_O)
                                                      0.025    20.785 r  system_i/zynq_ps/inst/buffer_pl_clk_0.PL_CLK_0_BUFG/O
    X0Y1 (CLOCK_ROOT)    net (fo=12182, routed)       1.446    22.231    system_i/hft_core/inst/u_core/u_market_sim/u_market_noise_gen/clk
    SLICE_X3Y131         FDCE                                         r  system_i/hft_core/inst/u_core/u_market_sim/u_market_noise_gen/sec_drift_q16_16_reg[3][8]/C
                         clock pessimism              0.097    22.328    
                         clock uncertainty           -0.207    22.121    
    SLICE_X3Y131         FDCE (Setup_CFF_SLICEL_C_D)
                                                      0.025    22.146    system_i/hft_core/inst/u_core/u_market_sim/u_market_noise_gen/sec_drift_q16_16_reg[3][8]
  -------------------------------------------------------------------
                         required time                         22.146    
                         arrival time                         -16.448    
  -------------------------------------------------------------------
                         slack                                  5.697    

Slack (MET) :             5.702ns  (required time - arrival time)
  Source:                 system_i/hft_core/inst/u_core/u_axi_regs/active_sym_count_reg[0]/C
                            (rising edge-triggered cell FDCE clocked by clk_pl_0  {rise@0.000ns fall@10.312ns period=20.625ns})
  Destination:            system_i/hft_core/inst/u_core/u_market_sim/u_market_noise_gen/sec_drift_q16_16_reg[3][10]/D
                            (rising edge-triggered cell FDCE clocked by clk_pl_0  {rise@0.000ns fall@10.312ns period=20.625ns})
  Path Group:             clk_pl_0
  Path Type:              Setup (Max at Slow Process Corner)
  Requirement:            20.625ns  (clk_pl_0 rise@20.625ns - clk_pl_0 rise@0.000ns)
  Data Path Delay:        14.613ns  (logic 6.255ns (42.804%)  route 8.358ns (57.196%))
  Logic Levels:           56  (CARRY8=2 DSP_A_B_DATA=1 DSP_ALU=1 DSP_M_DATA=1 DSP_MULTIPLIER=1 DSP_OUTPUT=1 DSP_PREADD_DATA=1 LUT2=2 LUT4=2 LUT5=12 LUT6=19 MUXF7=13)
  Clock Path Skew:        -0.127ns (DCD - SCD + CPR)
    Destination Clock Delay (DCD):    1.606ns = ( 22.231 - 20.625 ) 
    Source Clock Delay      (SCD):    1.830ns
    Clock Pessimism Removal (CPR):    0.097ns
  Clock Uncertainty:      0.207ns  ((TSJ^2 + DJ^2)^1/2) / 2 + PE
    Total System Jitter     (TSJ):    0.071ns
    Discrete Jitter          (DJ):    0.409ns
    Phase Error              (PE):    0.000ns
  Clock Net Delay (Source):      1.631ns (routing 0.591ns, distribution 1.040ns)
  Clock Net Delay (Destination): 1.446ns (routing 0.533ns, distribution 0.913ns)

    Location             Delay type                Incr(ns)  Path(ns)    Netlist Resource(s)
  -------------------------------------------------------------------    -------------------
                         (clock clk_pl_0 rise edge)
                                                      0.000     0.000 r  
    PS8_X0Y0             PS8                          0.000     0.000 r  system_i/zynq_ps/inst/PS8_i/PLCLK[0]
                         net (fo=1, routed)           0.171     0.171    system_i/zynq_ps/inst/pl_clk_unbuffered[0]
    BUFG_PS_X0Y58        BUFG_PS (Prop_BUFG_PS_I_O)
                                                      0.028     0.199 r  system_i/zynq_ps/inst/buffer_pl_clk_0.PL_CLK_0_BUFG/O
    X0Y1 (CLOCK_ROOT)    net (fo=12182, routed)       1.631     1.830    system_i/hft_core/inst/u_core/u_axi_regs/clk
    SLICE_X24Y64         FDCE                                         r  system_i/hft_core/inst/u_core/u_axi_regs/active_sym_count_reg[0]/C
  -------------------------------------------------------------------    -------------------
    SLICE_X24Y64         FDCE (Prop_HFF2_SLICEM_C_Q)
                                                      0.078     1.908 r  system_i/hft_core/inst/u_core/u_axi_regs/active_sym_count_reg[0]/Q
                         net (fo=6, routed)           0.553     2.461    system_i/hft_core/inst/u_core/u_axi_regs/active_sym_count[0]
    SLICE_X26Y105        LUT5 (Prop_D5LUT_SLICEL_I4_O)
                                                      0.096     2.557 r  system_i/hft_core/inst/u_core/u_axi_regs/lfsr_reg[31]_i_6/O
                         net (fo=120, routed)         0.345     2.902    system_i/hft_core/inst/u_core/u_axi_regs/u_market_sim/active_count_eff[0]
    SLICE_X28Y112        LUT5 (Prop_D6LUT_SLICEM_I4_O)
                                                      0.099     3.001 r  system_i/hft_core/inst/u_core/u_axi_regs/lfsr_reg[31]_i_4__0/O
                         net (fo=15, routed)          0.218     3.219    system_i/hft_core/inst/u_core/u_axi_regs/u_market_sim/u_market_noise_gen/company_noise_q16_161
    SLICE_X28Y105        LUT4 (Prop_C5LUT_SLICEM_I0_O)
                                                      0.068     3.287 r  system_i/hft_core/inst/u_core/u_axi_regs/p_1_out0__2_i_70/O
                         net (fo=1, routed)           0.148     3.435    system_i/hft_core/inst/u_core/u_axi_regs/u_market_sim/u_market_noise_gen/sector_pop1_out
    SLICE_X28Y105        LUT6 (Prop_G6LUT_SLICEM_I5_O)
                                                      0.150     3.585 r  system_i/hft_core/inst/u_core/u_axi_regs/p_1_out0__2_i_69/O
                         net (fo=2, routed)           0.152     3.737    system_i/hft_core/inst/u_core/u_axi_regs/p_1_out0__2_i_69_n_0
    SLICE_X27Y105        LUT6 (Prop_D6LUT_SLICEL_I0_O)
                                                      0.146     3.883 r  system_i/hft_core/inst/u_core/u_axi_regs/p_1_out0_i_281/O
                         net (fo=9, routed)           0.009     3.892    system_i/hft_core/inst/u_core/u_axi_regs/p_1_out0_i_281_n_0
    SLICE_X27Y105        MUXF7 (Prop_F7MUX_CD_SLICEL_I0_O)
                                                      0.063     3.955 r  system_i/hft_core/inst/u_core/u_axi_regs/p_1_out0_i_276/O
                         net (fo=9, routed)           0.227     4.182    system_i/hft_core/inst/u_core/u_axi_regs/p_1_out0_i_276_n_0
    SLICE_X28Y103        LUT5 (Prop_H6LUT_SLICEM_I0_O)
                                                      0.152     4.334 r  system_i/hft_core/inst/u_core/u_axi_regs/p_1_out0__2_i_65/O
                         net (fo=2, routed)           0.099     4.433    system_i/hft_core/inst/u_core/u_axi_regs/p_1_out0__2_i_65_n_0
    SLICE_X28Y102        LUT6 (Prop_D6LUT_SLICEM_I0_O)
                                                      0.099     4.532 r  system_i/hft_core/inst/u_core/u_axi_regs/p_1_out0_i_270/O
                         net (fo=2, routed)           0.025     4.557    system_i/hft_core/inst/u_core/u_axi_regs/p_1_out0_i_270_n_0
    SLICE_X28Y102        MUXF7 (Prop_F7MUX_CD_SLICEM_I0_O)
                                                      0.069     4.626 r  system_i/hft_core/inst/u_core/u_axi_regs/p_1_out0_i_263/O
                         net (fo=8, routed)           0.165     4.791    system_i/hft_core/inst/u_core/u_axi_regs/p_1_out0_i_263_n_0
    SLICE_X27Y102        LUT5 (Prop_F6LUT_SLICEL_I2_O)
                                                      0.123     4.914 r  system_i/hft_core/inst/u_core/u_axi_regs/p_1_out0__3_i_61/O
                         net (fo=2, routed)           0.094     5.008    system_i/hft_core/inst/u_core/u_axi_regs/p_1_out0__3_i_61_n_0
    SLICE_X26Y102        LUT6 (Prop_C6LUT_SLICEL_I5_O)
                                                      0.123     5.131 r  system_i/hft_core/inst/u_core/u_axi_regs/p_1_out0_i_257/O
                         net (fo=1, routed)           0.010     5.141    system_i/hft_core/inst/u_core/u_axi_regs/p_1_out0_i_257_n_0
    SLICE_X26Y102        MUXF7 (Prop_F7MUX_CD_SLICEL_I1_O)
                                                      0.064     5.205 r  system_i/hft_core/inst/u_core/u_axi_regs/p_1_out0_i_248/O
                         net (fo=16, routed)          0.220     5.425    system_i/hft_core/inst/u_core/u_axi_regs/p_1_out0_i_248_n_0
    SLICE_X25Y103        LUT5 (Prop_E6LUT_SLICEL_I1_O)
                                                      0.147     5.572 r  system_i/hft_core/inst/u_core/u_axi_regs/p_1_out0__5_i_58/O
                         net (fo=2, routed)           0.150     5.722    system_i/hft_core/inst/u_core/u_axi_regs/p_1_out0__5_i_58_n_0
    SLICE_X24Y102        LUT6 (Prop_C6LUT_SLICEM_I1_O)
                                                      0.145     5.867 r  system_i/hft_core/inst/u_core/u_axi_regs/p_1_out0_i_244/O
                         net (fo=1, routed)           0.021     5.888    system_i/hft_core/inst/u_core/u_axi_regs/p_1_out0_i_244_n_0
    SLICE_X24Y102        MUXF7 (Prop_F7MUX_CD_SLICEM_I1_O)
                                                      0.068     5.956 r  system_i/hft_core/inst/u_core/u_axi_regs/p_1_out0_i_235/O
                         net (fo=16, routed)          0.205     6.162    system_i/hft_core/inst/u_core/u_axi_regs/p_1_out0_i_235_n_0
    SLICE_X24Y102        LUT5 (Prop_F6LUT_SLICEM_I1_O)
                                                      0.088     6.250 r  system_i/hft_core/inst/u_core/u_axi_regs/p_1_out0__5_i_54/O
                         net (fo=2, routed)           0.206     6.456    system_i/hft_core/inst/u_core/u_axi_regs/p_1_out0__5_i_54_n_0
    SLICE_X22Y102        LUT6 (Prop_C6LUT_SLICEL_I1_O)
                                                      0.096     6.552 r  system_i/hft_core/inst/u_core/u_axi_regs/p_1_out0_i_231/O
                         net (fo=1, routed)           0.010     6.562    system_i/hft_core/inst/u_core/u_axi_regs/p_1_out0_i_231_n_0
    SLICE_X22Y102        MUXF7 (Prop_F7MUX_CD_SLICEL_I1_O)
                                                      0.064     6.626 r  system_i/hft_core/inst/u_core/u_axi_regs/p_1_out0_i_222/O
                         net (fo=16, routed)          0.197     6.822    system_i/hft_core/inst/u_core/u_axi_regs/p_1_out0_i_222_n_0
    SLICE_X22Y101        LUT5 (Prop_F6LUT_SLICEL_I1_O)
                                                      0.035     6.857 r  system_i/hft_core/inst/u_core/u_axi_regs/p_1_out0__0_i_50/O
                         net (fo=3, routed)           0.196     7.053    system_i/hft_core/inst/u_core/u_axi_regs/p_1_out0__0_i_50_n_0
    SLICE_X21Y104        LUT6 (Prop_D6LUT_SLICEL_I3_O)
                                                      0.122     7.175 r  system_i/hft_core/inst/u_core/u_axi_regs/p_1_out0_i_217/O
                         net (fo=1, routed)           0.009     7.184    system_i/hft_core/inst/u_core/u_axi_regs/p_1_out0_i_217_n_0
    SLICE_X21Y104        MUXF7 (Prop_F7MUX_CD_SLICEL_I0_O)
                                                      0.063     7.247 r  system_i/hft_core/inst/u_core/u_axi_regs/p_1_out0_i_204/O
                         net (fo=18, routed)          0.208     7.455    system_i/hft_core/inst/u_core/u_axi_regs/p_1_out0_i_204_n_0
    SLICE_X22Y104        LUT5 (Prop_H6LUT_SLICEL_I1_O)
                                                      0.090     7.545 r  system_i/hft_core/inst/u_core/u_axi_regs/p_1_out0__6_i_46/O
                         net (fo=2, routed)           0.144     7.689    system_i/hft_core/inst/u_core/u_axi_regs/p_1_out0__6_i_46_n_0
    SLICE_X23Y104        LUT6 (Prop_G6LUT_SLICEL_I0_O)
                                                      0.089     7.778 r  system_i/hft_core/inst/u_core/u_axi_regs/p_1_out0_i_193/O
                         net (fo=2, routed)           0.008     7.786    system_i/hft_core/inst/u_core/u_axi_regs/p_1_out0_i_193_n_0
    SLICE_X23Y104        MUXF7 (Prop_F7MUX_GH_SLICEL_I1_O)
                                                      0.063     7.849 r  system_i/hft_core/inst/u_core/u_axi_regs/p_1_out0_i_186/O
                         net (fo=17, routed)          0.298     8.147    system_i/hft_core/inst/u_core/u_axi_regs/p_1_out0_i_186_n_0
    SLICE_X22Y106        LUT5 (Prop_E6LUT_SLICEL_I1_O)
                                                      0.099     8.246 r  system_i/hft_core/inst/u_core/u_axi_regs/p_1_out0__5_i_41/O
                         net (fo=2, routed)           0.164     8.410    system_i/hft_core/inst/u_core/u_axi_regs/p_1_out0__5_i_41_n_0
    SLICE_X24Y106        LUT6 (Prop_C6LUT_SLICEM_I1_O)
                                                      0.037     8.447 r  system_i/hft_core/inst/u_core/u_axi_regs/p_1_out0_i_172/O
                         net (fo=2, routed)           0.021     8.468    system_i/hft_core/inst/u_core/u_axi_regs/p_1_out0_i_172_n_0
    SLICE_X24Y106        MUXF7 (Prop_F7MUX_CD_SLICEM_I1_O)
                                                      0.068     8.536 r  system_i/hft_core/inst/u_core/u_axi_regs/p_1_out0_i_165/O
                         net (fo=17, routed)          0.210     8.746    system_i/hft_core/inst/u_core/u_axi_regs/p_1_out0_i_165_n_0
    SLICE_X26Y106        LUT5 (Prop_G6LUT_SLICEL_I1_O)
                                                      0.050     8.796 r  system_i/hft_core/inst/u_core/u_axi_regs/p_1_out0__2_i_36/O
                         net (fo=3, routed)           0.151     8.947    system_i/hft_core/inst/u_core/u_axi_regs/p_1_out0__2_i_36_n_0
    SLICE_X25Y107        LUT6 (Prop_D6LUT_SLICEL_I0_O)
                                                      0.099     9.046 r  system_i/hft_core/inst/u_core/u_axi_regs/p_1_out0_i_163/O
                         net (fo=1, routed)           0.009     9.055    system_i/hft_core/inst/u_core/u_axi_regs/p_1_out0_i_163_n_0
    SLICE_X25Y107        MUXF7 (Prop_F7MUX_CD_SLICEL_I0_O)
                                                      0.063     9.118 r  system_i/hft_core/inst/u_core/u_axi_regs/p_1_out0_i_144/O
                         net (fo=17, routed)          0.202     9.319    system_i/hft_core/inst/u_core/u_axi_regs/p_1_out0_i_144_n_0
    SLICE_X26Y108        LUT5 (Prop_C6LUT_SLICEL_I1_O)
                                                      0.035     9.354 r  system_i/hft_core/inst/u_core/u_axi_regs/p_1_out0__4_i_31/O
                         net (fo=2, routed)           0.155     9.509    system_i/hft_core/inst/u_core/u_axi_regs/p_1_out0__4_i_31_n_0
    SLICE_X26Y109        LUT6 (Prop_G6LUT_SLICEL_I3_O)
                                                      0.123     9.632 r  system_i/hft_core/inst/u_core/u_axi_regs/p_1_out0_i_130/O
                         net (fo=2, routed)           0.008     9.640    system_i/hft_core/inst/u_core/u_axi_regs/p_1_out0_i_130_n_0
    SLICE_X26Y109        MUXF7 (Prop_F7MUX_GH_SLICEL_I1_O)
                                                      0.063     9.703 r  system_i/hft_core/inst/u_core/u_axi_regs/p_1_out0_i_119/O
                         net (fo=17, routed)          0.258     9.961    system_i/hft_core/inst/u_core/u_axi_regs/p_1_out0_i_119_n_0
    SLICE_X26Y109        LUT5 (Prop_F6LUT_SLICEL_I1_O)
                                                      0.035     9.996 r  system_i/hft_core/inst/u_core/u_axi_regs/p_1_out0__0_i_26/O
                         net (fo=5, routed)           0.098    10.094    system_i/hft_core/inst/u_core/u_axi_regs/p_1_out0__0_i_26_n_0
    SLICE_X25Y109        LUT6 (Prop_D6LUT_SLICEL_I3_O)
                                                      0.122    10.216 r  system_i/hft_core/inst/u_core/u_axi_regs/p_1_out0_i_117/O
                         net (fo=1, routed)           0.009    10.225    system_i/hft_core/inst/u_core/u_axi_regs/p_1_out0_i_117_n_0
    SLICE_X25Y109        MUXF7 (Prop_F7MUX_CD_SLICEL_I0_O)
                                                      0.063    10.288 r  system_i/hft_core/inst/u_core/u_axi_regs/p_1_out0_i_89/O
                         net (fo=18, routed)          0.151    10.440    system_i/hft_core/inst/u_core/u_axi_regs/p_1_out0_i_89_n_0
    SLICE_X23Y109        LUT2 (Prop_D5LUT_SLICEL_I1_O)
                                                      0.096    10.536 r  system_i/hft_core/inst/u_core/u_axi_regs/p_1_out0_i_113/O
                         net (fo=12, routed)          0.238    10.773    system_i/hft_core/inst/u_core/u_axi_regs/p_1_out0_i_113_n_0
    SLICE_X22Y109        LUT6 (Prop_E6LUT_SLICEL_I0_O)
                                                      0.147    10.920 r  system_i/hft_core/inst/u_core/u_axi_regs/p_1_out0_i_82/O
                         net (fo=1, routed)           0.239    11.159    system_i/hft_core/inst/u_core/u_axi_regs/p_1_out0_i_82_n_0
    SLICE_X22Y109        LUT6 (Prop_H6LUT_SLICEL_I3_O)
                                                      0.051    11.210 r  system_i/hft_core/inst/u_core/u_axi_regs/p_1_out0_i_52/O
                         net (fo=8, routed)           0.204    11.414    system_i/hft_core/inst/u_core/u_axi_regs/p_1_out0_i_52_n_0
    SLICE_X23Y112        LUT6 (Prop_C6LUT_SLICEL_I1_O)
                                                      0.096    11.510 r  system_i/hft_core/inst/u_core/u_axi_regs/p_1_out0__3_i_14/O
                         net (fo=2, routed)           0.117    11.627    system_i/hft_core/inst/u_core/u_axi_regs/p_1_out0__3_i_14_n_0
    SLICE_X24Y112        LUT6 (Prop_G6LUT_SLICEM_I5_O)
                                                      0.150    11.777 r  system_i/hft_core/inst/u_core/u_axi_regs/p_1_out0_i_44/O
                         net (fo=1, routed)           0.017    11.794    system_i/hft_core/inst/u_core/u_axi_regs/p_1_out0_i_44_n_0
    SLICE_X24Y112        MUXF7 (Prop_F7MUX_GH_SLICEM_I1_O)
                                                      0.067    11.861 r  system_i/hft_core/inst/u_core/u_axi_regs/p_1_out0_i_26/O
                         net (fo=16, routed)          0.185    12.046    system_i/hft_core/inst/u_core/u_axi_regs/p_1_out0_i_26_n_0
    SLICE_X22Y112        LUT6 (Prop_G6LUT_SLICEL_I1_O)
                                                      0.097    12.143 f  system_i/hft_core/inst/u_core/u_axi_regs/p_1_out0__5_i_9/O
                         net (fo=2, routed)           0.262    12.405    system_i/hft_core/inst/u_core/u_axi_regs/p_1_out0__5_i_9_n_0
    SLICE_X21Y114        LUT6 (Prop_C6LUT_SLICEL_I1_O)
                                                      0.050    12.455 f  system_i/hft_core/inst/u_core/u_axi_regs/p_1_out0_i_24/O
                         net (fo=1, routed)           0.010    12.465    system_i/hft_core/inst/u_core/u_axi_regs/p_1_out0_i_24_n_0
    SLICE_X21Y114        MUXF7 (Prop_F7MUX_CD_SLICEL_I1_O)
                                                      0.064    12.529 f  system_i/hft_core/inst/u_core/u_axi_regs/p_1_out0_i_10/O
                         net (fo=16, routed)          0.451    12.980    system_i/hft_core/inst/u_core/u_axi_regs/p_1_out0_i_10_n_0
    SLICE_X16Y119        LUT6 (Prop_B6LUT_SLICEM_I5_O)
                                                      0.100    13.080 f  system_i/hft_core/inst/u_core/u_axi_regs/p_1_out0__2_i_1/O
                         net (fo=1, routed)           0.526    13.606    system_i/hft_core/inst/u_core/u_market_sim/u_market_noise_gen/p_1_out0__2/B[4]
    DSP48E2_X0Y53        DSP_A_B_DATA (Prop_DSP_A_B_DATA_DSP48E2_B[4]_B2_DATA[4])
                                                      0.151    13.757 r  system_i/hft_core/inst/u_core/u_market_sim/u_market_noise_gen/p_1_out0__2/DSP_A_B_DATA_INST/B2_DATA[4]
                         net (fo=1, routed)           0.000    13.757    system_i/hft_core/inst/u_core/u_market_sim/u_market_noise_gen/p_1_out0__2/DSP_A_B_DATA.B2_DATA<4>
    DSP48E2_X0Y53        DSP_PREADD_DATA (Prop_DSP_PREADD_DATA_DSP48E2_B2_DATA[4]_B2B1[4])
                                                      0.073    13.830 r  system_i/hft_core/inst/u_core/u_market_sim/u_market_noise_gen/p_1_out0__2/DSP_PREADD_DATA_INST/B2B1[4]
                         net (fo=1, routed)           0.000    13.830    system_i/hft_core/inst/u_core/u_market_sim/u_market_noise_gen/p_1_out0__2/DSP_PREADD_DATA.B2B1<4>
    DSP48E2_X0Y53        DSP_MULTIPLIER (Prop_DSP_MULTIPLIER_DSP48E2_B2B1[4]_V[13])
                                                      0.609    14.439 f  system_i/hft_core/inst/u_core/u_market_sim/u_market_noise_gen/p_1_out0__2/DSP_MULTIPLIER_INST/V[13]
                         net (fo=1, routed)           0.000    14.439    system_i/hft_core/inst/u_core/u_market_sim/u_market_noise_gen/p_1_out0__2/DSP_MULTIPLIER.V<13>
    DSP48E2_X0Y53        DSP_M_DATA (Prop_DSP_M_DATA_DSP48E2_V[13]_V_DATA[13])
                                                      0.046    14.485 r  system_i/hft_core/inst/u_core/u_market_sim/u_market_noise_gen/p_1_out0__2/DSP_M_DATA_INST/V_DATA[13]
                         net (fo=1, routed)           0.000    14.485    system_i/hft_core/inst/u_core/u_market_sim/u_market_noise_gen/p_1_out0__2/DSP_M_DATA.V_DATA<13>
    DSP48E2_X0Y53        DSP_ALU (Prop_DSP_ALU_DSP48E2_V_DATA[13]_ALU_OUT[13])
                                                      0.571    15.056 f  system_i/hft_core/inst/u_core/u_market_sim/u_market_noise_gen/p_1_out0__2/DSP_ALU_INST/ALU_OUT[13]
                         net (fo=1, routed)           0.000    15.056    system_i/hft_core/inst/u_core/u_market_sim/u_market_noise_gen/p_1_out0__2/DSP_ALU.ALU_OUT<13>
    DSP48E2_X0Y53        DSP_OUTPUT (Prop_DSP_OUTPUT_DSP48E2_ALU_OUT[13]_P[13])
                                                      0.109    15.165 r  system_i/hft_core/inst/u_core/u_market_sim/u_market_noise_gen/p_1_out0__2/DSP_OUTPUT_INST/P[13]
                         net (fo=5, routed)           0.354    15.519    system_i/hft_core/inst/u_core/u_market_sim/u_market_noise_gen/p_1_out0__2_n_92
    SLICE_X5Y133         LUT2 (Prop_A6LUT_SLICEM_I1_O)
                                                      0.150    15.669 r  system_i/hft_core/inst/u_core/u_market_sim/u_market_noise_gen/sec_drift_q16_16[3][31]_i_43/O
                         net (fo=1, routed)           0.013    15.682    system_i/hft_core/inst/u_core/u_market_sim/u_market_noise_gen/sec_drift_q16_16[3][31]_i_43_n_0
    SLICE_X5Y133         CARRY8 (Prop_CARRY8_SLICEM_S[0]_CO[7])
                                                      0.192    15.874 f  system_i/hft_core/inst/u_core/u_market_sim/u_market_noise_gen/sec_drift_q16_16_reg[3][31]_i_6/CO[7]
                         net (fo=1, routed)           0.026    15.900    system_i/hft_core/inst/u_core/u_market_sim/u_market_noise_gen/sec_drift_q16_16_reg[3][31]_i_6_n_0
    SLICE_X5Y134         CARRY8 (Prop_CARRY8_SLICEM_CI_CO[2])
                                                      0.057    15.957 f  system_i/hft_core/inst/u_core/u_market_sim/u_market_noise_gen/sec_drift_q16_16_reg[3][31]_i_3/CO[2]
                         net (fo=32, routed)          0.315    16.272    system_i/hft_core/inst/u_core/u_market_sim/u_market_noise_gen/sec_drift_q16_16_reg[3][31]_i_3_n_5
    SLICE_X3Y131         LUT4 (Prop_D6LUT_SLICEL_I2_O)
                                                      0.122    16.394 r  system_i/hft_core/inst/u_core/u_market_sim/u_market_noise_gen/sec_drift_q16_16[3][10]_i_1/O
                         net (fo=1, routed)           0.049    16.443    system_i/hft_core/inst/u_core/u_market_sim/u_market_noise_gen/sec_drift_q16_16[3][10]_i_1_n_0
    SLICE_X3Y131         FDCE                                         r  system_i/hft_core/inst/u_core/u_market_sim/u_market_noise_gen/sec_drift_q16_16_reg[3][10]/D
  -------------------------------------------------------------------    -------------------

                         (clock clk_pl_0 rise edge)
                                                     20.625    20.625 r  
    PS8_X0Y0             PS8                          0.000    20.625 r  system_i/zynq_ps/inst/PS8_i/PLCLK[0]
                         net (fo=1, routed)           0.135    20.760    system_i/zynq_ps/inst/pl_clk_unbuffered[0]
    BUFG_PS_X0Y58        BUFG_PS (Prop_BUFG_PS_I_O)
                                                      0.025    20.785 r  system_i/zynq_ps/inst/buffer_pl_clk_0.PL_CLK_0_BUFG/O
    X0Y1 (CLOCK_ROOT)    net (fo=12182, routed)       1.446    22.231    system_i/hft_core/inst/u_core/u_market_sim/u_market_noise_gen/clk
    SLICE_X3Y131         FDCE                                         r  system_i/hft_core/inst/u_core/u_market_sim/u_market_noise_gen/sec_drift_q16_16_reg[3][10]/C
                         clock pessimism              0.097    22.328    
                         clock uncertainty           -0.207    22.121    
    SLICE_X3Y131         FDCE (Setup_DFF_SLICEL_C_D)
                                                      0.025    22.146    system_i/hft_core/inst/u_core/u_market_sim/u_market_noise_gen/sec_drift_q16_16_reg[3][10]
  -------------------------------------------------------------------
                         required time                         22.146    
                         arrival time                         -16.443    
  -------------------------------------------------------------------
                         slack                                  5.702    

Slack (MET) :             5.705ns  (required time - arrival time)
  Source:                 system_i/hft_core/inst/u_core/u_axi_regs/active_sym_count_reg[0]/C
                            (rising edge-triggered cell FDCE clocked by clk_pl_0  {rise@0.000ns fall@10.312ns period=20.625ns})
  Destination:            system_i/hft_core/inst/u_core/u_market_sim/u_market_noise_gen/sec_drift_q16_16_reg[3][4]/D
                            (rising edge-triggered cell FDCE clocked by clk_pl_0  {rise@0.000ns fall@10.312ns period=20.625ns})
  Path Group:             clk_pl_0
  Path Type:              Setup (Max at Slow Process Corner)
  Requirement:            20.625ns  (clk_pl_0 rise@20.625ns - clk_pl_0 rise@0.000ns)
  Data Path Delay:        14.614ns  (logic 6.231ns (42.637%)  route 8.383ns (57.363%))
  Logic Levels:           56  (CARRY8=2 DSP_A_B_DATA=1 DSP_ALU=1 DSP_M_DATA=1 DSP_MULTIPLIER=1 DSP_OUTPUT=1 DSP_PREADD_DATA=1 LUT2=2 LUT4=2 LUT5=12 LUT6=19 MUXF7=13)
  Clock Path Skew:        -0.123ns (DCD - SCD + CPR)
    Destination Clock Delay (DCD):    1.610ns = ( 22.235 - 20.625 ) 
    Source Clock Delay      (SCD):    1.830ns
    Clock Pessimism Removal (CPR):    0.097ns
  Clock Uncertainty:      0.207ns  ((TSJ^2 + DJ^2)^1/2) / 2 + PE
    Total System Jitter     (TSJ):    0.071ns
    Discrete Jitter          (DJ):    0.409ns
    Phase Error              (PE):    0.000ns
  Clock Net Delay (Source):      1.631ns (routing 0.591ns, distribution 1.040ns)
  Clock Net Delay (Destination): 1.450ns (routing 0.533ns, distribution 0.917ns)

    Location             Delay type                Incr(ns)  Path(ns)    Netlist Resource(s)
  -------------------------------------------------------------------    -------------------
                         (clock clk_pl_0 rise edge)
                                                      0.000     0.000 r  
    PS8_X0Y0             PS8                          0.000     0.000 r  system_i/zynq_ps/inst/PS8_i/PLCLK[0]
                         net (fo=1, routed)           0.171     0.171    system_i/zynq_ps/inst/pl_clk_unbuffered[0]
    BUFG_PS_X0Y58        BUFG_PS (Prop_BUFG_PS_I_O)
                                                      0.028     0.199 r  system_i/zynq_ps/inst/buffer_pl_clk_0.PL_CLK_0_BUFG/O
    X0Y1 (CLOCK_ROOT)    net (fo=12182, routed)       1.631     1.830    system_i/hft_core/inst/u_core/u_axi_regs/clk
    SLICE_X24Y64         FDCE                                         r  system_i/hft_core/inst/u_core/u_axi_regs/active_sym_count_reg[0]/C
  -------------------------------------------------------------------    -------------------
    SLICE_X24Y64         FDCE (Prop_HFF2_SLICEM_C_Q)
                                                      0.078     1.908 r  system_i/hft_core/inst/u_core/u_axi_regs/active_sym_count_reg[0]/Q
                         net (fo=6, routed)           0.553     2.461    system_i/hft_core/inst/u_core/u_axi_regs/active_sym_count[0]
    SLICE_X26Y105        LUT5 (Prop_D5LUT_SLICEL_I4_O)
                                                      0.096     2.557 r  system_i/hft_core/inst/u_core/u_axi_regs/lfsr_reg[31]_i_6/O
                         net (fo=120, routed)         0.345     2.902    system_i/hft_core/inst/u_core/u_axi_regs/u_market_sim/active_count_eff[0]
    SLICE_X28Y112        LUT5 (Prop_D6LUT_SLICEM_I4_O)
                                                      0.099     3.001 r  system_i/hft_core/inst/u_core/u_axi_regs/lfsr_reg[31]_i_4__0/O
                         net (fo=15, routed)          0.218     3.219    system_i/hft_core/inst/u_core/u_axi_regs/u_market_sim/u_market_noise_gen/company_noise_q16_161
    SLICE_X28Y105        LUT4 (Prop_C5LUT_SLICEM_I0_O)
                                                      0.068     3.287 r  system_i/hft_core/inst/u_core/u_axi_regs/p_1_out0__2_i_70/O
                         net (fo=1, routed)           0.148     3.435    system_i/hft_core/inst/u_core/u_axi_regs/u_market_sim/u_market_noise_gen/sector_pop1_out
    SLICE_X28Y105        LUT6 (Prop_G6LUT_SLICEM_I5_O)
                                                      0.150     3.585 r  system_i/hft_core/inst/u_core/u_axi_regs/p_1_out0__2_i_69/O
                         net (fo=2, routed)           0.152     3.737    system_i/hft_core/inst/u_core/u_axi_regs/p_1_out0__2_i_69_n_0
    SLICE_X27Y105        LUT6 (Prop_D6LUT_SLICEL_I0_O)
                                                      0.146     3.883 r  system_i/hft_core/inst/u_core/u_axi_regs/p_1_out0_i_281/O
                         net (fo=9, routed)           0.009     3.892    system_i/hft_core/inst/u_core/u_axi_regs/p_1_out0_i_281_n_0
    SLICE_X27Y105        MUXF7 (Prop_F7MUX_CD_SLICEL_I0_O)
                                                      0.063     3.955 r  system_i/hft_core/inst/u_core/u_axi_regs/p_1_out0_i_276/O
                         net (fo=9, routed)           0.227     4.182    system_i/hft_core/inst/u_core/u_axi_regs/p_1_out0_i_276_n_0
    SLICE_X28Y103        LUT5 (Prop_H6LUT_SLICEM_I0_O)
                                                      0.152     4.334 r  system_i/hft_core/inst/u_core/u_axi_regs/p_1_out0__2_i_65/O
                         net (fo=2, routed)           0.099     4.433    system_i/hft_core/inst/u_core/u_axi_regs/p_1_out0__2_i_65_n_0
    SLICE_X28Y102        LUT6 (Prop_D6LUT_SLICEM_I0_O)
                                                      0.099     4.532 r  system_i/hft_core/inst/u_core/u_axi_regs/p_1_out0_i_270/O
                         net (fo=2, routed)           0.025     4.557    system_i/hft_core/inst/u_core/u_axi_regs/p_1_out0_i_270_n_0
    SLICE_X28Y102        MUXF7 (Prop_F7MUX_CD_SLICEM_I0_O)
                                                      0.069     4.626 r  system_i/hft_core/inst/u_core/u_axi_regs/p_1_out0_i_263/O
                         net (fo=8, routed)           0.165     4.791    system_i/hft_core/inst/u_core/u_axi_regs/p_1_out0_i_263_n_0
    SLICE_X27Y102        LUT5 (Prop_F6LUT_SLICEL_I2_O)
                                                      0.123     4.914 r  system_i/hft_core/inst/u_core/u_axi_regs/p_1_out0__3_i_61/O
                         net (fo=2, routed)           0.094     5.008    system_i/hft_core/inst/u_core/u_axi_regs/p_1_out0__3_i_61_n_0
    SLICE_X26Y102        LUT6 (Prop_C6LUT_SLICEL_I5_O)
                                                      0.123     5.131 r  system_i/hft_core/inst/u_core/u_axi_regs/p_1_out0_i_257/O
                         net (fo=1, routed)           0.010     5.141    system_i/hft_core/inst/u_core/u_axi_regs/p_1_out0_i_257_n_0
    SLICE_X26Y102        MUXF7 (Prop_F7MUX_CD_SLICEL_I1_O)
                                                      0.064     5.205 r  system_i/hft_core/inst/u_core/u_axi_regs/p_1_out0_i_248/O
                         net (fo=16, routed)          0.220     5.425    system_i/hft_core/inst/u_core/u_axi_regs/p_1_out0_i_248_n_0
    SLICE_X25Y103        LUT5 (Prop_E6LUT_SLICEL_I1_O)
                                                      0.147     5.572 r  system_i/hft_core/inst/u_core/u_axi_regs/p_1_out0__5_i_58/O
                         net (fo=2, routed)           0.150     5.722    system_i/hft_core/inst/u_core/u_axi_regs/p_1_out0__5_i_58_n_0
    SLICE_X24Y102        LUT6 (Prop_C6LUT_SLICEM_I1_O)
                                                      0.145     5.867 r  system_i/hft_core/inst/u_core/u_axi_regs/p_1_out0_i_244/O
                         net (fo=1, routed)           0.021     5.888    system_i/hft_core/inst/u_core/u_axi_regs/p_1_out0_i_244_n_0
    SLICE_X24Y102        MUXF7 (Prop_F7MUX_CD_SLICEM_I1_O)
                                                      0.068     5.956 r  system_i/hft_core/inst/u_core/u_axi_regs/p_1_out0_i_235/O
                         net (fo=16, routed)          0.205     6.162    system_i/hft_core/inst/u_core/u_axi_regs/p_1_out0_i_235_n_0
    SLICE_X24Y102        LUT5 (Prop_F6LUT_SLICEM_I1_O)
                                                      0.088     6.250 r  system_i/hft_core/inst/u_core/u_axi_regs/p_1_out0__5_i_54/O
                         net (fo=2, routed)           0.206     6.456    system_i/hft_core/inst/u_core/u_axi_regs/p_1_out0__5_i_54_n_0
    SLICE_X22Y102        LUT6 (Prop_C6LUT_SLICEL_I1_O)
                                                      0.096     6.552 r  system_i/hft_core/inst/u_core/u_axi_regs/p_1_out0_i_231/O
                         net (fo=1, routed)           0.010     6.562    system_i/hft_core/inst/u_core/u_axi_regs/p_1_out0_i_231_n_0
    SLICE_X22Y102        MUXF7 (Prop_F7MUX_CD_SLICEL_I1_O)
                                                      0.064     6.626 r  system_i/hft_core/inst/u_core/u_axi_regs/p_1_out0_i_222/O
                         net (fo=16, routed)          0.197     6.822    system_i/hft_core/inst/u_core/u_axi_regs/p_1_out0_i_222_n_0
    SLICE_X22Y101        LUT5 (Prop_F6LUT_SLICEL_I1_O)
                                                      0.035     6.857 r  system_i/hft_core/inst/u_core/u_axi_regs/p_1_out0__0_i_50/O
                         net (fo=3, routed)           0.196     7.053    system_i/hft_core/inst/u_core/u_axi_regs/p_1_out0__0_i_50_n_0
    SLICE_X21Y104        LUT6 (Prop_D6LUT_SLICEL_I3_O)
                                                      0.122     7.175 r  system_i/hft_core/inst/u_core/u_axi_regs/p_1_out0_i_217/O
                         net (fo=1, routed)           0.009     7.184    system_i/hft_core/inst/u_core/u_axi_regs/p_1_out0_i_217_n_0
    SLICE_X21Y104        MUXF7 (Prop_F7MUX_CD_SLICEL_I0_O)
                                                      0.063     7.247 r  system_i/hft_core/inst/u_core/u_axi_regs/p_1_out0_i_204/O
                         net (fo=18, routed)          0.208     7.455    system_i/hft_core/inst/u_core/u_axi_regs/p_1_out0_i_204_n_0
    SLICE_X22Y104        LUT5 (Prop_H6LUT_SLICEL_I1_O)
                                                      0.090     7.545 r  system_i/hft_core/inst/u_core/u_axi_regs/p_1_out0__6_i_46/O
                         net (fo=2, routed)           0.144     7.689    system_i/hft_core/inst/u_core/u_axi_regs/p_1_out0__6_i_46_n_0
    SLICE_X23Y104        LUT6 (Prop_G6LUT_SLICEL_I0_O)
                                                      0.089     7.778 r  system_i/hft_core/inst/u_core/u_axi_regs/p_1_out0_i_193/O
                         net (fo=2, routed)           0.008     7.786    system_i/hft_core/inst/u_core/u_axi_regs/p_1_out0_i_193_n_0
    SLICE_X23Y104        MUXF7 (Prop_F7MUX_GH_SLICEL_I1_O)
                                                      0.063     7.849 r  system_i/hft_core/inst/u_core/u_axi_regs/p_1_out0_i_186/O
                         net (fo=17, routed)          0.298     8.147    system_i/hft_core/inst/u_core/u_axi_regs/p_1_out0_i_186_n_0
    SLICE_X22Y106        LUT5 (Prop_E6LUT_SLICEL_I1_O)
                                                      0.099     8.246 r  system_i/hft_core/inst/u_core/u_axi_regs/p_1_out0__5_i_41/O
                         net (fo=2, routed)           0.164     8.410    system_i/hft_core/inst/u_core/u_axi_regs/p_1_out0__5_i_41_n_0
    SLICE_X24Y106        LUT6 (Prop_C6LUT_SLICEM_I1_O)
                                                      0.037     8.447 r  system_i/hft_core/inst/u_core/u_axi_regs/p_1_out0_i_172/O
                         net (fo=2, routed)           0.021     8.468    system_i/hft_core/inst/u_core/u_axi_regs/p_1_out0_i_172_n_0
    SLICE_X24Y106        MUXF7 (Prop_F7MUX_CD_SLICEM_I1_O)
                                                      0.068     8.536 r  system_i/hft_core/inst/u_core/u_axi_regs/p_1_out0_i_165/O
                         net (fo=17, routed)          0.210     8.746    system_i/hft_core/inst/u_core/u_axi_regs/p_1_out0_i_165_n_0
    SLICE_X26Y106        LUT5 (Prop_G6LUT_SLICEL_I1_O)
                                                      0.050     8.796 r  system_i/hft_core/inst/u_core/u_axi_regs/p_1_out0__2_i_36/O
                         net (fo=3, routed)           0.151     8.947    system_i/hft_core/inst/u_core/u_axi_regs/p_1_out0__2_i_36_n_0
    SLICE_X25Y107        LUT6 (Prop_D6LUT_SLICEL_I0_O)
                                                      0.099     9.046 r  system_i/hft_core/inst/u_core/u_axi_regs/p_1_out0_i_163/O
                         net (fo=1, routed)           0.009     9.055    system_i/hft_core/inst/u_core/u_axi_regs/p_1_out0_i_163_n_0
    SLICE_X25Y107        MUXF7 (Prop_F7MUX_CD_SLICEL_I0_O)
                                                      0.063     9.118 r  system_i/hft_core/inst/u_core/u_axi_regs/p_1_out0_i_144/O
                         net (fo=17, routed)          0.202     9.319    system_i/hft_core/inst/u_core/u_axi_regs/p_1_out0_i_144_n_0
    SLICE_X26Y108        LUT5 (Prop_C6LUT_SLICEL_I1_O)
                                                      0.035     9.354 r  system_i/hft_core/inst/u_core/u_axi_regs/p_1_out0__4_i_31/O
                         net (fo=2, routed)           0.155     9.509    system_i/hft_core/inst/u_core/u_axi_regs/p_1_out0__4_i_31_n_0
    SLICE_X26Y109        LUT6 (Prop_G6LUT_SLICEL_I3_O)
                                                      0.123     9.632 r  system_i/hft_core/inst/u_core/u_axi_regs/p_1_out0_i_130/O
                         net (fo=2, routed)           0.008     9.640    system_i/hft_core/inst/u_core/u_axi_regs/p_1_out0_i_130_n_0
    SLICE_X26Y109        MUXF7 (Prop_F7MUX_GH_SLICEL_I1_O)
                                                      0.063     9.703 r  system_i/hft_core/inst/u_core/u_axi_regs/p_1_out0_i_119/O
                         net (fo=17, routed)          0.258     9.961    system_i/hft_core/inst/u_core/u_axi_regs/p_1_out0_i_119_n_0
    SLICE_X26Y109        LUT5 (Prop_F6LUT_SLICEL_I1_O)
                                                      0.035     9.996 r  system_i/hft_core/inst/u_core/u_axi_regs/p_1_out0__0_i_26/O
                         net (fo=5, routed)           0.098    10.094    system_i/hft_core/inst/u_core/u_axi_regs/p_1_out0__0_i_26_n_0
    SLICE_X25Y109        LUT6 (Prop_D6LUT_SLICEL_I3_O)
                                                      0.122    10.216 r  system_i/hft_core/inst/u_core/u_axi_regs/p_1_out0_i_117/O
                         net (fo=1, routed)           0.009    10.225    system_i/hft_core/inst/u_core/u_axi_regs/p_1_out0_i_117_n_0
    SLICE_X25Y109        MUXF7 (Prop_F7MUX_CD_SLICEL_I0_O)
                                                      0.063    10.288 r  system_i/hft_core/inst/u_core/u_axi_regs/p_1_out0_i_89/O
                         net (fo=18, routed)          0.151    10.440    system_i/hft_core/inst/u_core/u_axi_regs/p_1_out0_i_89_n_0
    SLICE_X23Y109        LUT2 (Prop_D5LUT_SLICEL_I1_O)
                                                      0.096    10.536 r  system_i/hft_core/inst/u_core/u_axi_regs/p_1_out0_i_113/O
                         net (fo=12, routed)          0.238    10.773    system_i/hft_core/inst/u_core/u_axi_regs/p_1_out0_i_113_n_0
    SLICE_X22Y109        LUT6 (Prop_E6LUT_SLICEL_I0_O)
                                                      0.147    10.920 r  system_i/hft_core/inst/u_core/u_axi_regs/p_1_out0_i_82/O
                         net (fo=1, routed)           0.239    11.159    system_i/hft_core/inst/u_core/u_axi_regs/p_1_out0_i_82_n_0
    SLICE_X22Y109        LUT6 (Prop_H6LUT_SLICEL_I3_O)
                                                      0.051    11.210 r  system_i/hft_core/inst/u_core/u_axi_regs/p_1_out0_i_52/O
                         net (fo=8, routed)           0.204    11.414    system_i/hft_core/inst/u_core/u_axi_regs/p_1_out0_i_52_n_0
    SLICE_X23Y112        LUT6 (Prop_C6LUT_SLICEL_I1_O)
                                                      0.096    11.510 r  system_i/hft_core/inst/u_core/u_axi_regs/p_1_out0__3_i_14/O
                         net (fo=2, routed)           0.117    11.627    system_i/hft_core/inst/u_core/u_axi_regs/p_1_out0__3_i_14_n_0
    SLICE_X24Y112        LUT6 (Prop_G6LUT_SLICEM_I5_O)
                                                      0.150    11.777 r  system_i/hft_core/inst/u_core/u_axi_regs/p_1_out0_i_44/O
                         net (fo=1, routed)           0.017    11.794    system_i/hft_core/inst/u_core/u_axi_regs/p_1_out0_i_44_n_0
    SLICE_X24Y112        MUXF7 (Prop_F7MUX_GH_SLICEM_I1_O)
                                                      0.067    11.861 r  system_i/hft_core/inst/u_core/u_axi_regs/p_1_out0_i_26/O
                         net (fo=16, routed)          0.185    12.046    system_i/hft_core/inst/u_core/u_axi_regs/p_1_out0_i_26_n_0
    SLICE_X22Y112        LUT6 (Prop_G6LUT_SLICEL_I1_O)
                                                      0.097    12.143 f  system_i/hft_core/inst/u_core/u_axi_regs/p_1_out0__5_i_9/O
                         net (fo=2, routed)           0.262    12.405    system_i/hft_core/inst/u_core/u_axi_regs/p_1_out0__5_i_9_n_0
    SLICE_X21Y114        LUT6 (Prop_C6LUT_SLICEL_I1_O)
                                                      0.050    12.455 f  system_i/hft_core/inst/u_core/u_axi_regs/p_1_out0_i_24/O
                         net (fo=1, routed)           0.010    12.465    system_i/hft_core/inst/u_core/u_axi_regs/p_1_out0_i_24_n_0
    SLICE_X21Y114        MUXF7 (Prop_F7MUX_CD_SLICEL_I1_O)
                                                      0.064    12.529 f  system_i/hft_core/inst/u_core/u_axi_regs/p_1_out0_i_10/O
                         net (fo=16, routed)          0.451    12.980    system_i/hft_core/inst/u_core/u_axi_regs/p_1_out0_i_10_n_0
    SLICE_X16Y119        LUT6 (Prop_B6LUT_SLICEM_I5_O)
                                                      0.100    13.080 f  system_i/hft_core/inst/u_core/u_axi_regs/p_1_out0__2_i_1/O
                         net (fo=1, routed)           0.526    13.606    system_i/hft_core/inst/u_core/u_market_sim/u_market_noise_gen/p_1_out0__2/B[4]
    DSP48E2_X0Y53        DSP_A_B_DATA (Prop_DSP_A_B_DATA_DSP48E2_B[4]_B2_DATA[4])
                                                      0.151    13.757 r  system_i/hft_core/inst/u_core/u_market_sim/u_market_noise_gen/p_1_out0__2/DSP_A_B_DATA_INST/B2_DATA[4]
                         net (fo=1, routed)           0.000    13.757    system_i/hft_core/inst/u_core/u_market_sim/u_market_noise_gen/p_1_out0__2/DSP_A_B_DATA.B2_DATA<4>
    DSP48E2_X0Y53        DSP_PREADD_DATA (Prop_DSP_PREADD_DATA_DSP48E2_B2_DATA[4]_B2B1[4])
                                                      0.073    13.830 r  system_i/hft_core/inst/u_core/u_market_sim/u_market_noise_gen/p_1_out0__2/DSP_PREADD_DATA_INST/B2B1[4]
                         net (fo=1, routed)           0.000    13.830    system_i/hft_core/inst/u_core/u_market_sim/u_market_noise_gen/p_1_out0__2/DSP_PREADD_DATA.B2B1<4>
    DSP48E2_X0Y53        DSP_MULTIPLIER (Prop_DSP_MULTIPLIER_DSP48E2_B2B1[4]_V[13])
                                                      0.609    14.439 f  system_i/hft_core/inst/u_core/u_market_sim/u_market_noise_gen/p_1_out0__2/DSP_MULTIPLIER_INST/V[13]
                         net (fo=1, routed)           0.000    14.439    system_i/hft_core/inst/u_core/u_market_sim/u_market_noise_gen/p_1_out0__2/DSP_MULTIPLIER.V<13>
    DSP48E2_X0Y53        DSP_M_DATA (Prop_DSP_M_DATA_DSP48E2_V[13]_V_DATA[13])
                                                      0.046    14.485 r  system_i/hft_core/inst/u_core/u_market_sim/u_market_noise_gen/p_1_out0__2/DSP_M_DATA_INST/V_DATA[13]
                         net (fo=1, routed)           0.000    14.485    system_i/hft_core/inst/u_core/u_market_sim/u_market_noise_gen/p_1_out0__2/DSP_M_DATA.V_DATA<13>
    DSP48E2_X0Y53        DSP_ALU (Prop_DSP_ALU_DSP48E2_V_DATA[13]_ALU_OUT[13])
                                                      0.571    15.056 f  system_i/hft_core/inst/u_core/u_market_sim/u_market_noise_gen/p_1_out0__2/DSP_ALU_INST/ALU_OUT[13]
                         net (fo=1, routed)           0.000    15.056    system_i/hft_core/inst/u_core/u_market_sim/u_market_noise_gen/p_1_out0__2/DSP_ALU.ALU_OUT<13>
    DSP48E2_X0Y53        DSP_OUTPUT (Prop_DSP_OUTPUT_DSP48E2_ALU_OUT[13]_P[13])
                                                      0.109    15.165 r  system_i/hft_core/inst/u_core/u_market_sim/u_market_noise_gen/p_1_out0__2/DSP_OUTPUT_INST/P[13]
                         net (fo=5, routed)           0.354    15.519    system_i/hft_core/inst/u_core/u_market_sim/u_market_noise_gen/p_1_out0__2_n_92
    SLICE_X5Y133         LUT2 (Prop_A6LUT_SLICEM_I1_O)
                                                      0.150    15.669 r  system_i/hft_core/inst/u_core/u_market_sim/u_market_noise_gen/sec_drift_q16_16[3][31]_i_43/O
                         net (fo=1, routed)           0.013    15.682    system_i/hft_core/inst/u_core/u_market_sim/u_market_noise_gen/sec_drift_q16_16[3][31]_i_43_n_0
    SLICE_X5Y133         CARRY8 (Prop_CARRY8_SLICEM_S[0]_CO[7])
                                                      0.192    15.874 f  system_i/hft_core/inst/u_core/u_market_sim/u_market_noise_gen/sec_drift_q16_16_reg[3][31]_i_6/CO[7]
                         net (fo=1, routed)           0.026    15.900    system_i/hft_core/inst/u_core/u_market_sim/u_market_noise_gen/sec_drift_q16_16_reg[3][31]_i_6_n_0
    SLICE_X5Y134         CARRY8 (Prop_CARRY8_SLICEM_CI_CO[2])
                                                      0.057    15.957 f  system_i/hft_core/inst/u_core/u_market_sim/u_market_noise_gen/sec_drift_q16_16_reg[3][31]_i_3/CO[2]
                         net (fo=32, routed)          0.323    16.280    system_i/hft_core/inst/u_core/u_market_sim/u_market_noise_gen/sec_drift_q16_16_reg[3][31]_i_3_n_5
    SLICE_X4Y130         LUT4 (Prop_C6LUT_SLICEM_I2_O)
                                                      0.098    16.378 r  system_i/hft_core/inst/u_core/u_market_sim/u_market_noise_gen/sec_drift_q16_16[3][4]_i_1/O
                         net (fo=1, routed)           0.066    16.444    system_i/hft_core/inst/u_core/u_market_sim/u_market_noise_gen/sec_drift_q16_16[3][4]_i_1_n_0
    SLICE_X4Y130         FDCE                                         r  system_i/hft_core/inst/u_core/u_market_sim/u_market_noise_gen/sec_drift_q16_16_reg[3][4]/D
  -------------------------------------------------------------------    -------------------

                         (clock clk_pl_0 rise edge)
                                                     20.625    20.625 r  
    PS8_X0Y0             PS8                          0.000    20.625 r  system_i/zynq_ps/inst/PS8_i/PLCLK[0]
                         net (fo=1, routed)           0.135    20.760    system_i/zynq_ps/inst/pl_clk_unbuffered[0]
    BUFG_PS_X0Y58        BUFG_PS (Prop_BUFG_PS_I_O)
                                                      0.025    20.785 r  system_i/zynq_ps/inst/buffer_pl_clk_0.PL_CLK_0_BUFG/O
    X0Y1 (CLOCK_ROOT)    net (fo=12182, routed)       1.450    22.235    system_i/hft_core/inst/u_core/u_market_sim/u_market_noise_gen/clk
    SLICE_X4Y130         FDCE                                         r  system_i/hft_core/inst/u_core/u_market_sim/u_market_noise_gen/sec_drift_q16_16_reg[3][4]/C
                         clock pessimism              0.097    22.332    
                         clock uncertainty           -0.207    22.125    
    SLICE_X4Y130         FDCE (Setup_CFF_SLICEM_C_D)
                                                      0.025    22.150    system_i/hft_core/inst/u_core/u_market_sim/u_market_noise_gen/sec_drift_q16_16_reg[3][4]
  -------------------------------------------------------------------
                         required time                         22.150    
                         arrival time                         -16.444    
  -------------------------------------------------------------------
                         slack                                  5.705    

Slack (MET) :             5.718ns  (required time - arrival time)
  Source:                 system_i/hft_core/inst/u_core/u_axi_regs/active_sym_count_reg[0]/C
                            (rising edge-triggered cell FDCE clocked by clk_pl_0  {rise@0.000ns fall@10.312ns period=20.625ns})
  Destination:            system_i/hft_core/inst/u_core/u_market_sim/u_market_noise_gen/sec_drift_q16_16_reg[3][9]/D
                            (rising edge-triggered cell FDCE clocked by clk_pl_0  {rise@0.000ns fall@10.312ns period=20.625ns})
  Path Group:             clk_pl_0
  Path Type:              Setup (Max at Slow Process Corner)
  Requirement:            20.625ns  (clk_pl_0 rise@20.625ns - clk_pl_0 rise@0.000ns)
  Data Path Delay:        14.597ns  (logic 6.269ns (42.947%)  route 8.328ns (57.053%))
  Logic Levels:           56  (CARRY8=2 DSP_A_B_DATA=1 DSP_ALU=1 DSP_M_DATA=1 DSP_MULTIPLIER=1 DSP_OUTPUT=1 DSP_PREADD_DATA=1 LUT2=2 LUT4=2 LUT5=12 LUT6=19 MUXF7=13)
  Clock Path Skew:        -0.127ns (DCD - SCD + CPR)
    Destination Clock Delay (DCD):    1.606ns = ( 22.231 - 20.625 ) 
    Source Clock Delay      (SCD):    1.830ns
    Clock Pessimism Removal (CPR):    0.097ns
  Clock Uncertainty:      0.207ns  ((TSJ^2 + DJ^2)^1/2) / 2 + PE
    Total System Jitter     (TSJ):    0.071ns
    Discrete Jitter          (DJ):    0.409ns
    Phase Error              (PE):    0.000ns
  Clock Net Delay (Source):      1.631ns (routing 0.591ns, distribution 1.040ns)
  Clock Net Delay (Destination): 1.446ns (routing 0.533ns, distribution 0.913ns)

    Location             Delay type                Incr(ns)  Path(ns)    Netlist Resource(s)
  -------------------------------------------------------------------    -------------------
                         (clock clk_pl_0 rise edge)
                                                      0.000     0.000 r  
    PS8_X0Y0             PS8                          0.000     0.000 r  system_i/zynq_ps/inst/PS8_i/PLCLK[0]
                         net (fo=1, routed)           0.171     0.171    system_i/zynq_ps/inst/pl_clk_unbuffered[0]
    BUFG_PS_X0Y58        BUFG_PS (Prop_BUFG_PS_I_O)
                                                      0.028     0.199 r  system_i/zynq_ps/inst/buffer_pl_clk_0.PL_CLK_0_BUFG/O
    X0Y1 (CLOCK_ROOT)    net (fo=12182, routed)       1.631     1.830    system_i/hft_core/inst/u_core/u_axi_regs/clk
    SLICE_X24Y64         FDCE                                         r  system_i/hft_core/inst/u_core/u_axi_regs/active_sym_count_reg[0]/C
  -------------------------------------------------------------------    -------------------
    SLICE_X24Y64         FDCE (Prop_HFF2_SLICEM_C_Q)
                                                      0.078     1.908 r  system_i/hft_core/inst/u_core/u_axi_regs/active_sym_count_reg[0]/Q
                         net (fo=6, routed)           0.553     2.461    system_i/hft_core/inst/u_core/u_axi_regs/active_sym_count[0]
    SLICE_X26Y105        LUT5 (Prop_D5LUT_SLICEL_I4_O)
                                                      0.096     2.557 r  system_i/hft_core/inst/u_core/u_axi_regs/lfsr_reg[31]_i_6/O
                         net (fo=120, routed)         0.345     2.902    system_i/hft_core/inst/u_core/u_axi_regs/u_market_sim/active_count_eff[0]
    SLICE_X28Y112        LUT5 (Prop_D6LUT_SLICEM_I4_O)
                                                      0.099     3.001 r  system_i/hft_core/inst/u_core/u_axi_regs/lfsr_reg[31]_i_4__0/O
                         net (fo=15, routed)          0.218     3.219    system_i/hft_core/inst/u_core/u_axi_regs/u_market_sim/u_market_noise_gen/company_noise_q16_161
    SLICE_X28Y105        LUT4 (Prop_C5LUT_SLICEM_I0_O)
                                                      0.068     3.287 r  system_i/hft_core/inst/u_core/u_axi_regs/p_1_out0__2_i_70/O
                         net (fo=1, routed)           0.148     3.435    system_i/hft_core/inst/u_core/u_axi_regs/u_market_sim/u_market_noise_gen/sector_pop1_out
    SLICE_X28Y105        LUT6 (Prop_G6LUT_SLICEM_I5_O)
                                                      0.150     3.585 r  system_i/hft_core/inst/u_core/u_axi_regs/p_1_out0__2_i_69/O
                         net (fo=2, routed)           0.152     3.737    system_i/hft_core/inst/u_core/u_axi_regs/p_1_out0__2_i_69_n_0
    SLICE_X27Y105        LUT6 (Prop_D6LUT_SLICEL_I0_O)
                                                      0.146     3.883 r  system_i/hft_core/inst/u_core/u_axi_regs/p_1_out0_i_281/O
                         net (fo=9, routed)           0.009     3.892    system_i/hft_core/inst/u_core/u_axi_regs/p_1_out0_i_281_n_0
    SLICE_X27Y105        MUXF7 (Prop_F7MUX_CD_SLICEL_I0_O)
                                                      0.063     3.955 r  system_i/hft_core/inst/u_core/u_axi_regs/p_1_out0_i_276/O
                         net (fo=9, routed)           0.227     4.182    system_i/hft_core/inst/u_core/u_axi_regs/p_1_out0_i_276_n_0
    SLICE_X28Y103        LUT5 (Prop_H6LUT_SLICEM_I0_O)
                                                      0.152     4.334 r  system_i/hft_core/inst/u_core/u_axi_regs/p_1_out0__2_i_65/O
                         net (fo=2, routed)           0.099     4.433    system_i/hft_core/inst/u_core/u_axi_regs/p_1_out0__2_i_65_n_0
    SLICE_X28Y102        LUT6 (Prop_D6LUT_SLICEM_I0_O)
                                                      0.099     4.532 r  system_i/hft_core/inst/u_core/u_axi_regs/p_1_out0_i_270/O
                         net (fo=2, routed)           0.025     4.557    system_i/hft_core/inst/u_core/u_axi_regs/p_1_out0_i_270_n_0
    SLICE_X28Y102        MUXF7 (Prop_F7MUX_CD_SLICEM_I0_O)
                                                      0.069     4.626 r  system_i/hft_core/inst/u_core/u_axi_regs/p_1_out0_i_263/O
                         net (fo=8, routed)           0.165     4.791    system_i/hft_core/inst/u_core/u_axi_regs/p_1_out0_i_263_n_0
    SLICE_X27Y102        LUT5 (Prop_F6LUT_SLICEL_I2_O)
                                                      0.123     4.914 r  system_i/hft_core/inst/u_core/u_axi_regs/p_1_out0__3_i_61/O
                         net (fo=2, routed)           0.094     5.008    system_i/hft_core/inst/u_core/u_axi_regs/p_1_out0__3_i_61_n_0
    SLICE_X26Y102        LUT6 (Prop_C6LUT_SLICEL_I5_O)
                                                      0.123     5.131 r  system_i/hft_core/inst/u_core/u_axi_regs/p_1_out0_i_257/O
                         net (fo=1, routed)           0.010     5.141    system_i/hft_core/inst/u_core/u_axi_regs/p_1_out0_i_257_n_0
    SLICE_X26Y102        MUXF7 (Prop_F7MUX_CD_SLICEL_I1_O)
                                                      0.064     5.205 r  system_i/hft_core/inst/u_core/u_axi_regs/p_1_out0_i_248/O
                         net (fo=16, routed)          0.220     5.425    system_i/hft_core/inst/u_core/u_axi_regs/p_1_out0_i_248_n_0
    SLICE_X25Y103        LUT5 (Prop_E6LUT_SLICEL_I1_O)
                                                      0.147     5.572 r  system_i/hft_core/inst/u_core/u_axi_regs/p_1_out0__5_i_58/O
                         net (fo=2, routed)           0.150     5.722    system_i/hft_core/inst/u_core/u_axi_regs/p_1_out0__5_i_58_n_0
    SLICE_X24Y102        LUT6 (Prop_C6LUT_SLICEM_I1_O)
                                                      0.145     5.867 r  system_i/hft_core/inst/u_core/u_axi_regs/p_1_out0_i_244/O
                         net (fo=1, routed)           0.021     5.888    system_i/hft_core/inst/u_core/u_axi_regs/p_1_out0_i_244_n_0
    SLICE_X24Y102        MUXF7 (Prop_F7MUX_CD_SLICEM_I1_O)
                                                      0.068     5.956 r  system_i/hft_core/inst/u_core/u_axi_regs/p_1_out0_i_235/O
                         net (fo=16, routed)          0.205     6.162    system_i/hft_core/inst/u_core/u_axi_regs/p_1_out0_i_235_n_0
    SLICE_X24Y102        LUT5 (Prop_F6LUT_SLICEM_I1_O)
                                                      0.088     6.250 r  system_i/hft_core/inst/u_core/u_axi_regs/p_1_out0__5_i_54/O
                         net (fo=2, routed)           0.206     6.456    system_i/hft_core/inst/u_core/u_axi_regs/p_1_out0__5_i_54_n_0
    SLICE_X22Y102        LUT6 (Prop_C6LUT_SLICEL_I1_O)
                                                      0.096     6.552 r  system_i/hft_core/inst/u_core/u_axi_regs/p_1_out0_i_231/O
                         net (fo=1, routed)           0.010     6.562    system_i/hft_core/inst/u_core/u_axi_regs/p_1_out0_i_231_n_0
    SLICE_X22Y102        MUXF7 (Prop_F7MUX_CD_SLICEL_I1_O)
                                                      0.064     6.626 r  system_i/hft_core/inst/u_core/u_axi_regs/p_1_out0_i_222/O
                         net (fo=16, routed)          0.197     6.822    system_i/hft_core/inst/u_core/u_axi_regs/p_1_out0_i_222_n_0
    SLICE_X22Y101        LUT5 (Prop_F6LUT_SLICEL_I1_O)
                                                      0.035     6.857 r  system_i/hft_core/inst/u_core/u_axi_regs/p_1_out0__0_i_50/O
                         net (fo=3, routed)           0.196     7.053    system_i/hft_core/inst/u_core/u_axi_regs/p_1_out0__0_i_50_n_0
    SLICE_X21Y104        LUT6 (Prop_D6LUT_SLICEL_I3_O)
                                                      0.122     7.175 r  system_i/hft_core/inst/u_core/u_axi_regs/p_1_out0_i_217/O
                         net (fo=1, routed)           0.009     7.184    system_i/hft_core/inst/u_core/u_axi_regs/p_1_out0_i_217_n_0
    SLICE_X21Y104        MUXF7 (Prop_F7MUX_CD_SLICEL_I0_O)
                                                      0.063     7.247 r  system_i/hft_core/inst/u_core/u_axi_regs/p_1_out0_i_204/O
                         net (fo=18, routed)          0.208     7.455    system_i/hft_core/inst/u_core/u_axi_regs/p_1_out0_i_204_n_0
    SLICE_X22Y104        LUT5 (Prop_H6LUT_SLICEL_I1_O)
                                                      0.090     7.545 r  system_i/hft_core/inst/u_core/u_axi_regs/p_1_out0__6_i_46/O
                         net (fo=2, routed)           0.144     7.689    system_i/hft_core/inst/u_core/u_axi_regs/p_1_out0__6_i_46_n_0
    SLICE_X23Y104        LUT6 (Prop_G6LUT_SLICEL_I0_O)
                                                      0.089     7.778 r  system_i/hft_core/inst/u_core/u_axi_regs/p_1_out0_i_193/O
                         net (fo=2, routed)           0.008     7.786    system_i/hft_core/inst/u_core/u_axi_regs/p_1_out0_i_193_n_0
    SLICE_X23Y104        MUXF7 (Prop_F7MUX_GH_SLICEL_I1_O)
                                                      0.063     7.849 r  system_i/hft_core/inst/u_core/u_axi_regs/p_1_out0_i_186/O
                         net (fo=17, routed)          0.298     8.147    system_i/hft_core/inst/u_core/u_axi_regs/p_1_out0_i_186_n_0
    SLICE_X22Y106        LUT5 (Prop_E6LUT_SLICEL_I1_O)
                                                      0.099     8.246 r  system_i/hft_core/inst/u_core/u_axi_regs/p_1_out0__5_i_41/O
                         net (fo=2, routed)           0.164     8.410    system_i/hft_core/inst/u_core/u_axi_regs/p_1_out0__5_i_41_n_0
    SLICE_X24Y106        LUT6 (Prop_C6LUT_SLICEM_I1_O)
                                                      0.037     8.447 r  system_i/hft_core/inst/u_core/u_axi_regs/p_1_out0_i_172/O
                         net (fo=2, routed)           0.021     8.468    system_i/hft_core/inst/u_core/u_axi_regs/p_1_out0_i_172_n_0
    SLICE_X24Y106        MUXF7 (Prop_F7MUX_CD_SLICEM_I1_O)
                                                      0.068     8.536 r  system_i/hft_core/inst/u_core/u_axi_regs/p_1_out0_i_165/O
                         net (fo=17, routed)          0.210     8.746    system_i/hft_core/inst/u_core/u_axi_regs/p_1_out0_i_165_n_0
    SLICE_X26Y106        LUT5 (Prop_G6LUT_SLICEL_I1_O)
                                                      0.050     8.796 r  system_i/hft_core/inst/u_core/u_axi_regs/p_1_out0__2_i_36/O
                         net (fo=3, routed)           0.151     8.947    system_i/hft_core/inst/u_core/u_axi_regs/p_1_out0__2_i_36_n_0
    SLICE_X25Y107        LUT6 (Prop_D6LUT_SLICEL_I0_O)
                                                      0.099     9.046 r  system_i/hft_core/inst/u_core/u_axi_regs/p_1_out0_i_163/O
                         net (fo=1, routed)           0.009     9.055    system_i/hft_core/inst/u_core/u_axi_regs/p_1_out0_i_163_n_0
    SLICE_X25Y107        MUXF7 (Prop_F7MUX_CD_SLICEL_I0_O)
                                                      0.063     9.118 r  system_i/hft_core/inst/u_core/u_axi_regs/p_1_out0_i_144/O
                         net (fo=17, routed)          0.202     9.319    system_i/hft_core/inst/u_core/u_axi_regs/p_1_out0_i_144_n_0
    SLICE_X26Y108        LUT5 (Prop_C6LUT_SLICEL_I1_O)
                                                      0.035     9.354 r  system_i/hft_core/inst/u_core/u_axi_regs/p_1_out0__4_i_31/O
                         net (fo=2, routed)           0.155     9.509    system_i/hft_core/inst/u_core/u_axi_regs/p_1_out0__4_i_31_n_0
    SLICE_X26Y109        LUT6 (Prop_G6LUT_SLICEL_I3_O)
                                                      0.123     9.632 r  system_i/hft_core/inst/u_core/u_axi_regs/p_1_out0_i_130/O
                         net (fo=2, routed)           0.008     9.640    system_i/hft_core/inst/u_core/u_axi_regs/p_1_out0_i_130_n_0
    SLICE_X26Y109        MUXF7 (Prop_F7MUX_GH_SLICEL_I1_O)
                                                      0.063     9.703 r  system_i/hft_core/inst/u_core/u_axi_regs/p_1_out0_i_119/O
                         net (fo=17, routed)          0.258     9.961    system_i/hft_core/inst/u_core/u_axi_regs/p_1_out0_i_119_n_0
    SLICE_X26Y109        LUT5 (Prop_F6LUT_SLICEL_I1_O)
                                                      0.035     9.996 r  system_i/hft_core/inst/u_core/u_axi_regs/p_1_out0__0_i_26/O
                         net (fo=5, routed)           0.098    10.094    system_i/hft_core/inst/u_core/u_axi_regs/p_1_out0__0_i_26_n_0
    SLICE_X25Y109        LUT6 (Prop_D6LUT_SLICEL_I3_O)
                                                      0.122    10.216 r  system_i/hft_core/inst/u_core/u_axi_regs/p_1_out0_i_117/O
                         net (fo=1, routed)           0.009    10.225    system_i/hft_core/inst/u_core/u_axi_regs/p_1_out0_i_117_n_0
    SLICE_X25Y109        MUXF7 (Prop_F7MUX_CD_SLICEL_I0_O)
                                                      0.063    10.288 r  system_i/hft_core/inst/u_core/u_axi_regs/p_1_out0_i_89/O
                         net (fo=18, routed)          0.151    10.440    system_i/hft_core/inst/u_core/u_axi_regs/p_1_out0_i_89_n_0
    SLICE_X23Y109        LUT2 (Prop_D5LUT_SLICEL_I1_O)
                                                      0.096    10.536 r  system_i/hft_core/inst/u_core/u_axi_regs/p_1_out0_i_113/O
                         net (fo=12, routed)          0.238    10.773    system_i/hft_core/inst/u_core/u_axi_regs/p_1_out0_i_113_n_0
    SLICE_X22Y109        LUT6 (Prop_E6LUT_SLICEL_I0_O)
                                                      0.147    10.920 r  system_i/hft_core/inst/u_core/u_axi_regs/p_1_out0_i_82/O
                         net (fo=1, routed)           0.239    11.159    system_i/hft_core/inst/u_core/u_axi_regs/p_1_out0_i_82_n_0
    SLICE_X22Y109        LUT6 (Prop_H6LUT_SLICEL_I3_O)
                                                      0.051    11.210 r  system_i/hft_core/inst/u_core/u_axi_regs/p_1_out0_i_52/O
                         net (fo=8, routed)           0.204    11.414    system_i/hft_core/inst/u_core/u_axi_regs/p_1_out0_i_52_n_0
    SLICE_X23Y112        LUT6 (Prop_C6LUT_SLICEL_I1_O)
                                                      0.096    11.510 r  system_i/hft_core/inst/u_core/u_axi_regs/p_1_out0__3_i_14/O
                         net (fo=2, routed)           0.117    11.627    system_i/hft_core/inst/u_core/u_axi_regs/p_1_out0__3_i_14_n_0
    SLICE_X24Y112        LUT6 (Prop_G6LUT_SLICEM_I5_O)
                                                      0.150    11.777 r  system_i/hft_core/inst/u_core/u_axi_regs/p_1_out0_i_44/O
                         net (fo=1, routed)           0.017    11.794    system_i/hft_core/inst/u_core/u_axi_regs/p_1_out0_i_44_n_0
    SLICE_X24Y112        MUXF7 (Prop_F7MUX_GH_SLICEM_I1_O)
                                                      0.067    11.861 r  system_i/hft_core/inst/u_core/u_axi_regs/p_1_out0_i_26/O
                         net (fo=16, routed)          0.185    12.046    system_i/hft_core/inst/u_core/u_axi_regs/p_1_out0_i_26_n_0
    SLICE_X22Y112        LUT6 (Prop_G6LUT_SLICEL_I1_O)
                                                      0.097    12.143 f  system_i/hft_core/inst/u_core/u_axi_regs/p_1_out0__5_i_9/O
                         net (fo=2, routed)           0.262    12.405    system_i/hft_core/inst/u_core/u_axi_regs/p_1_out0__5_i_9_n_0
    SLICE_X21Y114        LUT6 (Prop_C6LUT_SLICEL_I1_O)
                                                      0.050    12.455 f  system_i/hft_core/inst/u_core/u_axi_regs/p_1_out0_i_24/O
                         net (fo=1, routed)           0.010    12.465    system_i/hft_core/inst/u_core/u_axi_regs/p_1_out0_i_24_n_0
    SLICE_X21Y114        MUXF7 (Prop_F7MUX_CD_SLICEL_I1_O)
                                                      0.064    12.529 f  system_i/hft_core/inst/u_core/u_axi_regs/p_1_out0_i_10/O
                         net (fo=16, routed)          0.451    12.980    system_i/hft_core/inst/u_core/u_axi_regs/p_1_out0_i_10_n_0
    SLICE_X16Y119        LUT6 (Prop_B6LUT_SLICEM_I5_O)
                                                      0.100    13.080 f  system_i/hft_core/inst/u_core/u_axi_regs/p_1_out0__2_i_1/O
                         net (fo=1, routed)           0.526    13.606    system_i/hft_core/inst/u_core/u_market_sim/u_market_noise_gen/p_1_out0__2/B[4]
    DSP48E2_X0Y53        DSP_A_B_DATA (Prop_DSP_A_B_DATA_DSP48E2_B[4]_B2_DATA[4])
                                                      0.151    13.757 r  system_i/hft_core/inst/u_core/u_market_sim/u_market_noise_gen/p_1_out0__2/DSP_A_B_DATA_INST/B2_DATA[4]
                         net (fo=1, routed)           0.000    13.757    system_i/hft_core/inst/u_core/u_market_sim/u_market_noise_gen/p_1_out0__2/DSP_A_B_DATA.B2_DATA<4>
    DSP48E2_X0Y53        DSP_PREADD_DATA (Prop_DSP_PREADD_DATA_DSP48E2_B2_DATA[4]_B2B1[4])
                                                      0.073    13.830 r  system_i/hft_core/inst/u_core/u_market_sim/u_market_noise_gen/p_1_out0__2/DSP_PREADD_DATA_INST/B2B1[4]
                         net (fo=1, routed)           0.000    13.830    system_i/hft_core/inst/u_core/u_market_sim/u_market_noise_gen/p_1_out0__2/DSP_PREADD_DATA.B2B1<4>
    DSP48E2_X0Y53        DSP_MULTIPLIER (Prop_DSP_MULTIPLIER_DSP48E2_B2B1[4]_V[13])
                                                      0.609    14.439 f  system_i/hft_core/inst/u_core/u_market_sim/u_market_noise_gen/p_1_out0__2/DSP_MULTIPLIER_INST/V[13]
                         net (fo=1, routed)           0.000    14.439    system_i/hft_core/inst/u_core/u_market_sim/u_market_noise_gen/p_1_out0__2/DSP_MULTIPLIER.V<13>
    DSP48E2_X0Y53        DSP_M_DATA (Prop_DSP_M_DATA_DSP48E2_V[13]_V_DATA[13])
                                                      0.046    14.485 r  system_i/hft_core/inst/u_core/u_market_sim/u_market_noise_gen/p_1_out0__2/DSP_M_DATA_INST/V_DATA[13]
                         net (fo=1, routed)           0.000    14.485    system_i/hft_core/inst/u_core/u_market_sim/u_market_noise_gen/p_1_out0__2/DSP_M_DATA.V_DATA<13>
    DSP48E2_X0Y53        DSP_ALU (Prop_DSP_ALU_DSP48E2_V_DATA[13]_ALU_OUT[13])
                                                      0.571    15.056 f  system_i/hft_core/inst/u_core/u_market_sim/u_market_noise_gen/p_1_out0__2/DSP_ALU_INST/ALU_OUT[13]
                         net (fo=1, routed)           0.000    15.056    system_i/hft_core/inst/u_core/u_market_sim/u_market_noise_gen/p_1_out0__2/DSP_ALU.ALU_OUT<13>
    DSP48E2_X0Y53        DSP_OUTPUT (Prop_DSP_OUTPUT_DSP48E2_ALU_OUT[13]_P[13])
                                                      0.109    15.165 r  system_i/hft_core/inst/u_core/u_market_sim/u_market_noise_gen/p_1_out0__2/DSP_OUTPUT_INST/P[13]
                         net (fo=5, routed)           0.354    15.519    system_i/hft_core/inst/u_core/u_market_sim/u_market_noise_gen/p_1_out0__2_n_92
    SLICE_X5Y133         LUT2 (Prop_A6LUT_SLICEM_I1_O)
                                                      0.150    15.669 r  system_i/hft_core/inst/u_core/u_market_sim/u_market_noise_gen/sec_drift_q16_16[3][31]_i_43/O
                         net (fo=1, routed)           0.013    15.682    system_i/hft_core/inst/u_core/u_market_sim/u_market_noise_gen/sec_drift_q16_16[3][31]_i_43_n_0
    SLICE_X5Y133         CARRY8 (Prop_CARRY8_SLICEM_S[0]_CO[7])
                                                      0.192    15.874 f  system_i/hft_core/inst/u_core/u_market_sim/u_market_noise_gen/sec_drift_q16_16_reg[3][31]_i_6/CO[7]
                         net (fo=1, routed)           0.026    15.900    system_i/hft_core/inst/u_core/u_market_sim/u_market_noise_gen/sec_drift_q16_16_reg[3][31]_i_6_n_0
    SLICE_X5Y134         CARRY8 (Prop_CARRY8_SLICEM_CI_CO[2])
                                                      0.057    15.957 f  system_i/hft_core/inst/u_core/u_market_sim/u_market_noise_gen/sec_drift_q16_16_reg[3][31]_i_3/CO[2]
                         net (fo=32, routed)          0.318    16.275    system_i/hft_core/inst/u_core/u_market_sim/u_market_noise_gen/sec_drift_q16_16_reg[3][31]_i_3_n_5
    SLICE_X3Y131         LUT4 (Prop_C5LUT_SLICEL_I2_O)
                                                      0.136    16.411 r  system_i/hft_core/inst/u_core/u_market_sim/u_market_noise_gen/sec_drift_q16_16[3][9]_i_1/O
                         net (fo=1, routed)           0.016    16.427    system_i/hft_core/inst/u_core/u_market_sim/u_market_noise_gen/sec_drift_q16_16[3][9]_i_1_n_0
    SLICE_X3Y131         FDCE                                         r  system_i/hft_core/inst/u_core/u_market_sim/u_market_noise_gen/sec_drift_q16_16_reg[3][9]/D
  -------------------------------------------------------------------    -------------------

                         (clock clk_pl_0 rise edge)
                                                     20.625    20.625 r  
    PS8_X0Y0             PS8                          0.000    20.625 r  system_i/zynq_ps/inst/PS8_i/PLCLK[0]
                         net (fo=1, routed)           0.135    20.760    system_i/zynq_ps/inst/pl_clk_unbuffered[0]
    BUFG_PS_X0Y58        BUFG_PS (Prop_BUFG_PS_I_O)
                                                      0.025    20.785 r  system_i/zynq_ps/inst/buffer_pl_clk_0.PL_CLK_0_BUFG/O
    X0Y1 (CLOCK_ROOT)    net (fo=12182, routed)       1.446    22.231    system_i/hft_core/inst/u_core/u_market_sim/u_market_noise_gen/clk
    SLICE_X3Y131         FDCE                                         r  system_i/hft_core/inst/u_core/u_market_sim/u_market_noise_gen/sec_drift_q16_16_reg[3][9]/C
                         clock pessimism              0.097    22.328    
                         clock uncertainty           -0.207    22.121    
    SLICE_X3Y131         FDCE (Setup_CFF2_SLICEL_C_D)
                                                      0.025    22.146    system_i/hft_core/inst/u_core/u_market_sim/u_market_noise_gen/sec_drift_q16_16_reg[3][9]
  -------------------------------------------------------------------
                         required time                         22.146    
                         arrival time                         -16.427    
  -------------------------------------------------------------------
                         slack                                  5.718    

Slack (MET) :             5.725ns  (required time - arrival time)
  Source:                 system_i/hft_core/inst/u_core/u_axi_regs/active_sym_count_reg[0]/C
                            (rising edge-triggered cell FDCE clocked by clk_pl_0  {rise@0.000ns fall@10.312ns period=20.625ns})
  Destination:            system_i/hft_core/inst/u_core/u_market_sim/u_market_noise_gen/sec_drift_q16_16_reg[3][11]/D
                            (rising edge-triggered cell FDCE clocked by clk_pl_0  {rise@0.000ns fall@10.312ns period=20.625ns})
  Path Group:             clk_pl_0
  Path Type:              Setup (Max at Slow Process Corner)
  Requirement:            20.625ns  (clk_pl_0 rise@20.625ns - clk_pl_0 rise@0.000ns)
  Data Path Delay:        14.590ns  (logic 6.266ns (42.947%)  route 8.324ns (57.053%))
  Logic Levels:           56  (CARRY8=2 DSP_A_B_DATA=1 DSP_ALU=1 DSP_M_DATA=1 DSP_MULTIPLIER=1 DSP_OUTPUT=1 DSP_PREADD_DATA=1 LUT2=2 LUT4=2 LUT5=12 LUT6=19 MUXF7=13)
  Clock Path Skew:        -0.127ns (DCD - SCD + CPR)
    Destination Clock Delay (DCD):    1.606ns = ( 22.231 - 20.625 ) 
    Source Clock Delay      (SCD):    1.830ns
    Clock Pessimism Removal (CPR):    0.097ns
  Clock Uncertainty:      0.207ns  ((TSJ^2 + DJ^2)^1/2) / 2 + PE
    Total System Jitter     (TSJ):    0.071ns
    Discrete Jitter          (DJ):    0.409ns
    Phase Error              (PE):    0.000ns
  Clock Net Delay (Source):      1.631ns (routing 0.591ns, distribution 1.040ns)
  Clock Net Delay (Destination): 1.446ns (routing 0.533ns, distribution 0.913ns)

    Location             Delay type                Incr(ns)  Path(ns)    Netlist Resource(s)
  -------------------------------------------------------------------    -------------------
                         (clock clk_pl_0 rise edge)
                                                      0.000     0.000 r  
    PS8_X0Y0             PS8                          0.000     0.000 r  system_i/zynq_ps/inst/PS8_i/PLCLK[0]
                         net (fo=1, routed)           0.171     0.171    system_i/zynq_ps/inst/pl_clk_unbuffered[0]
    BUFG_PS_X0Y58        BUFG_PS (Prop_BUFG_PS_I_O)
                                                      0.028     0.199 r  system_i/zynq_ps/inst/buffer_pl_clk_0.PL_CLK_0_BUFG/O
    X0Y1 (CLOCK_ROOT)    net (fo=12182, routed)       1.631     1.830    system_i/hft_core/inst/u_core/u_axi_regs/clk
    SLICE_X24Y64         FDCE                                         r  system_i/hft_core/inst/u_core/u_axi_regs/active_sym_count_reg[0]/C
  -------------------------------------------------------------------    -------------------
    SLICE_X24Y64         FDCE (Prop_HFF2_SLICEM_C_Q)
                                                      0.078     1.908 r  system_i/hft_core/inst/u_core/u_axi_regs/active_sym_count_reg[0]/Q
                         net (fo=6, routed)           0.553     2.461    system_i/hft_core/inst/u_core/u_axi_regs/active_sym_count[0]
    SLICE_X26Y105        LUT5 (Prop_D5LUT_SLICEL_I4_O)
                                                      0.096     2.557 r  system_i/hft_core/inst/u_core/u_axi_regs/lfsr_reg[31]_i_6/O
                         net (fo=120, routed)         0.345     2.902    system_i/hft_core/inst/u_core/u_axi_regs/u_market_sim/active_count_eff[0]
    SLICE_X28Y112        LUT5 (Prop_D6LUT_SLICEM_I4_O)
                                                      0.099     3.001 r  system_i/hft_core/inst/u_core/u_axi_regs/lfsr_reg[31]_i_4__0/O
                         net (fo=15, routed)          0.218     3.219    system_i/hft_core/inst/u_core/u_axi_regs/u_market_sim/u_market_noise_gen/company_noise_q16_161
    SLICE_X28Y105        LUT4 (Prop_C5LUT_SLICEM_I0_O)
                                                      0.068     3.287 r  system_i/hft_core/inst/u_core/u_axi_regs/p_1_out0__2_i_70/O
                         net (fo=1, routed)           0.148     3.435    system_i/hft_core/inst/u_core/u_axi_regs/u_market_sim/u_market_noise_gen/sector_pop1_out
    SLICE_X28Y105        LUT6 (Prop_G6LUT_SLICEM_I5_O)
                                                      0.150     3.585 r  system_i/hft_core/inst/u_core/u_axi_regs/p_1_out0__2_i_69/O
                         net (fo=2, routed)           0.152     3.737    system_i/hft_core/inst/u_core/u_axi_regs/p_1_out0__2_i_69_n_0
    SLICE_X27Y105        LUT6 (Prop_D6LUT_SLICEL_I0_O)
                                                      0.146     3.883 r  system_i/hft_core/inst/u_core/u_axi_regs/p_1_out0_i_281/O
                         net (fo=9, routed)           0.009     3.892    system_i/hft_core/inst/u_core/u_axi_regs/p_1_out0_i_281_n_0
    SLICE_X27Y105        MUXF7 (Prop_F7MUX_CD_SLICEL_I0_O)
                                                      0.063     3.955 r  system_i/hft_core/inst/u_core/u_axi_regs/p_1_out0_i_276/O
                         net (fo=9, routed)           0.227     4.182    system_i/hft_core/inst/u_core/u_axi_regs/p_1_out0_i_276_n_0
    SLICE_X28Y103        LUT5 (Prop_H6LUT_SLICEM_I0_O)
                                                      0.152     4.334 r  system_i/hft_core/inst/u_core/u_axi_regs/p_1_out0__2_i_65/O
                         net (fo=2, routed)           0.099     4.433    system_i/hft_core/inst/u_core/u_axi_regs/p_1_out0__2_i_65_n_0
    SLICE_X28Y102        LUT6 (Prop_D6LUT_SLICEM_I0_O)
                                                      0.099     4.532 r  system_i/hft_core/inst/u_core/u_axi_regs/p_1_out0_i_270/O
                         net (fo=2, routed)           0.025     4.557    system_i/hft_core/inst/u_core/u_axi_regs/p_1_out0_i_270_n_0
    SLICE_X28Y102        MUXF7 (Prop_F7MUX_CD_SLICEM_I0_O)
                                                      0.069     4.626 r  system_i/hft_core/inst/u_core/u_axi_regs/p_1_out0_i_263/O
                         net (fo=8, routed)           0.165     4.791    system_i/hft_core/inst/u_core/u_axi_regs/p_1_out0_i_263_n_0
    SLICE_X27Y102        LUT5 (Prop_F6LUT_SLICEL_I2_O)
                                                      0.123     4.914 r  system_i/hft_core/inst/u_core/u_axi_regs/p_1_out0__3_i_61/O
                         net (fo=2, routed)           0.094     5.008    system_i/hft_core/inst/u_core/u_axi_regs/p_1_out0__3_i_61_n_0
    SLICE_X26Y102        LUT6 (Prop_C6LUT_SLICEL_I5_O)
                                                      0.123     5.131 r  system_i/hft_core/inst/u_core/u_axi_regs/p_1_out0_i_257/O
                         net (fo=1, routed)           0.010     5.141    system_i/hft_core/inst/u_core/u_axi_regs/p_1_out0_i_257_n_0
    SLICE_X26Y102        MUXF7 (Prop_F7MUX_CD_SLICEL_I1_O)
                                                      0.064     5.205 r  system_i/hft_core/inst/u_core/u_axi_regs/p_1_out0_i_248/O
                         net (fo=16, routed)          0.220     5.425    system_i/hft_core/inst/u_core/u_axi_regs/p_1_out0_i_248_n_0
    SLICE_X25Y103        LUT5 (Prop_E6LUT_SLICEL_I1_O)
                                                      0.147     5.572 r  system_i/hft_core/inst/u_core/u_axi_regs/p_1_out0__5_i_58/O
                         net (fo=2, routed)           0.150     5.722    system_i/hft_core/inst/u_core/u_axi_regs/p_1_out0__5_i_58_n_0
    SLICE_X24Y102        LUT6 (Prop_C6LUT_SLICEM_I1_O)
                                                      0.145     5.867 r  system_i/hft_core/inst/u_core/u_axi_regs/p_1_out0_i_244/O
                         net (fo=1, routed)           0.021     5.888    system_i/hft_core/inst/u_core/u_axi_regs/p_1_out0_i_244_n_0
    SLICE_X24Y102        MUXF7 (Prop_F7MUX_CD_SLICEM_I1_O)
                                                      0.068     5.956 r  system_i/hft_core/inst/u_core/u_axi_regs/p_1_out0_i_235/O
                         net (fo=16, routed)          0.205     6.162    system_i/hft_core/inst/u_core/u_axi_regs/p_1_out0_i_235_n_0
    SLICE_X24Y102        LUT5 (Prop_F6LUT_SLICEM_I1_O)
                                                      0.088     6.250 r  system_i/hft_core/inst/u_core/u_axi_regs/p_1_out0__5_i_54/O
                         net (fo=2, routed)           0.206     6.456    system_i/hft_core/inst/u_core/u_axi_regs/p_1_out0__5_i_54_n_0
    SLICE_X22Y102        LUT6 (Prop_C6LUT_SLICEL_I1_O)
                                                      0.096     6.552 r  system_i/hft_core/inst/u_core/u_axi_regs/p_1_out0_i_231/O
                         net (fo=1, routed)           0.010     6.562    system_i/hft_core/inst/u_core/u_axi_regs/p_1_out0_i_231_n_0
    SLICE_X22Y102        MUXF7 (Prop_F7MUX_CD_SLICEL_I1_O)
                                                      0.064     6.626 r  system_i/hft_core/inst/u_core/u_axi_regs/p_1_out0_i_222/O
                         net (fo=16, routed)          0.197     6.822    system_i/hft_core/inst/u_core/u_axi_regs/p_1_out0_i_222_n_0
    SLICE_X22Y101        LUT5 (Prop_F6LUT_SLICEL_I1_O)
                                                      0.035     6.857 r  system_i/hft_core/inst/u_core/u_axi_regs/p_1_out0__0_i_50/O
                         net (fo=3, routed)           0.196     7.053    system_i/hft_core/inst/u_core/u_axi_regs/p_1_out0__0_i_50_n_0
    SLICE_X21Y104        LUT6 (Prop_D6LUT_SLICEL_I3_O)
                                                      0.122     7.175 r  system_i/hft_core/inst/u_core/u_axi_regs/p_1_out0_i_217/O
                         net (fo=1, routed)           0.009     7.184    system_i/hft_core/inst/u_core/u_axi_regs/p_1_out0_i_217_n_0
    SLICE_X21Y104        MUXF7 (Prop_F7MUX_CD_SLICEL_I0_O)
                                                      0.063     7.247 r  system_i/hft_core/inst/u_core/u_axi_regs/p_1_out0_i_204/O
                         net (fo=18, routed)          0.208     7.455    system_i/hft_core/inst/u_core/u_axi_regs/p_1_out0_i_204_n_0
    SLICE_X22Y104        LUT5 (Prop_H6LUT_SLICEL_I1_O)
                                                      0.090     7.545 r  system_i/hft_core/inst/u_core/u_axi_regs/p_1_out0__6_i_46/O
                         net (fo=2, routed)           0.144     7.689    system_i/hft_core/inst/u_core/u_axi_regs/p_1_out0__6_i_46_n_0
    SLICE_X23Y104        LUT6 (Prop_G6LUT_SLICEL_I0_O)
                                                      0.089     7.778 r  system_i/hft_core/inst/u_core/u_axi_regs/p_1_out0_i_193/O
                         net (fo=2, routed)           0.008     7.786    system_i/hft_core/inst/u_core/u_axi_regs/p_1_out0_i_193_n_0
    SLICE_X23Y104        MUXF7 (Prop_F7MUX_GH_SLICEL_I1_O)
                                                      0.063     7.849 r  system_i/hft_core/inst/u_core/u_axi_regs/p_1_out0_i_186/O
                         net (fo=17, routed)          0.298     8.147    system_i/hft_core/inst/u_core/u_axi_regs/p_1_out0_i_186_n_0
    SLICE_X22Y106        LUT5 (Prop_E6LUT_SLICEL_I1_O)
                                                      0.099     8.246 r  system_i/hft_core/inst/u_core/u_axi_regs/p_1_out0__5_i_41/O
                         net (fo=2, routed)           0.164     8.410    system_i/hft_core/inst/u_core/u_axi_regs/p_1_out0__5_i_41_n_0
    SLICE_X24Y106        LUT6 (Prop_C6LUT_SLICEM_I1_O)
                                                      0.037     8.447 r  system_i/hft_core/inst/u_core/u_axi_regs/p_1_out0_i_172/O
                         net (fo=2, routed)           0.021     8.468    system_i/hft_core/inst/u_core/u_axi_regs/p_1_out0_i_172_n_0
    SLICE_X24Y106        MUXF7 (Prop_F7MUX_CD_SLICEM_I1_O)
                                                      0.068     8.536 r  system_i/hft_core/inst/u_core/u_axi_regs/p_1_out0_i_165/O
                         net (fo=17, routed)          0.210     8.746    system_i/hft_core/inst/u_core/u_axi_regs/p_1_out0_i_165_n_0
    SLICE_X26Y106        LUT5 (Prop_G6LUT_SLICEL_I1_O)
                                                      0.050     8.796 r  system_i/hft_core/inst/u_core/u_axi_regs/p_1_out0__2_i_36/O
                         net (fo=3, routed)           0.151     8.947    system_i/hft_core/inst/u_core/u_axi_regs/p_1_out0__2_i_36_n_0
    SLICE_X25Y107        LUT6 (Prop_D6LUT_SLICEL_I0_O)
                                                      0.099     9.046 r  system_i/hft_core/inst/u_core/u_axi_regs/p_1_out0_i_163/O
                         net (fo=1, routed)           0.009     9.055    system_i/hft_core/inst/u_core/u_axi_regs/p_1_out0_i_163_n_0
    SLICE_X25Y107        MUXF7 (Prop_F7MUX_CD_SLICEL_I0_O)
                                                      0.063     9.118 r  system_i/hft_core/inst/u_core/u_axi_regs/p_1_out0_i_144/O
                         net (fo=17, routed)          0.202     9.319    system_i/hft_core/inst/u_core/u_axi_regs/p_1_out0_i_144_n_0
    SLICE_X26Y108        LUT5 (Prop_C6LUT_SLICEL_I1_O)
                                                      0.035     9.354 r  system_i/hft_core/inst/u_core/u_axi_regs/p_1_out0__4_i_31/O
                         net (fo=2, routed)           0.155     9.509    system_i/hft_core/inst/u_core/u_axi_regs/p_1_out0__4_i_31_n_0
    SLICE_X26Y109        LUT6 (Prop_G6LUT_SLICEL_I3_O)
                                                      0.123     9.632 r  system_i/hft_core/inst/u_core/u_axi_regs/p_1_out0_i_130/O
                         net (fo=2, routed)           0.008     9.640    system_i/hft_core/inst/u_core/u_axi_regs/p_1_out0_i_130_n_0
    SLICE_X26Y109        MUXF7 (Prop_F7MUX_GH_SLICEL_I1_O)
                                                      0.063     9.703 r  system_i/hft_core/inst/u_core/u_axi_regs/p_1_out0_i_119/O
                         net (fo=17, routed)          0.258     9.961    system_i/hft_core/inst/u_core/u_axi_regs/p_1_out0_i_119_n_0
    SLICE_X26Y109        LUT5 (Prop_F6LUT_SLICEL_I1_O)
                                                      0.035     9.996 r  system_i/hft_core/inst/u_core/u_axi_regs/p_1_out0__0_i_26/O
                         net (fo=5, routed)           0.098    10.094    system_i/hft_core/inst/u_core/u_axi_regs/p_1_out0__0_i_26_n_0
    SLICE_X25Y109        LUT6 (Prop_D6LUT_SLICEL_I3_O)
                                                      0.122    10.216 r  system_i/hft_core/inst/u_core/u_axi_regs/p_1_out0_i_117/O
                         net (fo=1, routed)           0.009    10.225    system_i/hft_core/inst/u_core/u_axi_regs/p_1_out0_i_117_n_0
    SLICE_X25Y109        MUXF7 (Prop_F7MUX_CD_SLICEL_I0_O)
                                                      0.063    10.288 r  system_i/hft_core/inst/u_core/u_axi_regs/p_1_out0_i_89/O
                         net (fo=18, routed)          0.151    10.440    system_i/hft_core/inst/u_core/u_axi_regs/p_1_out0_i_89_n_0
    SLICE_X23Y109        LUT2 (Prop_D5LUT_SLICEL_I1_O)
                                                      0.096    10.536 r  system_i/hft_core/inst/u_core/u_axi_regs/p_1_out0_i_113/O
                         net (fo=12, routed)          0.238    10.773    system_i/hft_core/inst/u_core/u_axi_regs/p_1_out0_i_113_n_0
    SLICE_X22Y109        LUT6 (Prop_E6LUT_SLICEL_I0_O)
                                                      0.147    10.920 r  system_i/hft_core/inst/u_core/u_axi_regs/p_1_out0_i_82/O
                         net (fo=1, routed)           0.239    11.159    system_i/hft_core/inst/u_core/u_axi_regs/p_1_out0_i_82_n_0
    SLICE_X22Y109        LUT6 (Prop_H6LUT_SLICEL_I3_O)
                                                      0.051    11.210 r  system_i/hft_core/inst/u_core/u_axi_regs/p_1_out0_i_52/O
                         net (fo=8, routed)           0.204    11.414    system_i/hft_core/inst/u_core/u_axi_regs/p_1_out0_i_52_n_0
    SLICE_X23Y112        LUT6 (Prop_C6LUT_SLICEL_I1_O)
                                                      0.096    11.510 r  system_i/hft_core/inst/u_core/u_axi_regs/p_1_out0__3_i_14/O
                         net (fo=2, routed)           0.117    11.627    system_i/hft_core/inst/u_core/u_axi_regs/p_1_out0__3_i_14_n_0
    SLICE_X24Y112        LUT6 (Prop_G6LUT_SLICEM_I5_O)
                                                      0.150    11.777 r  system_i/hft_core/inst/u_core/u_axi_regs/p_1_out0_i_44/O
                         net (fo=1, routed)           0.017    11.794    system_i/hft_core/inst/u_core/u_axi_regs/p_1_out0_i_44_n_0
    SLICE_X24Y112        MUXF7 (Prop_F7MUX_GH_SLICEM_I1_O)
                                                      0.067    11.861 r  system_i/hft_core/inst/u_core/u_axi_regs/p_1_out0_i_26/O
                         net (fo=16, routed)          0.185    12.046    system_i/hft_core/inst/u_core/u_axi_regs/p_1_out0_i_26_n_0
    SLICE_X22Y112        LUT6 (Prop_G6LUT_SLICEL_I1_O)
                                                      0.097    12.143 f  system_i/hft_core/inst/u_core/u_axi_regs/p_1_out0__5_i_9/O
                         net (fo=2, routed)           0.262    12.405    system_i/hft_core/inst/u_core/u_axi_regs/p_1_out0__5_i_9_n_0
    SLICE_X21Y114        LUT6 (Prop_C6LUT_SLICEL_I1_O)
                                                      0.050    12.455 f  system_i/hft_core/inst/u_core/u_axi_regs/p_1_out0_i_24/O
                         net (fo=1, routed)           0.010    12.465    system_i/hft_core/inst/u_core/u_axi_regs/p_1_out0_i_24_n_0
    SLICE_X21Y114        MUXF7 (Prop_F7MUX_CD_SLICEL_I1_O)
                                                      0.064    12.529 f  system_i/hft_core/inst/u_core/u_axi_regs/p_1_out0_i_10/O
                         net (fo=16, routed)          0.451    12.980    system_i/hft_core/inst/u_core/u_axi_regs/p_1_out0_i_10_n_0
    SLICE_X16Y119        LUT6 (Prop_B6LUT_SLICEM_I5_O)
                                                      0.100    13.080 f  system_i/hft_core/inst/u_core/u_axi_regs/p_1_out0__2_i_1/O
                         net (fo=1, routed)           0.526    13.606    system_i/hft_core/inst/u_core/u_market_sim/u_market_noise_gen/p_1_out0__2/B[4]
    DSP48E2_X0Y53        DSP_A_B_DATA (Prop_DSP_A_B_DATA_DSP48E2_B[4]_B2_DATA[4])
                                                      0.151    13.757 r  system_i/hft_core/inst/u_core/u_market_sim/u_market_noise_gen/p_1_out0__2/DSP_A_B_DATA_INST/B2_DATA[4]
                         net (fo=1, routed)           0.000    13.757    system_i/hft_core/inst/u_core/u_market_sim/u_market_noise_gen/p_1_out0__2/DSP_A_B_DATA.B2_DATA<4>
    DSP48E2_X0Y53        DSP_PREADD_DATA (Prop_DSP_PREADD_DATA_DSP48E2_B2_DATA[4]_B2B1[4])
                                                      0.073    13.830 r  system_i/hft_core/inst/u_core/u_market_sim/u_market_noise_gen/p_1_out0__2/DSP_PREADD_DATA_INST/B2B1[4]
                         net (fo=1, routed)           0.000    13.830    system_i/hft_core/inst/u_core/u_market_sim/u_market_noise_gen/p_1_out0__2/DSP_PREADD_DATA.B2B1<4>
    DSP48E2_X0Y53        DSP_MULTIPLIER (Prop_DSP_MULTIPLIER_DSP48E2_B2B1[4]_V[13])
                                                      0.609    14.439 f  system_i/hft_core/inst/u_core/u_market_sim/u_market_noise_gen/p_1_out0__2/DSP_MULTIPLIER_INST/V[13]
                         net (fo=1, routed)           0.000    14.439    system_i/hft_core/inst/u_core/u_market_sim/u_market_noise_gen/p_1_out0__2/DSP_MULTIPLIER.V<13>
    DSP48E2_X0Y53        DSP_M_DATA (Prop_DSP_M_DATA_DSP48E2_V[13]_V_DATA[13])
                                                      0.046    14.485 r  system_i/hft_core/inst/u_core/u_market_sim/u_market_noise_gen/p_1_out0__2/DSP_M_DATA_INST/V_DATA[13]
                         net (fo=1, routed)           0.000    14.485    system_i/hft_core/inst/u_core/u_market_sim/u_market_noise_gen/p_1_out0__2/DSP_M_DATA.V_DATA<13>
    DSP48E2_X0Y53        DSP_ALU (Prop_DSP_ALU_DSP48E2_V_DATA[13]_ALU_OUT[13])
                                                      0.571    15.056 f  system_i/hft_core/inst/u_core/u_market_sim/u_market_noise_gen/p_1_out0__2/DSP_ALU_INST/ALU_OUT[13]
                         net (fo=1, routed)           0.000    15.056    system_i/hft_core/inst/u_core/u_market_sim/u_market_noise_gen/p_1_out0__2/DSP_ALU.ALU_OUT<13>
    DSP48E2_X0Y53        DSP_OUTPUT (Prop_DSP_OUTPUT_DSP48E2_ALU_OUT[13]_P[13])
                                                      0.109    15.165 r  system_i/hft_core/inst/u_core/u_market_sim/u_market_noise_gen/p_1_out0__2/DSP_OUTPUT_INST/P[13]
                         net (fo=5, routed)           0.354    15.519    system_i/hft_core/inst/u_core/u_market_sim/u_market_noise_gen/p_1_out0__2_n_92
    SLICE_X5Y133         LUT2 (Prop_A6LUT_SLICEM_I1_O)
                                                      0.150    15.669 r  system_i/hft_core/inst/u_core/u_market_sim/u_market_noise_gen/sec_drift_q16_16[3][31]_i_43/O
                         net (fo=1, routed)           0.013    15.682    system_i/hft_core/inst/u_core/u_market_sim/u_market_noise_gen/sec_drift_q16_16[3][31]_i_43_n_0
    SLICE_X5Y133         CARRY8 (Prop_CARRY8_SLICEM_S[0]_CO[7])
                                                      0.192    15.874 f  system_i/hft_core/inst/u_core/u_market_sim/u_market_noise_gen/sec_drift_q16_16_reg[3][31]_i_6/CO[7]
                         net (fo=1, routed)           0.026    15.900    system_i/hft_core/inst/u_core/u_market_sim/u_market_noise_gen/sec_drift_q16_16_reg[3][31]_i_6_n_0
    SLICE_X5Y134         CARRY8 (Prop_CARRY8_SLICEM_CI_CO[2])
                                                      0.057    15.957 f  system_i/hft_core/inst/u_core/u_market_sim/u_market_noise_gen/sec_drift_q16_16_reg[3][31]_i_3/CO[2]
                         net (fo=32, routed)          0.315    16.272    system_i/hft_core/inst/u_core/u_market_sim/u_market_noise_gen/sec_drift_q16_16_reg[3][31]_i_3_n_5
    SLICE_X3Y131         LUT4 (Prop_D5LUT_SLICEL_I2_O)
                                                      0.133    16.405 r  system_i/hft_core/inst/u_core/u_market_sim/u_market_noise_gen/sec_drift_q16_16[3][11]_i_1/O
                         net (fo=1, routed)           0.015    16.420    system_i/hft_core/inst/u_core/u_market_sim/u_market_noise_gen/sec_drift_q16_16[3][11]_i_1_n_0
    SLICE_X3Y131         FDCE                                         r  system_i/hft_core/inst/u_core/u_market_sim/u_market_noise_gen/sec_drift_q16_16_reg[3][11]/D
  -------------------------------------------------------------------    -------------------

                         (clock clk_pl_0 rise edge)
                                                     20.625    20.625 r  
    PS8_X0Y0             PS8                          0.000    20.625 r  system_i/zynq_ps/inst/PS8_i/PLCLK[0]
                         net (fo=1, routed)           0.135    20.760    system_i/zynq_ps/inst/pl_clk_unbuffered[0]
    BUFG_PS_X0Y58        BUFG_PS (Prop_BUFG_PS_I_O)
                                                      0.025    20.785 r  system_i/zynq_ps/inst/buffer_pl_clk_0.PL_CLK_0_BUFG/O
    X0Y1 (CLOCK_ROOT)    net (fo=12182, routed)       1.446    22.231    system_i/hft_core/inst/u_core/u_market_sim/u_market_noise_gen/clk
    SLICE_X3Y131         FDCE                                         r  system_i/hft_core/inst/u_core/u_market_sim/u_market_noise_gen/sec_drift_q16_16_reg[3][11]/C
                         clock pessimism              0.097    22.328    
                         clock uncertainty           -0.207    22.121    
    SLICE_X3Y131         FDCE (Setup_DFF2_SLICEL_C_D)
                                                      0.025    22.146    system_i/hft_core/inst/u_core/u_market_sim/u_market_noise_gen/sec_drift_q16_16_reg[3][11]
  -------------------------------------------------------------------
                         required time                         22.146    
                         arrival time                         -16.420    
  -------------------------------------------------------------------
                         slack                                  5.725    

Slack (MET) :             5.726ns  (required time - arrival time)
  Source:                 system_i/hft_core/inst/u_core/u_axi_regs/active_sym_count_reg[0]/C
                            (rising edge-triggered cell FDCE clocked by clk_pl_0  {rise@0.000ns fall@10.312ns period=20.625ns})
  Destination:            system_i/hft_core/inst/u_core/u_market_sim/u_market_noise_gen/sec_drift_q16_16_reg[3][2]/D
                            (rising edge-triggered cell FDCE clocked by clk_pl_0  {rise@0.000ns fall@10.312ns period=20.625ns})
  Path Group:             clk_pl_0
  Path Type:              Setup (Max at Slow Process Corner)
  Requirement:            20.625ns  (clk_pl_0 rise@20.625ns - clk_pl_0 rise@0.000ns)
  Data Path Delay:        14.594ns  (logic 6.255ns (42.860%)  route 8.339ns (57.140%))
  Logic Levels:           56  (CARRY8=2 DSP_A_B_DATA=1 DSP_ALU=1 DSP_M_DATA=1 DSP_MULTIPLIER=1 DSP_OUTPUT=1 DSP_PREADD_DATA=1 LUT2=2 LUT4=2 LUT5=12 LUT6=19 MUXF7=13)
  Clock Path Skew:        -0.123ns (DCD - SCD + CPR)
    Destination Clock Delay (DCD):    1.610ns = ( 22.235 - 20.625 ) 
    Source Clock Delay      (SCD):    1.830ns
    Clock Pessimism Removal (CPR):    0.097ns
  Clock Uncertainty:      0.207ns  ((TSJ^2 + DJ^2)^1/2) / 2 + PE
    Total System Jitter     (TSJ):    0.071ns
    Discrete Jitter          (DJ):    0.409ns
    Phase Error              (PE):    0.000ns
  Clock Net Delay (Source):      1.631ns (routing 0.591ns, distribution 1.040ns)
  Clock Net Delay (Destination): 1.450ns (routing 0.533ns, distribution 0.917ns)

    Location             Delay type                Incr(ns)  Path(ns)    Netlist Resource(s)
  -------------------------------------------------------------------    -------------------
                         (clock clk_pl_0 rise edge)
                                                      0.000     0.000 r  
    PS8_X0Y0             PS8                          0.000     0.000 r  system_i/zynq_ps/inst/PS8_i/PLCLK[0]
                         net (fo=1, routed)           0.171     0.171    system_i/zynq_ps/inst/pl_clk_unbuffered[0]
    BUFG_PS_X0Y58        BUFG_PS (Prop_BUFG_PS_I_O)
                                                      0.028     0.199 r  system_i/zynq_ps/inst/buffer_pl_clk_0.PL_CLK_0_BUFG/O
    X0Y1 (CLOCK_ROOT)    net (fo=12182, routed)       1.631     1.830    system_i/hft_core/inst/u_core/u_axi_regs/clk
    SLICE_X24Y64         FDCE                                         r  system_i/hft_core/inst/u_core/u_axi_regs/active_sym_count_reg[0]/C
  -------------------------------------------------------------------    -------------------
    SLICE_X24Y64         FDCE (Prop_HFF2_SLICEM_C_Q)
                                                      0.078     1.908 r  system_i/hft_core/inst/u_core/u_axi_regs/active_sym_count_reg[0]/Q
                         net (fo=6, routed)           0.553     2.461    system_i/hft_core/inst/u_core/u_axi_regs/active_sym_count[0]
    SLICE_X26Y105        LUT5 (Prop_D5LUT_SLICEL_I4_O)
                                                      0.096     2.557 r  system_i/hft_core/inst/u_core/u_axi_regs/lfsr_reg[31]_i_6/O
                         net (fo=120, routed)         0.345     2.902    system_i/hft_core/inst/u_core/u_axi_regs/u_market_sim/active_count_eff[0]
    SLICE_X28Y112        LUT5 (Prop_D6LUT_SLICEM_I4_O)
                                                      0.099     3.001 r  system_i/hft_core/inst/u_core/u_axi_regs/lfsr_reg[31]_i_4__0/O
                         net (fo=15, routed)          0.218     3.219    system_i/hft_core/inst/u_core/u_axi_regs/u_market_sim/u_market_noise_gen/company_noise_q16_161
    SLICE_X28Y105        LUT4 (Prop_C5LUT_SLICEM_I0_O)
                                                      0.068     3.287 r  system_i/hft_core/inst/u_core/u_axi_regs/p_1_out0__2_i_70/O
                         net (fo=1, routed)           0.148     3.435    system_i/hft_core/inst/u_core/u_axi_regs/u_market_sim/u_market_noise_gen/sector_pop1_out
    SLICE_X28Y105        LUT6 (Prop_G6LUT_SLICEM_I5_O)
                                                      0.150     3.585 r  system_i/hft_core/inst/u_core/u_axi_regs/p_1_out0__2_i_69/O
                         net (fo=2, routed)           0.152     3.737    system_i/hft_core/inst/u_core/u_axi_regs/p_1_out0__2_i_69_n_0
    SLICE_X27Y105        LUT6 (Prop_D6LUT_SLICEL_I0_O)
                                                      0.146     3.883 r  system_i/hft_core/inst/u_core/u_axi_regs/p_1_out0_i_281/O
                         net (fo=9, routed)           0.009     3.892    system_i/hft_core/inst/u_core/u_axi_regs/p_1_out0_i_281_n_0
    SLICE_X27Y105        MUXF7 (Prop_F7MUX_CD_SLICEL_I0_O)
                                                      0.063     3.955 r  system_i/hft_core/inst/u_core/u_axi_regs/p_1_out0_i_276/O
                         net (fo=9, routed)           0.227     4.182    system_i/hft_core/inst/u_core/u_axi_regs/p_1_out0_i_276_n_0
    SLICE_X28Y103        LUT5 (Prop_H6LUT_SLICEM_I0_O)
                                                      0.152     4.334 r  system_i/hft_core/inst/u_core/u_axi_regs/p_1_out0__2_i_65/O
                         net (fo=2, routed)           0.099     4.433    system_i/hft_core/inst/u_core/u_axi_regs/p_1_out0__2_i_65_n_0
    SLICE_X28Y102        LUT6 (Prop_D6LUT_SLICEM_I0_O)
                                                      0.099     4.532 r  system_i/hft_core/inst/u_core/u_axi_regs/p_1_out0_i_270/O
                         net (fo=2, routed)           0.025     4.557    system_i/hft_core/inst/u_core/u_axi_regs/p_1_out0_i_270_n_0
    SLICE_X28Y102        MUXF7 (Prop_F7MUX_CD_SLICEM_I0_O)
                                                      0.069     4.626 r  system_i/hft_core/inst/u_core/u_axi_regs/p_1_out0_i_263/O
                         net (fo=8, routed)           0.165     4.791    system_i/hft_core/inst/u_core/u_axi_regs/p_1_out0_i_263_n_0
    SLICE_X27Y102        LUT5 (Prop_F6LUT_SLICEL_I2_O)
                                                      0.123     4.914 r  system_i/hft_core/inst/u_core/u_axi_regs/p_1_out0__3_i_61/O
                         net (fo=2, routed)           0.094     5.008    system_i/hft_core/inst/u_core/u_axi_regs/p_1_out0__3_i_61_n_0
    SLICE_X26Y102        LUT6 (Prop_C6LUT_SLICEL_I5_O)
                                                      0.123     5.131 r  system_i/hft_core/inst/u_core/u_axi_regs/p_1_out0_i_257/O
                         net (fo=1, routed)           0.010     5.141    system_i/hft_core/inst/u_core/u_axi_regs/p_1_out0_i_257_n_0
    SLICE_X26Y102        MUXF7 (Prop_F7MUX_CD_SLICEL_I1_O)
                                                      0.064     5.205 r  system_i/hft_core/inst/u_core/u_axi_regs/p_1_out0_i_248/O
                         net (fo=16, routed)          0.220     5.425    system_i/hft_core/inst/u_core/u_axi_regs/p_1_out0_i_248_n_0
    SLICE_X25Y103        LUT5 (Prop_E6LUT_SLICEL_I1_O)
                                                      0.147     5.572 r  system_i/hft_core/inst/u_core/u_axi_regs/p_1_out0__5_i_58/O
                         net (fo=2, routed)           0.150     5.722    system_i/hft_core/inst/u_core/u_axi_regs/p_1_out0__5_i_58_n_0
    SLICE_X24Y102        LUT6 (Prop_C6LUT_SLICEM_I1_O)
                                                      0.145     5.867 r  system_i/hft_core/inst/u_core/u_axi_regs/p_1_out0_i_244/O
                         net (fo=1, routed)           0.021     5.888    system_i/hft_core/inst/u_core/u_axi_regs/p_1_out0_i_244_n_0
    SLICE_X24Y102        MUXF7 (Prop_F7MUX_CD_SLICEM_I1_O)
                                                      0.068     5.956 r  system_i/hft_core/inst/u_core/u_axi_regs/p_1_out0_i_235/O
                         net (fo=16, routed)          0.205     6.162    system_i/hft_core/inst/u_core/u_axi_regs/p_1_out0_i_235_n_0
    SLICE_X24Y102        LUT5 (Prop_F6LUT_SLICEM_I1_O)
                                                      0.088     6.250 r  system_i/hft_core/inst/u_core/u_axi_regs/p_1_out0__5_i_54/O
                         net (fo=2, routed)           0.206     6.456    system_i/hft_core/inst/u_core/u_axi_regs/p_1_out0__5_i_54_n_0
    SLICE_X22Y102        LUT6 (Prop_C6LUT_SLICEL_I1_O)
                                                      0.096     6.552 r  system_i/hft_core/inst/u_core/u_axi_regs/p_1_out0_i_231/O
                         net (fo=1, routed)           0.010     6.562    system_i/hft_core/inst/u_core/u_axi_regs/p_1_out0_i_231_n_0
    SLICE_X22Y102        MUXF7 (Prop_F7MUX_CD_SLICEL_I1_O)
                                                      0.064     6.626 r  system_i/hft_core/inst/u_core/u_axi_regs/p_1_out0_i_222/O
                         net (fo=16, routed)          0.197     6.822    system_i/hft_core/inst/u_core/u_axi_regs/p_1_out0_i_222_n_0
    SLICE_X22Y101        LUT5 (Prop_F6LUT_SLICEL_I1_O)
                                                      0.035     6.857 r  system_i/hft_core/inst/u_core/u_axi_regs/p_1_out0__0_i_50/O
                         net (fo=3, routed)           0.196     7.053    system_i/hft_core/inst/u_core/u_axi_regs/p_1_out0__0_i_50_n_0
    SLICE_X21Y104        LUT6 (Prop_D6LUT_SLICEL_I3_O)
                                                      0.122     7.175 r  system_i/hft_core/inst/u_core/u_axi_regs/p_1_out0_i_217/O
                         net (fo=1, routed)           0.009     7.184    system_i/hft_core/inst/u_core/u_axi_regs/p_1_out0_i_217_n_0
    SLICE_X21Y104        MUXF7 (Prop_F7MUX_CD_SLICEL_I0_O)
                                                      0.063     7.247 r  system_i/hft_core/inst/u_core/u_axi_regs/p_1_out0_i_204/O
                         net (fo=18, routed)          0.208     7.455    system_i/hft_core/inst/u_core/u_axi_regs/p_1_out0_i_204_n_0
    SLICE_X22Y104        LUT5 (Prop_H6LUT_SLICEL_I1_O)
                                                      0.090     7.545 r  system_i/hft_core/inst/u_core/u_axi_regs/p_1_out0__6_i_46/O
                         net (fo=2, routed)           0.144     7.689    system_i/hft_core/inst/u_core/u_axi_regs/p_1_out0__6_i_46_n_0
    SLICE_X23Y104        LUT6 (Prop_G6LUT_SLICEL_I0_O)
                                                      0.089     7.778 r  system_i/hft_core/inst/u_core/u_axi_regs/p_1_out0_i_193/O
                         net (fo=2, routed)           0.008     7.786    system_i/hft_core/inst/u_core/u_axi_regs/p_1_out0_i_193_n_0
    SLICE_X23Y104        MUXF7 (Prop_F7MUX_GH_SLICEL_I1_O)
                                                      0.063     7.849 r  system_i/hft_core/inst/u_core/u_axi_regs/p_1_out0_i_186/O
                         net (fo=17, routed)          0.298     8.147    system_i/hft_core/inst/u_core/u_axi_regs/p_1_out0_i_186_n_0
    SLICE_X22Y106        LUT5 (Prop_E6LUT_SLICEL_I1_O)
                                                      0.099     8.246 r  system_i/hft_core/inst/u_core/u_axi_regs/p_1_out0__5_i_41/O
                         net (fo=2, routed)           0.164     8.410    system_i/hft_core/inst/u_core/u_axi_regs/p_1_out0__5_i_41_n_0
    SLICE_X24Y106        LUT6 (Prop_C6LUT_SLICEM_I1_O)
                                                      0.037     8.447 r  system_i/hft_core/inst/u_core/u_axi_regs/p_1_out0_i_172/O
                         net (fo=2, routed)           0.021     8.468    system_i/hft_core/inst/u_core/u_axi_regs/p_1_out0_i_172_n_0
    SLICE_X24Y106        MUXF7 (Prop_F7MUX_CD_SLICEM_I1_O)
                                                      0.068     8.536 r  system_i/hft_core/inst/u_core/u_axi_regs/p_1_out0_i_165/O
                         net (fo=17, routed)          0.210     8.746    system_i/hft_core/inst/u_core/u_axi_regs/p_1_out0_i_165_n_0
    SLICE_X26Y106        LUT5 (Prop_G6LUT_SLICEL_I1_O)
                                                      0.050     8.796 r  system_i/hft_core/inst/u_core/u_axi_regs/p_1_out0__2_i_36/O
                         net (fo=3, routed)           0.151     8.947    system_i/hft_core/inst/u_core/u_axi_regs/p_1_out0__2_i_36_n_0
    SLICE_X25Y107        LUT6 (Prop_D6LUT_SLICEL_I0_O)
                                                      0.099     9.046 r  system_i/hft_core/inst/u_core/u_axi_regs/p_1_out0_i_163/O
                         net (fo=1, routed)           0.009     9.055    system_i/hft_core/inst/u_core/u_axi_regs/p_1_out0_i_163_n_0
    SLICE_X25Y107        MUXF7 (Prop_F7MUX_CD_SLICEL_I0_O)
                                                      0.063     9.118 r  system_i/hft_core/inst/u_core/u_axi_regs/p_1_out0_i_144/O
                         net (fo=17, routed)          0.202     9.319    system_i/hft_core/inst/u_core/u_axi_regs/p_1_out0_i_144_n_0
    SLICE_X26Y108        LUT5 (Prop_C6LUT_SLICEL_I1_O)
                                                      0.035     9.354 r  system_i/hft_core/inst/u_core/u_axi_regs/p_1_out0__4_i_31/O
                         net (fo=2, routed)           0.155     9.509    system_i/hft_core/inst/u_core/u_axi_regs/p_1_out0__4_i_31_n_0
    SLICE_X26Y109        LUT6 (Prop_G6LUT_SLICEL_I3_O)
                                                      0.123     9.632 r  system_i/hft_core/inst/u_core/u_axi_regs/p_1_out0_i_130/O
                         net (fo=2, routed)           0.008     9.640    system_i/hft_core/inst/u_core/u_axi_regs/p_1_out0_i_130_n_0
    SLICE_X26Y109        MUXF7 (Prop_F7MUX_GH_SLICEL_I1_O)
                                                      0.063     9.703 r  system_i/hft_core/inst/u_core/u_axi_regs/p_1_out0_i_119/O
                         net (fo=17, routed)          0.258     9.961    system_i/hft_core/inst/u_core/u_axi_regs/p_1_out0_i_119_n_0
    SLICE_X26Y109        LUT5 (Prop_F6LUT_SLICEL_I1_O)
                                                      0.035     9.996 r  system_i/hft_core/inst/u_core/u_axi_regs/p_1_out0__0_i_26/O
                         net (fo=5, routed)           0.098    10.094    system_i/hft_core/inst/u_core/u_axi_regs/p_1_out0__0_i_26_n_0
    SLICE_X25Y109        LUT6 (Prop_D6LUT_SLICEL_I3_O)
                                                      0.122    10.216 r  system_i/hft_core/inst/u_core/u_axi_regs/p_1_out0_i_117/O
                         net (fo=1, routed)           0.009    10.225    system_i/hft_core/inst/u_core/u_axi_regs/p_1_out0_i_117_n_0
    SLICE_X25Y109        MUXF7 (Prop_F7MUX_CD_SLICEL_I0_O)
                                                      0.063    10.288 r  system_i/hft_core/inst/u_core/u_axi_regs/p_1_out0_i_89/O
                         net (fo=18, routed)          0.151    10.440    system_i/hft_core/inst/u_core/u_axi_regs/p_1_out0_i_89_n_0
    SLICE_X23Y109        LUT2 (Prop_D5LUT_SLICEL_I1_O)
                                                      0.096    10.536 r  system_i/hft_core/inst/u_core/u_axi_regs/p_1_out0_i_113/O
                         net (fo=12, routed)          0.238    10.773    system_i/hft_core/inst/u_core/u_axi_regs/p_1_out0_i_113_n_0
    SLICE_X22Y109        LUT6 (Prop_E6LUT_SLICEL_I0_O)
                                                      0.147    10.920 r  system_i/hft_core/inst/u_core/u_axi_regs/p_1_out0_i_82/O
                         net (fo=1, routed)           0.239    11.159    system_i/hft_core/inst/u_core/u_axi_regs/p_1_out0_i_82_n_0
    SLICE_X22Y109        LUT6 (Prop_H6LUT_SLICEL_I3_O)
                                                      0.051    11.210 r  system_i/hft_core/inst/u_core/u_axi_regs/p_1_out0_i_52/O
                         net (fo=8, routed)           0.204    11.414    system_i/hft_core/inst/u_core/u_axi_regs/p_1_out0_i_52_n_0
    SLICE_X23Y112        LUT6 (Prop_C6LUT_SLICEL_I1_O)
                                                      0.096    11.510 r  system_i/hft_core/inst/u_core/u_axi_regs/p_1_out0__3_i_14/O
                         net (fo=2, routed)           0.117    11.627    system_i/hft_core/inst/u_core/u_axi_regs/p_1_out0__3_i_14_n_0
    SLICE_X24Y112        LUT6 (Prop_G6LUT_SLICEM_I5_O)
                                                      0.150    11.777 r  system_i/hft_core/inst/u_core/u_axi_regs/p_1_out0_i_44/O
                         net (fo=1, routed)           0.017    11.794    system_i/hft_core/inst/u_core/u_axi_regs/p_1_out0_i_44_n_0
    SLICE_X24Y112        MUXF7 (Prop_F7MUX_GH_SLICEM_I1_O)
                                                      0.067    11.861 r  system_i/hft_core/inst/u_core/u_axi_regs/p_1_out0_i_26/O
                         net (fo=16, routed)          0.185    12.046    system_i/hft_core/inst/u_core/u_axi_regs/p_1_out0_i_26_n_0
    SLICE_X22Y112        LUT6 (Prop_G6LUT_SLICEL_I1_O)
                                                      0.097    12.143 f  system_i/hft_core/inst/u_core/u_axi_regs/p_1_out0__5_i_9/O
                         net (fo=2, routed)           0.262    12.405    system_i/hft_core/inst/u_core/u_axi_regs/p_1_out0__5_i_9_n_0
    SLICE_X21Y114        LUT6 (Prop_C6LUT_SLICEL_I1_O)
                                                      0.050    12.455 f  system_i/hft_core/inst/u_core/u_axi_regs/p_1_out0_i_24/O
                         net (fo=1, routed)           0.010    12.465    system_i/hft_core/inst/u_core/u_axi_regs/p_1_out0_i_24_n_0
    SLICE_X21Y114        MUXF7 (Prop_F7MUX_CD_SLICEL_I1_O)
                                                      0.064    12.529 f  system_i/hft_core/inst/u_core/u_axi_regs/p_1_out0_i_10/O
                         net (fo=16, routed)          0.451    12.980    system_i/hft_core/inst/u_core/u_axi_regs/p_1_out0_i_10_n_0
    SLICE_X16Y119        LUT6 (Prop_B6LUT_SLICEM_I5_O)
                                                      0.100    13.080 f  system_i/hft_core/inst/u_core/u_axi_regs/p_1_out0__2_i_1/O
                         net (fo=1, routed)           0.526    13.606    system_i/hft_core/inst/u_core/u_market_sim/u_market_noise_gen/p_1_out0__2/B[4]
    DSP48E2_X0Y53        DSP_A_B_DATA (Prop_DSP_A_B_DATA_DSP48E2_B[4]_B2_DATA[4])
                                                      0.151    13.757 r  system_i/hft_core/inst/u_core/u_market_sim/u_market_noise_gen/p_1_out0__2/DSP_A_B_DATA_INST/B2_DATA[4]
                         net (fo=1, routed)           0.000    13.757    system_i/hft_core/inst/u_core/u_market_sim/u_market_noise_gen/p_1_out0__2/DSP_A_B_DATA.B2_DATA<4>
    DSP48E2_X0Y53        DSP_PREADD_DATA (Prop_DSP_PREADD_DATA_DSP48E2_B2_DATA[4]_B2B1[4])
                                                      0.073    13.830 r  system_i/hft_core/inst/u_core/u_market_sim/u_market_noise_gen/p_1_out0__2/DSP_PREADD_DATA_INST/B2B1[4]
                         net (fo=1, routed)           0.000    13.830    system_i/hft_core/inst/u_core/u_market_sim/u_market_noise_gen/p_1_out0__2/DSP_PREADD_DATA.B2B1<4>
    DSP48E2_X0Y53        DSP_MULTIPLIER (Prop_DSP_MULTIPLIER_DSP48E2_B2B1[4]_V[13])
                                                      0.609    14.439 f  system_i/hft_core/inst/u_core/u_market_sim/u_market_noise_gen/p_1_out0__2/DSP_MULTIPLIER_INST/V[13]
                         net (fo=1, routed)           0.000    14.439    system_i/hft_core/inst/u_core/u_market_sim/u_market_noise_gen/p_1_out0__2/DSP_MULTIPLIER.V<13>
    DSP48E2_X0Y53        DSP_M_DATA (Prop_DSP_M_DATA_DSP48E2_V[13]_V_DATA[13])
                                                      0.046    14.485 r  system_i/hft_core/inst/u_core/u_market_sim/u_market_noise_gen/p_1_out0__2/DSP_M_DATA_INST/V_DATA[13]
                         net (fo=1, routed)           0.000    14.485    system_i/hft_core/inst/u_core/u_market_sim/u_market_noise_gen/p_1_out0__2/DSP_M_DATA.V_DATA<13>
    DSP48E2_X0Y53        DSP_ALU (Prop_DSP_ALU_DSP48E2_V_DATA[13]_ALU_OUT[13])
                                                      0.571    15.056 f  system_i/hft_core/inst/u_core/u_market_sim/u_market_noise_gen/p_1_out0__2/DSP_ALU_INST/ALU_OUT[13]
                         net (fo=1, routed)           0.000    15.056    system_i/hft_core/inst/u_core/u_market_sim/u_market_noise_gen/p_1_out0__2/DSP_ALU.ALU_OUT<13>
    DSP48E2_X0Y53        DSP_OUTPUT (Prop_DSP_OUTPUT_DSP48E2_ALU_OUT[13]_P[13])
                                                      0.109    15.165 r  system_i/hft_core/inst/u_core/u_market_sim/u_market_noise_gen/p_1_out0__2/DSP_OUTPUT_INST/P[13]
                         net (fo=5, routed)           0.354    15.519    system_i/hft_core/inst/u_core/u_market_sim/u_market_noise_gen/p_1_out0__2_n_92
    SLICE_X5Y133         LUT2 (Prop_A6LUT_SLICEM_I1_O)
                                                      0.150    15.669 r  system_i/hft_core/inst/u_core/u_market_sim/u_market_noise_gen/sec_drift_q16_16[3][31]_i_43/O
                         net (fo=1, routed)           0.013    15.682    system_i/hft_core/inst/u_core/u_market_sim/u_market_noise_gen/sec_drift_q16_16[3][31]_i_43_n_0
    SLICE_X5Y133         CARRY8 (Prop_CARRY8_SLICEM_S[0]_CO[7])
                                                      0.192    15.874 f  system_i/hft_core/inst/u_core/u_market_sim/u_market_noise_gen/sec_drift_q16_16_reg[3][31]_i_6/CO[7]
                         net (fo=1, routed)           0.026    15.900    system_i/hft_core/inst/u_core/u_market_sim/u_market_noise_gen/sec_drift_q16_16_reg[3][31]_i_6_n_0
    SLICE_X5Y134         CARRY8 (Prop_CARRY8_SLICEM_CI_CO[2])
                                                      0.057    15.957 f  system_i/hft_core/inst/u_core/u_market_sim/u_market_noise_gen/sec_drift_q16_16_reg[3][31]_i_3/CO[2]
                         net (fo=32, routed)          0.273    16.230    system_i/hft_core/inst/u_core/u_market_sim/u_market_noise_gen/sec_drift_q16_16_reg[3][31]_i_3_n_5
    SLICE_X4Y130         LUT4 (Prop_D6LUT_SLICEM_I2_O)
                                                      0.122    16.352 r  system_i/hft_core/inst/u_core/u_market_sim/u_market_noise_gen/sec_drift_q16_16[3][2]_i_1/O
                         net (fo=1, routed)           0.072    16.424    system_i/hft_core/inst/u_core/u_market_sim/u_market_noise_gen/sec_drift_q16_16[3][2]_i_1_n_0
    SLICE_X4Y130         FDCE                                         r  system_i/hft_core/inst/u_core/u_market_sim/u_market_noise_gen/sec_drift_q16_16_reg[3][2]/D
  -------------------------------------------------------------------    -------------------

                         (clock clk_pl_0 rise edge)
                                                     20.625    20.625 r  
    PS8_X0Y0             PS8                          0.000    20.625 r  system_i/zynq_ps/inst/PS8_i/PLCLK[0]
                         net (fo=1, routed)           0.135    20.760    system_i/zynq_ps/inst/pl_clk_unbuffered[0]
    BUFG_PS_X0Y58        BUFG_PS (Prop_BUFG_PS_I_O)
                                                      0.025    20.785 r  system_i/zynq_ps/inst/buffer_pl_clk_0.PL_CLK_0_BUFG/O
    X0Y1 (CLOCK_ROOT)    net (fo=12182, routed)       1.450    22.235    system_i/hft_core/inst/u_core/u_market_sim/u_market_noise_gen/clk
    SLICE_X4Y130         FDCE                                         r  system_i/hft_core/inst/u_core/u_market_sim/u_market_noise_gen/sec_drift_q16_16_reg[3][2]/C
                         clock pessimism              0.097    22.332    
                         clock uncertainty           -0.207    22.125    
    SLICE_X4Y130         FDCE (Setup_DFF_SLICEM_C_D)
                                                      0.025    22.150    system_i/hft_core/inst/u_core/u_market_sim/u_market_noise_gen/sec_drift_q16_16_reg[3][2]
  -------------------------------------------------------------------
                         required time                         22.150    
                         arrival time                         -16.424    
  -------------------------------------------------------------------
                         slack                                  5.726    

Slack (MET) :             5.731ns  (required time - arrival time)
  Source:                 system_i/hft_core/inst/u_core/u_axi_regs/active_sym_count_reg[0]/C
                            (rising edge-triggered cell FDCE clocked by clk_pl_0  {rise@0.000ns fall@10.312ns period=20.625ns})
  Destination:            system_i/hft_core/inst/u_core/u_market_sim/u_market_noise_gen/sec_drift_q16_16_reg[3][5]/D
                            (rising edge-triggered cell FDCE clocked by clk_pl_0  {rise@0.000ns fall@10.312ns period=20.625ns})
  Path Group:             clk_pl_0
  Path Type:              Setup (Max at Slow Process Corner)
  Requirement:            20.625ns  (clk_pl_0 rise@20.625ns - clk_pl_0 rise@0.000ns)
  Data Path Delay:        14.588ns  (logic 6.244ns (42.802%)  route 8.344ns (57.198%))
  Logic Levels:           56  (CARRY8=2 DSP_A_B_DATA=1 DSP_ALU=1 DSP_M_DATA=1 DSP_MULTIPLIER=1 DSP_OUTPUT=1 DSP_PREADD_DATA=1 LUT2=2 LUT4=2 LUT5=12 LUT6=19 MUXF7=13)
  Clock Path Skew:        -0.123ns (DCD - SCD + CPR)
    Destination Clock Delay (DCD):    1.610ns = ( 22.235 - 20.625 ) 
    Source Clock Delay      (SCD):    1.830ns
    Clock Pessimism Removal (CPR):    0.097ns
  Clock Uncertainty:      0.207ns  ((TSJ^2 + DJ^2)^1/2) / 2 + PE
    Total System Jitter     (TSJ):    0.071ns
    Discrete Jitter          (DJ):    0.409ns
    Phase Error              (PE):    0.000ns
  Clock Net Delay (Source):      1.631ns (routing 0.591ns, distribution 1.040ns)
  Clock Net Delay (Destination): 1.450ns (routing 0.533ns, distribution 0.917ns)

    Location             Delay type                Incr(ns)  Path(ns)    Netlist Resource(s)
  -------------------------------------------------------------------    -------------------
                         (clock clk_pl_0 rise edge)
                                                      0.000     0.000 r  
    PS8_X0Y0             PS8                          0.000     0.000 r  system_i/zynq_ps/inst/PS8_i/PLCLK[0]
                         net (fo=1, routed)           0.171     0.171    system_i/zynq_ps/inst/pl_clk_unbuffered[0]
    BUFG_PS_X0Y58        BUFG_PS (Prop_BUFG_PS_I_O)
                                                      0.028     0.199 r  system_i/zynq_ps/inst/buffer_pl_clk_0.PL_CLK_0_BUFG/O
    X0Y1 (CLOCK_ROOT)    net (fo=12182, routed)       1.631     1.830    system_i/hft_core/inst/u_core/u_axi_regs/clk
    SLICE_X24Y64         FDCE                                         r  system_i/hft_core/inst/u_core/u_axi_regs/active_sym_count_reg[0]/C
  -------------------------------------------------------------------    -------------------
    SLICE_X24Y64         FDCE (Prop_HFF2_SLICEM_C_Q)
                                                      0.078     1.908 r  system_i/hft_core/inst/u_core/u_axi_regs/active_sym_count_reg[0]/Q
                         net (fo=6, routed)           0.553     2.461    system_i/hft_core/inst/u_core/u_axi_regs/active_sym_count[0]
    SLICE_X26Y105        LUT5 (Prop_D5LUT_SLICEL_I4_O)
                                                      0.096     2.557 r  system_i/hft_core/inst/u_core/u_axi_regs/lfsr_reg[31]_i_6/O
                         net (fo=120, routed)         0.345     2.902    system_i/hft_core/inst/u_core/u_axi_regs/u_market_sim/active_count_eff[0]
    SLICE_X28Y112        LUT5 (Prop_D6LUT_SLICEM_I4_O)
                                                      0.099     3.001 r  system_i/hft_core/inst/u_core/u_axi_regs/lfsr_reg[31]_i_4__0/O
                         net (fo=15, routed)          0.218     3.219    system_i/hft_core/inst/u_core/u_axi_regs/u_market_sim/u_market_noise_gen/company_noise_q16_161
    SLICE_X28Y105        LUT4 (Prop_C5LUT_SLICEM_I0_O)
                                                      0.068     3.287 r  system_i/hft_core/inst/u_core/u_axi_regs/p_1_out0__2_i_70/O
                         net (fo=1, routed)           0.148     3.435    system_i/hft_core/inst/u_core/u_axi_regs/u_market_sim/u_market_noise_gen/sector_pop1_out
    SLICE_X28Y105        LUT6 (Prop_G6LUT_SLICEM_I5_O)
                                                      0.150     3.585 r  system_i/hft_core/inst/u_core/u_axi_regs/p_1_out0__2_i_69/O
                         net (fo=2, routed)           0.152     3.737    system_i/hft_core/inst/u_core/u_axi_regs/p_1_out0__2_i_69_n_0
    SLICE_X27Y105        LUT6 (Prop_D6LUT_SLICEL_I0_O)
                                                      0.146     3.883 r  system_i/hft_core/inst/u_core/u_axi_regs/p_1_out0_i_281/O
                         net (fo=9, routed)           0.009     3.892    system_i/hft_core/inst/u_core/u_axi_regs/p_1_out0_i_281_n_0
    SLICE_X27Y105        MUXF7 (Prop_F7MUX_CD_SLICEL_I0_O)
                                                      0.063     3.955 r  system_i/hft_core/inst/u_core/u_axi_regs/p_1_out0_i_276/O
                         net (fo=9, routed)           0.227     4.182    system_i/hft_core/inst/u_core/u_axi_regs/p_1_out0_i_276_n_0
    SLICE_X28Y103        LUT5 (Prop_H6LUT_SLICEM_I0_O)
                                                      0.152     4.334 r  system_i/hft_core/inst/u_core/u_axi_regs/p_1_out0__2_i_65/O
                         net (fo=2, routed)           0.099     4.433    system_i/hft_core/inst/u_core/u_axi_regs/p_1_out0__2_i_65_n_0
    SLICE_X28Y102        LUT6 (Prop_D6LUT_SLICEM_I0_O)
                                                      0.099     4.532 r  system_i/hft_core/inst/u_core/u_axi_regs/p_1_out0_i_270/O
                         net (fo=2, routed)           0.025     4.557    system_i/hft_core/inst/u_core/u_axi_regs/p_1_out0_i_270_n_0
    SLICE_X28Y102        MUXF7 (Prop_F7MUX_CD_SLICEM_I0_O)
                                                      0.069     4.626 r  system_i/hft_core/inst/u_core/u_axi_regs/p_1_out0_i_263/O
                         net (fo=8, routed)           0.165     4.791    system_i/hft_core/inst/u_core/u_axi_regs/p_1_out0_i_263_n_0
    SLICE_X27Y102        LUT5 (Prop_F6LUT_SLICEL_I2_O)
                                                      0.123     4.914 r  system_i/hft_core/inst/u_core/u_axi_regs/p_1_out0__3_i_61/O
                         net (fo=2, routed)           0.094     5.008    system_i/hft_core/inst/u_core/u_axi_regs/p_1_out0__3_i_61_n_0
    SLICE_X26Y102        LUT6 (Prop_C6LUT_SLICEL_I5_O)
                                                      0.123     5.131 r  system_i/hft_core/inst/u_core/u_axi_regs/p_1_out0_i_257/O
                         net (fo=1, routed)           0.010     5.141    system_i/hft_core/inst/u_core/u_axi_regs/p_1_out0_i_257_n_0
    SLICE_X26Y102        MUXF7 (Prop_F7MUX_CD_SLICEL_I1_O)
                                                      0.064     5.205 r  system_i/hft_core/inst/u_core/u_axi_regs/p_1_out0_i_248/O
                         net (fo=16, routed)          0.220     5.425    system_i/hft_core/inst/u_core/u_axi_regs/p_1_out0_i_248_n_0
    SLICE_X25Y103        LUT5 (Prop_E6LUT_SLICEL_I1_O)
                                                      0.147     5.572 r  system_i/hft_core/inst/u_core/u_axi_regs/p_1_out0__5_i_58/O
                         net (fo=2, routed)           0.150     5.722    system_i/hft_core/inst/u_core/u_axi_regs/p_1_out0__5_i_58_n_0
    SLICE_X24Y102        LUT6 (Prop_C6LUT_SLICEM_I1_O)
                                                      0.145     5.867 r  system_i/hft_core/inst/u_core/u_axi_regs/p_1_out0_i_244/O
                         net (fo=1, routed)           0.021     5.888    system_i/hft_core/inst/u_core/u_axi_regs/p_1_out0_i_244_n_0
    SLICE_X24Y102        MUXF7 (Prop_F7MUX_CD_SLICEM_I1_O)
                                                      0.068     5.956 r  system_i/hft_core/inst/u_core/u_axi_regs/p_1_out0_i_235/O
                         net (fo=16, routed)          0.205     6.162    system_i/hft_core/inst/u_core/u_axi_regs/p_1_out0_i_235_n_0
    SLICE_X24Y102        LUT5 (Prop_F6LUT_SLICEM_I1_O)
                                                      0.088     6.250 r  system_i/hft_core/inst/u_core/u_axi_regs/p_1_out0__5_i_54/O
                         net (fo=2, routed)           0.206     6.456    system_i/hft_core/inst/u_core/u_axi_regs/p_1_out0__5_i_54_n_0
    SLICE_X22Y102        LUT6 (Prop_C6LUT_SLICEL_I1_O)
                                                      0.096     6.552 r  system_i/hft_core/inst/u_core/u_axi_regs/p_1_out0_i_231/O
                         net (fo=1, routed)           0.010     6.562    system_i/hft_core/inst/u_core/u_axi_regs/p_1_out0_i_231_n_0
    SLICE_X22Y102        MUXF7 (Prop_F7MUX_CD_SLICEL_I1_O)
                                                      0.064     6.626 r  system_i/hft_core/inst/u_core/u_axi_regs/p_1_out0_i_222/O
                         net (fo=16, routed)          0.197     6.822    system_i/hft_core/inst/u_core/u_axi_regs/p_1_out0_i_222_n_0
    SLICE_X22Y101        LUT5 (Prop_F6LUT_SLICEL_I1_O)
                                                      0.035     6.857 r  system_i/hft_core/inst/u_core/u_axi_regs/p_1_out0__0_i_50/O
                         net (fo=3, routed)           0.196     7.053    system_i/hft_core/inst/u_core/u_axi_regs/p_1_out0__0_i_50_n_0
    SLICE_X21Y104        LUT6 (Prop_D6LUT_SLICEL_I3_O)
                                                      0.122     7.175 r  system_i/hft_core/inst/u_core/u_axi_regs/p_1_out0_i_217/O
                         net (fo=1, routed)           0.009     7.184    system_i/hft_core/inst/u_core/u_axi_regs/p_1_out0_i_217_n_0
    SLICE_X21Y104        MUXF7 (Prop_F7MUX_CD_SLICEL_I0_O)
                                                      0.063     7.247 r  system_i/hft_core/inst/u_core/u_axi_regs/p_1_out0_i_204/O
                         net (fo=18, routed)          0.208     7.455    system_i/hft_core/inst/u_core/u_axi_regs/p_1_out0_i_204_n_0
    SLICE_X22Y104        LUT5 (Prop_H6LUT_SLICEL_I1_O)
                                                      0.090     7.545 r  system_i/hft_core/inst/u_core/u_axi_regs/p_1_out0__6_i_46/O
                         net (fo=2, routed)           0.144     7.689    system_i/hft_core/inst/u_core/u_axi_regs/p_1_out0__6_i_46_n_0
    SLICE_X23Y104        LUT6 (Prop_G6LUT_SLICEL_I0_O)
                                                      0.089     7.778 r  system_i/hft_core/inst/u_core/u_axi_regs/p_1_out0_i_193/O
                         net (fo=2, routed)           0.008     7.786    system_i/hft_core/inst/u_core/u_axi_regs/p_1_out0_i_193_n_0
    SLICE_X23Y104        MUXF7 (Prop_F7MUX_GH_SLICEL_I1_O)
                                                      0.063     7.849 r  system_i/hft_core/inst/u_core/u_axi_regs/p_1_out0_i_186/O
                         net (fo=17, routed)          0.298     8.147    system_i/hft_core/inst/u_core/u_axi_regs/p_1_out0_i_186_n_0
    SLICE_X22Y106        LUT5 (Prop_E6LUT_SLICEL_I1_O)
                                                      0.099     8.246 r  system_i/hft_core/inst/u_core/u_axi_regs/p_1_out0__5_i_41/O
                         net (fo=2, routed)           0.164     8.410    system_i/hft_core/inst/u_core/u_axi_regs/p_1_out0__5_i_41_n_0
    SLICE_X24Y106        LUT6 (Prop_C6LUT_SLICEM_I1_O)
                                                      0.037     8.447 r  system_i/hft_core/inst/u_core/u_axi_regs/p_1_out0_i_172/O
                         net (fo=2, routed)           0.021     8.468    system_i/hft_core/inst/u_core/u_axi_regs/p_1_out0_i_172_n_0
    SLICE_X24Y106        MUXF7 (Prop_F7MUX_CD_SLICEM_I1_O)
                                                      0.068     8.536 r  system_i/hft_core/inst/u_core/u_axi_regs/p_1_out0_i_165/O
                         net (fo=17, routed)          0.210     8.746    system_i/hft_core/inst/u_core/u_axi_regs/p_1_out0_i_165_n_0
    SLICE_X26Y106        LUT5 (Prop_G6LUT_SLICEL_I1_O)
                                                      0.050     8.796 r  system_i/hft_core/inst/u_core/u_axi_regs/p_1_out0__2_i_36/O
                         net (fo=3, routed)           0.151     8.947    system_i/hft_core/inst/u_core/u_axi_regs/p_1_out0__2_i_36_n_0
    SLICE_X25Y107        LUT6 (Prop_D6LUT_SLICEL_I0_O)
                                                      0.099     9.046 r  system_i/hft_core/inst/u_core/u_axi_regs/p_1_out0_i_163/O
                         net (fo=1, routed)           0.009     9.055    system_i/hft_core/inst/u_core/u_axi_regs/p_1_out0_i_163_n_0
    SLICE_X25Y107        MUXF7 (Prop_F7MUX_CD_SLICEL_I0_O)
                                                      0.063     9.118 r  system_i/hft_core/inst/u_core/u_axi_regs/p_1_out0_i_144/O
                         net (fo=17, routed)          0.202     9.319    system_i/hft_core/inst/u_core/u_axi_regs/p_1_out0_i_144_n_0
    SLICE_X26Y108        LUT5 (Prop_C6LUT_SLICEL_I1_O)
                                                      0.035     9.354 r  system_i/hft_core/inst/u_core/u_axi_regs/p_1_out0__4_i_31/O
                         net (fo=2, routed)           0.155     9.509    system_i/hft_core/inst/u_core/u_axi_regs/p_1_out0__4_i_31_n_0
    SLICE_X26Y109        LUT6 (Prop_G6LUT_SLICEL_I3_O)
                                                      0.123     9.632 r  system_i/hft_core/inst/u_core/u_axi_regs/p_1_out0_i_130/O
                         net (fo=2, routed)           0.008     9.640    system_i/hft_core/inst/u_core/u_axi_regs/p_1_out0_i_130_n_0
    SLICE_X26Y109        MUXF7 (Prop_F7MUX_GH_SLICEL_I1_O)
                                                      0.063     9.703 r  system_i/hft_core/inst/u_core/u_axi_regs/p_1_out0_i_119/O
                         net (fo=17, routed)          0.258     9.961    system_i/hft_core/inst/u_core/u_axi_regs/p_1_out0_i_119_n_0
    SLICE_X26Y109        LUT5 (Prop_F6LUT_SLICEL_I1_O)
                                                      0.035     9.996 r  system_i/hft_core/inst/u_core/u_axi_regs/p_1_out0__0_i_26/O
                         net (fo=5, routed)           0.098    10.094    system_i/hft_core/inst/u_core/u_axi_regs/p_1_out0__0_i_26_n_0
    SLICE_X25Y109        LUT6 (Prop_D6LUT_SLICEL_I3_O)
                                                      0.122    10.216 r  system_i/hft_core/inst/u_core/u_axi_regs/p_1_out0_i_117/O
                         net (fo=1, routed)           0.009    10.225    system_i/hft_core/inst/u_core/u_axi_regs/p_1_out0_i_117_n_0
    SLICE_X25Y109        MUXF7 (Prop_F7MUX_CD_SLICEL_I0_O)
                                                      0.063    10.288 r  system_i/hft_core/inst/u_core/u_axi_regs/p_1_out0_i_89/O
                         net (fo=18, routed)          0.151    10.440    system_i/hft_core/inst/u_core/u_axi_regs/p_1_out0_i_89_n_0
    SLICE_X23Y109        LUT2 (Prop_D5LUT_SLICEL_I1_O)
                                                      0.096    10.536 r  system_i/hft_core/inst/u_core/u_axi_regs/p_1_out0_i_113/O
                         net (fo=12, routed)          0.238    10.773    system_i/hft_core/inst/u_core/u_axi_regs/p_1_out0_i_113_n_0
    SLICE_X22Y109        LUT6 (Prop_E6LUT_SLICEL_I0_O)
                                                      0.147    10.920 r  system_i/hft_core/inst/u_core/u_axi_regs/p_1_out0_i_82/O
                         net (fo=1, routed)           0.239    11.159    system_i/hft_core/inst/u_core/u_axi_regs/p_1_out0_i_82_n_0
    SLICE_X22Y109        LUT6 (Prop_H6LUT_SLICEL_I3_O)
                                                      0.051    11.210 r  system_i/hft_core/inst/u_core/u_axi_regs/p_1_out0_i_52/O
                         net (fo=8, routed)           0.204    11.414    system_i/hft_core/inst/u_core/u_axi_regs/p_1_out0_i_52_n_0
    SLICE_X23Y112        LUT6 (Prop_C6LUT_SLICEL_I1_O)
                                                      0.096    11.510 r  system_i/hft_core/inst/u_core/u_axi_regs/p_1_out0__3_i_14/O
                         net (fo=2, routed)           0.117    11.627    system_i/hft_core/inst/u_core/u_axi_regs/p_1_out0__3_i_14_n_0
    SLICE_X24Y112        LUT6 (Prop_G6LUT_SLICEM_I5_O)
                                                      0.150    11.777 r  system_i/hft_core/inst/u_core/u_axi_regs/p_1_out0_i_44/O
                         net (fo=1, routed)           0.017    11.794    system_i/hft_core/inst/u_core/u_axi_regs/p_1_out0_i_44_n_0
    SLICE_X24Y112        MUXF7 (Prop_F7MUX_GH_SLICEM_I1_O)
                                                      0.067    11.861 r  system_i/hft_core/inst/u_core/u_axi_regs/p_1_out0_i_26/O
                         net (fo=16, routed)          0.185    12.046    system_i/hft_core/inst/u_core/u_axi_regs/p_1_out0_i_26_n_0
    SLICE_X22Y112        LUT6 (Prop_G6LUT_SLICEL_I1_O)
                                                      0.097    12.143 f  system_i/hft_core/inst/u_core/u_axi_regs/p_1_out0__5_i_9/O
                         net (fo=2, routed)           0.262    12.405    system_i/hft_core/inst/u_core/u_axi_regs/p_1_out0__5_i_9_n_0
    SLICE_X21Y114        LUT6 (Prop_C6LUT_SLICEL_I1_O)
                                                      0.050    12.455 f  system_i/hft_core/inst/u_core/u_axi_regs/p_1_out0_i_24/O
                         net (fo=1, routed)           0.010    12.465    system_i/hft_core/inst/u_core/u_axi_regs/p_1_out0_i_24_n_0
    SLICE_X21Y114        MUXF7 (Prop_F7MUX_CD_SLICEL_I1_O)
                                                      0.064    12.529 f  system_i/hft_core/inst/u_core/u_axi_regs/p_1_out0_i_10/O
                         net (fo=16, routed)          0.451    12.980    system_i/hft_core/inst/u_core/u_axi_regs/p_1_out0_i_10_n_0
    SLICE_X16Y119        LUT6 (Prop_B6LUT_SLICEM_I5_O)
                                                      0.100    13.080 f  system_i/hft_core/inst/u_core/u_axi_regs/p_1_out0__2_i_1/O
                         net (fo=1, routed)           0.526    13.606    system_i/hft_core/inst/u_core/u_market_sim/u_market_noise_gen/p_1_out0__2/B[4]
    DSP48E2_X0Y53        DSP_A_B_DATA (Prop_DSP_A_B_DATA_DSP48E2_B[4]_B2_DATA[4])
                                                      0.151    13.757 r  system_i/hft_core/inst/u_core/u_market_sim/u_market_noise_gen/p_1_out0__2/DSP_A_B_DATA_INST/B2_DATA[4]
                         net (fo=1, routed)           0.000    13.757    system_i/hft_core/inst/u_core/u_market_sim/u_market_noise_gen/p_1_out0__2/DSP_A_B_DATA.B2_DATA<4>
    DSP48E2_X0Y53        DSP_PREADD_DATA (Prop_DSP_PREADD_DATA_DSP48E2_B2_DATA[4]_B2B1[4])
                                                      0.073    13.830 r  system_i/hft_core/inst/u_core/u_market_sim/u_market_noise_gen/p_1_out0__2/DSP_PREADD_DATA_INST/B2B1[4]
                         net (fo=1, routed)           0.000    13.830    system_i/hft_core/inst/u_core/u_market_sim/u_market_noise_gen/p_1_out0__2/DSP_PREADD_DATA.B2B1<4>
    DSP48E2_X0Y53        DSP_MULTIPLIER (Prop_DSP_MULTIPLIER_DSP48E2_B2B1[4]_V[13])
                                                      0.609    14.439 f  system_i/hft_core/inst/u_core/u_market_sim/u_market_noise_gen/p_1_out0__2/DSP_MULTIPLIER_INST/V[13]
                         net (fo=1, routed)           0.000    14.439    system_i/hft_core/inst/u_core/u_market_sim/u_market_noise_gen/p_1_out0__2/DSP_MULTIPLIER.V<13>
    DSP48E2_X0Y53        DSP_M_DATA (Prop_DSP_M_DATA_DSP48E2_V[13]_V_DATA[13])
                                                      0.046    14.485 r  system_i/hft_core/inst/u_core/u_market_sim/u_market_noise_gen/p_1_out0__2/DSP_M_DATA_INST/V_DATA[13]
                         net (fo=1, routed)           0.000    14.485    system_i/hft_core/inst/u_core/u_market_sim/u_market_noise_gen/p_1_out0__2/DSP_M_DATA.V_DATA<13>
    DSP48E2_X0Y53        DSP_ALU (Prop_DSP_ALU_DSP48E2_V_DATA[13]_ALU_OUT[13])
                                                      0.571    15.056 f  system_i/hft_core/inst/u_core/u_market_sim/u_market_noise_gen/p_1_out0__2/DSP_ALU_INST/ALU_OUT[13]
                         net (fo=1, routed)           0.000    15.056    system_i/hft_core/inst/u_core/u_market_sim/u_market_noise_gen/p_1_out0__2/DSP_ALU.ALU_OUT<13>
    DSP48E2_X0Y53        DSP_OUTPUT (Prop_DSP_OUTPUT_DSP48E2_ALU_OUT[13]_P[13])
                                                      0.109    15.165 r  system_i/hft_core/inst/u_core/u_market_sim/u_market_noise_gen/p_1_out0__2/DSP_OUTPUT_INST/P[13]
                         net (fo=5, routed)           0.354    15.519    system_i/hft_core/inst/u_core/u_market_sim/u_market_noise_gen/p_1_out0__2_n_92
    SLICE_X5Y133         LUT2 (Prop_A6LUT_SLICEM_I1_O)
                                                      0.150    15.669 r  system_i/hft_core/inst/u_core/u_market_sim/u_market_noise_gen/sec_drift_q16_16[3][31]_i_43/O
                         net (fo=1, routed)           0.013    15.682    system_i/hft_core/inst/u_core/u_market_sim/u_market_noise_gen/sec_drift_q16_16[3][31]_i_43_n_0
    SLICE_X5Y133         CARRY8 (Prop_CARRY8_SLICEM_S[0]_CO[7])
                                                      0.192    15.874 f  system_i/hft_core/inst/u_core/u_market_sim/u_market_noise_gen/sec_drift_q16_16_reg[3][31]_i_6/CO[7]
                         net (fo=1, routed)           0.026    15.900    system_i/hft_core/inst/u_core/u_market_sim/u_market_noise_gen/sec_drift_q16_16_reg[3][31]_i_6_n_0
    SLICE_X5Y134         CARRY8 (Prop_CARRY8_SLICEM_CI_CO[2])
                                                      0.057    15.957 f  system_i/hft_core/inst/u_core/u_market_sim/u_market_noise_gen/sec_drift_q16_16_reg[3][31]_i_3/CO[2]
                         net (fo=32, routed)          0.323    16.280    system_i/hft_core/inst/u_core/u_market_sim/u_market_noise_gen/sec_drift_q16_16_reg[3][31]_i_3_n_5
    SLICE_X4Y130         LUT4 (Prop_C5LUT_SLICEM_I2_O)
                                                      0.111    16.391 r  system_i/hft_core/inst/u_core/u_market_sim/u_market_noise_gen/sec_drift_q16_16[3][5]_i_1/O
                         net (fo=1, routed)           0.027    16.418    system_i/hft_core/inst/u_core/u_market_sim/u_market_noise_gen/sec_drift_q16_16[3][5]_i_1_n_0
    SLICE_X4Y130         FDCE                                         r  system_i/hft_core/inst/u_core/u_market_sim/u_market_noise_gen/sec_drift_q16_16_reg[3][5]/D
  -------------------------------------------------------------------    -------------------

                         (clock clk_pl_0 rise edge)
                                                     20.625    20.625 r  
    PS8_X0Y0             PS8                          0.000    20.625 r  system_i/zynq_ps/inst/PS8_i/PLCLK[0]
                         net (fo=1, routed)           0.135    20.760    system_i/zynq_ps/inst/pl_clk_unbuffered[0]
    BUFG_PS_X0Y58        BUFG_PS (Prop_BUFG_PS_I_O)
                                                      0.025    20.785 r  system_i/zynq_ps/inst/buffer_pl_clk_0.PL_CLK_0_BUFG/O
    X0Y1 (CLOCK_ROOT)    net (fo=12182, routed)       1.450    22.235    system_i/hft_core/inst/u_core/u_market_sim/u_market_noise_gen/clk
    SLICE_X4Y130         FDCE                                         r  system_i/hft_core/inst/u_core/u_market_sim/u_market_noise_gen/sec_drift_q16_16_reg[3][5]/C
                         clock pessimism              0.097    22.332    
                         clock uncertainty           -0.207    22.125    
    SLICE_X4Y130         FDCE (Setup_CFF2_SLICEM_C_D)
                                                      0.025    22.150    system_i/hft_core/inst/u_core/u_market_sim/u_market_noise_gen/sec_drift_q16_16_reg[3][5]
  -------------------------------------------------------------------
                         required time                         22.150    
                         arrival time                         -16.418    
  -------------------------------------------------------------------
                         slack                                  5.731    

Slack (MET) :             5.732ns  (required time - arrival time)
  Source:                 system_i/hft_core/inst/u_core/u_axi_regs/active_sym_count_reg[0]/C
                            (rising edge-triggered cell FDCE clocked by clk_pl_0  {rise@0.000ns fall@10.312ns period=20.625ns})
  Destination:            system_i/hft_core/inst/u_core/u_market_sim/u_market_noise_gen/sec_drift_q16_16_reg[3][6]/D
                            (rising edge-triggered cell FDCE clocked by clk_pl_0  {rise@0.000ns fall@10.312ns period=20.625ns})
  Path Group:             clk_pl_0
  Path Type:              Setup (Max at Slow Process Corner)
  Requirement:            20.625ns  (clk_pl_0 rise@20.625ns - clk_pl_0 rise@0.000ns)
  Data Path Delay:        14.588ns  (logic 6.258ns (42.898%)  route 8.330ns (57.102%))
  Logic Levels:           56  (CARRY8=2 DSP_A_B_DATA=1 DSP_ALU=1 DSP_M_DATA=1 DSP_MULTIPLIER=1 DSP_OUTPUT=1 DSP_PREADD_DATA=1 LUT2=2 LUT4=2 LUT5=12 LUT6=19 MUXF7=13)
  Clock Path Skew:        -0.123ns (DCD - SCD + CPR)
    Destination Clock Delay (DCD):    1.610ns = ( 22.235 - 20.625 ) 
    Source Clock Delay      (SCD):    1.830ns
    Clock Pessimism Removal (CPR):    0.097ns
  Clock Uncertainty:      0.207ns  ((TSJ^2 + DJ^2)^1/2) / 2 + PE
    Total System Jitter     (TSJ):    0.071ns
    Discrete Jitter          (DJ):    0.409ns
    Phase Error              (PE):    0.000ns
  Clock Net Delay (Source):      1.631ns (routing 0.591ns, distribution 1.040ns)
  Clock Net Delay (Destination): 1.450ns (routing 0.533ns, distribution 0.917ns)

    Location             Delay type                Incr(ns)  Path(ns)    Netlist Resource(s)
  -------------------------------------------------------------------    -------------------
                         (clock clk_pl_0 rise edge)
                                                      0.000     0.000 r  
    PS8_X0Y0             PS8                          0.000     0.000 r  system_i/zynq_ps/inst/PS8_i/PLCLK[0]
                         net (fo=1, routed)           0.171     0.171    system_i/zynq_ps/inst/pl_clk_unbuffered[0]
    BUFG_PS_X0Y58        BUFG_PS (Prop_BUFG_PS_I_O)
                                                      0.028     0.199 r  system_i/zynq_ps/inst/buffer_pl_clk_0.PL_CLK_0_BUFG/O
    X0Y1 (CLOCK_ROOT)    net (fo=12182, routed)       1.631     1.830    system_i/hft_core/inst/u_core/u_axi_regs/clk
    SLICE_X24Y64         FDCE                                         r  system_i/hft_core/inst/u_core/u_axi_regs/active_sym_count_reg[0]/C
  -------------------------------------------------------------------    -------------------
    SLICE_X24Y64         FDCE (Prop_HFF2_SLICEM_C_Q)
                                                      0.078     1.908 r  system_i/hft_core/inst/u_core/u_axi_regs/active_sym_count_reg[0]/Q
                         net (fo=6, routed)           0.553     2.461    system_i/hft_core/inst/u_core/u_axi_regs/active_sym_count[0]
    SLICE_X26Y105        LUT5 (Prop_D5LUT_SLICEL_I4_O)
                                                      0.096     2.557 r  system_i/hft_core/inst/u_core/u_axi_regs/lfsr_reg[31]_i_6/O
                         net (fo=120, routed)         0.345     2.902    system_i/hft_core/inst/u_core/u_axi_regs/u_market_sim/active_count_eff[0]
    SLICE_X28Y112        LUT5 (Prop_D6LUT_SLICEM_I4_O)
                                                      0.099     3.001 r  system_i/hft_core/inst/u_core/u_axi_regs/lfsr_reg[31]_i_4__0/O
                         net (fo=15, routed)          0.218     3.219    system_i/hft_core/inst/u_core/u_axi_regs/u_market_sim/u_market_noise_gen/company_noise_q16_161
    SLICE_X28Y105        LUT4 (Prop_C5LUT_SLICEM_I0_O)
                                                      0.068     3.287 r  system_i/hft_core/inst/u_core/u_axi_regs/p_1_out0__2_i_70/O
                         net (fo=1, routed)           0.148     3.435    system_i/hft_core/inst/u_core/u_axi_regs/u_market_sim/u_market_noise_gen/sector_pop1_out
    SLICE_X28Y105        LUT6 (Prop_G6LUT_SLICEM_I5_O)
                                                      0.150     3.585 r  system_i/hft_core/inst/u_core/u_axi_regs/p_1_out0__2_i_69/O
                         net (fo=2, routed)           0.152     3.737    system_i/hft_core/inst/u_core/u_axi_regs/p_1_out0__2_i_69_n_0
    SLICE_X27Y105        LUT6 (Prop_D6LUT_SLICEL_I0_O)
                                                      0.146     3.883 r  system_i/hft_core/inst/u_core/u_axi_regs/p_1_out0_i_281/O
                         net (fo=9, routed)           0.009     3.892    system_i/hft_core/inst/u_core/u_axi_regs/p_1_out0_i_281_n_0
    SLICE_X27Y105        MUXF7 (Prop_F7MUX_CD_SLICEL_I0_O)
                                                      0.063     3.955 r  system_i/hft_core/inst/u_core/u_axi_regs/p_1_out0_i_276/O
                         net (fo=9, routed)           0.227     4.182    system_i/hft_core/inst/u_core/u_axi_regs/p_1_out0_i_276_n_0
    SLICE_X28Y103        LUT5 (Prop_H6LUT_SLICEM_I0_O)
                                                      0.152     4.334 r  system_i/hft_core/inst/u_core/u_axi_regs/p_1_out0__2_i_65/O
                         net (fo=2, routed)           0.099     4.433    system_i/hft_core/inst/u_core/u_axi_regs/p_1_out0__2_i_65_n_0
    SLICE_X28Y102        LUT6 (Prop_D6LUT_SLICEM_I0_O)
                                                      0.099     4.532 r  system_i/hft_core/inst/u_core/u_axi_regs/p_1_out0_i_270/O
                         net (fo=2, routed)           0.025     4.557    system_i/hft_core/inst/u_core/u_axi_regs/p_1_out0_i_270_n_0
    SLICE_X28Y102        MUXF7 (Prop_F7MUX_CD_SLICEM_I0_O)
                                                      0.069     4.626 r  system_i/hft_core/inst/u_core/u_axi_regs/p_1_out0_i_263/O
                         net (fo=8, routed)           0.165     4.791    system_i/hft_core/inst/u_core/u_axi_regs/p_1_out0_i_263_n_0
    SLICE_X27Y102        LUT5 (Prop_F6LUT_SLICEL_I2_O)
                                                      0.123     4.914 r  system_i/hft_core/inst/u_core/u_axi_regs/p_1_out0__3_i_61/O
                         net (fo=2, routed)           0.094     5.008    system_i/hft_core/inst/u_core/u_axi_regs/p_1_out0__3_i_61_n_0
    SLICE_X26Y102        LUT6 (Prop_C6LUT_SLICEL_I5_O)
                                                      0.123     5.131 r  system_i/hft_core/inst/u_core/u_axi_regs/p_1_out0_i_257/O
                         net (fo=1, routed)           0.010     5.141    system_i/hft_core/inst/u_core/u_axi_regs/p_1_out0_i_257_n_0
    SLICE_X26Y102        MUXF7 (Prop_F7MUX_CD_SLICEL_I1_O)
                                                      0.064     5.205 r  system_i/hft_core/inst/u_core/u_axi_regs/p_1_out0_i_248/O
                         net (fo=16, routed)          0.220     5.425    system_i/hft_core/inst/u_core/u_axi_regs/p_1_out0_i_248_n_0
    SLICE_X25Y103        LUT5 (Prop_E6LUT_SLICEL_I1_O)
                                                      0.147     5.572 r  system_i/hft_core/inst/u_core/u_axi_regs/p_1_out0__5_i_58/O
                         net (fo=2, routed)           0.150     5.722    system_i/hft_core/inst/u_core/u_axi_regs/p_1_out0__5_i_58_n_0
    SLICE_X24Y102        LUT6 (Prop_C6LUT_SLICEM_I1_O)
                                                      0.145     5.867 r  system_i/hft_core/inst/u_core/u_axi_regs/p_1_out0_i_244/O
                         net (fo=1, routed)           0.021     5.888    system_i/hft_core/inst/u_core/u_axi_regs/p_1_out0_i_244_n_0
    SLICE_X24Y102        MUXF7 (Prop_F7MUX_CD_SLICEM_I1_O)
                                                      0.068     5.956 r  system_i/hft_core/inst/u_core/u_axi_regs/p_1_out0_i_235/O
                         net (fo=16, routed)          0.205     6.162    system_i/hft_core/inst/u_core/u_axi_regs/p_1_out0_i_235_n_0
    SLICE_X24Y102        LUT5 (Prop_F6LUT_SLICEM_I1_O)
                                                      0.088     6.250 r  system_i/hft_core/inst/u_core/u_axi_regs/p_1_out0__5_i_54/O
                         net (fo=2, routed)           0.206     6.456    system_i/hft_core/inst/u_core/u_axi_regs/p_1_out0__5_i_54_n_0
    SLICE_X22Y102        LUT6 (Prop_C6LUT_SLICEL_I1_O)
                                                      0.096     6.552 r  system_i/hft_core/inst/u_core/u_axi_regs/p_1_out0_i_231/O
                         net (fo=1, routed)           0.010     6.562    system_i/hft_core/inst/u_core/u_axi_regs/p_1_out0_i_231_n_0
    SLICE_X22Y102        MUXF7 (Prop_F7MUX_CD_SLICEL_I1_O)
                                                      0.064     6.626 r  system_i/hft_core/inst/u_core/u_axi_regs/p_1_out0_i_222/O
                         net (fo=16, routed)          0.197     6.822    system_i/hft_core/inst/u_core/u_axi_regs/p_1_out0_i_222_n_0
    SLICE_X22Y101        LUT5 (Prop_F6LUT_SLICEL_I1_O)
                                                      0.035     6.857 r  system_i/hft_core/inst/u_core/u_axi_regs/p_1_out0__0_i_50/O
                         net (fo=3, routed)           0.196     7.053    system_i/hft_core/inst/u_core/u_axi_regs/p_1_out0__0_i_50_n_0
    SLICE_X21Y104        LUT6 (Prop_D6LUT_SLICEL_I3_O)
                                                      0.122     7.175 r  system_i/hft_core/inst/u_core/u_axi_regs/p_1_out0_i_217/O
                         net (fo=1, routed)           0.009     7.184    system_i/hft_core/inst/u_core/u_axi_regs/p_1_out0_i_217_n_0
    SLICE_X21Y104        MUXF7 (Prop_F7MUX_CD_SLICEL_I0_O)
                                                      0.063     7.247 r  system_i/hft_core/inst/u_core/u_axi_regs/p_1_out0_i_204/O
                         net (fo=18, routed)          0.208     7.455    system_i/hft_core/inst/u_core/u_axi_regs/p_1_out0_i_204_n_0
    SLICE_X22Y104        LUT5 (Prop_H6LUT_SLICEL_I1_O)
                                                      0.090     7.545 r  system_i/hft_core/inst/u_core/u_axi_regs/p_1_out0__6_i_46/O
                         net (fo=2, routed)           0.144     7.689    system_i/hft_core/inst/u_core/u_axi_regs/p_1_out0__6_i_46_n_0
    SLICE_X23Y104        LUT6 (Prop_G6LUT_SLICEL_I0_O)
                                                      0.089     7.778 r  system_i/hft_core/inst/u_core/u_axi_regs/p_1_out0_i_193/O
                         net (fo=2, routed)           0.008     7.786    system_i/hft_core/inst/u_core/u_axi_regs/p_1_out0_i_193_n_0
    SLICE_X23Y104        MUXF7 (Prop_F7MUX_GH_SLICEL_I1_O)
                                                      0.063     7.849 r  system_i/hft_core/inst/u_core/u_axi_regs/p_1_out0_i_186/O
                         net (fo=17, routed)          0.298     8.147    system_i/hft_core/inst/u_core/u_axi_regs/p_1_out0_i_186_n_0
    SLICE_X22Y106        LUT5 (Prop_E6LUT_SLICEL_I1_O)
                                                      0.099     8.246 r  system_i/hft_core/inst/u_core/u_axi_regs/p_1_out0__5_i_41/O
                         net (fo=2, routed)           0.164     8.410    system_i/hft_core/inst/u_core/u_axi_regs/p_1_out0__5_i_41_n_0
    SLICE_X24Y106        LUT6 (Prop_C6LUT_SLICEM_I1_O)
                                                      0.037     8.447 r  system_i/hft_core/inst/u_core/u_axi_regs/p_1_out0_i_172/O
                         net (fo=2, routed)           0.021     8.468    system_i/hft_core/inst/u_core/u_axi_regs/p_1_out0_i_172_n_0
    SLICE_X24Y106        MUXF7 (Prop_F7MUX_CD_SLICEM_I1_O)
                                                      0.068     8.536 r  system_i/hft_core/inst/u_core/u_axi_regs/p_1_out0_i_165/O
                         net (fo=17, routed)          0.210     8.746    system_i/hft_core/inst/u_core/u_axi_regs/p_1_out0_i_165_n_0
    SLICE_X26Y106        LUT5 (Prop_G6LUT_SLICEL_I1_O)
                                                      0.050     8.796 r  system_i/hft_core/inst/u_core/u_axi_regs/p_1_out0__2_i_36/O
                         net (fo=3, routed)           0.151     8.947    system_i/hft_core/inst/u_core/u_axi_regs/p_1_out0__2_i_36_n_0
    SLICE_X25Y107        LUT6 (Prop_D6LUT_SLICEL_I0_O)
                                                      0.099     9.046 r  system_i/hft_core/inst/u_core/u_axi_regs/p_1_out0_i_163/O
                         net (fo=1, routed)           0.009     9.055    system_i/hft_core/inst/u_core/u_axi_regs/p_1_out0_i_163_n_0
    SLICE_X25Y107        MUXF7 (Prop_F7MUX_CD_SLICEL_I0_O)
                                                      0.063     9.118 r  system_i/hft_core/inst/u_core/u_axi_regs/p_1_out0_i_144/O
                         net (fo=17, routed)          0.202     9.319    system_i/hft_core/inst/u_core/u_axi_regs/p_1_out0_i_144_n_0
    SLICE_X26Y108        LUT5 (Prop_C6LUT_SLICEL_I1_O)
                                                      0.035     9.354 r  system_i/hft_core/inst/u_core/u_axi_regs/p_1_out0__4_i_31/O
                         net (fo=2, routed)           0.155     9.509    system_i/hft_core/inst/u_core/u_axi_regs/p_1_out0__4_i_31_n_0
    SLICE_X26Y109        LUT6 (Prop_G6LUT_SLICEL_I3_O)
                                                      0.123     9.632 r  system_i/hft_core/inst/u_core/u_axi_regs/p_1_out0_i_130/O
                         net (fo=2, routed)           0.008     9.640    system_i/hft_core/inst/u_core/u_axi_regs/p_1_out0_i_130_n_0
    SLICE_X26Y109        MUXF7 (Prop_F7MUX_GH_SLICEL_I1_O)
                                                      0.063     9.703 r  system_i/hft_core/inst/u_core/u_axi_regs/p_1_out0_i_119/O
                         net (fo=17, routed)          0.258     9.961    system_i/hft_core/inst/u_core/u_axi_regs/p_1_out0_i_119_n_0
    SLICE_X26Y109        LUT5 (Prop_F6LUT_SLICEL_I1_O)
                                                      0.035     9.996 r  system_i/hft_core/inst/u_core/u_axi_regs/p_1_out0__0_i_26/O
                         net (fo=5, routed)           0.098    10.094    system_i/hft_core/inst/u_core/u_axi_regs/p_1_out0__0_i_26_n_0
    SLICE_X25Y109        LUT6 (Prop_D6LUT_SLICEL_I3_O)
                                                      0.122    10.216 r  system_i/hft_core/inst/u_core/u_axi_regs/p_1_out0_i_117/O
                         net (fo=1, routed)           0.009    10.225    system_i/hft_core/inst/u_core/u_axi_regs/p_1_out0_i_117_n_0
    SLICE_X25Y109        MUXF7 (Prop_F7MUX_CD_SLICEL_I0_O)
                                                      0.063    10.288 r  system_i/hft_core/inst/u_core/u_axi_regs/p_1_out0_i_89/O
                         net (fo=18, routed)          0.151    10.440    system_i/hft_core/inst/u_core/u_axi_regs/p_1_out0_i_89_n_0
    SLICE_X23Y109        LUT2 (Prop_D5LUT_SLICEL_I1_O)
                                                      0.096    10.536 r  system_i/hft_core/inst/u_core/u_axi_regs/p_1_out0_i_113/O
                         net (fo=12, routed)          0.238    10.773    system_i/hft_core/inst/u_core/u_axi_regs/p_1_out0_i_113_n_0
    SLICE_X22Y109        LUT6 (Prop_E6LUT_SLICEL_I0_O)
                                                      0.147    10.920 r  system_i/hft_core/inst/u_core/u_axi_regs/p_1_out0_i_82/O
                         net (fo=1, routed)           0.239    11.159    system_i/hft_core/inst/u_core/u_axi_regs/p_1_out0_i_82_n_0
    SLICE_X22Y109        LUT6 (Prop_H6LUT_SLICEL_I3_O)
                                                      0.051    11.210 r  system_i/hft_core/inst/u_core/u_axi_regs/p_1_out0_i_52/O
                         net (fo=8, routed)           0.204    11.414    system_i/hft_core/inst/u_core/u_axi_regs/p_1_out0_i_52_n_0
    SLICE_X23Y112        LUT6 (Prop_C6LUT_SLICEL_I1_O)
                                                      0.096    11.510 r  system_i/hft_core/inst/u_core/u_axi_regs/p_1_out0__3_i_14/O
                         net (fo=2, routed)           0.117    11.627    system_i/hft_core/inst/u_core/u_axi_regs/p_1_out0__3_i_14_n_0
    SLICE_X24Y112        LUT6 (Prop_G6LUT_SLICEM_I5_O)
                                                      0.150    11.777 r  system_i/hft_core/inst/u_core/u_axi_regs/p_1_out0_i_44/O
                         net (fo=1, routed)           0.017    11.794    system_i/hft_core/inst/u_core/u_axi_regs/p_1_out0_i_44_n_0
    SLICE_X24Y112        MUXF7 (Prop_F7MUX_GH_SLICEM_I1_O)
                                                      0.067    11.861 r  system_i/hft_core/inst/u_core/u_axi_regs/p_1_out0_i_26/O
                         net (fo=16, routed)          0.185    12.046    system_i/hft_core/inst/u_core/u_axi_regs/p_1_out0_i_26_n_0
    SLICE_X22Y112        LUT6 (Prop_G6LUT_SLICEL_I1_O)
                                                      0.097    12.143 f  system_i/hft_core/inst/u_core/u_axi_regs/p_1_out0__5_i_9/O
                         net (fo=2, routed)           0.262    12.405    system_i/hft_core/inst/u_core/u_axi_regs/p_1_out0__5_i_9_n_0
    SLICE_X21Y114        LUT6 (Prop_C6LUT_SLICEL_I1_O)
                                                      0.050    12.455 f  system_i/hft_core/inst/u_core/u_axi_regs/p_1_out0_i_24/O
                         net (fo=1, routed)           0.010    12.465    system_i/hft_core/inst/u_core/u_axi_regs/p_1_out0_i_24_n_0
    SLICE_X21Y114        MUXF7 (Prop_F7MUX_CD_SLICEL_I1_O)
                                                      0.064    12.529 f  system_i/hft_core/inst/u_core/u_axi_regs/p_1_out0_i_10/O
                         net (fo=16, routed)          0.451    12.980    system_i/hft_core/inst/u_core/u_axi_regs/p_1_out0_i_10_n_0
    SLICE_X16Y119        LUT6 (Prop_B6LUT_SLICEM_I5_O)
                                                      0.100    13.080 f  system_i/hft_core/inst/u_core/u_axi_regs/p_1_out0__2_i_1/O
                         net (fo=1, routed)           0.526    13.606    system_i/hft_core/inst/u_core/u_market_sim/u_market_noise_gen/p_1_out0__2/B[4]
    DSP48E2_X0Y53        DSP_A_B_DATA (Prop_DSP_A_B_DATA_DSP48E2_B[4]_B2_DATA[4])
                                                      0.151    13.757 r  system_i/hft_core/inst/u_core/u_market_sim/u_market_noise_gen/p_1_out0__2/DSP_A_B_DATA_INST/B2_DATA[4]
                         net (fo=1, routed)           0.000    13.757    system_i/hft_core/inst/u_core/u_market_sim/u_market_noise_gen/p_1_out0__2/DSP_A_B_DATA.B2_DATA<4>
    DSP48E2_X0Y53        DSP_PREADD_DATA (Prop_DSP_PREADD_DATA_DSP48E2_B2_DATA[4]_B2B1[4])
                                                      0.073    13.830 r  system_i/hft_core/inst/u_core/u_market_sim/u_market_noise_gen/p_1_out0__2/DSP_PREADD_DATA_INST/B2B1[4]
                         net (fo=1, routed)           0.000    13.830    system_i/hft_core/inst/u_core/u_market_sim/u_market_noise_gen/p_1_out0__2/DSP_PREADD_DATA.B2B1<4>
    DSP48E2_X0Y53        DSP_MULTIPLIER (Prop_DSP_MULTIPLIER_DSP48E2_B2B1[4]_V[13])
                                                      0.609    14.439 f  system_i/hft_core/inst/u_core/u_market_sim/u_market_noise_gen/p_1_out0__2/DSP_MULTIPLIER_INST/V[13]
                         net (fo=1, routed)           0.000    14.439    system_i/hft_core/inst/u_core/u_market_sim/u_market_noise_gen/p_1_out0__2/DSP_MULTIPLIER.V<13>
    DSP48E2_X0Y53        DSP_M_DATA (Prop_DSP_M_DATA_DSP48E2_V[13]_V_DATA[13])
                                                      0.046    14.485 r  system_i/hft_core/inst/u_core/u_market_sim/u_market_noise_gen/p_1_out0__2/DSP_M_DATA_INST/V_DATA[13]
                         net (fo=1, routed)           0.000    14.485    system_i/hft_core/inst/u_core/u_market_sim/u_market_noise_gen/p_1_out0__2/DSP_M_DATA.V_DATA<13>
    DSP48E2_X0Y53        DSP_ALU (Prop_DSP_ALU_DSP48E2_V_DATA[13]_ALU_OUT[13])
                                                      0.571    15.056 f  system_i/hft_core/inst/u_core/u_market_sim/u_market_noise_gen/p_1_out0__2/DSP_ALU_INST/ALU_OUT[13]
                         net (fo=1, routed)           0.000    15.056    system_i/hft_core/inst/u_core/u_market_sim/u_market_noise_gen/p_1_out0__2/DSP_ALU.ALU_OUT<13>
    DSP48E2_X0Y53        DSP_OUTPUT (Prop_DSP_OUTPUT_DSP48E2_ALU_OUT[13]_P[13])
                                                      0.109    15.165 r  system_i/hft_core/inst/u_core/u_market_sim/u_market_noise_gen/p_1_out0__2/DSP_OUTPUT_INST/P[13]
                         net (fo=5, routed)           0.354    15.519    system_i/hft_core/inst/u_core/u_market_sim/u_market_noise_gen/p_1_out0__2_n_92
    SLICE_X5Y133         LUT2 (Prop_A6LUT_SLICEM_I1_O)
                                                      0.150    15.669 r  system_i/hft_core/inst/u_core/u_market_sim/u_market_noise_gen/sec_drift_q16_16[3][31]_i_43/O
                         net (fo=1, routed)           0.013    15.682    system_i/hft_core/inst/u_core/u_market_sim/u_market_noise_gen/sec_drift_q16_16[3][31]_i_43_n_0
    SLICE_X5Y133         CARRY8 (Prop_CARRY8_SLICEM_S[0]_CO[7])
                                                      0.192    15.874 f  system_i/hft_core/inst/u_core/u_market_sim/u_market_noise_gen/sec_drift_q16_16_reg[3][31]_i_6/CO[7]
                         net (fo=1, routed)           0.026    15.900    system_i/hft_core/inst/u_core/u_market_sim/u_market_noise_gen/sec_drift_q16_16_reg[3][31]_i_6_n_0
    SLICE_X5Y134         CARRY8 (Prop_CARRY8_SLICEM_CI_CO[2])
                                                      0.057    15.957 f  system_i/hft_core/inst/u_core/u_market_sim/u_market_noise_gen/sec_drift_q16_16_reg[3][31]_i_3/CO[2]
                         net (fo=32, routed)          0.277    16.234    system_i/hft_core/inst/u_core/u_market_sim/u_market_noise_gen/sec_drift_q16_16_reg[3][31]_i_3_n_5
    SLICE_X4Y130         LUT4 (Prop_B6LUT_SLICEM_I2_O)
                                                      0.125    16.359 r  system_i/hft_core/inst/u_core/u_market_sim/u_market_noise_gen/sec_drift_q16_16[3][6]_i_1/O
                         net (fo=1, routed)           0.059    16.418    system_i/hft_core/inst/u_core/u_market_sim/u_market_noise_gen/sec_drift_q16_16[3][6]_i_1_n_0
    SLICE_X4Y130         FDCE                                         r  system_i/hft_core/inst/u_core/u_market_sim/u_market_noise_gen/sec_drift_q16_16_reg[3][6]/D
  -------------------------------------------------------------------    -------------------

                         (clock clk_pl_0 rise edge)
                                                     20.625    20.625 r  
    PS8_X0Y0             PS8                          0.000    20.625 r  system_i/zynq_ps/inst/PS8_i/PLCLK[0]
                         net (fo=1, routed)           0.135    20.760    system_i/zynq_ps/inst/pl_clk_unbuffered[0]
    BUFG_PS_X0Y58        BUFG_PS (Prop_BUFG_PS_I_O)
                                                      0.025    20.785 r  system_i/zynq_ps/inst/buffer_pl_clk_0.PL_CLK_0_BUFG/O
    X0Y1 (CLOCK_ROOT)    net (fo=12182, routed)       1.450    22.235    system_i/hft_core/inst/u_core/u_market_sim/u_market_noise_gen/clk
    SLICE_X4Y130         FDCE                                         r  system_i/hft_core/inst/u_core/u_market_sim/u_market_noise_gen/sec_drift_q16_16_reg[3][6]/C
                         clock pessimism              0.097    22.332    
                         clock uncertainty           -0.207    22.125    
    SLICE_X4Y130         FDCE (Setup_BFF_SLICEM_C_D)
                                                      0.025    22.150    system_i/hft_core/inst/u_core/u_market_sim/u_market_noise_gen/sec_drift_q16_16_reg[3][6]
  -------------------------------------------------------------------
                         required time                         22.150    
                         arrival time                         -16.418    
  -------------------------------------------------------------------
                         slack                                  5.732    

Slack (MET) :             5.743ns  (required time - arrival time)
  Source:                 system_i/hft_core/inst/u_core/u_axi_regs/active_sym_count_reg[0]/C
                            (rising edge-triggered cell FDCE clocked by clk_pl_0  {rise@0.000ns fall@10.312ns period=20.625ns})
  Destination:            system_i/hft_core/inst/u_core/u_market_sim/u_market_noise_gen/sec_drift_q16_16_reg[3][0]/D
                            (rising edge-triggered cell FDCE clocked by clk_pl_0  {rise@0.000ns fall@10.312ns period=20.625ns})
  Path Group:             clk_pl_0
  Path Type:              Setup (Max at Slow Process Corner)
  Requirement:            20.625ns  (clk_pl_0 rise@20.625ns - clk_pl_0 rise@0.000ns)
  Data Path Delay:        14.577ns  (logic 6.232ns (42.752%)  route 8.345ns (57.248%))
  Logic Levels:           56  (CARRY8=2 DSP_A_B_DATA=1 DSP_ALU=1 DSP_M_DATA=1 DSP_MULTIPLIER=1 DSP_OUTPUT=1 DSP_PREADD_DATA=1 LUT2=2 LUT4=2 LUT5=12 LUT6=19 MUXF7=13)
  Clock Path Skew:        -0.123ns (DCD - SCD + CPR)
    Destination Clock Delay (DCD):    1.610ns = ( 22.235 - 20.625 ) 
    Source Clock Delay      (SCD):    1.830ns
    Clock Pessimism Removal (CPR):    0.097ns
  Clock Uncertainty:      0.207ns  ((TSJ^2 + DJ^2)^1/2) / 2 + PE
    Total System Jitter     (TSJ):    0.071ns
    Discrete Jitter          (DJ):    0.409ns
    Phase Error              (PE):    0.000ns
  Clock Net Delay (Source):      1.631ns (routing 0.591ns, distribution 1.040ns)
  Clock Net Delay (Destination): 1.450ns (routing 0.533ns, distribution 0.917ns)

    Location             Delay type                Incr(ns)  Path(ns)    Netlist Resource(s)
  -------------------------------------------------------------------    -------------------
                         (clock clk_pl_0 rise edge)
                                                      0.000     0.000 r  
    PS8_X0Y0             PS8                          0.000     0.000 r  system_i/zynq_ps/inst/PS8_i/PLCLK[0]
                         net (fo=1, routed)           0.171     0.171    system_i/zynq_ps/inst/pl_clk_unbuffered[0]
    BUFG_PS_X0Y58        BUFG_PS (Prop_BUFG_PS_I_O)
                                                      0.028     0.199 r  system_i/zynq_ps/inst/buffer_pl_clk_0.PL_CLK_0_BUFG/O
    X0Y1 (CLOCK_ROOT)    net (fo=12182, routed)       1.631     1.830    system_i/hft_core/inst/u_core/u_axi_regs/clk
    SLICE_X24Y64         FDCE                                         r  system_i/hft_core/inst/u_core/u_axi_regs/active_sym_count_reg[0]/C
  -------------------------------------------------------------------    -------------------
    SLICE_X24Y64         FDCE (Prop_HFF2_SLICEM_C_Q)
                                                      0.078     1.908 r  system_i/hft_core/inst/u_core/u_axi_regs/active_sym_count_reg[0]/Q
                         net (fo=6, routed)           0.553     2.461    system_i/hft_core/inst/u_core/u_axi_regs/active_sym_count[0]
    SLICE_X26Y105        LUT5 (Prop_D5LUT_SLICEL_I4_O)
                                                      0.096     2.557 r  system_i/hft_core/inst/u_core/u_axi_regs/lfsr_reg[31]_i_6/O
                         net (fo=120, routed)         0.345     2.902    system_i/hft_core/inst/u_core/u_axi_regs/u_market_sim/active_count_eff[0]
    SLICE_X28Y112        LUT5 (Prop_D6LUT_SLICEM_I4_O)
                                                      0.099     3.001 r  system_i/hft_core/inst/u_core/u_axi_regs/lfsr_reg[31]_i_4__0/O
                         net (fo=15, routed)          0.218     3.219    system_i/hft_core/inst/u_core/u_axi_regs/u_market_sim/u_market_noise_gen/company_noise_q16_161
    SLICE_X28Y105        LUT4 (Prop_C5LUT_SLICEM_I0_O)
                                                      0.068     3.287 r  system_i/hft_core/inst/u_core/u_axi_regs/p_1_out0__2_i_70/O
                         net (fo=1, routed)           0.148     3.435    system_i/hft_core/inst/u_core/u_axi_regs/u_market_sim/u_market_noise_gen/sector_pop1_out
    SLICE_X28Y105        LUT6 (Prop_G6LUT_SLICEM_I5_O)
                                                      0.150     3.585 r  system_i/hft_core/inst/u_core/u_axi_regs/p_1_out0__2_i_69/O
                         net (fo=2, routed)           0.152     3.737    system_i/hft_core/inst/u_core/u_axi_regs/p_1_out0__2_i_69_n_0
    SLICE_X27Y105        LUT6 (Prop_D6LUT_SLICEL_I0_O)
                                                      0.146     3.883 r  system_i/hft_core/inst/u_core/u_axi_regs/p_1_out0_i_281/O
                         net (fo=9, routed)           0.009     3.892    system_i/hft_core/inst/u_core/u_axi_regs/p_1_out0_i_281_n_0
    SLICE_X27Y105        MUXF7 (Prop_F7MUX_CD_SLICEL_I0_O)
                                                      0.063     3.955 r  system_i/hft_core/inst/u_core/u_axi_regs/p_1_out0_i_276/O
                         net (fo=9, routed)           0.227     4.182    system_i/hft_core/inst/u_core/u_axi_regs/p_1_out0_i_276_n_0
    SLICE_X28Y103        LUT5 (Prop_H6LUT_SLICEM_I0_O)
                                                      0.152     4.334 r  system_i/hft_core/inst/u_core/u_axi_regs/p_1_out0__2_i_65/O
                         net (fo=2, routed)           0.099     4.433    system_i/hft_core/inst/u_core/u_axi_regs/p_1_out0__2_i_65_n_0
    SLICE_X28Y102        LUT6 (Prop_D6LUT_SLICEM_I0_O)
                                                      0.099     4.532 r  system_i/hft_core/inst/u_core/u_axi_regs/p_1_out0_i_270/O
                         net (fo=2, routed)           0.025     4.557    system_i/hft_core/inst/u_core/u_axi_regs/p_1_out0_i_270_n_0
    SLICE_X28Y102        MUXF7 (Prop_F7MUX_CD_SLICEM_I0_O)
                                                      0.069     4.626 r  system_i/hft_core/inst/u_core/u_axi_regs/p_1_out0_i_263/O
                         net (fo=8, routed)           0.165     4.791    system_i/hft_core/inst/u_core/u_axi_regs/p_1_out0_i_263_n_0
    SLICE_X27Y102        LUT5 (Prop_F6LUT_SLICEL_I2_O)
                                                      0.123     4.914 r  system_i/hft_core/inst/u_core/u_axi_regs/p_1_out0__3_i_61/O
                         net (fo=2, routed)           0.094     5.008    system_i/hft_core/inst/u_core/u_axi_regs/p_1_out0__3_i_61_n_0
    SLICE_X26Y102        LUT6 (Prop_C6LUT_SLICEL_I5_O)
                                                      0.123     5.131 r  system_i/hft_core/inst/u_core/u_axi_regs/p_1_out0_i_257/O
                         net (fo=1, routed)           0.010     5.141    system_i/hft_core/inst/u_core/u_axi_regs/p_1_out0_i_257_n_0
    SLICE_X26Y102        MUXF7 (Prop_F7MUX_CD_SLICEL_I1_O)
                                                      0.064     5.205 r  system_i/hft_core/inst/u_core/u_axi_regs/p_1_out0_i_248/O
                         net (fo=16, routed)          0.220     5.425    system_i/hft_core/inst/u_core/u_axi_regs/p_1_out0_i_248_n_0
    SLICE_X25Y103        LUT5 (Prop_E6LUT_SLICEL_I1_O)
                                                      0.147     5.572 r  system_i/hft_core/inst/u_core/u_axi_regs/p_1_out0__5_i_58/O
                         net (fo=2, routed)           0.150     5.722    system_i/hft_core/inst/u_core/u_axi_regs/p_1_out0__5_i_58_n_0
    SLICE_X24Y102        LUT6 (Prop_C6LUT_SLICEM_I1_O)
                                                      0.145     5.867 r  system_i/hft_core/inst/u_core/u_axi_regs/p_1_out0_i_244/O
                         net (fo=1, routed)           0.021     5.888    system_i/hft_core/inst/u_core/u_axi_regs/p_1_out0_i_244_n_0
    SLICE_X24Y102        MUXF7 (Prop_F7MUX_CD_SLICEM_I1_O)
                                                      0.068     5.956 r  system_i/hft_core/inst/u_core/u_axi_regs/p_1_out0_i_235/O
                         net (fo=16, routed)          0.205     6.162    system_i/hft_core/inst/u_core/u_axi_regs/p_1_out0_i_235_n_0
    SLICE_X24Y102        LUT5 (Prop_F6LUT_SLICEM_I1_O)
                                                      0.088     6.250 r  system_i/hft_core/inst/u_core/u_axi_regs/p_1_out0__5_i_54/O
                         net (fo=2, routed)           0.206     6.456    system_i/hft_core/inst/u_core/u_axi_regs/p_1_out0__5_i_54_n_0
    SLICE_X22Y102        LUT6 (Prop_C6LUT_SLICEL_I1_O)
                                                      0.096     6.552 r  system_i/hft_core/inst/u_core/u_axi_regs/p_1_out0_i_231/O
                         net (fo=1, routed)           0.010     6.562    system_i/hft_core/inst/u_core/u_axi_regs/p_1_out0_i_231_n_0
    SLICE_X22Y102        MUXF7 (Prop_F7MUX_CD_SLICEL_I1_O)
                                                      0.064     6.626 r  system_i/hft_core/inst/u_core/u_axi_regs/p_1_out0_i_222/O
                         net (fo=16, routed)          0.197     6.822    system_i/hft_core/inst/u_core/u_axi_regs/p_1_out0_i_222_n_0
    SLICE_X22Y101        LUT5 (Prop_F6LUT_SLICEL_I1_O)
                                                      0.035     6.857 r  system_i/hft_core/inst/u_core/u_axi_regs/p_1_out0__0_i_50/O
                         net (fo=3, routed)           0.196     7.053    system_i/hft_core/inst/u_core/u_axi_regs/p_1_out0__0_i_50_n_0
    SLICE_X21Y104        LUT6 (Prop_D6LUT_SLICEL_I3_O)
                                                      0.122     7.175 r  system_i/hft_core/inst/u_core/u_axi_regs/p_1_out0_i_217/O
                         net (fo=1, routed)           0.009     7.184    system_i/hft_core/inst/u_core/u_axi_regs/p_1_out0_i_217_n_0
    SLICE_X21Y104        MUXF7 (Prop_F7MUX_CD_SLICEL_I0_O)
                                                      0.063     7.247 r  system_i/hft_core/inst/u_core/u_axi_regs/p_1_out0_i_204/O
                         net (fo=18, routed)          0.208     7.455    system_i/hft_core/inst/u_core/u_axi_regs/p_1_out0_i_204_n_0
    SLICE_X22Y104        LUT5 (Prop_H6LUT_SLICEL_I1_O)
                                                      0.090     7.545 r  system_i/hft_core/inst/u_core/u_axi_regs/p_1_out0__6_i_46/O
                         net (fo=2, routed)           0.144     7.689    system_i/hft_core/inst/u_core/u_axi_regs/p_1_out0__6_i_46_n_0
    SLICE_X23Y104        LUT6 (Prop_G6LUT_SLICEL_I0_O)
                                                      0.089     7.778 r  system_i/hft_core/inst/u_core/u_axi_regs/p_1_out0_i_193/O
                         net (fo=2, routed)           0.008     7.786    system_i/hft_core/inst/u_core/u_axi_regs/p_1_out0_i_193_n_0
    SLICE_X23Y104        MUXF7 (Prop_F7MUX_GH_SLICEL_I1_O)
                                                      0.063     7.849 r  system_i/hft_core/inst/u_core/u_axi_regs/p_1_out0_i_186/O
                         net (fo=17, routed)          0.298     8.147    system_i/hft_core/inst/u_core/u_axi_regs/p_1_out0_i_186_n_0
    SLICE_X22Y106        LUT5 (Prop_E6LUT_SLICEL_I1_O)
                                                      0.099     8.246 r  system_i/hft_core/inst/u_core/u_axi_regs/p_1_out0__5_i_41/O
                         net (fo=2, routed)           0.164     8.410    system_i/hft_core/inst/u_core/u_axi_regs/p_1_out0__5_i_41_n_0
    SLICE_X24Y106        LUT6 (Prop_C6LUT_SLICEM_I1_O)
                                                      0.037     8.447 r  system_i/hft_core/inst/u_core/u_axi_regs/p_1_out0_i_172/O
                         net (fo=2, routed)           0.021     8.468    system_i/hft_core/inst/u_core/u_axi_regs/p_1_out0_i_172_n_0
    SLICE_X24Y106        MUXF7 (Prop_F7MUX_CD_SLICEM_I1_O)
                                                      0.068     8.536 r  system_i/hft_core/inst/u_core/u_axi_regs/p_1_out0_i_165/O
                         net (fo=17, routed)          0.210     8.746    system_i/hft_core/inst/u_core/u_axi_regs/p_1_out0_i_165_n_0
    SLICE_X26Y106        LUT5 (Prop_G6LUT_SLICEL_I1_O)
                                                      0.050     8.796 r  system_i/hft_core/inst/u_core/u_axi_regs/p_1_out0__2_i_36/O
                         net (fo=3, routed)           0.151     8.947    system_i/hft_core/inst/u_core/u_axi_regs/p_1_out0__2_i_36_n_0
    SLICE_X25Y107        LUT6 (Prop_D6LUT_SLICEL_I0_O)
                                                      0.099     9.046 r  system_i/hft_core/inst/u_core/u_axi_regs/p_1_out0_i_163/O
                         net (fo=1, routed)           0.009     9.055    system_i/hft_core/inst/u_core/u_axi_regs/p_1_out0_i_163_n_0
    SLICE_X25Y107        MUXF7 (Prop_F7MUX_CD_SLICEL_I0_O)
                                                      0.063     9.118 r  system_i/hft_core/inst/u_core/u_axi_regs/p_1_out0_i_144/O
                         net (fo=17, routed)          0.202     9.319    system_i/hft_core/inst/u_core/u_axi_regs/p_1_out0_i_144_n_0
    SLICE_X26Y108        LUT5 (Prop_C6LUT_SLICEL_I1_O)
                                                      0.035     9.354 r  system_i/hft_core/inst/u_core/u_axi_regs/p_1_out0__4_i_31/O
                         net (fo=2, routed)           0.155     9.509    system_i/hft_core/inst/u_core/u_axi_regs/p_1_out0__4_i_31_n_0
    SLICE_X26Y109        LUT6 (Prop_G6LUT_SLICEL_I3_O)
                                                      0.123     9.632 r  system_i/hft_core/inst/u_core/u_axi_regs/p_1_out0_i_130/O
                         net (fo=2, routed)           0.008     9.640    system_i/hft_core/inst/u_core/u_axi_regs/p_1_out0_i_130_n_0
    SLICE_X26Y109        MUXF7 (Prop_F7MUX_GH_SLICEL_I1_O)
                                                      0.063     9.703 r  system_i/hft_core/inst/u_core/u_axi_regs/p_1_out0_i_119/O
                         net (fo=17, routed)          0.258     9.961    system_i/hft_core/inst/u_core/u_axi_regs/p_1_out0_i_119_n_0
    SLICE_X26Y109        LUT5 (Prop_F6LUT_SLICEL_I1_O)
                                                      0.035     9.996 r  system_i/hft_core/inst/u_core/u_axi_regs/p_1_out0__0_i_26/O
                         net (fo=5, routed)           0.098    10.094    system_i/hft_core/inst/u_core/u_axi_regs/p_1_out0__0_i_26_n_0
    SLICE_X25Y109        LUT6 (Prop_D6LUT_SLICEL_I3_O)
                                                      0.122    10.216 r  system_i/hft_core/inst/u_core/u_axi_regs/p_1_out0_i_117/O
                         net (fo=1, routed)           0.009    10.225    system_i/hft_core/inst/u_core/u_axi_regs/p_1_out0_i_117_n_0
    SLICE_X25Y109        MUXF7 (Prop_F7MUX_CD_SLICEL_I0_O)
                                                      0.063    10.288 r  system_i/hft_core/inst/u_core/u_axi_regs/p_1_out0_i_89/O
                         net (fo=18, routed)          0.151    10.440    system_i/hft_core/inst/u_core/u_axi_regs/p_1_out0_i_89_n_0
    SLICE_X23Y109        LUT2 (Prop_D5LUT_SLICEL_I1_O)
                                                      0.096    10.536 r  system_i/hft_core/inst/u_core/u_axi_regs/p_1_out0_i_113/O
                         net (fo=12, routed)          0.238    10.773    system_i/hft_core/inst/u_core/u_axi_regs/p_1_out0_i_113_n_0
    SLICE_X22Y109        LUT6 (Prop_E6LUT_SLICEL_I0_O)
                                                      0.147    10.920 r  system_i/hft_core/inst/u_core/u_axi_regs/p_1_out0_i_82/O
                         net (fo=1, routed)           0.239    11.159    system_i/hft_core/inst/u_core/u_axi_regs/p_1_out0_i_82_n_0
    SLICE_X22Y109        LUT6 (Prop_H6LUT_SLICEL_I3_O)
                                                      0.051    11.210 r  system_i/hft_core/inst/u_core/u_axi_regs/p_1_out0_i_52/O
                         net (fo=8, routed)           0.204    11.414    system_i/hft_core/inst/u_core/u_axi_regs/p_1_out0_i_52_n_0
    SLICE_X23Y112        LUT6 (Prop_C6LUT_SLICEL_I1_O)
                                                      0.096    11.510 r  system_i/hft_core/inst/u_core/u_axi_regs/p_1_out0__3_i_14/O
                         net (fo=2, routed)           0.117    11.627    system_i/hft_core/inst/u_core/u_axi_regs/p_1_out0__3_i_14_n_0
    SLICE_X24Y112        LUT6 (Prop_G6LUT_SLICEM_I5_O)
                                                      0.150    11.777 r  system_i/hft_core/inst/u_core/u_axi_regs/p_1_out0_i_44/O
                         net (fo=1, routed)           0.017    11.794    system_i/hft_core/inst/u_core/u_axi_regs/p_1_out0_i_44_n_0
    SLICE_X24Y112        MUXF7 (Prop_F7MUX_GH_SLICEM_I1_O)
                                                      0.067    11.861 r  system_i/hft_core/inst/u_core/u_axi_regs/p_1_out0_i_26/O
                         net (fo=16, routed)          0.185    12.046    system_i/hft_core/inst/u_core/u_axi_regs/p_1_out0_i_26_n_0
    SLICE_X22Y112        LUT6 (Prop_G6LUT_SLICEL_I1_O)
                                                      0.097    12.143 f  system_i/hft_core/inst/u_core/u_axi_regs/p_1_out0__5_i_9/O
                         net (fo=2, routed)           0.262    12.405    system_i/hft_core/inst/u_core/u_axi_regs/p_1_out0__5_i_9_n_0
    SLICE_X21Y114        LUT6 (Prop_C6LUT_SLICEL_I1_O)
                                                      0.050    12.455 f  system_i/hft_core/inst/u_core/u_axi_regs/p_1_out0_i_24/O
                         net (fo=1, routed)           0.010    12.465    system_i/hft_core/inst/u_core/u_axi_regs/p_1_out0_i_24_n_0
    SLICE_X21Y114        MUXF7 (Prop_F7MUX_CD_SLICEL_I1_O)
                                                      0.064    12.529 f  system_i/hft_core/inst/u_core/u_axi_regs/p_1_out0_i_10/O
                         net (fo=16, routed)          0.451    12.980    system_i/hft_core/inst/u_core/u_axi_regs/p_1_out0_i_10_n_0
    SLICE_X16Y119        LUT6 (Prop_B6LUT_SLICEM_I5_O)
                                                      0.100    13.080 f  system_i/hft_core/inst/u_core/u_axi_regs/p_1_out0__2_i_1/O
                         net (fo=1, routed)           0.526    13.606    system_i/hft_core/inst/u_core/u_market_sim/u_market_noise_gen/p_1_out0__2/B[4]
    DSP48E2_X0Y53        DSP_A_B_DATA (Prop_DSP_A_B_DATA_DSP48E2_B[4]_B2_DATA[4])
                                                      0.151    13.757 r  system_i/hft_core/inst/u_core/u_market_sim/u_market_noise_gen/p_1_out0__2/DSP_A_B_DATA_INST/B2_DATA[4]
                         net (fo=1, routed)           0.000    13.757    system_i/hft_core/inst/u_core/u_market_sim/u_market_noise_gen/p_1_out0__2/DSP_A_B_DATA.B2_DATA<4>
    DSP48E2_X0Y53        DSP_PREADD_DATA (Prop_DSP_PREADD_DATA_DSP48E2_B2_DATA[4]_B2B1[4])
                                                      0.073    13.830 r  system_i/hft_core/inst/u_core/u_market_sim/u_market_noise_gen/p_1_out0__2/DSP_PREADD_DATA_INST/B2B1[4]
                         net (fo=1, routed)           0.000    13.830    system_i/hft_core/inst/u_core/u_market_sim/u_market_noise_gen/p_1_out0__2/DSP_PREADD_DATA.B2B1<4>
    DSP48E2_X0Y53        DSP_MULTIPLIER (Prop_DSP_MULTIPLIER_DSP48E2_B2B1[4]_V[13])
                                                      0.609    14.439 f  system_i/hft_core/inst/u_core/u_market_sim/u_market_noise_gen/p_1_out0__2/DSP_MULTIPLIER_INST/V[13]
                         net (fo=1, routed)           0.000    14.439    system_i/hft_core/inst/u_core/u_market_sim/u_market_noise_gen/p_1_out0__2/DSP_MULTIPLIER.V<13>
    DSP48E2_X0Y53        DSP_M_DATA (Prop_DSP_M_DATA_DSP48E2_V[13]_V_DATA[13])
                                                      0.046    14.485 r  system_i/hft_core/inst/u_core/u_market_sim/u_market_noise_gen/p_1_out0__2/DSP_M_DATA_INST/V_DATA[13]
                         net (fo=1, routed)           0.000    14.485    system_i/hft_core/inst/u_core/u_market_sim/u_market_noise_gen/p_1_out0__2/DSP_M_DATA.V_DATA<13>
    DSP48E2_X0Y53        DSP_ALU (Prop_DSP_ALU_DSP48E2_V_DATA[13]_ALU_OUT[13])
                                                      0.571    15.056 f  system_i/hft_core/inst/u_core/u_market_sim/u_market_noise_gen/p_1_out0__2/DSP_ALU_INST/ALU_OUT[13]
                         net (fo=1, routed)           0.000    15.056    system_i/hft_core/inst/u_core/u_market_sim/u_market_noise_gen/p_1_out0__2/DSP_ALU.ALU_OUT<13>
    DSP48E2_X0Y53        DSP_OUTPUT (Prop_DSP_OUTPUT_DSP48E2_ALU_OUT[13]_P[13])
                                                      0.109    15.165 r  system_i/hft_core/inst/u_core/u_market_sim/u_market_noise_gen/p_1_out0__2/DSP_OUTPUT_INST/P[13]
                         net (fo=5, routed)           0.354    15.519    system_i/hft_core/inst/u_core/u_market_sim/u_market_noise_gen/p_1_out0__2_n_92
    SLICE_X5Y133         LUT2 (Prop_A6LUT_SLICEM_I1_O)
                                                      0.150    15.669 r  system_i/hft_core/inst/u_core/u_market_sim/u_market_noise_gen/sec_drift_q16_16[3][31]_i_43/O
                         net (fo=1, routed)           0.013    15.682    system_i/hft_core/inst/u_core/u_market_sim/u_market_noise_gen/sec_drift_q16_16[3][31]_i_43_n_0
    SLICE_X5Y133         CARRY8 (Prop_CARRY8_SLICEM_S[0]_CO[7])
                                                      0.192    15.874 f  system_i/hft_core/inst/u_core/u_market_sim/u_market_noise_gen/sec_drift_q16_16_reg[3][31]_i_6/CO[7]
                         net (fo=1, routed)           0.026    15.900    system_i/hft_core/inst/u_core/u_market_sim/u_market_noise_gen/sec_drift_q16_16_reg[3][31]_i_6_n_0
    SLICE_X5Y134         CARRY8 (Prop_CARRY8_SLICEM_CI_CO[2])
                                                      0.057    15.957 f  system_i/hft_core/inst/u_core/u_market_sim/u_market_noise_gen/sec_drift_q16_16_reg[3][31]_i_3/CO[2]
                         net (fo=32, routed)          0.279    16.236    system_i/hft_core/inst/u_core/u_market_sim/u_market_noise_gen/sec_drift_q16_16_reg[3][31]_i_3_n_5
    SLICE_X4Y129         LUT4 (Prop_D6LUT_SLICEM_I2_O)
                                                      0.099    16.335 r  system_i/hft_core/inst/u_core/u_market_sim/u_market_noise_gen/sec_drift_q16_16[3][0]_i_1/O
                         net (fo=1, routed)           0.072    16.407    system_i/hft_core/inst/u_core/u_market_sim/u_market_noise_gen/sec_drift_q16_16[3][0]_i_1_n_0
    SLICE_X4Y129         FDCE                                         r  system_i/hft_core/inst/u_core/u_market_sim/u_market_noise_gen/sec_drift_q16_16_reg[3][0]/D
  -------------------------------------------------------------------    -------------------

                         (clock clk_pl_0 rise edge)
                                                     20.625    20.625 r  
    PS8_X0Y0             PS8                          0.000    20.625 r  system_i/zynq_ps/inst/PS8_i/PLCLK[0]
                         net (fo=1, routed)           0.135    20.760    system_i/zynq_ps/inst/pl_clk_unbuffered[0]
    BUFG_PS_X0Y58        BUFG_PS (Prop_BUFG_PS_I_O)
                                                      0.025    20.785 r  system_i/zynq_ps/inst/buffer_pl_clk_0.PL_CLK_0_BUFG/O
    X0Y1 (CLOCK_ROOT)    net (fo=12182, routed)       1.450    22.235    system_i/hft_core/inst/u_core/u_market_sim/u_market_noise_gen/clk
    SLICE_X4Y129         FDCE                                         r  system_i/hft_core/inst/u_core/u_market_sim/u_market_noise_gen/sec_drift_q16_16_reg[3][0]/C
                         clock pessimism              0.097    22.332    
                         clock uncertainty           -0.207    22.125    
    SLICE_X4Y129         FDCE (Setup_DFF_SLICEM_C_D)
                                                      0.025    22.150    system_i/hft_core/inst/u_core/u_market_sim/u_market_noise_gen/sec_drift_q16_16_reg[3][0]
  -------------------------------------------------------------------
                         required time                         22.150    
                         arrival time                         -16.407    
  -------------------------------------------------------------------
                         slack                                  5.743    

Slack (MET) :             5.747ns  (required time - arrival time)
  Source:                 system_i/hft_core/inst/u_core/u_axi_regs/active_sym_count_reg[0]/C
                            (rising edge-triggered cell FDCE clocked by clk_pl_0  {rise@0.000ns fall@10.312ns period=20.625ns})
  Destination:            system_i/hft_core/inst/u_core/u_market_sim/u_market_noise_gen/sec_drift_q16_16_reg[3][7]/D
                            (rising edge-triggered cell FDCE clocked by clk_pl_0  {rise@0.000ns fall@10.312ns period=20.625ns})
  Path Group:             clk_pl_0
  Path Type:              Setup (Max at Slow Process Corner)
  Requirement:            20.625ns  (clk_pl_0 rise@20.625ns - clk_pl_0 rise@0.000ns)
  Data Path Delay:        14.573ns  (logic 6.276ns (43.066%)  route 8.297ns (56.935%))
  Logic Levels:           56  (CARRY8=2 DSP_A_B_DATA=1 DSP_ALU=1 DSP_M_DATA=1 DSP_MULTIPLIER=1 DSP_OUTPUT=1 DSP_PREADD_DATA=1 LUT2=2 LUT4=2 LUT5=12 LUT6=19 MUXF7=13)
  Clock Path Skew:        -0.123ns (DCD - SCD + CPR)
    Destination Clock Delay (DCD):    1.610ns = ( 22.235 - 20.625 ) 
    Source Clock Delay      (SCD):    1.830ns
    Clock Pessimism Removal (CPR):    0.097ns
  Clock Uncertainty:      0.207ns  ((TSJ^2 + DJ^2)^1/2) / 2 + PE
    Total System Jitter     (TSJ):    0.071ns
    Discrete Jitter          (DJ):    0.409ns
    Phase Error              (PE):    0.000ns
  Clock Net Delay (Source):      1.631ns (routing 0.591ns, distribution 1.040ns)
  Clock Net Delay (Destination): 1.450ns (routing 0.533ns, distribution 0.917ns)

    Location             Delay type                Incr(ns)  Path(ns)    Netlist Resource(s)
  -------------------------------------------------------------------    -------------------
                         (clock clk_pl_0 rise edge)
                                                      0.000     0.000 r  
    PS8_X0Y0             PS8                          0.000     0.000 r  system_i/zynq_ps/inst/PS8_i/PLCLK[0]
                         net (fo=1, routed)           0.171     0.171    system_i/zynq_ps/inst/pl_clk_unbuffered[0]
    BUFG_PS_X0Y58        BUFG_PS (Prop_BUFG_PS_I_O)
                                                      0.028     0.199 r  system_i/zynq_ps/inst/buffer_pl_clk_0.PL_CLK_0_BUFG/O
    X0Y1 (CLOCK_ROOT)    net (fo=12182, routed)       1.631     1.830    system_i/hft_core/inst/u_core/u_axi_regs/clk
    SLICE_X24Y64         FDCE                                         r  system_i/hft_core/inst/u_core/u_axi_regs/active_sym_count_reg[0]/C
  -------------------------------------------------------------------    -------------------
    SLICE_X24Y64         FDCE (Prop_HFF2_SLICEM_C_Q)
                                                      0.078     1.908 r  system_i/hft_core/inst/u_core/u_axi_regs/active_sym_count_reg[0]/Q
                         net (fo=6, routed)           0.553     2.461    system_i/hft_core/inst/u_core/u_axi_regs/active_sym_count[0]
    SLICE_X26Y105        LUT5 (Prop_D5LUT_SLICEL_I4_O)
                                                      0.096     2.557 r  system_i/hft_core/inst/u_core/u_axi_regs/lfsr_reg[31]_i_6/O
                         net (fo=120, routed)         0.345     2.902    system_i/hft_core/inst/u_core/u_axi_regs/u_market_sim/active_count_eff[0]
    SLICE_X28Y112        LUT5 (Prop_D6LUT_SLICEM_I4_O)
                                                      0.099     3.001 r  system_i/hft_core/inst/u_core/u_axi_regs/lfsr_reg[31]_i_4__0/O
                         net (fo=15, routed)          0.218     3.219    system_i/hft_core/inst/u_core/u_axi_regs/u_market_sim/u_market_noise_gen/company_noise_q16_161
    SLICE_X28Y105        LUT4 (Prop_C5LUT_SLICEM_I0_O)
                                                      0.068     3.287 r  system_i/hft_core/inst/u_core/u_axi_regs/p_1_out0__2_i_70/O
                         net (fo=1, routed)           0.148     3.435    system_i/hft_core/inst/u_core/u_axi_regs/u_market_sim/u_market_noise_gen/sector_pop1_out
    SLICE_X28Y105        LUT6 (Prop_G6LUT_SLICEM_I5_O)
                                                      0.150     3.585 r  system_i/hft_core/inst/u_core/u_axi_regs/p_1_out0__2_i_69/O
                         net (fo=2, routed)           0.152     3.737    system_i/hft_core/inst/u_core/u_axi_regs/p_1_out0__2_i_69_n_0
    SLICE_X27Y105        LUT6 (Prop_D6LUT_SLICEL_I0_O)
                                                      0.146     3.883 r  system_i/hft_core/inst/u_core/u_axi_regs/p_1_out0_i_281/O
                         net (fo=9, routed)           0.009     3.892    system_i/hft_core/inst/u_core/u_axi_regs/p_1_out0_i_281_n_0
    SLICE_X27Y105        MUXF7 (Prop_F7MUX_CD_SLICEL_I0_O)
                                                      0.063     3.955 r  system_i/hft_core/inst/u_core/u_axi_regs/p_1_out0_i_276/O
                         net (fo=9, routed)           0.227     4.182    system_i/hft_core/inst/u_core/u_axi_regs/p_1_out0_i_276_n_0
    SLICE_X28Y103        LUT5 (Prop_H6LUT_SLICEM_I0_O)
                                                      0.152     4.334 r  system_i/hft_core/inst/u_core/u_axi_regs/p_1_out0__2_i_65/O
                         net (fo=2, routed)           0.099     4.433    system_i/hft_core/inst/u_core/u_axi_regs/p_1_out0__2_i_65_n_0
    SLICE_X28Y102        LUT6 (Prop_D6LUT_SLICEM_I0_O)
                                                      0.099     4.532 r  system_i/hft_core/inst/u_core/u_axi_regs/p_1_out0_i_270/O
                         net (fo=2, routed)           0.025     4.557    system_i/hft_core/inst/u_core/u_axi_regs/p_1_out0_i_270_n_0
    SLICE_X28Y102        MUXF7 (Prop_F7MUX_CD_SLICEM_I0_O)
                                                      0.069     4.626 r  system_i/hft_core/inst/u_core/u_axi_regs/p_1_out0_i_263/O
                         net (fo=8, routed)           0.165     4.791    system_i/hft_core/inst/u_core/u_axi_regs/p_1_out0_i_263_n_0
    SLICE_X27Y102        LUT5 (Prop_F6LUT_SLICEL_I2_O)
                                                      0.123     4.914 r  system_i/hft_core/inst/u_core/u_axi_regs/p_1_out0__3_i_61/O
                         net (fo=2, routed)           0.094     5.008    system_i/hft_core/inst/u_core/u_axi_regs/p_1_out0__3_i_61_n_0
    SLICE_X26Y102        LUT6 (Prop_C6LUT_SLICEL_I5_O)
                                                      0.123     5.131 r  system_i/hft_core/inst/u_core/u_axi_regs/p_1_out0_i_257/O
                         net (fo=1, routed)           0.010     5.141    system_i/hft_core/inst/u_core/u_axi_regs/p_1_out0_i_257_n_0
    SLICE_X26Y102        MUXF7 (Prop_F7MUX_CD_SLICEL_I1_O)
                                                      0.064     5.205 r  system_i/hft_core/inst/u_core/u_axi_regs/p_1_out0_i_248/O
                         net (fo=16, routed)          0.220     5.425    system_i/hft_core/inst/u_core/u_axi_regs/p_1_out0_i_248_n_0
    SLICE_X25Y103        LUT5 (Prop_E6LUT_SLICEL_I1_O)
                                                      0.147     5.572 r  system_i/hft_core/inst/u_core/u_axi_regs/p_1_out0__5_i_58/O
                         net (fo=2, routed)           0.150     5.722    system_i/hft_core/inst/u_core/u_axi_regs/p_1_out0__5_i_58_n_0
    SLICE_X24Y102        LUT6 (Prop_C6LUT_SLICEM_I1_O)
                                                      0.145     5.867 r  system_i/hft_core/inst/u_core/u_axi_regs/p_1_out0_i_244/O
                         net (fo=1, routed)           0.021     5.888    system_i/hft_core/inst/u_core/u_axi_regs/p_1_out0_i_244_n_0
    SLICE_X24Y102        MUXF7 (Prop_F7MUX_CD_SLICEM_I1_O)
                                                      0.068     5.956 r  system_i/hft_core/inst/u_core/u_axi_regs/p_1_out0_i_235/O
                         net (fo=16, routed)          0.205     6.162    system_i/hft_core/inst/u_core/u_axi_regs/p_1_out0_i_235_n_0
    SLICE_X24Y102        LUT5 (Prop_F6LUT_SLICEM_I1_O)
                                                      0.088     6.250 r  system_i/hft_core/inst/u_core/u_axi_regs/p_1_out0__5_i_54/O
                         net (fo=2, routed)           0.206     6.456    system_i/hft_core/inst/u_core/u_axi_regs/p_1_out0__5_i_54_n_0
    SLICE_X22Y102        LUT6 (Prop_C6LUT_SLICEL_I1_O)
                                                      0.096     6.552 r  system_i/hft_core/inst/u_core/u_axi_regs/p_1_out0_i_231/O
                         net (fo=1, routed)           0.010     6.562    system_i/hft_core/inst/u_core/u_axi_regs/p_1_out0_i_231_n_0
    SLICE_X22Y102        MUXF7 (Prop_F7MUX_CD_SLICEL_I1_O)
                                                      0.064     6.626 r  system_i/hft_core/inst/u_core/u_axi_regs/p_1_out0_i_222/O
                         net (fo=16, routed)          0.197     6.822    system_i/hft_core/inst/u_core/u_axi_regs/p_1_out0_i_222_n_0
    SLICE_X22Y101        LUT5 (Prop_F6LUT_SLICEL_I1_O)
                                                      0.035     6.857 r  system_i/hft_core/inst/u_core/u_axi_regs/p_1_out0__0_i_50/O
                         net (fo=3, routed)           0.196     7.053    system_i/hft_core/inst/u_core/u_axi_regs/p_1_out0__0_i_50_n_0
    SLICE_X21Y104        LUT6 (Prop_D6LUT_SLICEL_I3_O)
                                                      0.122     7.175 r  system_i/hft_core/inst/u_core/u_axi_regs/p_1_out0_i_217/O
                         net (fo=1, routed)           0.009     7.184    system_i/hft_core/inst/u_core/u_axi_regs/p_1_out0_i_217_n_0
    SLICE_X21Y104        MUXF7 (Prop_F7MUX_CD_SLICEL_I0_O)
                                                      0.063     7.247 r  system_i/hft_core/inst/u_core/u_axi_regs/p_1_out0_i_204/O
                         net (fo=18, routed)          0.208     7.455    system_i/hft_core/inst/u_core/u_axi_regs/p_1_out0_i_204_n_0
    SLICE_X22Y104        LUT5 (Prop_H6LUT_SLICEL_I1_O)
                                                      0.090     7.545 r  system_i/hft_core/inst/u_core/u_axi_regs/p_1_out0__6_i_46/O
                         net (fo=2, routed)           0.144     7.689    system_i/hft_core/inst/u_core/u_axi_regs/p_1_out0__6_i_46_n_0
    SLICE_X23Y104        LUT6 (Prop_G6LUT_SLICEL_I0_O)
                                                      0.089     7.778 r  system_i/hft_core/inst/u_core/u_axi_regs/p_1_out0_i_193/O
                         net (fo=2, routed)           0.008     7.786    system_i/hft_core/inst/u_core/u_axi_regs/p_1_out0_i_193_n_0
    SLICE_X23Y104        MUXF7 (Prop_F7MUX_GH_SLICEL_I1_O)
                                                      0.063     7.849 r  system_i/hft_core/inst/u_core/u_axi_regs/p_1_out0_i_186/O
                         net (fo=17, routed)          0.298     8.147    system_i/hft_core/inst/u_core/u_axi_regs/p_1_out0_i_186_n_0
    SLICE_X22Y106        LUT5 (Prop_E6LUT_SLICEL_I1_O)
                                                      0.099     8.246 r  system_i/hft_core/inst/u_core/u_axi_regs/p_1_out0__5_i_41/O
                         net (fo=2, routed)           0.164     8.410    system_i/hft_core/inst/u_core/u_axi_regs/p_1_out0__5_i_41_n_0
    SLICE_X24Y106        LUT6 (Prop_C6LUT_SLICEM_I1_O)
                                                      0.037     8.447 r  system_i/hft_core/inst/u_core/u_axi_regs/p_1_out0_i_172/O
                         net (fo=2, routed)           0.021     8.468    system_i/hft_core/inst/u_core/u_axi_regs/p_1_out0_i_172_n_0
    SLICE_X24Y106        MUXF7 (Prop_F7MUX_CD_SLICEM_I1_O)
                                                      0.068     8.536 r  system_i/hft_core/inst/u_core/u_axi_regs/p_1_out0_i_165/O
                         net (fo=17, routed)          0.210     8.746    system_i/hft_core/inst/u_core/u_axi_regs/p_1_out0_i_165_n_0
    SLICE_X26Y106        LUT5 (Prop_G6LUT_SLICEL_I1_O)
                                                      0.050     8.796 r  system_i/hft_core/inst/u_core/u_axi_regs/p_1_out0__2_i_36/O
                         net (fo=3, routed)           0.151     8.947    system_i/hft_core/inst/u_core/u_axi_regs/p_1_out0__2_i_36_n_0
    SLICE_X25Y107        LUT6 (Prop_D6LUT_SLICEL_I0_O)
                                                      0.099     9.046 r  system_i/hft_core/inst/u_core/u_axi_regs/p_1_out0_i_163/O
                         net (fo=1, routed)           0.009     9.055    system_i/hft_core/inst/u_core/u_axi_regs/p_1_out0_i_163_n_0
    SLICE_X25Y107        MUXF7 (Prop_F7MUX_CD_SLICEL_I0_O)
                                                      0.063     9.118 r  system_i/hft_core/inst/u_core/u_axi_regs/p_1_out0_i_144/O
                         net (fo=17, routed)          0.202     9.319    system_i/hft_core/inst/u_core/u_axi_regs/p_1_out0_i_144_n_0
    SLICE_X26Y108        LUT5 (Prop_C6LUT_SLICEL_I1_O)
                                                      0.035     9.354 r  system_i/hft_core/inst/u_core/u_axi_regs/p_1_out0__4_i_31/O
                         net (fo=2, routed)           0.155     9.509    system_i/hft_core/inst/u_core/u_axi_regs/p_1_out0__4_i_31_n_0
    SLICE_X26Y109        LUT6 (Prop_G6LUT_SLICEL_I3_O)
                                                      0.123     9.632 r  system_i/hft_core/inst/u_core/u_axi_regs/p_1_out0_i_130/O
                         net (fo=2, routed)           0.008     9.640    system_i/hft_core/inst/u_core/u_axi_regs/p_1_out0_i_130_n_0
    SLICE_X26Y109        MUXF7 (Prop_F7MUX_GH_SLICEL_I1_O)
                                                      0.063     9.703 r  system_i/hft_core/inst/u_core/u_axi_regs/p_1_out0_i_119/O
                         net (fo=17, routed)          0.258     9.961    system_i/hft_core/inst/u_core/u_axi_regs/p_1_out0_i_119_n_0
    SLICE_X26Y109        LUT5 (Prop_F6LUT_SLICEL_I1_O)
                                                      0.035     9.996 r  system_i/hft_core/inst/u_core/u_axi_regs/p_1_out0__0_i_26/O
                         net (fo=5, routed)           0.098    10.094    system_i/hft_core/inst/u_core/u_axi_regs/p_1_out0__0_i_26_n_0
    SLICE_X25Y109        LUT6 (Prop_D6LUT_SLICEL_I3_O)
                                                      0.122    10.216 r  system_i/hft_core/inst/u_core/u_axi_regs/p_1_out0_i_117/O
                         net (fo=1, routed)           0.009    10.225    system_i/hft_core/inst/u_core/u_axi_regs/p_1_out0_i_117_n_0
    SLICE_X25Y109        MUXF7 (Prop_F7MUX_CD_SLICEL_I0_O)
                                                      0.063    10.288 r  system_i/hft_core/inst/u_core/u_axi_regs/p_1_out0_i_89/O
                         net (fo=18, routed)          0.151    10.440    system_i/hft_core/inst/u_core/u_axi_regs/p_1_out0_i_89_n_0
    SLICE_X23Y109        LUT2 (Prop_D5LUT_SLICEL_I1_O)
                                                      0.096    10.536 r  system_i/hft_core/inst/u_core/u_axi_regs/p_1_out0_i_113/O
                         net (fo=12, routed)          0.238    10.773    system_i/hft_core/inst/u_core/u_axi_regs/p_1_out0_i_113_n_0
    SLICE_X22Y109        LUT6 (Prop_E6LUT_SLICEL_I0_O)
                                                      0.147    10.920 r  system_i/hft_core/inst/u_core/u_axi_regs/p_1_out0_i_82/O
                         net (fo=1, routed)           0.239    11.159    system_i/hft_core/inst/u_core/u_axi_regs/p_1_out0_i_82_n_0
    SLICE_X22Y109        LUT6 (Prop_H6LUT_SLICEL_I3_O)
                                                      0.051    11.210 r  system_i/hft_core/inst/u_core/u_axi_regs/p_1_out0_i_52/O
                         net (fo=8, routed)           0.204    11.414    system_i/hft_core/inst/u_core/u_axi_regs/p_1_out0_i_52_n_0
    SLICE_X23Y112        LUT6 (Prop_C6LUT_SLICEL_I1_O)
                                                      0.096    11.510 r  system_i/hft_core/inst/u_core/u_axi_regs/p_1_out0__3_i_14/O
                         net (fo=2, routed)           0.117    11.627    system_i/hft_core/inst/u_core/u_axi_regs/p_1_out0__3_i_14_n_0
    SLICE_X24Y112        LUT6 (Prop_G6LUT_SLICEM_I5_O)
                                                      0.150    11.777 r  system_i/hft_core/inst/u_core/u_axi_regs/p_1_out0_i_44/O
                         net (fo=1, routed)           0.017    11.794    system_i/hft_core/inst/u_core/u_axi_regs/p_1_out0_i_44_n_0
    SLICE_X24Y112        MUXF7 (Prop_F7MUX_GH_SLICEM_I1_O)
                                                      0.067    11.861 r  system_i/hft_core/inst/u_core/u_axi_regs/p_1_out0_i_26/O
                         net (fo=16, routed)          0.185    12.046    system_i/hft_core/inst/u_core/u_axi_regs/p_1_out0_i_26_n_0
    SLICE_X22Y112        LUT6 (Prop_G6LUT_SLICEL_I1_O)
                                                      0.097    12.143 f  system_i/hft_core/inst/u_core/u_axi_regs/p_1_out0__5_i_9/O
                         net (fo=2, routed)           0.262    12.405    system_i/hft_core/inst/u_core/u_axi_regs/p_1_out0__5_i_9_n_0
    SLICE_X21Y114        LUT6 (Prop_C6LUT_SLICEL_I1_O)
                                                      0.050    12.455 f  system_i/hft_core/inst/u_core/u_axi_regs/p_1_out0_i_24/O
                         net (fo=1, routed)           0.010    12.465    system_i/hft_core/inst/u_core/u_axi_regs/p_1_out0_i_24_n_0
    SLICE_X21Y114        MUXF7 (Prop_F7MUX_CD_SLICEL_I1_O)
                                                      0.064    12.529 f  system_i/hft_core/inst/u_core/u_axi_regs/p_1_out0_i_10/O
                         net (fo=16, routed)          0.451    12.980    system_i/hft_core/inst/u_core/u_axi_regs/p_1_out0_i_10_n_0
    SLICE_X16Y119        LUT6 (Prop_B6LUT_SLICEM_I5_O)
                                                      0.100    13.080 f  system_i/hft_core/inst/u_core/u_axi_regs/p_1_out0__2_i_1/O
                         net (fo=1, routed)           0.526    13.606    system_i/hft_core/inst/u_core/u_market_sim/u_market_noise_gen/p_1_out0__2/B[4]
    DSP48E2_X0Y53        DSP_A_B_DATA (Prop_DSP_A_B_DATA_DSP48E2_B[4]_B2_DATA[4])
                                                      0.151    13.757 r  system_i/hft_core/inst/u_core/u_market_sim/u_market_noise_gen/p_1_out0__2/DSP_A_B_DATA_INST/B2_DATA[4]
                         net (fo=1, routed)           0.000    13.757    system_i/hft_core/inst/u_core/u_market_sim/u_market_noise_gen/p_1_out0__2/DSP_A_B_DATA.B2_DATA<4>
    DSP48E2_X0Y53        DSP_PREADD_DATA (Prop_DSP_PREADD_DATA_DSP48E2_B2_DATA[4]_B2B1[4])
                                                      0.073    13.830 r  system_i/hft_core/inst/u_core/u_market_sim/u_market_noise_gen/p_1_out0__2/DSP_PREADD_DATA_INST/B2B1[4]
                         net (fo=1, routed)           0.000    13.830    system_i/hft_core/inst/u_core/u_market_sim/u_market_noise_gen/p_1_out0__2/DSP_PREADD_DATA.B2B1<4>
    DSP48E2_X0Y53        DSP_MULTIPLIER (Prop_DSP_MULTIPLIER_DSP48E2_B2B1[4]_V[13])
                                                      0.609    14.439 f  system_i/hft_core/inst/u_core/u_market_sim/u_market_noise_gen/p_1_out0__2/DSP_MULTIPLIER_INST/V[13]
                         net (fo=1, routed)           0.000    14.439    system_i/hft_core/inst/u_core/u_market_sim/u_market_noise_gen/p_1_out0__2/DSP_MULTIPLIER.V<13>
    DSP48E2_X0Y53        DSP_M_DATA (Prop_DSP_M_DATA_DSP48E2_V[13]_V_DATA[13])
                                                      0.046    14.485 r  system_i/hft_core/inst/u_core/u_market_sim/u_market_noise_gen/p_1_out0__2/DSP_M_DATA_INST/V_DATA[13]
                         net (fo=1, routed)           0.000    14.485    system_i/hft_core/inst/u_core/u_market_sim/u_market_noise_gen/p_1_out0__2/DSP_M_DATA.V_DATA<13>
    DSP48E2_X0Y53        DSP_ALU (Prop_DSP_ALU_DSP48E2_V_DATA[13]_ALU_OUT[13])
                                                      0.571    15.056 f  system_i/hft_core/inst/u_core/u_market_sim/u_market_noise_gen/p_1_out0__2/DSP_ALU_INST/ALU_OUT[13]
                         net (fo=1, routed)           0.000    15.056    system_i/hft_core/inst/u_core/u_market_sim/u_market_noise_gen/p_1_out0__2/DSP_ALU.ALU_OUT<13>
    DSP48E2_X0Y53        DSP_OUTPUT (Prop_DSP_OUTPUT_DSP48E2_ALU_OUT[13]_P[13])
                                                      0.109    15.165 r  system_i/hft_core/inst/u_core/u_market_sim/u_market_noise_gen/p_1_out0__2/DSP_OUTPUT_INST/P[13]
                         net (fo=5, routed)           0.354    15.519    system_i/hft_core/inst/u_core/u_market_sim/u_market_noise_gen/p_1_out0__2_n_92
    SLICE_X5Y133         LUT2 (Prop_A6LUT_SLICEM_I1_O)
                                                      0.150    15.669 r  system_i/hft_core/inst/u_core/u_market_sim/u_market_noise_gen/sec_drift_q16_16[3][31]_i_43/O
                         net (fo=1, routed)           0.013    15.682    system_i/hft_core/inst/u_core/u_market_sim/u_market_noise_gen/sec_drift_q16_16[3][31]_i_43_n_0
    SLICE_X5Y133         CARRY8 (Prop_CARRY8_SLICEM_S[0]_CO[7])
                                                      0.192    15.874 f  system_i/hft_core/inst/u_core/u_market_sim/u_market_noise_gen/sec_drift_q16_16_reg[3][31]_i_6/CO[7]
                         net (fo=1, routed)           0.026    15.900    system_i/hft_core/inst/u_core/u_market_sim/u_market_noise_gen/sec_drift_q16_16_reg[3][31]_i_6_n_0
    SLICE_X5Y134         CARRY8 (Prop_CARRY8_SLICEM_CI_CO[2])
                                                      0.057    15.957 f  system_i/hft_core/inst/u_core/u_market_sim/u_market_noise_gen/sec_drift_q16_16_reg[3][31]_i_3/CO[2]
                         net (fo=32, routed)          0.277    16.234    system_i/hft_core/inst/u_core/u_market_sim/u_market_noise_gen/sec_drift_q16_16_reg[3][31]_i_3_n_5
    SLICE_X4Y130         LUT4 (Prop_B5LUT_SLICEM_I2_O)
                                                      0.143    16.377 r  system_i/hft_core/inst/u_core/u_market_sim/u_market_noise_gen/sec_drift_q16_16[3][7]_i_1/O
                         net (fo=1, routed)           0.026    16.403    system_i/hft_core/inst/u_core/u_market_sim/u_market_noise_gen/sec_drift_q16_16[3][7]_i_1_n_0
    SLICE_X4Y130         FDCE                                         r  system_i/hft_core/inst/u_core/u_market_sim/u_market_noise_gen/sec_drift_q16_16_reg[3][7]/D
  -------------------------------------------------------------------    -------------------

                         (clock clk_pl_0 rise edge)
                                                     20.625    20.625 r  
    PS8_X0Y0             PS8                          0.000    20.625 r  system_i/zynq_ps/inst/PS8_i/PLCLK[0]
                         net (fo=1, routed)           0.135    20.760    system_i/zynq_ps/inst/pl_clk_unbuffered[0]
    BUFG_PS_X0Y58        BUFG_PS (Prop_BUFG_PS_I_O)
                                                      0.025    20.785 r  system_i/zynq_ps/inst/buffer_pl_clk_0.PL_CLK_0_BUFG/O
    X0Y1 (CLOCK_ROOT)    net (fo=12182, routed)       1.450    22.235    system_i/hft_core/inst/u_core/u_market_sim/u_market_noise_gen/clk
    SLICE_X4Y130         FDCE                                         r  system_i/hft_core/inst/u_core/u_market_sim/u_market_noise_gen/sec_drift_q16_16_reg[3][7]/C
                         clock pessimism              0.097    22.332    
                         clock uncertainty           -0.207    22.125    
    SLICE_X4Y130         FDCE (Setup_BFF2_SLICEM_C_D)
                                                      0.025    22.150    system_i/hft_core/inst/u_core/u_market_sim/u_market_noise_gen/sec_drift_q16_16_reg[3][7]
  -------------------------------------------------------------------
                         required time                         22.150    
                         arrival time                         -16.403    
  -------------------------------------------------------------------
                         slack                                  5.747    





Min Delay Paths
--------------------------------------------------------------------------------------
Slack (MET) :             0.009ns  (arrival time - required time)
  Source:                 system_i/hft_core/inst/u_core/u_link_rx/assemble_reg_reg[85]/C
                            (rising edge-triggered cell FDCE clocked by clk_pl_0  {rise@0.000ns fall@10.312ns period=20.625ns})
  Destination:            system_i/hft_core/inst/u_core/u_link_rx/frame_out_reg[89]/D
                            (rising edge-triggered cell FDCE clocked by clk_pl_0  {rise@0.000ns fall@10.312ns period=20.625ns})
  Path Group:             clk_pl_0
  Path Type:              Hold (Min at Slow Process Corner)
  Requirement:            0.000ns  (clk_pl_0 rise@0.000ns - clk_pl_0 rise@0.000ns)
  Data Path Delay:        0.173ns  (logic 0.058ns (33.539%)  route 0.115ns (66.461%))
  Logic Levels:           0  
  Clock Path Skew:        0.102ns (DCD - SCD - CPR)
    Destination Clock Delay (DCD):    1.934ns
    Source Clock Delay      (SCD):    1.674ns
    Clock Pessimism Removal (CPR):    0.158ns
  Clock Net Delay (Source):      1.514ns (routing 0.533ns, distribution 0.981ns)
  Clock Net Delay (Destination): 1.735ns (routing 0.591ns, distribution 1.144ns)

    Location             Delay type                Incr(ns)  Path(ns)    Netlist Resource(s)
  -------------------------------------------------------------------    -------------------
                         (clock clk_pl_0 rise edge)
                                                      0.000     0.000 r  
    PS8_X0Y0             PS8                          0.000     0.000 r  system_i/zynq_ps/inst/PS8_i/PLCLK[0]
                         net (fo=1, routed)           0.135     0.135    system_i/zynq_ps/inst/pl_clk_unbuffered[0]
    BUFG_PS_X0Y58        BUFG_PS (Prop_BUFG_PS_I_O)
                                                      0.025     0.160 r  system_i/zynq_ps/inst/buffer_pl_clk_0.PL_CLK_0_BUFG/O
    X0Y1 (CLOCK_ROOT)    net (fo=12182, routed)       1.514     1.674    system_i/hft_core/inst/u_core/u_link_rx/clk
    SLICE_X30Y7          FDCE                                         r  system_i/hft_core/inst/u_core/u_link_rx/assemble_reg_reg[85]/C
  -------------------------------------------------------------------    -------------------
    SLICE_X30Y7          FDCE (Prop_CFF_SLICEL_C_Q)
                                                      0.058     1.732 r  system_i/hft_core/inst/u_core/u_link_rx/assemble_reg_reg[85]/Q
                         net (fo=2, routed)           0.115     1.847    system_i/hft_core/inst/u_core/u_link_rx/p_0_in1_in[89]
    SLICE_X31Y7          FDCE                                         r  system_i/hft_core/inst/u_core/u_link_rx/frame_out_reg[89]/D
  -------------------------------------------------------------------    -------------------

                         (clock clk_pl_0 rise edge)
                                                      0.000     0.000 r  
    PS8_X0Y0             PS8                          0.000     0.000 r  system_i/zynq_ps/inst/PS8_i/PLCLK[0]
                         net (fo=1, routed)           0.171     0.171    system_i/zynq_ps/inst/pl_clk_unbuffered[0]
    BUFG_PS_X0Y58        BUFG_PS (Prop_BUFG_PS_I_O)
                                                      0.028     0.199 r  system_i/zynq_ps/inst/buffer_pl_clk_0.PL_CLK_0_BUFG/O
    X0Y1 (CLOCK_ROOT)    net (fo=12182, routed)       1.735     1.934    system_i/hft_core/inst/u_core/u_link_rx/clk
    SLICE_X31Y7          FDCE                                         r  system_i/hft_core/inst/u_core/u_link_rx/frame_out_reg[89]/C
                         clock pessimism             -0.158     1.776    
    SLICE_X31Y7          FDCE (Hold_FFF2_SLICEM_C_D)
                                                      0.062     1.838    system_i/hft_core/inst/u_core/u_link_rx/frame_out_reg[89]
  -------------------------------------------------------------------
                         required time                         -1.838    
                         arrival time                           1.847    
  -------------------------------------------------------------------
                         slack                                  0.009    

Slack (MET) :             0.015ns  (arrival time - required time)
  Source:                 system_i/axi_sc/inst/clk_map/psr_aclk/U0/EXT_LPF/ACTIVE_LOW_AUX.ACT_LO_AUX/syncstages_ff_reg[3]/C
                            (rising edge-triggered cell FDRE clocked by clk_pl_0  {rise@0.000ns fall@10.312ns period=20.625ns})
  Destination:            system_i/axi_sc/inst/clk_map/psr_aclk/U0/EXT_LPF/lpf_asr_reg/D
                            (rising edge-triggered cell FDRE clocked by clk_pl_0  {rise@0.000ns fall@10.312ns period=20.625ns})
  Path Group:             clk_pl_0
  Path Type:              Hold (Min at Slow Process Corner)
  Requirement:            0.000ns  (clk_pl_0 rise@0.000ns - clk_pl_0 rise@0.000ns)
  Data Path Delay:        0.142ns  (logic 0.059ns (41.549%)  route 0.083ns (58.451%))
  Logic Levels:           0  
  Clock Path Skew:        0.065ns (DCD - SCD - CPR)
    Destination Clock Delay (DCD):    1.845ns
    Source Clock Delay      (SCD):    1.584ns
    Clock Pessimism Removal (CPR):    0.197ns
  Clock Net Delay (Source):      1.424ns (routing 0.533ns, distribution 0.891ns)
  Clock Net Delay (Destination): 1.646ns (routing 0.591ns, distribution 1.055ns)

    Location             Delay type                Incr(ns)  Path(ns)    Netlist Resource(s)
  -------------------------------------------------------------------    -------------------
                         (clock clk_pl_0 rise edge)
                                                      0.000     0.000 r  
    PS8_X0Y0             PS8                          0.000     0.000 r  system_i/zynq_ps/inst/PS8_i/PLCLK[0]
                         net (fo=1, routed)           0.135     0.135    system_i/zynq_ps/inst/pl_clk_unbuffered[0]
    BUFG_PS_X0Y58        BUFG_PS (Prop_BUFG_PS_I_O)
                                                      0.025     0.160 r  system_i/zynq_ps/inst/buffer_pl_clk_0.PL_CLK_0_BUFG/O
    X0Y1 (CLOCK_ROOT)    net (fo=12182, routed)       1.424     1.584    system_i/axi_sc/inst/clk_map/psr_aclk/U0/EXT_LPF/ACTIVE_LOW_AUX.ACT_LO_AUX/dest_clk
    SLICE_X1Y61          FDRE                                         r  system_i/axi_sc/inst/clk_map/psr_aclk/U0/EXT_LPF/ACTIVE_LOW_AUX.ACT_LO_AUX/syncstages_ff_reg[3]/C
  -------------------------------------------------------------------    -------------------
    SLICE_X1Y61          FDRE (Prop_CFF2_SLICEM_C_Q)
                                                      0.059     1.643 r  system_i/axi_sc/inst/clk_map/psr_aclk/U0/EXT_LPF/ACTIVE_LOW_AUX.ACT_LO_AUX/syncstages_ff_reg[3]/Q
                         net (fo=1, routed)           0.083     1.726    system_i/axi_sc/inst/clk_map/psr_aclk/U0/EXT_LPF/asr_lpf_0
    SLICE_X1Y60          FDRE                                         r  system_i/axi_sc/inst/clk_map/psr_aclk/U0/EXT_LPF/lpf_asr_reg/D
  -------------------------------------------------------------------    -------------------

                         (clock clk_pl_0 rise edge)
                                                      0.000     0.000 r  
    PS8_X0Y0             PS8                          0.000     0.000 r  system_i/zynq_ps/inst/PS8_i/PLCLK[0]
                         net (fo=1, routed)           0.171     0.171    system_i/zynq_ps/inst/pl_clk_unbuffered[0]
    BUFG_PS_X0Y58        BUFG_PS (Prop_BUFG_PS_I_O)
                                                      0.028     0.199 r  system_i/zynq_ps/inst/buffer_pl_clk_0.PL_CLK_0_BUFG/O
    X0Y1 (CLOCK_ROOT)    net (fo=12182, routed)       1.646     1.845    system_i/axi_sc/inst/clk_map/psr_aclk/U0/EXT_LPF/aclk
    SLICE_X1Y60          FDRE                                         r  system_i/axi_sc/inst/clk_map/psr_aclk/U0/EXT_LPF/lpf_asr_reg/C
                         clock pessimism             -0.197     1.649    
    SLICE_X1Y60          FDRE (Hold_HFF2_SLICEM_C_D)
                                                      0.062     1.711    system_i/axi_sc/inst/clk_map/psr_aclk/U0/EXT_LPF/lpf_asr_reg
  -------------------------------------------------------------------
                         required time                         -1.711    
                         arrival time                           1.726    
  -------------------------------------------------------------------
                         slack                                  0.015    

Slack (MET) :             0.019ns  (arrival time - required time)
  Source:                 system_i/hft_core/inst/u_core/u_link_rx/assemble_reg_reg[88]/C
                            (rising edge-triggered cell FDCE clocked by clk_pl_0  {rise@0.000ns fall@10.312ns period=20.625ns})
  Destination:            system_i/hft_core/inst/u_core/u_link_rx/frame_out_reg[92]/D
                            (rising edge-triggered cell FDCE clocked by clk_pl_0  {rise@0.000ns fall@10.312ns period=20.625ns})
  Path Group:             clk_pl_0
  Path Type:              Hold (Min at Slow Process Corner)
  Requirement:            0.000ns  (clk_pl_0 rise@0.000ns - clk_pl_0 rise@0.000ns)
  Data Path Delay:        0.185ns  (logic 0.059ns (31.822%)  route 0.126ns (68.178%))
  Logic Levels:           0  
  Clock Path Skew:        0.106ns (DCD - SCD - CPR)
    Destination Clock Delay (DCD):    1.934ns
    Source Clock Delay      (SCD):    1.669ns
    Clock Pessimism Removal (CPR):    0.158ns
  Clock Net Delay (Source):      1.509ns (routing 0.533ns, distribution 0.976ns)
  Clock Net Delay (Destination): 1.735ns (routing 0.591ns, distribution 1.144ns)

    Location             Delay type                Incr(ns)  Path(ns)    Netlist Resource(s)
  -------------------------------------------------------------------    -------------------
                         (clock clk_pl_0 rise edge)
                                                      0.000     0.000 r  
    PS8_X0Y0             PS8                          0.000     0.000 r  system_i/zynq_ps/inst/PS8_i/PLCLK[0]
                         net (fo=1, routed)           0.135     0.135    system_i/zynq_ps/inst/pl_clk_unbuffered[0]
    BUFG_PS_X0Y58        BUFG_PS (Prop_BUFG_PS_I_O)
                                                      0.025     0.160 r  system_i/zynq_ps/inst/buffer_pl_clk_0.PL_CLK_0_BUFG/O
    X0Y1 (CLOCK_ROOT)    net (fo=12182, routed)       1.509     1.669    system_i/hft_core/inst/u_core/u_link_rx/clk
    SLICE_X30Y5          FDCE                                         r  system_i/hft_core/inst/u_core/u_link_rx/assemble_reg_reg[88]/C
  -------------------------------------------------------------------    -------------------
    SLICE_X30Y5          FDCE (Prop_CFF2_SLICEL_C_Q)
                                                      0.059     1.728 r  system_i/hft_core/inst/u_core/u_link_rx/assemble_reg_reg[88]/Q
                         net (fo=2, routed)           0.126     1.855    system_i/hft_core/inst/u_core/u_link_rx/p_0_in1_in[92]
    SLICE_X32Y7          FDCE                                         r  system_i/hft_core/inst/u_core/u_link_rx/frame_out_reg[92]/D
  -------------------------------------------------------------------    -------------------

                         (clock clk_pl_0 rise edge)
                                                      0.000     0.000 r  
    PS8_X0Y0             PS8                          0.000     0.000 r  system_i/zynq_ps/inst/PS8_i/PLCLK[0]
                         net (fo=1, routed)           0.171     0.171    system_i/zynq_ps/inst/pl_clk_unbuffered[0]
    BUFG_PS_X0Y58        BUFG_PS (Prop_BUFG_PS_I_O)
                                                      0.028     0.199 r  system_i/zynq_ps/inst/buffer_pl_clk_0.PL_CLK_0_BUFG/O
    X0Y1 (CLOCK_ROOT)    net (fo=12182, routed)       1.735     1.934    system_i/hft_core/inst/u_core/u_link_rx/clk
    SLICE_X32Y7          FDCE                                         r  system_i/hft_core/inst/u_core/u_link_rx/frame_out_reg[92]/C
                         clock pessimism             -0.158     1.776    
    SLICE_X32Y7          FDCE (Hold_HFF_SLICEL_C_D)
                                                      0.060     1.836    system_i/hft_core/inst/u_core/u_link_rx/frame_out_reg[92]
  -------------------------------------------------------------------
                         required time                         -1.836    
                         arrival time                           1.855    
  -------------------------------------------------------------------
                         slack                                  0.019    

Slack (MET) :             0.020ns  (arrival time - required time)
  Source:                 system_i/hft_core/inst/u_core/u_link_rx/assemble_reg_reg[57]/C
                            (rising edge-triggered cell FDCE clocked by clk_pl_0  {rise@0.000ns fall@10.312ns period=20.625ns})
  Destination:            system_i/hft_core/inst/u_core/u_link_rx/frame_out_reg[61]/D
                            (rising edge-triggered cell FDCE clocked by clk_pl_0  {rise@0.000ns fall@10.312ns period=20.625ns})
  Path Group:             clk_pl_0
  Path Type:              Hold (Min at Slow Process Corner)
  Requirement:            0.000ns  (clk_pl_0 rise@0.000ns - clk_pl_0 rise@0.000ns)
  Data Path Delay:        0.130ns  (logic 0.058ns (44.639%)  route 0.072ns (55.361%))
  Logic Levels:           0  
  Clock Path Skew:        0.048ns (DCD - SCD - CPR)
    Destination Clock Delay (DCD):    1.934ns
    Source Clock Delay      (SCD):    1.679ns
    Clock Pessimism Removal (CPR):    0.207ns
  Clock Net Delay (Source):      1.519ns (routing 0.533ns, distribution 0.986ns)
  Clock Net Delay (Destination): 1.735ns (routing 0.591ns, distribution 1.144ns)

    Location             Delay type                Incr(ns)  Path(ns)    Netlist Resource(s)
  -------------------------------------------------------------------    -------------------
                         (clock clk_pl_0 rise edge)
                                                      0.000     0.000 r  
    PS8_X0Y0             PS8                          0.000     0.000 r  system_i/zynq_ps/inst/PS8_i/PLCLK[0]
                         net (fo=1, routed)           0.135     0.135    system_i/zynq_ps/inst/pl_clk_unbuffered[0]
    BUFG_PS_X0Y58        BUFG_PS (Prop_BUFG_PS_I_O)
                                                      0.025     0.160 r  system_i/zynq_ps/inst/buffer_pl_clk_0.PL_CLK_0_BUFG/O
    X0Y1 (CLOCK_ROOT)    net (fo=12182, routed)       1.519     1.679    system_i/hft_core/inst/u_core/u_link_rx/clk
    SLICE_X32Y6          FDCE                                         r  system_i/hft_core/inst/u_core/u_link_rx/assemble_reg_reg[57]/C
  -------------------------------------------------------------------    -------------------
    SLICE_X32Y6          FDCE (Prop_HFF_SLICEL_C_Q)
                                                      0.058     1.737 r  system_i/hft_core/inst/u_core/u_link_rx/assemble_reg_reg[57]/Q
                         net (fo=2, routed)           0.072     1.809    system_i/hft_core/inst/u_core/u_link_rx/p_0_in1_in[61]
    SLICE_X32Y7          FDCE                                         r  system_i/hft_core/inst/u_core/u_link_rx/frame_out_reg[61]/D
  -------------------------------------------------------------------    -------------------

                         (clock clk_pl_0 rise edge)
                                                      0.000     0.000 r  
    PS8_X0Y0             PS8                          0.000     0.000 r  system_i/zynq_ps/inst/PS8_i/PLCLK[0]
                         net (fo=1, routed)           0.171     0.171    system_i/zynq_ps/inst/pl_clk_unbuffered[0]
    BUFG_PS_X0Y58        BUFG_PS (Prop_BUFG_PS_I_O)
                                                      0.028     0.199 r  system_i/zynq_ps/inst/buffer_pl_clk_0.PL_CLK_0_BUFG/O
    X0Y1 (CLOCK_ROOT)    net (fo=12182, routed)       1.735     1.934    system_i/hft_core/inst/u_core/u_link_rx/clk
    SLICE_X32Y7          FDCE                                         r  system_i/hft_core/inst/u_core/u_link_rx/frame_out_reg[61]/C
                         clock pessimism             -0.207     1.727    
    SLICE_X32Y7          FDCE (Hold_FFF2_SLICEL_C_D)
                                                      0.062     1.789    system_i/hft_core/inst/u_core/u_link_rx/frame_out_reg[61]
  -------------------------------------------------------------------
                         required time                         -1.789    
                         arrival time                           1.809    
  -------------------------------------------------------------------
                         slack                                  0.020    

Slack (MET) :             0.020ns  (arrival time - required time)
  Source:                 system_i/axi_sc/inst/s00_nodes/s00_w_node/inst/inst_mi_handler/gen_normal_area.inst_fifo_node_payld/gen_reg_fifo.inst_reg_fifo/gen_single_rank.data_reg[47]/C
                            (rising edge-triggered cell FDRE clocked by clk_pl_0  {rise@0.000ns fall@10.312ns period=20.625ns})
  Destination:            system_i/hft_core/inst/u_core/u_axi_regs/sym_init_spread_reg[14][27]/D
                            (rising edge-triggered cell FDCE clocked by clk_pl_0  {rise@0.000ns fall@10.312ns period=20.625ns})
  Path Group:             clk_pl_0
  Path Type:              Hold (Min at Slow Process Corner)
  Requirement:            0.000ns  (clk_pl_0 rise@0.000ns - clk_pl_0 rise@0.000ns)
  Data Path Delay:        0.182ns  (logic 0.058ns (31.798%)  route 0.124ns (68.202%))
  Logic Levels:           0  
  Clock Path Skew:        0.102ns (DCD - SCD - CPR)
    Destination Clock Delay (DCD):    1.826ns
    Source Clock Delay      (SCD):    1.574ns
    Clock Pessimism Removal (CPR):    0.150ns
  Clock Net Delay (Source):      1.414ns (routing 0.533ns, distribution 0.881ns)
  Clock Net Delay (Destination): 1.627ns (routing 0.591ns, distribution 1.036ns)

    Location             Delay type                Incr(ns)  Path(ns)    Netlist Resource(s)
  -------------------------------------------------------------------    -------------------
                         (clock clk_pl_0 rise edge)
                                                      0.000     0.000 r  
    PS8_X0Y0             PS8                          0.000     0.000 r  system_i/zynq_ps/inst/PS8_i/PLCLK[0]
                         net (fo=1, routed)           0.135     0.135    system_i/zynq_ps/inst/pl_clk_unbuffered[0]
    BUFG_PS_X0Y58        BUFG_PS (Prop_BUFG_PS_I_O)
                                                      0.025     0.160 r  system_i/zynq_ps/inst/buffer_pl_clk_0.PL_CLK_0_BUFG/O
    X0Y1 (CLOCK_ROOT)    net (fo=12182, routed)       1.414     1.574    system_i/axi_sc/inst/s00_nodes/s00_w_node/inst/inst_mi_handler/gen_normal_area.inst_fifo_node_payld/gen_reg_fifo.inst_reg_fifo/s_sc_aclk
    SLICE_X7Y39          FDRE                                         r  system_i/axi_sc/inst/s00_nodes/s00_w_node/inst/inst_mi_handler/gen_normal_area.inst_fifo_node_payld/gen_reg_fifo.inst_reg_fifo/gen_single_rank.data_reg[47]/C
  -------------------------------------------------------------------    -------------------
    SLICE_X7Y39          FDRE (Prop_FFF_SLICEL_C_Q)
                                                      0.058     1.632 r  system_i/axi_sc/inst/s00_nodes/s00_w_node/inst/inst_mi_handler/gen_normal_area.inst_fifo_node_payld/gen_reg_fifo.inst_reg_fifo/gen_single_rank.data_reg[47]/Q
                         net (fo=43, routed)          0.124     1.756    system_i/hft_core/inst/u_core/u_axi_regs/s_axi_wdata[27]
    SLICE_X9Y38          FDCE                                         r  system_i/hft_core/inst/u_core/u_axi_regs/sym_init_spread_reg[14][27]/D
  -------------------------------------------------------------------    -------------------

                         (clock clk_pl_0 rise edge)
                                                      0.000     0.000 r  
    PS8_X0Y0             PS8                          0.000     0.000 r  system_i/zynq_ps/inst/PS8_i/PLCLK[0]
                         net (fo=1, routed)           0.171     0.171    system_i/zynq_ps/inst/pl_clk_unbuffered[0]
    BUFG_PS_X0Y58        BUFG_PS (Prop_BUFG_PS_I_O)
                                                      0.028     0.199 r  system_i/zynq_ps/inst/buffer_pl_clk_0.PL_CLK_0_BUFG/O
    X0Y1 (CLOCK_ROOT)    net (fo=12182, routed)       1.627     1.826    system_i/hft_core/inst/u_core/u_axi_regs/clk
    SLICE_X9Y38          FDCE                                         r  system_i/hft_core/inst/u_core/u_axi_regs/sym_init_spread_reg[14][27]/C
                         clock pessimism             -0.150     1.676    
    SLICE_X9Y38          FDCE (Hold_GFF_SLICEM_C_D)
                                                      0.060     1.736    system_i/hft_core/inst/u_core/u_axi_regs/sym_init_spread_reg[14][27]
  -------------------------------------------------------------------
                         required time                         -1.736    
                         arrival time                           1.756    
  -------------------------------------------------------------------
                         slack                                  0.020    

Slack (MET) :             0.021ns  (arrival time - required time)
  Source:                 system_i/hft_core/inst/u_core/u_link_rx/assemble_reg_reg[34]/C
                            (rising edge-triggered cell FDCE clocked by clk_pl_0  {rise@0.000ns fall@10.312ns period=20.625ns})
  Destination:            system_i/hft_core/inst/u_core/u_link_rx/frame_out_reg[38]/D
                            (rising edge-triggered cell FDCE clocked by clk_pl_0  {rise@0.000ns fall@10.312ns period=20.625ns})
  Path Group:             clk_pl_0
  Path Type:              Hold (Min at Slow Process Corner)
  Requirement:            0.000ns  (clk_pl_0 rise@0.000ns - clk_pl_0 rise@0.000ns)
  Data Path Delay:        0.134ns  (logic 0.059ns (44.030%)  route 0.075ns (55.970%))
  Logic Levels:           0  
  Clock Path Skew:        0.053ns (DCD - SCD - CPR)
    Destination Clock Delay (DCD):    1.953ns
    Source Clock Delay      (SCD):    1.692ns
    Clock Pessimism Removal (CPR):    0.208ns
  Clock Net Delay (Source):      1.532ns (routing 0.533ns, distribution 0.999ns)
  Clock Net Delay (Destination): 1.754ns (routing 0.591ns, distribution 1.163ns)

    Location             Delay type                Incr(ns)  Path(ns)    Netlist Resource(s)
  -------------------------------------------------------------------    -------------------
                         (clock clk_pl_0 rise edge)
                                                      0.000     0.000 r  
    PS8_X0Y0             PS8                          0.000     0.000 r  system_i/zynq_ps/inst/PS8_i/PLCLK[0]
                         net (fo=1, routed)           0.135     0.135    system_i/zynq_ps/inst/pl_clk_unbuffered[0]
    BUFG_PS_X0Y58        BUFG_PS (Prop_BUFG_PS_I_O)
                                                      0.025     0.160 r  system_i/zynq_ps/inst/buffer_pl_clk_0.PL_CLK_0_BUFG/O
    X0Y1 (CLOCK_ROOT)    net (fo=12182, routed)       1.532     1.692    system_i/hft_core/inst/u_core/u_link_rx/clk
    SLICE_X35Y6          FDCE                                         r  system_i/hft_core/inst/u_core/u_link_rx/assemble_reg_reg[34]/C
  -------------------------------------------------------------------    -------------------
    SLICE_X35Y6          FDCE (Prop_HFF2_SLICEL_C_Q)
                                                      0.059     1.751 r  system_i/hft_core/inst/u_core/u_link_rx/assemble_reg_reg[34]/Q
                         net (fo=2, routed)           0.075     1.826    system_i/hft_core/inst/u_core/u_link_rx/p_0_in1_in[38]
    SLICE_X35Y7          FDCE                                         r  system_i/hft_core/inst/u_core/u_link_rx/frame_out_reg[38]/D
  -------------------------------------------------------------------    -------------------

                         (clock clk_pl_0 rise edge)
                                                      0.000     0.000 r  
    PS8_X0Y0             PS8                          0.000     0.000 r  system_i/zynq_ps/inst/PS8_i/PLCLK[0]
                         net (fo=1, routed)           0.171     0.171    system_i/zynq_ps/inst/pl_clk_unbuffered[0]
    BUFG_PS_X0Y58        BUFG_PS (Prop_BUFG_PS_I_O)
                                                      0.028     0.199 r  system_i/zynq_ps/inst/buffer_pl_clk_0.PL_CLK_0_BUFG/O
    X0Y1 (CLOCK_ROOT)    net (fo=12182, routed)       1.754     1.953    system_i/hft_core/inst/u_core/u_link_rx/clk
    SLICE_X35Y7          FDCE                                         r  system_i/hft_core/inst/u_core/u_link_rx/frame_out_reg[38]/C
                         clock pessimism             -0.208     1.745    
    SLICE_X35Y7          FDCE (Hold_GFF_SLICEL_C_D)
                                                      0.060     1.805    system_i/hft_core/inst/u_core/u_link_rx/frame_out_reg[38]
  -------------------------------------------------------------------
                         required time                         -1.805    
                         arrival time                           1.826    
  -------------------------------------------------------------------
                         slack                                  0.021    

Slack (MET) :             0.024ns  (arrival time - required time)
  Source:                 system_i/hft_core/inst/u_core/u_link_rx/assemble_reg_reg[54]/C
                            (rising edge-triggered cell FDCE clocked by clk_pl_0  {rise@0.000ns fall@10.312ns period=20.625ns})
  Destination:            system_i/hft_core/inst/u_core/u_link_rx/frame_out_reg[58]/D
                            (rising edge-triggered cell FDCE clocked by clk_pl_0  {rise@0.000ns fall@10.312ns period=20.625ns})
  Path Group:             clk_pl_0
  Path Type:              Hold (Min at Slow Process Corner)
  Requirement:            0.000ns  (clk_pl_0 rise@0.000ns - clk_pl_0 rise@0.000ns)
  Data Path Delay:        0.139ns  (logic 0.060ns (43.040%)  route 0.079ns (56.960%))
  Logic Levels:           0  
  Clock Path Skew:        0.056ns (DCD - SCD - CPR)
    Destination Clock Delay (DCD):    1.934ns
    Source Clock Delay      (SCD):    1.671ns
    Clock Pessimism Removal (CPR):    0.207ns
  Clock Net Delay (Source):      1.511ns (routing 0.533ns, distribution 0.978ns)
  Clock Net Delay (Destination): 1.735ns (routing 0.591ns, distribution 1.144ns)

    Location             Delay type                Incr(ns)  Path(ns)    Netlist Resource(s)
  -------------------------------------------------------------------    -------------------
                         (clock clk_pl_0 rise edge)
                                                      0.000     0.000 r  
    PS8_X0Y0             PS8                          0.000     0.000 r  system_i/zynq_ps/inst/PS8_i/PLCLK[0]
                         net (fo=1, routed)           0.135     0.135    system_i/zynq_ps/inst/pl_clk_unbuffered[0]
    BUFG_PS_X0Y58        BUFG_PS (Prop_BUFG_PS_I_O)
                                                      0.025     0.160 r  system_i/zynq_ps/inst/buffer_pl_clk_0.PL_CLK_0_BUFG/O
    X0Y1 (CLOCK_ROOT)    net (fo=12182, routed)       1.511     1.671    system_i/hft_core/inst/u_core/u_link_rx/clk
    SLICE_X32Y8          FDCE                                         r  system_i/hft_core/inst/u_core/u_link_rx/assemble_reg_reg[54]/C
  -------------------------------------------------------------------    -------------------
    SLICE_X32Y8          FDCE (Prop_BFF2_SLICEL_C_Q)
                                                      0.060     1.731 r  system_i/hft_core/inst/u_core/u_link_rx/assemble_reg_reg[54]/Q
                         net (fo=2, routed)           0.079     1.811    system_i/hft_core/inst/u_core/u_link_rx/p_0_in1_in[58]
    SLICE_X32Y7          FDCE                                         r  system_i/hft_core/inst/u_core/u_link_rx/frame_out_reg[58]/D
  -------------------------------------------------------------------    -------------------

                         (clock clk_pl_0 rise edge)
                                                      0.000     0.000 r  
    PS8_X0Y0             PS8                          0.000     0.000 r  system_i/zynq_ps/inst/PS8_i/PLCLK[0]
                         net (fo=1, routed)           0.171     0.171    system_i/zynq_ps/inst/pl_clk_unbuffered[0]
    BUFG_PS_X0Y58        BUFG_PS (Prop_BUFG_PS_I_O)
                                                      0.028     0.199 r  system_i/zynq_ps/inst/buffer_pl_clk_0.PL_CLK_0_BUFG/O
    X0Y1 (CLOCK_ROOT)    net (fo=12182, routed)       1.735     1.934    system_i/hft_core/inst/u_core/u_link_rx/clk
    SLICE_X32Y7          FDCE                                         r  system_i/hft_core/inst/u_core/u_link_rx/frame_out_reg[58]/C
                         clock pessimism             -0.207     1.727    
    SLICE_X32Y7          FDCE (Hold_EFF_SLICEL_C_D)
                                                      0.060     1.787    system_i/hft_core/inst/u_core/u_link_rx/frame_out_reg[58]
  -------------------------------------------------------------------
                         required time                         -1.787    
                         arrival time                           1.811    
  -------------------------------------------------------------------
                         slack                                  0.024    

Slack (MET) :             0.025ns  (arrival time - required time)
  Source:                 system_i/hft_core/inst/u_core/u_market_sim/u_market_noise_gen/g_sec_rng[3].u_sec_lfsr/lfsr_reg_reg[28]/C
                            (rising edge-triggered cell FDCE clocked by clk_pl_0  {rise@0.000ns fall@10.312ns period=20.625ns})
  Destination:            system_i/hft_core/inst/u_core/u_market_sim/u_market_noise_gen/g_sec_rng[3].u_sec_lfsr/lfsr_reg_reg[27]/D
                            (rising edge-triggered cell FDCE clocked by clk_pl_0  {rise@0.000ns fall@10.312ns period=20.625ns})
  Path Group:             clk_pl_0
  Path Type:              Hold (Min at Fast Process Corner)
  Requirement:            0.000ns  (clk_pl_0 rise@0.000ns - clk_pl_0 rise@0.000ns)
  Data Path Delay:        0.115ns  (logic 0.059ns (51.304%)  route 0.056ns (48.696%))
  Logic Levels:           1  (LUT3=1)
  Clock Path Skew:        0.043ns (DCD - SCD - CPR)
    Destination Clock Delay (DCD):    1.122ns
    Source Clock Delay      (SCD):    0.980ns
    Clock Pessimism Removal (CPR):    0.099ns
  Clock Net Delay (Source):      0.869ns (routing 0.324ns, distribution 0.545ns)
  Clock Net Delay (Destination): 0.984ns (routing 0.365ns, distribution 0.619ns)

    Location             Delay type                Incr(ns)  Path(ns)    Netlist Resource(s)
  -------------------------------------------------------------------    -------------------
                         (clock clk_pl_0 rise edge)
                                                      0.000     0.000 r  
    PS8_X0Y0             PS8                          0.000     0.000 r  system_i/zynq_ps/inst/PS8_i/PLCLK[0]
                         net (fo=1, routed)           0.094     0.094    system_i/zynq_ps/inst/pl_clk_unbuffered[0]
    BUFG_PS_X0Y58        BUFG_PS (Prop_BUFG_PS_I_O)
                                                      0.017     0.111 r  system_i/zynq_ps/inst/buffer_pl_clk_0.PL_CLK_0_BUFG/O
    X0Y1 (CLOCK_ROOT)    net (fo=12182, routed)       0.869     0.980    system_i/hft_core/inst/u_core/u_market_sim/u_market_noise_gen/g_sec_rng[3].u_sec_lfsr/clk
    SLICE_X11Y100        FDCE                                         r  system_i/hft_core/inst/u_core/u_market_sim/u_market_noise_gen/g_sec_rng[3].u_sec_lfsr/lfsr_reg_reg[28]/C
  -------------------------------------------------------------------    -------------------
    SLICE_X11Y100        FDCE (Prop_DFF_SLICEL_C_Q)
                                                      0.039     1.019 r  system_i/hft_core/inst/u_core/u_market_sim/u_market_noise_gen/g_sec_rng[3].u_sec_lfsr/lfsr_reg_reg[28]/Q
                         net (fo=1, routed)           0.049     1.068    system_i/hft_core/inst/u_core/u_axi_regs/lfsr_reg_reg[28]_4[28]
    SLICE_X10Y100        LUT3 (Prop_A5LUT_SLICEL_I2_O)
                                                      0.020     1.088 r  system_i/hft_core/inst/u_core/u_axi_regs/lfsr_reg[27]_i_1__19/O
                         net (fo=1, routed)           0.007     1.095    system_i/hft_core/inst/u_core/u_market_sim/u_market_noise_gen/g_sec_rng[3].u_sec_lfsr/p_1_in[27]
    SLICE_X10Y100        FDCE                                         r  system_i/hft_core/inst/u_core/u_market_sim/u_market_noise_gen/g_sec_rng[3].u_sec_lfsr/lfsr_reg_reg[27]/D
  -------------------------------------------------------------------    -------------------

                         (clock clk_pl_0 rise edge)
                                                      0.000     0.000 r  
    PS8_X0Y0             PS8                          0.000     0.000 r  system_i/zynq_ps/inst/PS8_i/PLCLK[0]
                         net (fo=1, routed)           0.120     0.120    system_i/zynq_ps/inst/pl_clk_unbuffered[0]
    BUFG_PS_X0Y58        BUFG_PS (Prop_BUFG_PS_I_O)
                                                      0.018     0.138 r  system_i/zynq_ps/inst/buffer_pl_clk_0.PL_CLK_0_BUFG/O
    X0Y1 (CLOCK_ROOT)    net (fo=12182, routed)       0.984     1.122    system_i/hft_core/inst/u_core/u_market_sim/u_market_noise_gen/g_sec_rng[3].u_sec_lfsr/clk
    SLICE_X10Y100        FDCE                                         r  system_i/hft_core/inst/u_core/u_market_sim/u_market_noise_gen/g_sec_rng[3].u_sec_lfsr/lfsr_reg_reg[27]/C
                         clock pessimism             -0.099     1.023    
    SLICE_X10Y100        FDCE (Hold_AFF2_SLICEL_C_D)
                                                      0.047     1.070    system_i/hft_core/inst/u_core/u_market_sim/u_market_noise_gen/g_sec_rng[3].u_sec_lfsr/lfsr_reg_reg[27]
  -------------------------------------------------------------------
                         required time                         -1.070    
                         arrival time                           1.095    
  -------------------------------------------------------------------
                         slack                                  0.025    

Slack (MET) :             0.025ns  (arrival time - required time)
  Source:                 system_i/hft_core/inst/u_core/u_link_rx/assemble_reg_reg[60]/C
                            (rising edge-triggered cell FDCE clocked by clk_pl_0  {rise@0.000ns fall@10.312ns period=20.625ns})
  Destination:            system_i/hft_core/inst/u_core/u_link_rx/frame_out_reg[64]/D
                            (rising edge-triggered cell FDCE clocked by clk_pl_0  {rise@0.000ns fall@10.312ns period=20.625ns})
  Path Group:             clk_pl_0
  Path Type:              Hold (Min at Slow Process Corner)
  Requirement:            0.000ns  (clk_pl_0 rise@0.000ns - clk_pl_0 rise@0.000ns)
  Data Path Delay:        0.183ns  (logic 0.059ns (32.214%)  route 0.124ns (67.786%))
  Logic Levels:           0  
  Clock Path Skew:        0.096ns (DCD - SCD - CPR)
    Destination Clock Delay (DCD):    1.931ns
    Source Clock Delay      (SCD):    1.677ns
    Clock Pessimism Removal (CPR):    0.158ns
  Clock Net Delay (Source):      1.517ns (routing 0.533ns, distribution 0.984ns)
  Clock Net Delay (Destination): 1.732ns (routing 0.591ns, distribution 1.141ns)

    Location             Delay type                Incr(ns)  Path(ns)    Netlist Resource(s)
  -------------------------------------------------------------------    -------------------
                         (clock clk_pl_0 rise edge)
                                                      0.000     0.000 r  
    PS8_X0Y0             PS8                          0.000     0.000 r  system_i/zynq_ps/inst/PS8_i/PLCLK[0]
                         net (fo=1, routed)           0.135     0.135    system_i/zynq_ps/inst/pl_clk_unbuffered[0]
    BUFG_PS_X0Y58        BUFG_PS (Prop_BUFG_PS_I_O)
                                                      0.025     0.160 r  system_i/zynq_ps/inst/buffer_pl_clk_0.PL_CLK_0_BUFG/O
    X0Y1 (CLOCK_ROOT)    net (fo=12182, routed)       1.517     1.677    system_i/hft_core/inst/u_core/u_link_rx/clk
    SLICE_X32Y6          FDCE                                         r  system_i/hft_core/inst/u_core/u_link_rx/assemble_reg_reg[60]/C
  -------------------------------------------------------------------    -------------------
    SLICE_X32Y6          FDCE (Prop_CFF2_SLICEL_C_Q)
                                                      0.059     1.736 r  system_i/hft_core/inst/u_core/u_link_rx/assemble_reg_reg[60]/Q
                         net (fo=2, routed)           0.124     1.860    system_i/hft_core/inst/u_core/u_link_rx/p_0_in1_in[64]
    SLICE_X29Y6          FDCE                                         r  system_i/hft_core/inst/u_core/u_link_rx/frame_out_reg[64]/D
  -------------------------------------------------------------------    -------------------

                         (clock clk_pl_0 rise edge)
                                                      0.000     0.000 r  
    PS8_X0Y0             PS8                          0.000     0.000 r  system_i/zynq_ps/inst/PS8_i/PLCLK[0]
                         net (fo=1, routed)           0.171     0.171    system_i/zynq_ps/inst/pl_clk_unbuffered[0]
    BUFG_PS_X0Y58        BUFG_PS (Prop_BUFG_PS_I_O)
                                                      0.028     0.199 r  system_i/zynq_ps/inst/buffer_pl_clk_0.PL_CLK_0_BUFG/O
    X0Y1 (CLOCK_ROOT)    net (fo=12182, routed)       1.732     1.931    system_i/hft_core/inst/u_core/u_link_rx/clk
    SLICE_X29Y6          FDCE                                         r  system_i/hft_core/inst/u_core/u_link_rx/frame_out_reg[64]/C
                         clock pessimism             -0.158     1.773    
    SLICE_X29Y6          FDCE (Hold_HFF2_SLICEM_C_D)
                                                      0.062     1.835    system_i/hft_core/inst/u_core/u_link_rx/frame_out_reg[64]
  -------------------------------------------------------------------
                         required time                         -1.835    
                         arrival time                           1.860    
  -------------------------------------------------------------------
                         slack                                  0.025    

Slack (MET) :             0.026ns  (arrival time - required time)
  Source:                 system_i/hft_core/inst/u_core/u_link_rx/assemble_reg_reg[58]/C
                            (rising edge-triggered cell FDCE clocked by clk_pl_0  {rise@0.000ns fall@10.312ns period=20.625ns})
  Destination:            system_i/hft_core/inst/u_core/u_link_rx/frame_out_reg[62]/D
                            (rising edge-triggered cell FDCE clocked by clk_pl_0  {rise@0.000ns fall@10.312ns period=20.625ns})
  Path Group:             clk_pl_0
  Path Type:              Hold (Min at Slow Process Corner)
  Requirement:            0.000ns  (clk_pl_0 rise@0.000ns - clk_pl_0 rise@0.000ns)
  Data Path Delay:        0.134ns  (logic 0.059ns (44.030%)  route 0.075ns (55.970%))
  Logic Levels:           0  
  Clock Path Skew:        0.048ns (DCD - SCD - CPR)
    Destination Clock Delay (DCD):    1.934ns
    Source Clock Delay      (SCD):    1.679ns
    Clock Pessimism Removal (CPR):    0.207ns
  Clock Net Delay (Source):      1.519ns (routing 0.533ns, distribution 0.986ns)
  Clock Net Delay (Destination): 1.735ns (routing 0.591ns, distribution 1.144ns)

    Location             Delay type                Incr(ns)  Path(ns)    Netlist Resource(s)
  -------------------------------------------------------------------    -------------------
                         (clock clk_pl_0 rise edge)
                                                      0.000     0.000 r  
    PS8_X0Y0             PS8                          0.000     0.000 r  system_i/zynq_ps/inst/PS8_i/PLCLK[0]
                         net (fo=1, routed)           0.135     0.135    system_i/zynq_ps/inst/pl_clk_unbuffered[0]
    BUFG_PS_X0Y58        BUFG_PS (Prop_BUFG_PS_I_O)
                                                      0.025     0.160 r  system_i/zynq_ps/inst/buffer_pl_clk_0.PL_CLK_0_BUFG/O
    X0Y1 (CLOCK_ROOT)    net (fo=12182, routed)       1.519     1.679    system_i/hft_core/inst/u_core/u_link_rx/clk
    SLICE_X32Y6          FDCE                                         r  system_i/hft_core/inst/u_core/u_link_rx/assemble_reg_reg[58]/C
  -------------------------------------------------------------------    -------------------
    SLICE_X32Y6          FDCE (Prop_HFF2_SLICEL_C_Q)
                                                      0.059     1.738 r  system_i/hft_core/inst/u_core/u_link_rx/assemble_reg_reg[58]/Q
                         net (fo=2, routed)           0.075     1.813    system_i/hft_core/inst/u_core/u_link_rx/p_0_in1_in[62]
    SLICE_X32Y7          FDCE                                         r  system_i/hft_core/inst/u_core/u_link_rx/frame_out_reg[62]/D
  -------------------------------------------------------------------    -------------------

                         (clock clk_pl_0 rise edge)
                                                      0.000     0.000 r  
    PS8_X0Y0             PS8                          0.000     0.000 r  system_i/zynq_ps/inst/PS8_i/PLCLK[0]
                         net (fo=1, routed)           0.171     0.171    system_i/zynq_ps/inst/pl_clk_unbuffered[0]
    BUFG_PS_X0Y58        BUFG_PS (Prop_BUFG_PS_I_O)
                                                      0.028     0.199 r  system_i/zynq_ps/inst/buffer_pl_clk_0.PL_CLK_0_BUFG/O
    X0Y1 (CLOCK_ROOT)    net (fo=12182, routed)       1.735     1.934    system_i/hft_core/inst/u_core/u_link_rx/clk
    SLICE_X32Y7          FDCE                                         r  system_i/hft_core/inst/u_core/u_link_rx/frame_out_reg[62]/C
                         clock pessimism             -0.207     1.727    
    SLICE_X32Y7          FDCE (Hold_GFF_SLICEL_C_D)
                                                      0.060     1.787    system_i/hft_core/inst/u_core/u_link_rx/frame_out_reg[62]
  -------------------------------------------------------------------
                         required time                         -1.787    
                         arrival time                           1.813    
  -------------------------------------------------------------------
                         slack                                  0.026    





Pulse Width Checks
--------------------------------------------------------------------------------------
Clock Name:         clk_pl_0
Waveform(ns):       { 0.000 10.312 }
Period(ns):         20.625
Sources:            { system_i/zynq_ps/inst/PS8_i/PLCLK[0] }

Check Type        Corner  Lib Pin          Reference Pin  Required(ns)  Actual(ns)  Slack(ns)  Location      Pin
Min Period        n/a     PS8/MAXIGP0ACLK  n/a            3.000         20.625      17.625     PS8_X0Y0      system_i/zynq_ps/inst/PS8_i/MAXIGP0ACLK
Min Period        n/a     SRL16E/CLK       n/a            1.064         20.625      19.561     SLICE_X1Y60   system_i/axi_sc/inst/clk_map/psr_aclk/U0/EXT_LPF/POR_SRL_I/CLK
Min Period        n/a     SRL16E/CLK       n/a            1.064         20.625      19.561     SLICE_X1Y145  system_i/rst_sys/U0/EXT_LPF/POR_SRL_I/CLK
Min Period        n/a     FDRE/C           n/a            0.550         20.625      20.075     SLICE_X1Y56   system_i/axi_sc/inst/clk_map/psr_aclk/U0/ACTIVE_LOW_BSR_OUT_DFF[0].FDRE_BSR_N/C
Min Period        n/a     FDRE/C           n/a            0.550         20.625      20.075     SLICE_X1Y59   system_i/axi_sc/inst/clk_map/psr_aclk/U0/EXT_LPF/EXT_LPF[1].exr_lpf_reg[1]/C
Min Period        n/a     FDRE/C           n/a            0.550         20.625      20.075     SLICE_X1Y59   system_i/axi_sc/inst/clk_map/psr_aclk/U0/EXT_LPF/EXT_LPF[2].exr_lpf_reg[2]/C
Min Period        n/a     FDRE/C           n/a            0.550         20.625      20.075     SLICE_X1Y59   system_i/axi_sc/inst/clk_map/psr_aclk/U0/EXT_LPF/EXT_LPF[3].exr_lpf_reg[3]/C
Min Period        n/a     FDRE/C           n/a            0.550         20.625      20.075     SLICE_X1Y60   system_i/axi_sc/inst/clk_map/psr_aclk/U0/EXT_LPF/lpf_asr_reg/C
Min Period        n/a     FDRE/C           n/a            0.550         20.625      20.075     SLICE_X1Y59   system_i/axi_sc/inst/clk_map/psr_aclk/U0/EXT_LPF/lpf_exr_reg/C
Min Period        n/a     FDRE/C           n/a            0.550         20.625      20.075     SLICE_X1Y60   system_i/axi_sc/inst/clk_map/psr_aclk/U0/EXT_LPF/lpf_int_reg/C
Low Pulse Width   Slow    PS8/MAXIGP0ACLK  n/a            1.500         10.313      8.813      PS8_X0Y0      system_i/zynq_ps/inst/PS8_i/MAXIGP0ACLK
Low Pulse Width   Fast    PS8/MAXIGP0ACLK  n/a            1.500         10.313      8.813      PS8_X0Y0      system_i/zynq_ps/inst/PS8_i/MAXIGP0ACLK
Low Pulse Width   Slow    SRL16E/CLK       n/a            0.532         10.313      9.780      SLICE_X1Y60   system_i/axi_sc/inst/clk_map/psr_aclk/U0/EXT_LPF/POR_SRL_I/CLK
Low Pulse Width   Fast    SRL16E/CLK       n/a            0.532         10.313      9.780      SLICE_X1Y60   system_i/axi_sc/inst/clk_map/psr_aclk/U0/EXT_LPF/POR_SRL_I/CLK
Low Pulse Width   Slow    SRL16E/CLK       n/a            0.532         10.313      9.780      SLICE_X1Y145  system_i/rst_sys/U0/EXT_LPF/POR_SRL_I/CLK
Low Pulse Width   Fast    SRL16E/CLK       n/a            0.532         10.313      9.781      SLICE_X1Y145  system_i/rst_sys/U0/EXT_LPF/POR_SRL_I/CLK
Low Pulse Width   Slow    FDRE/C           n/a            0.275         10.313      10.038     SLICE_X1Y56   system_i/axi_sc/inst/clk_map/psr_aclk/U0/ACTIVE_LOW_BSR_OUT_DFF[0].FDRE_BSR_N/C
Low Pulse Width   Fast    FDRE/C           n/a            0.275         10.313      10.038     SLICE_X1Y56   system_i/axi_sc/inst/clk_map/psr_aclk/U0/ACTIVE_LOW_BSR_OUT_DFF[0].FDRE_BSR_N/C
Low Pulse Width   Slow    FDRE/C           n/a            0.275         10.313      10.038     SLICE_X1Y59   system_i/axi_sc/inst/clk_map/psr_aclk/U0/EXT_LPF/EXT_LPF[1].exr_lpf_reg[1]/C
Low Pulse Width   Fast    FDRE/C           n/a            0.275         10.313      10.038     SLICE_X1Y59   system_i/axi_sc/inst/clk_map/psr_aclk/U0/EXT_LPF/EXT_LPF[1].exr_lpf_reg[1]/C
High Pulse Width  Slow    PS8/MAXIGP0ACLK  n/a            1.500         10.313      8.813      PS8_X0Y0      system_i/zynq_ps/inst/PS8_i/MAXIGP0ACLK
High Pulse Width  Fast    PS8/MAXIGP0ACLK  n/a            1.500         10.313      8.813      PS8_X0Y0      system_i/zynq_ps/inst/PS8_i/MAXIGP0ACLK
High Pulse Width  Slow    SRL16E/CLK       n/a            0.532         10.313      9.780      SLICE_X1Y60   system_i/axi_sc/inst/clk_map/psr_aclk/U0/EXT_LPF/POR_SRL_I/CLK
High Pulse Width  Fast    SRL16E/CLK       n/a            0.532         10.313      9.780      SLICE_X1Y60   system_i/axi_sc/inst/clk_map/psr_aclk/U0/EXT_LPF/POR_SRL_I/CLK
High Pulse Width  Slow    SRL16E/CLK       n/a            0.532         10.313      9.780      SLICE_X1Y145  system_i/rst_sys/U0/EXT_LPF/POR_SRL_I/CLK
High Pulse Width  Fast    SRL16E/CLK       n/a            0.532         10.313      9.780      SLICE_X1Y145  system_i/rst_sys/U0/EXT_LPF/POR_SRL_I/CLK
High Pulse Width  Slow    FDRE/C           n/a            0.275         10.313      10.038     SLICE_X1Y56   system_i/axi_sc/inst/clk_map/psr_aclk/U0/ACTIVE_LOW_BSR_OUT_DFF[0].FDRE_BSR_N/C
High Pulse Width  Fast    FDRE/C           n/a            0.275         10.312      10.037     SLICE_X1Y56   system_i/axi_sc/inst/clk_map/psr_aclk/U0/ACTIVE_LOW_BSR_OUT_DFF[0].FDRE_BSR_N/C
High Pulse Width  Slow    FDRE/C           n/a            0.275         10.313      10.038     SLICE_X1Y59   system_i/axi_sc/inst/clk_map/psr_aclk/U0/EXT_LPF/EXT_LPF[1].exr_lpf_reg[1]/C
High Pulse Width  Fast    FDRE/C           n/a            0.275         10.313      10.038     SLICE_X1Y59   system_i/axi_sc/inst/clk_map/psr_aclk/U0/EXT_LPF/EXT_LPF[1].exr_lpf_reg[1]/C



---------------------------------------------------------------------------------------------------
Path Group:  **async_default**
From Clock:  clk_pl_0
  To Clock:  clk_pl_0

Setup :            0  Failing Endpoints,  Worst Slack       17.275ns,  Total Violation        0.000ns
Hold  :            0  Failing Endpoints,  Worst Slack        1.241ns,  Total Violation        0.000ns
---------------------------------------------------------------------------------------------------


Max Delay Paths
--------------------------------------------------------------------------------------
Slack (MET) :             17.275ns  (required time - arrival time)
  Source:                 system_i/rst_sys/U0/ACTIVE_LOW_PR_OUT_DFF[0].FDRE_PER_N/C
                            (rising edge-triggered cell FDRE clocked by clk_pl_0  {rise@0.000ns fall@10.312ns period=20.625ns})
  Destination:            system_i/hft_core/inst/u_core/u_axi_regs/sym_company_token_reg[12][10]/CLR
                            (recovery check against rising-edge clock clk_pl_0  {rise@0.000ns fall@10.312ns period=20.625ns})
  Path Group:             **async_default**
  Path Type:              Recovery (Max at Slow Process Corner)
  Requirement:            20.625ns  (clk_pl_0 rise@20.625ns - clk_pl_0 rise@0.000ns)
  Data Path Delay:        2.927ns  (logic 0.107ns (3.656%)  route 2.820ns (96.344%))
  Logic Levels:           1  (BUFGCE=1)
  Clock Path Skew:        -0.150ns (DCD - SCD + CPR)
    Destination Clock Delay (DCD):    1.583ns = ( 22.208 - 20.625 ) 
    Source Clock Delay      (SCD):    1.830ns
    Clock Pessimism Removal (CPR):    0.097ns
  Clock Uncertainty:      0.207ns  ((TSJ^2 + DJ^2)^1/2) / 2 + PE
    Total System Jitter     (TSJ):    0.071ns
    Discrete Jitter          (DJ):    0.409ns
    Phase Error              (PE):    0.000ns
  Clock Net Delay (Source):      1.631ns (routing 0.591ns, distribution 1.040ns)
  Clock Net Delay (Destination): 1.423ns (routing 0.533ns, distribution 0.890ns)

    Location             Delay type                Incr(ns)  Path(ns)    Netlist Resource(s)
  -------------------------------------------------------------------    -------------------
                         (clock clk_pl_0 rise edge)
                                                      0.000     0.000 r  
    PS8_X0Y0             PS8                          0.000     0.000 r  system_i/zynq_ps/inst/PS8_i/PLCLK[0]
                         net (fo=1, routed)           0.171     0.171    system_i/zynq_ps/inst/pl_clk_unbuffered[0]
    BUFG_PS_X0Y58        BUFG_PS (Prop_BUFG_PS_I_O)
                                                      0.028     0.199 r  system_i/zynq_ps/inst/buffer_pl_clk_0.PL_CLK_0_BUFG/O
    X0Y1 (CLOCK_ROOT)    net (fo=12182, routed)       1.631     1.830    system_i/rst_sys/U0/slowest_sync_clk
    SLICE_X3Y144         FDRE                                         r  system_i/rst_sys/U0/ACTIVE_LOW_PR_OUT_DFF[0].FDRE_PER_N/C
  -------------------------------------------------------------------    -------------------
    SLICE_X3Y144         FDRE (Prop_AFF_SLICEL_C_Q)
                                                      0.079     1.909 r  system_i/rst_sys/U0/ACTIVE_LOW_PR_OUT_DFF[0].FDRE_PER_N/Q
                         net (fo=1, routed)           1.314     3.223    system_i/rst_sys/U0/peripheral_aresetn[0]_bufg_place
    BUFGCE_X0Y50         BUFGCE (Prop_BUFCE_BUFGCE_I_O)
                                                      0.028     3.251 r  system_i/rst_sys/U0/ACTIVE_LOW_PR_OUT_DFF[0].FDRE_PER_N_bufg_place/O
                         net (fo=5910, routed)        1.506     4.757    system_i/hft_core/inst/u_core/u_axi_regs/axi_reset_pulse_reg_0
    SLICE_X9Y24          FDCE                                         f  system_i/hft_core/inst/u_core/u_axi_regs/sym_company_token_reg[12][10]/CLR  (IS_INVERTED)
  -------------------------------------------------------------------    -------------------

                         (clock clk_pl_0 rise edge)
                                                     20.625    20.625 r  
    PS8_X0Y0             PS8                          0.000    20.625 r  system_i/zynq_ps/inst/PS8_i/PLCLK[0]
                         net (fo=1, routed)           0.135    20.760    system_i/zynq_ps/inst/pl_clk_unbuffered[0]
    BUFG_PS_X0Y58        BUFG_PS (Prop_BUFG_PS_I_O)
                                                      0.025    20.785 r  system_i/zynq_ps/inst/buffer_pl_clk_0.PL_CLK_0_BUFG/O
    X0Y1 (CLOCK_ROOT)    net (fo=12182, routed)       1.423    22.208    system_i/hft_core/inst/u_core/u_axi_regs/clk
    SLICE_X9Y24          FDCE                                         r  system_i/hft_core/inst/u_core/u_axi_regs/sym_company_token_reg[12][10]/C
                         clock pessimism              0.097    22.305    
                         clock uncertainty           -0.207    22.098    
    SLICE_X9Y24          FDCE (Recov_DFF2_SLICEM_C_CLR)
                                                     -0.066    22.032    system_i/hft_core/inst/u_core/u_axi_regs/sym_company_token_reg[12][10]
  -------------------------------------------------------------------
                         required time                         22.032    
                         arrival time                          -4.757    
  -------------------------------------------------------------------
                         slack                                 17.275    

Slack (MET) :             17.275ns  (required time - arrival time)
  Source:                 system_i/rst_sys/U0/ACTIVE_LOW_PR_OUT_DFF[0].FDRE_PER_N/C
                            (rising edge-triggered cell FDRE clocked by clk_pl_0  {rise@0.000ns fall@10.312ns period=20.625ns})
  Destination:            system_i/hft_core/inst/u_core/u_market_sim/best_bid_reg[14][10]/CLR
                            (recovery check against rising-edge clock clk_pl_0  {rise@0.000ns fall@10.312ns period=20.625ns})
  Path Group:             **async_default**
  Path Type:              Recovery (Max at Slow Process Corner)
  Requirement:            20.625ns  (clk_pl_0 rise@20.625ns - clk_pl_0 rise@0.000ns)
  Data Path Delay:        2.927ns  (logic 0.107ns (3.656%)  route 2.820ns (96.344%))
  Logic Levels:           1  (BUFGCE=1)
  Clock Path Skew:        -0.150ns (DCD - SCD + CPR)
    Destination Clock Delay (DCD):    1.583ns = ( 22.208 - 20.625 ) 
    Source Clock Delay      (SCD):    1.830ns
    Clock Pessimism Removal (CPR):    0.097ns
  Clock Uncertainty:      0.207ns  ((TSJ^2 + DJ^2)^1/2) / 2 + PE
    Total System Jitter     (TSJ):    0.071ns
    Discrete Jitter          (DJ):    0.409ns
    Phase Error              (PE):    0.000ns
  Clock Net Delay (Source):      1.631ns (routing 0.591ns, distribution 1.040ns)
  Clock Net Delay (Destination): 1.423ns (routing 0.533ns, distribution 0.890ns)

    Location             Delay type                Incr(ns)  Path(ns)    Netlist Resource(s)
  -------------------------------------------------------------------    -------------------
                         (clock clk_pl_0 rise edge)
                                                      0.000     0.000 r  
    PS8_X0Y0             PS8                          0.000     0.000 r  system_i/zynq_ps/inst/PS8_i/PLCLK[0]
                         net (fo=1, routed)           0.171     0.171    system_i/zynq_ps/inst/pl_clk_unbuffered[0]
    BUFG_PS_X0Y58        BUFG_PS (Prop_BUFG_PS_I_O)
                                                      0.028     0.199 r  system_i/zynq_ps/inst/buffer_pl_clk_0.PL_CLK_0_BUFG/O
    X0Y1 (CLOCK_ROOT)    net (fo=12182, routed)       1.631     1.830    system_i/rst_sys/U0/slowest_sync_clk
    SLICE_X3Y144         FDRE                                         r  system_i/rst_sys/U0/ACTIVE_LOW_PR_OUT_DFF[0].FDRE_PER_N/C
  -------------------------------------------------------------------    -------------------
    SLICE_X3Y144         FDRE (Prop_AFF_SLICEL_C_Q)
                                                      0.079     1.909 r  system_i/rst_sys/U0/ACTIVE_LOW_PR_OUT_DFF[0].FDRE_PER_N/Q
                         net (fo=1, routed)           1.314     3.223    system_i/rst_sys/U0/peripheral_aresetn[0]_bufg_place
    BUFGCE_X0Y50         BUFGCE (Prop_BUFCE_BUFGCE_I_O)
                                                      0.028     3.251 r  system_i/rst_sys/U0/ACTIVE_LOW_PR_OUT_DFF[0].FDRE_PER_N_bufg_place/O
                         net (fo=5910, routed)        1.506     4.757    system_i/hft_core/inst/u_core/u_market_sim/rst_n_0
    SLICE_X9Y24          FDCE                                         f  system_i/hft_core/inst/u_core/u_market_sim/best_bid_reg[14][10]/CLR  (IS_INVERTED)
  -------------------------------------------------------------------    -------------------

                         (clock clk_pl_0 rise edge)
                                                     20.625    20.625 r  
    PS8_X0Y0             PS8                          0.000    20.625 r  system_i/zynq_ps/inst/PS8_i/PLCLK[0]
                         net (fo=1, routed)           0.135    20.760    system_i/zynq_ps/inst/pl_clk_unbuffered[0]
    BUFG_PS_X0Y58        BUFG_PS (Prop_BUFG_PS_I_O)
                                                      0.025    20.785 r  system_i/zynq_ps/inst/buffer_pl_clk_0.PL_CLK_0_BUFG/O
    X0Y1 (CLOCK_ROOT)    net (fo=12182, routed)       1.423    22.208    system_i/hft_core/inst/u_core/u_market_sim/clk
    SLICE_X9Y24          FDCE                                         r  system_i/hft_core/inst/u_core/u_market_sim/best_bid_reg[14][10]/C
                         clock pessimism              0.097    22.305    
                         clock uncertainty           -0.207    22.098    
    SLICE_X9Y24          FDCE (Recov_CFF_SLICEM_C_CLR)
                                                     -0.066    22.032    system_i/hft_core/inst/u_core/u_market_sim/best_bid_reg[14][10]
  -------------------------------------------------------------------
                         required time                         22.032    
                         arrival time                          -4.757    
  -------------------------------------------------------------------
                         slack                                 17.275    

Slack (MET) :             17.275ns  (required time - arrival time)
  Source:                 system_i/rst_sys/U0/ACTIVE_LOW_PR_OUT_DFF[0].FDRE_PER_N/C
                            (rising edge-triggered cell FDRE clocked by clk_pl_0  {rise@0.000ns fall@10.312ns period=20.625ns})
  Destination:            system_i/hft_core/inst/u_core/u_market_sim/best_bid_reg[6][10]/CLR
                            (recovery check against rising-edge clock clk_pl_0  {rise@0.000ns fall@10.312ns period=20.625ns})
  Path Group:             **async_default**
  Path Type:              Recovery (Max at Slow Process Corner)
  Requirement:            20.625ns  (clk_pl_0 rise@20.625ns - clk_pl_0 rise@0.000ns)
  Data Path Delay:        2.929ns  (logic 0.107ns (3.653%)  route 2.822ns (96.347%))
  Logic Levels:           1  (BUFGCE=1)
  Clock Path Skew:        -0.148ns (DCD - SCD + CPR)
    Destination Clock Delay (DCD):    1.585ns = ( 22.210 - 20.625 ) 
    Source Clock Delay      (SCD):    1.830ns
    Clock Pessimism Removal (CPR):    0.097ns
  Clock Uncertainty:      0.207ns  ((TSJ^2 + DJ^2)^1/2) / 2 + PE
    Total System Jitter     (TSJ):    0.071ns
    Discrete Jitter          (DJ):    0.409ns
    Phase Error              (PE):    0.000ns
  Clock Net Delay (Source):      1.631ns (routing 0.591ns, distribution 1.040ns)
  Clock Net Delay (Destination): 1.425ns (routing 0.533ns, distribution 0.892ns)

    Location             Delay type                Incr(ns)  Path(ns)    Netlist Resource(s)
  -------------------------------------------------------------------    -------------------
                         (clock clk_pl_0 rise edge)
                                                      0.000     0.000 r  
    PS8_X0Y0             PS8                          0.000     0.000 r  system_i/zynq_ps/inst/PS8_i/PLCLK[0]
                         net (fo=1, routed)           0.171     0.171    system_i/zynq_ps/inst/pl_clk_unbuffered[0]
    BUFG_PS_X0Y58        BUFG_PS (Prop_BUFG_PS_I_O)
                                                      0.028     0.199 r  system_i/zynq_ps/inst/buffer_pl_clk_0.PL_CLK_0_BUFG/O
    X0Y1 (CLOCK_ROOT)    net (fo=12182, routed)       1.631     1.830    system_i/rst_sys/U0/slowest_sync_clk
    SLICE_X3Y144         FDRE                                         r  system_i/rst_sys/U0/ACTIVE_LOW_PR_OUT_DFF[0].FDRE_PER_N/C
  -------------------------------------------------------------------    -------------------
    SLICE_X3Y144         FDRE (Prop_AFF_SLICEL_C_Q)
                                                      0.079     1.909 r  system_i/rst_sys/U0/ACTIVE_LOW_PR_OUT_DFF[0].FDRE_PER_N/Q
                         net (fo=1, routed)           1.314     3.223    system_i/rst_sys/U0/peripheral_aresetn[0]_bufg_place
    BUFGCE_X0Y50         BUFGCE (Prop_BUFCE_BUFGCE_I_O)
                                                      0.028     3.251 r  system_i/rst_sys/U0/ACTIVE_LOW_PR_OUT_DFF[0].FDRE_PER_N_bufg_place/O
                         net (fo=5910, routed)        1.508     4.759    system_i/hft_core/inst/u_core/u_market_sim/rst_n_0
    SLICE_X9Y23          FDCE                                         f  system_i/hft_core/inst/u_core/u_market_sim/best_bid_reg[6][10]/CLR  (IS_INVERTED)
  -------------------------------------------------------------------    -------------------

                         (clock clk_pl_0 rise edge)
                                                     20.625    20.625 r  
    PS8_X0Y0             PS8                          0.000    20.625 r  system_i/zynq_ps/inst/PS8_i/PLCLK[0]
                         net (fo=1, routed)           0.135    20.760    system_i/zynq_ps/inst/pl_clk_unbuffered[0]
    BUFG_PS_X0Y58        BUFG_PS (Prop_BUFG_PS_I_O)
                                                      0.025    20.785 r  system_i/zynq_ps/inst/buffer_pl_clk_0.PL_CLK_0_BUFG/O
    X0Y1 (CLOCK_ROOT)    net (fo=12182, routed)       1.425    22.210    system_i/hft_core/inst/u_core/u_market_sim/clk
    SLICE_X9Y23          FDCE                                         r  system_i/hft_core/inst/u_core/u_market_sim/best_bid_reg[6][10]/C
                         clock pessimism              0.097    22.307    
                         clock uncertainty           -0.207    22.100    
    SLICE_X9Y23          FDCE (Recov_CFF_SLICEM_C_CLR)
                                                     -0.066    22.034    system_i/hft_core/inst/u_core/u_market_sim/best_bid_reg[6][10]
  -------------------------------------------------------------------
                         required time                         22.034    
                         arrival time                          -4.759    
  -------------------------------------------------------------------
                         slack                                 17.275    

Slack (MET) :             17.275ns  (required time - arrival time)
  Source:                 system_i/rst_sys/U0/ACTIVE_LOW_PR_OUT_DFF[0].FDRE_PER_N/C
                            (rising edge-triggered cell FDRE clocked by clk_pl_0  {rise@0.000ns fall@10.312ns period=20.625ns})
  Destination:            system_i/hft_core/inst/u_core/u_market_sim/best_bid_reg[6][9]/CLR
                            (recovery check against rising-edge clock clk_pl_0  {rise@0.000ns fall@10.312ns period=20.625ns})
  Path Group:             **async_default**
  Path Type:              Recovery (Max at Slow Process Corner)
  Requirement:            20.625ns  (clk_pl_0 rise@20.625ns - clk_pl_0 rise@0.000ns)
  Data Path Delay:        2.929ns  (logic 0.107ns (3.653%)  route 2.822ns (96.347%))
  Logic Levels:           1  (BUFGCE=1)
  Clock Path Skew:        -0.148ns (DCD - SCD + CPR)
    Destination Clock Delay (DCD):    1.585ns = ( 22.210 - 20.625 ) 
    Source Clock Delay      (SCD):    1.830ns
    Clock Pessimism Removal (CPR):    0.097ns
  Clock Uncertainty:      0.207ns  ((TSJ^2 + DJ^2)^1/2) / 2 + PE
    Total System Jitter     (TSJ):    0.071ns
    Discrete Jitter          (DJ):    0.409ns
    Phase Error              (PE):    0.000ns
  Clock Net Delay (Source):      1.631ns (routing 0.591ns, distribution 1.040ns)
  Clock Net Delay (Destination): 1.425ns (routing 0.533ns, distribution 0.892ns)

    Location             Delay type                Incr(ns)  Path(ns)    Netlist Resource(s)
  -------------------------------------------------------------------    -------------------
                         (clock clk_pl_0 rise edge)
                                                      0.000     0.000 r  
    PS8_X0Y0             PS8                          0.000     0.000 r  system_i/zynq_ps/inst/PS8_i/PLCLK[0]
                         net (fo=1, routed)           0.171     0.171    system_i/zynq_ps/inst/pl_clk_unbuffered[0]
    BUFG_PS_X0Y58        BUFG_PS (Prop_BUFG_PS_I_O)
                                                      0.028     0.199 r  system_i/zynq_ps/inst/buffer_pl_clk_0.PL_CLK_0_BUFG/O
    X0Y1 (CLOCK_ROOT)    net (fo=12182, routed)       1.631     1.830    system_i/rst_sys/U0/slowest_sync_clk
    SLICE_X3Y144         FDRE                                         r  system_i/rst_sys/U0/ACTIVE_LOW_PR_OUT_DFF[0].FDRE_PER_N/C
  -------------------------------------------------------------------    -------------------
    SLICE_X3Y144         FDRE (Prop_AFF_SLICEL_C_Q)
                                                      0.079     1.909 r  system_i/rst_sys/U0/ACTIVE_LOW_PR_OUT_DFF[0].FDRE_PER_N/Q
                         net (fo=1, routed)           1.314     3.223    system_i/rst_sys/U0/peripheral_aresetn[0]_bufg_place
    BUFGCE_X0Y50         BUFGCE (Prop_BUFCE_BUFGCE_I_O)
                                                      0.028     3.251 r  system_i/rst_sys/U0/ACTIVE_LOW_PR_OUT_DFF[0].FDRE_PER_N_bufg_place/O
                         net (fo=5910, routed)        1.508     4.759    system_i/hft_core/inst/u_core/u_market_sim/rst_n_0
    SLICE_X9Y23          FDCE                                         f  system_i/hft_core/inst/u_core/u_market_sim/best_bid_reg[6][9]/CLR  (IS_INVERTED)
  -------------------------------------------------------------------    -------------------

                         (clock clk_pl_0 rise edge)
                                                     20.625    20.625 r  
    PS8_X0Y0             PS8                          0.000    20.625 r  system_i/zynq_ps/inst/PS8_i/PLCLK[0]
                         net (fo=1, routed)           0.135    20.760    system_i/zynq_ps/inst/pl_clk_unbuffered[0]
    BUFG_PS_X0Y58        BUFG_PS (Prop_BUFG_PS_I_O)
                                                      0.025    20.785 r  system_i/zynq_ps/inst/buffer_pl_clk_0.PL_CLK_0_BUFG/O
    X0Y1 (CLOCK_ROOT)    net (fo=12182, routed)       1.425    22.210    system_i/hft_core/inst/u_core/u_market_sim/clk
    SLICE_X9Y23          FDCE                                         r  system_i/hft_core/inst/u_core/u_market_sim/best_bid_reg[6][9]/C
                         clock pessimism              0.097    22.307    
                         clock uncertainty           -0.207    22.100    
    SLICE_X9Y23          FDCE (Recov_BFF_SLICEM_C_CLR)
                                                     -0.066    22.034    system_i/hft_core/inst/u_core/u_market_sim/best_bid_reg[6][9]
  -------------------------------------------------------------------
                         required time                         22.034    
                         arrival time                          -4.759    
  -------------------------------------------------------------------
                         slack                                 17.275    

Slack (MET) :             17.275ns  (required time - arrival time)
  Source:                 system_i/rst_sys/U0/ACTIVE_LOW_PR_OUT_DFF[0].FDRE_PER_N/C
                            (rising edge-triggered cell FDRE clocked by clk_pl_0  {rise@0.000ns fall@10.312ns period=20.625ns})
  Destination:            system_i/hft_core/inst/u_core/u_market_sim/mid_price_reg[14][10]/CLR
                            (recovery check against rising-edge clock clk_pl_0  {rise@0.000ns fall@10.312ns period=20.625ns})
  Path Group:             **async_default**
  Path Type:              Recovery (Max at Slow Process Corner)
  Requirement:            20.625ns  (clk_pl_0 rise@20.625ns - clk_pl_0 rise@0.000ns)
  Data Path Delay:        2.927ns  (logic 0.107ns (3.656%)  route 2.820ns (96.344%))
  Logic Levels:           1  (BUFGCE=1)
  Clock Path Skew:        -0.150ns (DCD - SCD + CPR)
    Destination Clock Delay (DCD):    1.583ns = ( 22.208 - 20.625 ) 
    Source Clock Delay      (SCD):    1.830ns
    Clock Pessimism Removal (CPR):    0.097ns
  Clock Uncertainty:      0.207ns  ((TSJ^2 + DJ^2)^1/2) / 2 + PE
    Total System Jitter     (TSJ):    0.071ns
    Discrete Jitter          (DJ):    0.409ns
    Phase Error              (PE):    0.000ns
  Clock Net Delay (Source):      1.631ns (routing 0.591ns, distribution 1.040ns)
  Clock Net Delay (Destination): 1.423ns (routing 0.533ns, distribution 0.890ns)

    Location             Delay type                Incr(ns)  Path(ns)    Netlist Resource(s)
  -------------------------------------------------------------------    -------------------
                         (clock clk_pl_0 rise edge)
                                                      0.000     0.000 r  
    PS8_X0Y0             PS8                          0.000     0.000 r  system_i/zynq_ps/inst/PS8_i/PLCLK[0]
                         net (fo=1, routed)           0.171     0.171    system_i/zynq_ps/inst/pl_clk_unbuffered[0]
    BUFG_PS_X0Y58        BUFG_PS (Prop_BUFG_PS_I_O)
                                                      0.028     0.199 r  system_i/zynq_ps/inst/buffer_pl_clk_0.PL_CLK_0_BUFG/O
    X0Y1 (CLOCK_ROOT)    net (fo=12182, routed)       1.631     1.830    system_i/rst_sys/U0/slowest_sync_clk
    SLICE_X3Y144         FDRE                                         r  system_i/rst_sys/U0/ACTIVE_LOW_PR_OUT_DFF[0].FDRE_PER_N/C
  -------------------------------------------------------------------    -------------------
    SLICE_X3Y144         FDRE (Prop_AFF_SLICEL_C_Q)
                                                      0.079     1.909 r  system_i/rst_sys/U0/ACTIVE_LOW_PR_OUT_DFF[0].FDRE_PER_N/Q
                         net (fo=1, routed)           1.314     3.223    system_i/rst_sys/U0/peripheral_aresetn[0]_bufg_place
    BUFGCE_X0Y50         BUFGCE (Prop_BUFCE_BUFGCE_I_O)
                                                      0.028     3.251 r  system_i/rst_sys/U0/ACTIVE_LOW_PR_OUT_DFF[0].FDRE_PER_N_bufg_place/O
                         net (fo=5910, routed)        1.506     4.757    system_i/hft_core/inst/u_core/u_market_sim/rst_n_0
    SLICE_X9Y24          FDCE                                         f  system_i/hft_core/inst/u_core/u_market_sim/mid_price_reg[14][10]/CLR  (IS_INVERTED)
  -------------------------------------------------------------------    -------------------

                         (clock clk_pl_0 rise edge)
                                                     20.625    20.625 r  
    PS8_X0Y0             PS8                          0.000    20.625 r  system_i/zynq_ps/inst/PS8_i/PLCLK[0]
                         net (fo=1, routed)           0.135    20.760    system_i/zynq_ps/inst/pl_clk_unbuffered[0]
    BUFG_PS_X0Y58        BUFG_PS (Prop_BUFG_PS_I_O)
                                                      0.025    20.785 r  system_i/zynq_ps/inst/buffer_pl_clk_0.PL_CLK_0_BUFG/O
    X0Y1 (CLOCK_ROOT)    net (fo=12182, routed)       1.423    22.208    system_i/hft_core/inst/u_core/u_market_sim/clk
    SLICE_X9Y24          FDCE                                         r  system_i/hft_core/inst/u_core/u_market_sim/mid_price_reg[14][10]/C
                         clock pessimism              0.097    22.305    
                         clock uncertainty           -0.207    22.098    
    SLICE_X9Y24          FDCE (Recov_DFF_SLICEM_C_CLR)
                                                     -0.066    22.032    system_i/hft_core/inst/u_core/u_market_sim/mid_price_reg[14][10]
  -------------------------------------------------------------------
                         required time                         22.032    
                         arrival time                          -4.757    
  -------------------------------------------------------------------
                         slack                                 17.275    

Slack (MET) :             17.275ns  (required time - arrival time)
  Source:                 system_i/rst_sys/U0/ACTIVE_LOW_PR_OUT_DFF[0].FDRE_PER_N/C
                            (rising edge-triggered cell FDRE clocked by clk_pl_0  {rise@0.000ns fall@10.312ns period=20.625ns})
  Destination:            system_i/hft_core/inst/u_core/u_market_sim/mid_price_reg[6][10]/CLR
                            (recovery check against rising-edge clock clk_pl_0  {rise@0.000ns fall@10.312ns period=20.625ns})
  Path Group:             **async_default**
  Path Type:              Recovery (Max at Slow Process Corner)
  Requirement:            20.625ns  (clk_pl_0 rise@20.625ns - clk_pl_0 rise@0.000ns)
  Data Path Delay:        2.929ns  (logic 0.107ns (3.653%)  route 2.822ns (96.347%))
  Logic Levels:           1  (BUFGCE=1)
  Clock Path Skew:        -0.148ns (DCD - SCD + CPR)
    Destination Clock Delay (DCD):    1.585ns = ( 22.210 - 20.625 ) 
    Source Clock Delay      (SCD):    1.830ns
    Clock Pessimism Removal (CPR):    0.097ns
  Clock Uncertainty:      0.207ns  ((TSJ^2 + DJ^2)^1/2) / 2 + PE
    Total System Jitter     (TSJ):    0.071ns
    Discrete Jitter          (DJ):    0.409ns
    Phase Error              (PE):    0.000ns
  Clock Net Delay (Source):      1.631ns (routing 0.591ns, distribution 1.040ns)
  Clock Net Delay (Destination): 1.425ns (routing 0.533ns, distribution 0.892ns)

    Location             Delay type                Incr(ns)  Path(ns)    Netlist Resource(s)
  -------------------------------------------------------------------    -------------------
                         (clock clk_pl_0 rise edge)
                                                      0.000     0.000 r  
    PS8_X0Y0             PS8                          0.000     0.000 r  system_i/zynq_ps/inst/PS8_i/PLCLK[0]
                         net (fo=1, routed)           0.171     0.171    system_i/zynq_ps/inst/pl_clk_unbuffered[0]
    BUFG_PS_X0Y58        BUFG_PS (Prop_BUFG_PS_I_O)
                                                      0.028     0.199 r  system_i/zynq_ps/inst/buffer_pl_clk_0.PL_CLK_0_BUFG/O
    X0Y1 (CLOCK_ROOT)    net (fo=12182, routed)       1.631     1.830    system_i/rst_sys/U0/slowest_sync_clk
    SLICE_X3Y144         FDRE                                         r  system_i/rst_sys/U0/ACTIVE_LOW_PR_OUT_DFF[0].FDRE_PER_N/C
  -------------------------------------------------------------------    -------------------
    SLICE_X3Y144         FDRE (Prop_AFF_SLICEL_C_Q)
                                                      0.079     1.909 r  system_i/rst_sys/U0/ACTIVE_LOW_PR_OUT_DFF[0].FDRE_PER_N/Q
                         net (fo=1, routed)           1.314     3.223    system_i/rst_sys/U0/peripheral_aresetn[0]_bufg_place
    BUFGCE_X0Y50         BUFGCE (Prop_BUFCE_BUFGCE_I_O)
                                                      0.028     3.251 r  system_i/rst_sys/U0/ACTIVE_LOW_PR_OUT_DFF[0].FDRE_PER_N_bufg_place/O
                         net (fo=5910, routed)        1.508     4.759    system_i/hft_core/inst/u_core/u_market_sim/rst_n_0
    SLICE_X9Y23          FDCE                                         f  system_i/hft_core/inst/u_core/u_market_sim/mid_price_reg[6][10]/CLR  (IS_INVERTED)
  -------------------------------------------------------------------    -------------------

                         (clock clk_pl_0 rise edge)
                                                     20.625    20.625 r  
    PS8_X0Y0             PS8                          0.000    20.625 r  system_i/zynq_ps/inst/PS8_i/PLCLK[0]
                         net (fo=1, routed)           0.135    20.760    system_i/zynq_ps/inst/pl_clk_unbuffered[0]
    BUFG_PS_X0Y58        BUFG_PS (Prop_BUFG_PS_I_O)
                                                      0.025    20.785 r  system_i/zynq_ps/inst/buffer_pl_clk_0.PL_CLK_0_BUFG/O
    X0Y1 (CLOCK_ROOT)    net (fo=12182, routed)       1.425    22.210    system_i/hft_core/inst/u_core/u_market_sim/clk
    SLICE_X9Y23          FDCE                                         r  system_i/hft_core/inst/u_core/u_market_sim/mid_price_reg[6][10]/C
                         clock pessimism              0.097    22.307    
                         clock uncertainty           -0.207    22.100    
    SLICE_X9Y23          FDCE (Recov_DFF_SLICEM_C_CLR)
                                                     -0.066    22.034    system_i/hft_core/inst/u_core/u_market_sim/mid_price_reg[6][10]
  -------------------------------------------------------------------
                         required time                         22.034    
                         arrival time                          -4.759    
  -------------------------------------------------------------------
                         slack                                 17.275    

Slack (MET) :             17.276ns  (required time - arrival time)
  Source:                 system_i/rst_sys/U0/ACTIVE_LOW_PR_OUT_DFF[0].FDRE_PER_N/C
                            (rising edge-triggered cell FDRE clocked by clk_pl_0  {rise@0.000ns fall@10.312ns period=20.625ns})
  Destination:            system_i/hft_core/inst/u_core/u_market_sim/best_ask_reg[6][19]/CLR
                            (recovery check against rising-edge clock clk_pl_0  {rise@0.000ns fall@10.312ns period=20.625ns})
  Path Group:             **async_default**
  Path Type:              Recovery (Max at Slow Process Corner)
  Requirement:            20.625ns  (clk_pl_0 rise@20.625ns - clk_pl_0 rise@0.000ns)
  Data Path Delay:        2.917ns  (logic 0.107ns (3.668%)  route 2.810ns (96.332%))
  Logic Levels:           1  (BUFGCE=1)
  Clock Path Skew:        -0.159ns (DCD - SCD + CPR)
    Destination Clock Delay (DCD):    1.574ns = ( 22.199 - 20.625 ) 
    Source Clock Delay      (SCD):    1.830ns
    Clock Pessimism Removal (CPR):    0.097ns
  Clock Uncertainty:      0.207ns  ((TSJ^2 + DJ^2)^1/2) / 2 + PE
    Total System Jitter     (TSJ):    0.071ns
    Discrete Jitter          (DJ):    0.409ns
    Phase Error              (PE):    0.000ns
  Clock Net Delay (Source):      1.631ns (routing 0.591ns, distribution 1.040ns)
  Clock Net Delay (Destination): 1.414ns (routing 0.533ns, distribution 0.881ns)

    Location             Delay type                Incr(ns)  Path(ns)    Netlist Resource(s)
  -------------------------------------------------------------------    -------------------
                         (clock clk_pl_0 rise edge)
                                                      0.000     0.000 r  
    PS8_X0Y0             PS8                          0.000     0.000 r  system_i/zynq_ps/inst/PS8_i/PLCLK[0]
                         net (fo=1, routed)           0.171     0.171    system_i/zynq_ps/inst/pl_clk_unbuffered[0]
    BUFG_PS_X0Y58        BUFG_PS (Prop_BUFG_PS_I_O)
                                                      0.028     0.199 r  system_i/zynq_ps/inst/buffer_pl_clk_0.PL_CLK_0_BUFG/O
    X0Y1 (CLOCK_ROOT)    net (fo=12182, routed)       1.631     1.830    system_i/rst_sys/U0/slowest_sync_clk
    SLICE_X3Y144         FDRE                                         r  system_i/rst_sys/U0/ACTIVE_LOW_PR_OUT_DFF[0].FDRE_PER_N/C
  -------------------------------------------------------------------    -------------------
    SLICE_X3Y144         FDRE (Prop_AFF_SLICEL_C_Q)
                                                      0.079     1.909 r  system_i/rst_sys/U0/ACTIVE_LOW_PR_OUT_DFF[0].FDRE_PER_N/Q
                         net (fo=1, routed)           1.314     3.223    system_i/rst_sys/U0/peripheral_aresetn[0]_bufg_place
    BUFGCE_X0Y50         BUFGCE (Prop_BUFCE_BUFGCE_I_O)
                                                      0.028     3.251 r  system_i/rst_sys/U0/ACTIVE_LOW_PR_OUT_DFF[0].FDRE_PER_N_bufg_place/O
                         net (fo=5910, routed)        1.496     4.747    system_i/hft_core/inst/u_core/u_market_sim/rst_n_0
    SLICE_X9Y31          FDCE                                         f  system_i/hft_core/inst/u_core/u_market_sim/best_ask_reg[6][19]/CLR  (IS_INVERTED)
  -------------------------------------------------------------------    -------------------

                         (clock clk_pl_0 rise edge)
                                                     20.625    20.625 r  
    PS8_X0Y0             PS8                          0.000    20.625 r  system_i/zynq_ps/inst/PS8_i/PLCLK[0]
                         net (fo=1, routed)           0.135    20.760    system_i/zynq_ps/inst/pl_clk_unbuffered[0]
    BUFG_PS_X0Y58        BUFG_PS (Prop_BUFG_PS_I_O)
                                                      0.025    20.785 r  system_i/zynq_ps/inst/buffer_pl_clk_0.PL_CLK_0_BUFG/O
    X0Y1 (CLOCK_ROOT)    net (fo=12182, routed)       1.414    22.199    system_i/hft_core/inst/u_core/u_market_sim/clk
    SLICE_X9Y31          FDCE                                         r  system_i/hft_core/inst/u_core/u_market_sim/best_ask_reg[6][19]/C
                         clock pessimism              0.097    22.296    
                         clock uncertainty           -0.207    22.089    
    SLICE_X9Y31          FDCE (Recov_DFF_SLICEM_C_CLR)
                                                     -0.066    22.023    system_i/hft_core/inst/u_core/u_market_sim/best_ask_reg[6][19]
  -------------------------------------------------------------------
                         required time                         22.023    
                         arrival time                          -4.747    
  -------------------------------------------------------------------
                         slack                                 17.276    

Slack (MET) :             17.276ns  (required time - arrival time)
  Source:                 system_i/rst_sys/U0/ACTIVE_LOW_PR_OUT_DFF[0].FDRE_PER_N/C
                            (rising edge-triggered cell FDRE clocked by clk_pl_0  {rise@0.000ns fall@10.312ns period=20.625ns})
  Destination:            system_i/hft_core/inst/u_core/u_market_sim/best_bid_reg[6][16]/CLR
                            (recovery check against rising-edge clock clk_pl_0  {rise@0.000ns fall@10.312ns period=20.625ns})
  Path Group:             **async_default**
  Path Type:              Recovery (Max at Slow Process Corner)
  Requirement:            20.625ns  (clk_pl_0 rise@20.625ns - clk_pl_0 rise@0.000ns)
  Data Path Delay:        2.926ns  (logic 0.107ns (3.657%)  route 2.819ns (96.343%))
  Logic Levels:           1  (BUFGCE=1)
  Clock Path Skew:        -0.150ns (DCD - SCD + CPR)
    Destination Clock Delay (DCD):    1.583ns = ( 22.208 - 20.625 ) 
    Source Clock Delay      (SCD):    1.830ns
    Clock Pessimism Removal (CPR):    0.097ns
  Clock Uncertainty:      0.207ns  ((TSJ^2 + DJ^2)^1/2) / 2 + PE
    Total System Jitter     (TSJ):    0.071ns
    Discrete Jitter          (DJ):    0.409ns
    Phase Error              (PE):    0.000ns
  Clock Net Delay (Source):      1.631ns (routing 0.591ns, distribution 1.040ns)
  Clock Net Delay (Destination): 1.423ns (routing 0.533ns, distribution 0.890ns)

    Location             Delay type                Incr(ns)  Path(ns)    Netlist Resource(s)
  -------------------------------------------------------------------    -------------------
                         (clock clk_pl_0 rise edge)
                                                      0.000     0.000 r  
    PS8_X0Y0             PS8                          0.000     0.000 r  system_i/zynq_ps/inst/PS8_i/PLCLK[0]
                         net (fo=1, routed)           0.171     0.171    system_i/zynq_ps/inst/pl_clk_unbuffered[0]
    BUFG_PS_X0Y58        BUFG_PS (Prop_BUFG_PS_I_O)
                                                      0.028     0.199 r  system_i/zynq_ps/inst/buffer_pl_clk_0.PL_CLK_0_BUFG/O
    X0Y1 (CLOCK_ROOT)    net (fo=12182, routed)       1.631     1.830    system_i/rst_sys/U0/slowest_sync_clk
    SLICE_X3Y144         FDRE                                         r  system_i/rst_sys/U0/ACTIVE_LOW_PR_OUT_DFF[0].FDRE_PER_N/C
  -------------------------------------------------------------------    -------------------
    SLICE_X3Y144         FDRE (Prop_AFF_SLICEL_C_Q)
                                                      0.079     1.909 r  system_i/rst_sys/U0/ACTIVE_LOW_PR_OUT_DFF[0].FDRE_PER_N/Q
                         net (fo=1, routed)           1.314     3.223    system_i/rst_sys/U0/peripheral_aresetn[0]_bufg_place
    BUFGCE_X0Y50         BUFGCE (Prop_BUFCE_BUFGCE_I_O)
                                                      0.028     3.251 r  system_i/rst_sys/U0/ACTIVE_LOW_PR_OUT_DFF[0].FDRE_PER_N_bufg_place/O
                         net (fo=5910, routed)        1.505     4.756    system_i/hft_core/inst/u_core/u_market_sim/rst_n_0
    SLICE_X9Y38          FDCE                                         f  system_i/hft_core/inst/u_core/u_market_sim/best_bid_reg[6][16]/CLR  (IS_INVERTED)
  -------------------------------------------------------------------    -------------------

                         (clock clk_pl_0 rise edge)
                                                     20.625    20.625 r  
    PS8_X0Y0             PS8                          0.000    20.625 r  system_i/zynq_ps/inst/PS8_i/PLCLK[0]
                         net (fo=1, routed)           0.135    20.760    system_i/zynq_ps/inst/pl_clk_unbuffered[0]
    BUFG_PS_X0Y58        BUFG_PS (Prop_BUFG_PS_I_O)
                                                      0.025    20.785 r  system_i/zynq_ps/inst/buffer_pl_clk_0.PL_CLK_0_BUFG/O
    X0Y1 (CLOCK_ROOT)    net (fo=12182, routed)       1.423    22.208    system_i/hft_core/inst/u_core/u_market_sim/clk
    SLICE_X9Y38          FDCE                                         r  system_i/hft_core/inst/u_core/u_market_sim/best_bid_reg[6][16]/C
                         clock pessimism              0.097    22.305    
                         clock uncertainty           -0.207    22.098    
    SLICE_X9Y38          FDCE (Recov_BFF_SLICEM_C_CLR)
                                                     -0.066    22.032    system_i/hft_core/inst/u_core/u_market_sim/best_bid_reg[6][16]
  -------------------------------------------------------------------
                         required time                         22.032    
                         arrival time                          -4.756    
  -------------------------------------------------------------------
                         slack                                 17.276    

Slack (MET) :             17.276ns  (required time - arrival time)
  Source:                 system_i/rst_sys/U0/ACTIVE_LOW_PR_OUT_DFF[0].FDRE_PER_N/C
                            (rising edge-triggered cell FDRE clocked by clk_pl_0  {rise@0.000ns fall@10.312ns period=20.625ns})
  Destination:            system_i/hft_core/inst/u_core/u_market_sim/best_bid_reg[6][20]/CLR
                            (recovery check against rising-edge clock clk_pl_0  {rise@0.000ns fall@10.312ns period=20.625ns})
  Path Group:             **async_default**
  Path Type:              Recovery (Max at Slow Process Corner)
  Requirement:            20.625ns  (clk_pl_0 rise@20.625ns - clk_pl_0 rise@0.000ns)
  Data Path Delay:        2.926ns  (logic 0.107ns (3.657%)  route 2.819ns (96.343%))
  Logic Levels:           1  (BUFGCE=1)
  Clock Path Skew:        -0.150ns (DCD - SCD + CPR)
    Destination Clock Delay (DCD):    1.583ns = ( 22.208 - 20.625 ) 
    Source Clock Delay      (SCD):    1.830ns
    Clock Pessimism Removal (CPR):    0.097ns
  Clock Uncertainty:      0.207ns  ((TSJ^2 + DJ^2)^1/2) / 2 + PE
    Total System Jitter     (TSJ):    0.071ns
    Discrete Jitter          (DJ):    0.409ns
    Phase Error              (PE):    0.000ns
  Clock Net Delay (Source):      1.631ns (routing 0.591ns, distribution 1.040ns)
  Clock Net Delay (Destination): 1.423ns (routing 0.533ns, distribution 0.890ns)

    Location             Delay type                Incr(ns)  Path(ns)    Netlist Resource(s)
  -------------------------------------------------------------------    -------------------
                         (clock clk_pl_0 rise edge)
                                                      0.000     0.000 r  
    PS8_X0Y0             PS8                          0.000     0.000 r  system_i/zynq_ps/inst/PS8_i/PLCLK[0]
                         net (fo=1, routed)           0.171     0.171    system_i/zynq_ps/inst/pl_clk_unbuffered[0]
    BUFG_PS_X0Y58        BUFG_PS (Prop_BUFG_PS_I_O)
                                                      0.028     0.199 r  system_i/zynq_ps/inst/buffer_pl_clk_0.PL_CLK_0_BUFG/O
    X0Y1 (CLOCK_ROOT)    net (fo=12182, routed)       1.631     1.830    system_i/rst_sys/U0/slowest_sync_clk
    SLICE_X3Y144         FDRE                                         r  system_i/rst_sys/U0/ACTIVE_LOW_PR_OUT_DFF[0].FDRE_PER_N/C
  -------------------------------------------------------------------    -------------------
    SLICE_X3Y144         FDRE (Prop_AFF_SLICEL_C_Q)
                                                      0.079     1.909 r  system_i/rst_sys/U0/ACTIVE_LOW_PR_OUT_DFF[0].FDRE_PER_N/Q
                         net (fo=1, routed)           1.314     3.223    system_i/rst_sys/U0/peripheral_aresetn[0]_bufg_place
    BUFGCE_X0Y50         BUFGCE (Prop_BUFCE_BUFGCE_I_O)
                                                      0.028     3.251 r  system_i/rst_sys/U0/ACTIVE_LOW_PR_OUT_DFF[0].FDRE_PER_N_bufg_place/O
                         net (fo=5910, routed)        1.505     4.756    system_i/hft_core/inst/u_core/u_market_sim/rst_n_0
    SLICE_X9Y38          FDCE                                         f  system_i/hft_core/inst/u_core/u_market_sim/best_bid_reg[6][20]/CLR  (IS_INVERTED)
  -------------------------------------------------------------------    -------------------

                         (clock clk_pl_0 rise edge)
                                                     20.625    20.625 r  
    PS8_X0Y0             PS8                          0.000    20.625 r  system_i/zynq_ps/inst/PS8_i/PLCLK[0]
                         net (fo=1, routed)           0.135    20.760    system_i/zynq_ps/inst/pl_clk_unbuffered[0]
    BUFG_PS_X0Y58        BUFG_PS (Prop_BUFG_PS_I_O)
                                                      0.025    20.785 r  system_i/zynq_ps/inst/buffer_pl_clk_0.PL_CLK_0_BUFG/O
    X0Y1 (CLOCK_ROOT)    net (fo=12182, routed)       1.423    22.208    system_i/hft_core/inst/u_core/u_market_sim/clk
    SLICE_X9Y38          FDCE                                         r  system_i/hft_core/inst/u_core/u_market_sim/best_bid_reg[6][20]/C
                         clock pessimism              0.097    22.305    
                         clock uncertainty           -0.207    22.098    
    SLICE_X9Y38          FDCE (Recov_AFF_SLICEM_C_CLR)
                                                     -0.066    22.032    system_i/hft_core/inst/u_core/u_market_sim/best_bid_reg[6][20]
  -------------------------------------------------------------------
                         required time                         22.032    
                         arrival time                          -4.756    
  -------------------------------------------------------------------
                         slack                                 17.276    

Slack (MET) :             17.276ns  (required time - arrival time)
  Source:                 system_i/rst_sys/U0/ACTIVE_LOW_PR_OUT_DFF[0].FDRE_PER_N/C
                            (rising edge-triggered cell FDRE clocked by clk_pl_0  {rise@0.000ns fall@10.312ns period=20.625ns})
  Destination:            system_i/hft_core/inst/u_core/u_market_sim/quote_frame_hold_reg[58]/CLR
                            (recovery check against rising-edge clock clk_pl_0  {rise@0.000ns fall@10.312ns period=20.625ns})
  Path Group:             **async_default**
  Path Type:              Recovery (Max at Slow Process Corner)
  Requirement:            20.625ns  (clk_pl_0 rise@20.625ns - clk_pl_0 rise@0.000ns)
  Data Path Delay:        2.918ns  (logic 0.107ns (3.667%)  route 2.811ns (96.333%))
  Logic Levels:           1  (BUFGCE=1)
  Clock Path Skew:        -0.158ns (DCD - SCD + CPR)
    Destination Clock Delay (DCD):    1.575ns = ( 22.200 - 20.625 ) 
    Source Clock Delay      (SCD):    1.830ns
    Clock Pessimism Removal (CPR):    0.097ns
  Clock Uncertainty:      0.207ns  ((TSJ^2 + DJ^2)^1/2) / 2 + PE
    Total System Jitter     (TSJ):    0.071ns
    Discrete Jitter          (DJ):    0.409ns
    Phase Error              (PE):    0.000ns
  Clock Net Delay (Source):      1.631ns (routing 0.591ns, distribution 1.040ns)
  Clock Net Delay (Destination): 1.415ns (routing 0.533ns, distribution 0.882ns)

    Location             Delay type                Incr(ns)  Path(ns)    Netlist Resource(s)
  -------------------------------------------------------------------    -------------------
                         (clock clk_pl_0 rise edge)
                                                      0.000     0.000 r  
    PS8_X0Y0             PS8                          0.000     0.000 r  system_i/zynq_ps/inst/PS8_i/PLCLK[0]
                         net (fo=1, routed)           0.171     0.171    system_i/zynq_ps/inst/pl_clk_unbuffered[0]
    BUFG_PS_X0Y58        BUFG_PS (Prop_BUFG_PS_I_O)
                                                      0.028     0.199 r  system_i/zynq_ps/inst/buffer_pl_clk_0.PL_CLK_0_BUFG/O
    X0Y1 (CLOCK_ROOT)    net (fo=12182, routed)       1.631     1.830    system_i/rst_sys/U0/slowest_sync_clk
    SLICE_X3Y144         FDRE                                         r  system_i/rst_sys/U0/ACTIVE_LOW_PR_OUT_DFF[0].FDRE_PER_N/C
  -------------------------------------------------------------------    -------------------
    SLICE_X3Y144         FDRE (Prop_AFF_SLICEL_C_Q)
                                                      0.079     1.909 r  system_i/rst_sys/U0/ACTIVE_LOW_PR_OUT_DFF[0].FDRE_PER_N/Q
                         net (fo=1, routed)           1.314     3.223    system_i/rst_sys/U0/peripheral_aresetn[0]_bufg_place
    BUFGCE_X0Y50         BUFGCE (Prop_BUFCE_BUFGCE_I_O)
                                                      0.028     3.251 r  system_i/rst_sys/U0/ACTIVE_LOW_PR_OUT_DFF[0].FDRE_PER_N_bufg_place/O
                         net (fo=5910, routed)        1.497     4.748    system_i/hft_core/inst/u_core/u_market_sim/rst_n_0
    SLICE_X9Y32          FDCE                                         f  system_i/hft_core/inst/u_core/u_market_sim/quote_frame_hold_reg[58]/CLR  (IS_INVERTED)
  -------------------------------------------------------------------    -------------------

                         (clock clk_pl_0 rise edge)
                                                     20.625    20.625 r  
    PS8_X0Y0             PS8                          0.000    20.625 r  system_i/zynq_ps/inst/PS8_i/PLCLK[0]
                         net (fo=1, routed)           0.135    20.760    system_i/zynq_ps/inst/pl_clk_unbuffered[0]
    BUFG_PS_X0Y58        BUFG_PS (Prop_BUFG_PS_I_O)
                                                      0.025    20.785 r  system_i/zynq_ps/inst/buffer_pl_clk_0.PL_CLK_0_BUFG/O
    X0Y1 (CLOCK_ROOT)    net (fo=12182, routed)       1.415    22.200    system_i/hft_core/inst/u_core/u_market_sim/clk
    SLICE_X9Y32          FDCE                                         r  system_i/hft_core/inst/u_core/u_market_sim/quote_frame_hold_reg[58]/C
                         clock pessimism              0.097    22.297    
                         clock uncertainty           -0.207    22.090    
    SLICE_X9Y32          FDCE (Recov_DFF_SLICEM_C_CLR)
                                                     -0.066    22.024    system_i/hft_core/inst/u_core/u_market_sim/quote_frame_hold_reg[58]
  -------------------------------------------------------------------
                         required time                         22.024    
                         arrival time                          -4.748    
  -------------------------------------------------------------------
                         slack                                 17.276    





Min Delay Paths
--------------------------------------------------------------------------------------
Slack (MET) :             1.241ns  (arrival time - required time)
  Source:                 system_i/rst_sys/U0/ACTIVE_LOW_PR_OUT_DFF[0].FDRE_PER_N/C
                            (rising edge-triggered cell FDRE clocked by clk_pl_0  {rise@0.000ns fall@10.312ns period=20.625ns})
  Destination:            system_i/hft_core/inst/u_core/u_market_sim/u_market_noise_gen/sym_drift_q16_16_reg[8][10]/CLR
                            (removal check against rising-edge clock clk_pl_0  {rise@0.000ns fall@10.312ns period=20.625ns})
  Path Group:             **async_default**
  Path Type:              Removal (Min at Fast Process Corner)
  Requirement:            0.000ns  (clk_pl_0 rise@0.000ns - clk_pl_0 rise@0.000ns)
  Data Path Delay:        1.354ns  (logic 0.056ns (4.137%)  route 1.298ns (95.863%))
  Logic Levels:           1  (BUFGCE=1)
  Clock Path Skew:        0.132ns (DCD - SCD - CPR)
    Destination Clock Delay (DCD):    1.242ns
    Source Clock Delay      (SCD):    1.007ns
    Clock Pessimism Removal (CPR):    0.104ns
  Clock Net Delay (Source):      0.896ns (routing 0.324ns, distribution 0.572ns)
  Clock Net Delay (Destination): 1.104ns (routing 0.365ns, distribution 0.739ns)

    Location             Delay type                Incr(ns)  Path(ns)    Netlist Resource(s)
  -------------------------------------------------------------------    -------------------
                         (clock clk_pl_0 rise edge)
                                                      0.000     0.000 r  
    PS8_X0Y0             PS8                          0.000     0.000 r  system_i/zynq_ps/inst/PS8_i/PLCLK[0]
                         net (fo=1, routed)           0.094     0.094    system_i/zynq_ps/inst/pl_clk_unbuffered[0]
    BUFG_PS_X0Y58        BUFG_PS (Prop_BUFG_PS_I_O)
                                                      0.017     0.111 r  system_i/zynq_ps/inst/buffer_pl_clk_0.PL_CLK_0_BUFG/O
    X0Y1 (CLOCK_ROOT)    net (fo=12182, routed)       0.896     1.007    system_i/rst_sys/U0/slowest_sync_clk
    SLICE_X3Y144         FDRE                                         r  system_i/rst_sys/U0/ACTIVE_LOW_PR_OUT_DFF[0].FDRE_PER_N/C
  -------------------------------------------------------------------    -------------------
    SLICE_X3Y144         FDRE (Prop_AFF_SLICEL_C_Q)
                                                      0.039     1.046 r  system_i/rst_sys/U0/ACTIVE_LOW_PR_OUT_DFF[0].FDRE_PER_N/Q
                         net (fo=1, routed)           0.686     1.732    system_i/rst_sys/U0/peripheral_aresetn[0]_bufg_place
    BUFGCE_X0Y50         BUFGCE (Prop_BUFCE_BUFGCE_I_O)
                                                      0.017     1.749 r  system_i/rst_sys/U0/ACTIVE_LOW_PR_OUT_DFF[0].FDRE_PER_N_bufg_place/O
                         net (fo=5910, routed)        0.612     2.360    system_i/hft_core/inst/u_core/u_market_sim/u_market_noise_gen/rst_n_0
    SLICE_X36Y123        FDCE                                         f  system_i/hft_core/inst/u_core/u_market_sim/u_market_noise_gen/sym_drift_q16_16_reg[8][10]/CLR  (IS_INVERTED)
  -------------------------------------------------------------------    -------------------

                         (clock clk_pl_0 rise edge)
                                                      0.000     0.000 r  
    PS8_X0Y0             PS8                          0.000     0.000 r  system_i/zynq_ps/inst/PS8_i/PLCLK[0]
                         net (fo=1, routed)           0.120     0.120    system_i/zynq_ps/inst/pl_clk_unbuffered[0]
    BUFG_PS_X0Y58        BUFG_PS (Prop_BUFG_PS_I_O)
                                                      0.018     0.138 r  system_i/zynq_ps/inst/buffer_pl_clk_0.PL_CLK_0_BUFG/O
    X0Y1 (CLOCK_ROOT)    net (fo=12182, routed)       1.104     1.242    system_i/hft_core/inst/u_core/u_market_sim/u_market_noise_gen/clk
    SLICE_X36Y123        FDCE                                         r  system_i/hft_core/inst/u_core/u_market_sim/u_market_noise_gen/sym_drift_q16_16_reg[8][10]/C
                         clock pessimism             -0.104     1.139    
    SLICE_X36Y123        FDCE (Remov_HFF_SLICEL_C_CLR)
                                                     -0.020     1.119    system_i/hft_core/inst/u_core/u_market_sim/u_market_noise_gen/sym_drift_q16_16_reg[8][10]
  -------------------------------------------------------------------
                         required time                         -1.119    
                         arrival time                           2.360    
  -------------------------------------------------------------------
                         slack                                  1.241    

Slack (MET) :             1.241ns  (arrival time - required time)
  Source:                 system_i/rst_sys/U0/ACTIVE_LOW_PR_OUT_DFF[0].FDRE_PER_N/C
                            (rising edge-triggered cell FDRE clocked by clk_pl_0  {rise@0.000ns fall@10.312ns period=20.625ns})
  Destination:            system_i/hft_core/inst/u_core/u_market_sim/u_market_noise_gen/sym_drift_q16_16_reg[8][11]/CLR
                            (removal check against rising-edge clock clk_pl_0  {rise@0.000ns fall@10.312ns period=20.625ns})
  Path Group:             **async_default**
  Path Type:              Removal (Min at Fast Process Corner)
  Requirement:            0.000ns  (clk_pl_0 rise@0.000ns - clk_pl_0 rise@0.000ns)
  Data Path Delay:        1.354ns  (logic 0.056ns (4.137%)  route 1.298ns (95.863%))
  Logic Levels:           1  (BUFGCE=1)
  Clock Path Skew:        0.132ns (DCD - SCD - CPR)
    Destination Clock Delay (DCD):    1.242ns
    Source Clock Delay      (SCD):    1.007ns
    Clock Pessimism Removal (CPR):    0.104ns
  Clock Net Delay (Source):      0.896ns (routing 0.324ns, distribution 0.572ns)
  Clock Net Delay (Destination): 1.104ns (routing 0.365ns, distribution 0.739ns)

    Location             Delay type                Incr(ns)  Path(ns)    Netlist Resource(s)
  -------------------------------------------------------------------    -------------------
                         (clock clk_pl_0 rise edge)
                                                      0.000     0.000 r  
    PS8_X0Y0             PS8                          0.000     0.000 r  system_i/zynq_ps/inst/PS8_i/PLCLK[0]
                         net (fo=1, routed)           0.094     0.094    system_i/zynq_ps/inst/pl_clk_unbuffered[0]
    BUFG_PS_X0Y58        BUFG_PS (Prop_BUFG_PS_I_O)
                                                      0.017     0.111 r  system_i/zynq_ps/inst/buffer_pl_clk_0.PL_CLK_0_BUFG/O
    X0Y1 (CLOCK_ROOT)    net (fo=12182, routed)       0.896     1.007    system_i/rst_sys/U0/slowest_sync_clk
    SLICE_X3Y144         FDRE                                         r  system_i/rst_sys/U0/ACTIVE_LOW_PR_OUT_DFF[0].FDRE_PER_N/C
  -------------------------------------------------------------------    -------------------
    SLICE_X3Y144         FDRE (Prop_AFF_SLICEL_C_Q)
                                                      0.039     1.046 r  system_i/rst_sys/U0/ACTIVE_LOW_PR_OUT_DFF[0].FDRE_PER_N/Q
                         net (fo=1, routed)           0.686     1.732    system_i/rst_sys/U0/peripheral_aresetn[0]_bufg_place
    BUFGCE_X0Y50         BUFGCE (Prop_BUFCE_BUFGCE_I_O)
                                                      0.017     1.749 r  system_i/rst_sys/U0/ACTIVE_LOW_PR_OUT_DFF[0].FDRE_PER_N_bufg_place/O
                         net (fo=5910, routed)        0.612     2.360    system_i/hft_core/inst/u_core/u_market_sim/u_market_noise_gen/rst_n_0
    SLICE_X36Y123        FDCE                                         f  system_i/hft_core/inst/u_core/u_market_sim/u_market_noise_gen/sym_drift_q16_16_reg[8][11]/CLR  (IS_INVERTED)
  -------------------------------------------------------------------    -------------------

                         (clock clk_pl_0 rise edge)
                                                      0.000     0.000 r  
    PS8_X0Y0             PS8                          0.000     0.000 r  system_i/zynq_ps/inst/PS8_i/PLCLK[0]
                         net (fo=1, routed)           0.120     0.120    system_i/zynq_ps/inst/pl_clk_unbuffered[0]
    BUFG_PS_X0Y58        BUFG_PS (Prop_BUFG_PS_I_O)
                                                      0.018     0.138 r  system_i/zynq_ps/inst/buffer_pl_clk_0.PL_CLK_0_BUFG/O
    X0Y1 (CLOCK_ROOT)    net (fo=12182, routed)       1.104     1.242    system_i/hft_core/inst/u_core/u_market_sim/u_market_noise_gen/clk
    SLICE_X36Y123        FDCE                                         r  system_i/hft_core/inst/u_core/u_market_sim/u_market_noise_gen/sym_drift_q16_16_reg[8][11]/C
                         clock pessimism             -0.104     1.139    
    SLICE_X36Y123        FDCE (Remov_HFF2_SLICEL_C_CLR)
                                                     -0.020     1.119    system_i/hft_core/inst/u_core/u_market_sim/u_market_noise_gen/sym_drift_q16_16_reg[8][11]
  -------------------------------------------------------------------
                         required time                         -1.119    
                         arrival time                           2.360    
  -------------------------------------------------------------------
                         slack                                  1.241    

Slack (MET) :             1.245ns  (arrival time - required time)
  Source:                 system_i/rst_sys/U0/ACTIVE_LOW_PR_OUT_DFF[0].FDRE_PER_N/C
                            (rising edge-triggered cell FDRE clocked by clk_pl_0  {rise@0.000ns fall@10.312ns period=20.625ns})
  Destination:            system_i/hft_core/inst/u_core/u_market_sim/u_market_noise_gen/sym_drift_q16_16_reg[8][4]/CLR
                            (removal check against rising-edge clock clk_pl_0  {rise@0.000ns fall@10.312ns period=20.625ns})
  Path Group:             **async_default**
  Path Type:              Removal (Min at Fast Process Corner)
  Requirement:            0.000ns  (clk_pl_0 rise@0.000ns - clk_pl_0 rise@0.000ns)
  Data Path Delay:        1.354ns  (logic 0.056ns (4.137%)  route 1.298ns (95.863%))
  Logic Levels:           1  (BUFGCE=1)
  Clock Path Skew:        0.128ns (DCD - SCD - CPR)
    Destination Clock Delay (DCD):    1.238ns
    Source Clock Delay      (SCD):    1.007ns
    Clock Pessimism Removal (CPR):    0.104ns
  Clock Net Delay (Source):      0.896ns (routing 0.324ns, distribution 0.572ns)
  Clock Net Delay (Destination): 1.100ns (routing 0.365ns, distribution 0.735ns)

    Location             Delay type                Incr(ns)  Path(ns)    Netlist Resource(s)
  -------------------------------------------------------------------    -------------------
                         (clock clk_pl_0 rise edge)
                                                      0.000     0.000 r  
    PS8_X0Y0             PS8                          0.000     0.000 r  system_i/zynq_ps/inst/PS8_i/PLCLK[0]
                         net (fo=1, routed)           0.094     0.094    system_i/zynq_ps/inst/pl_clk_unbuffered[0]
    BUFG_PS_X0Y58        BUFG_PS (Prop_BUFG_PS_I_O)
                                                      0.017     0.111 r  system_i/zynq_ps/inst/buffer_pl_clk_0.PL_CLK_0_BUFG/O
    X0Y1 (CLOCK_ROOT)    net (fo=12182, routed)       0.896     1.007    system_i/rst_sys/U0/slowest_sync_clk
    SLICE_X3Y144         FDRE                                         r  system_i/rst_sys/U0/ACTIVE_LOW_PR_OUT_DFF[0].FDRE_PER_N/C
  -------------------------------------------------------------------    -------------------
    SLICE_X3Y144         FDRE (Prop_AFF_SLICEL_C_Q)
                                                      0.039     1.046 r  system_i/rst_sys/U0/ACTIVE_LOW_PR_OUT_DFF[0].FDRE_PER_N/Q
                         net (fo=1, routed)           0.686     1.732    system_i/rst_sys/U0/peripheral_aresetn[0]_bufg_place
    BUFGCE_X0Y50         BUFGCE (Prop_BUFCE_BUFGCE_I_O)
                                                      0.017     1.749 r  system_i/rst_sys/U0/ACTIVE_LOW_PR_OUT_DFF[0].FDRE_PER_N_bufg_place/O
                         net (fo=5910, routed)        0.612     2.360    system_i/hft_core/inst/u_core/u_market_sim/u_market_noise_gen/rst_n_0
    SLICE_X36Y123        FDCE                                         f  system_i/hft_core/inst/u_core/u_market_sim/u_market_noise_gen/sym_drift_q16_16_reg[8][4]/CLR  (IS_INVERTED)
  -------------------------------------------------------------------    -------------------

                         (clock clk_pl_0 rise edge)
                                                      0.000     0.000 r  
    PS8_X0Y0             PS8                          0.000     0.000 r  system_i/zynq_ps/inst/PS8_i/PLCLK[0]
                         net (fo=1, routed)           0.120     0.120    system_i/zynq_ps/inst/pl_clk_unbuffered[0]
    BUFG_PS_X0Y58        BUFG_PS (Prop_BUFG_PS_I_O)
                                                      0.018     0.138 r  system_i/zynq_ps/inst/buffer_pl_clk_0.PL_CLK_0_BUFG/O
    X0Y1 (CLOCK_ROOT)    net (fo=12182, routed)       1.100     1.238    system_i/hft_core/inst/u_core/u_market_sim/u_market_noise_gen/clk
    SLICE_X36Y123        FDCE                                         r  system_i/hft_core/inst/u_core/u_market_sim/u_market_noise_gen/sym_drift_q16_16_reg[8][4]/C
                         clock pessimism             -0.104     1.135    
    SLICE_X36Y123        FDCE (Remov_DFF_SLICEL_C_CLR)
                                                     -0.020     1.115    system_i/hft_core/inst/u_core/u_market_sim/u_market_noise_gen/sym_drift_q16_16_reg[8][4]
  -------------------------------------------------------------------
                         required time                         -1.115    
                         arrival time                           2.360    
  -------------------------------------------------------------------
                         slack                                  1.245    

Slack (MET) :             1.245ns  (arrival time - required time)
  Source:                 system_i/rst_sys/U0/ACTIVE_LOW_PR_OUT_DFF[0].FDRE_PER_N/C
                            (rising edge-triggered cell FDRE clocked by clk_pl_0  {rise@0.000ns fall@10.312ns period=20.625ns})
  Destination:            system_i/hft_core/inst/u_core/u_market_sim/u_market_noise_gen/sym_drift_q16_16_reg[8][5]/CLR
                            (removal check against rising-edge clock clk_pl_0  {rise@0.000ns fall@10.312ns period=20.625ns})
  Path Group:             **async_default**
  Path Type:              Removal (Min at Fast Process Corner)
  Requirement:            0.000ns  (clk_pl_0 rise@0.000ns - clk_pl_0 rise@0.000ns)
  Data Path Delay:        1.354ns  (logic 0.056ns (4.137%)  route 1.298ns (95.863%))
  Logic Levels:           1  (BUFGCE=1)
  Clock Path Skew:        0.128ns (DCD - SCD - CPR)
    Destination Clock Delay (DCD):    1.238ns
    Source Clock Delay      (SCD):    1.007ns
    Clock Pessimism Removal (CPR):    0.104ns
  Clock Net Delay (Source):      0.896ns (routing 0.324ns, distribution 0.572ns)
  Clock Net Delay (Destination): 1.100ns (routing 0.365ns, distribution 0.735ns)

    Location             Delay type                Incr(ns)  Path(ns)    Netlist Resource(s)
  -------------------------------------------------------------------    -------------------
                         (clock clk_pl_0 rise edge)
                                                      0.000     0.000 r  
    PS8_X0Y0             PS8                          0.000     0.000 r  system_i/zynq_ps/inst/PS8_i/PLCLK[0]
                         net (fo=1, routed)           0.094     0.094    system_i/zynq_ps/inst/pl_clk_unbuffered[0]
    BUFG_PS_X0Y58        BUFG_PS (Prop_BUFG_PS_I_O)
                                                      0.017     0.111 r  system_i/zynq_ps/inst/buffer_pl_clk_0.PL_CLK_0_BUFG/O
    X0Y1 (CLOCK_ROOT)    net (fo=12182, routed)       0.896     1.007    system_i/rst_sys/U0/slowest_sync_clk
    SLICE_X3Y144         FDRE                                         r  system_i/rst_sys/U0/ACTIVE_LOW_PR_OUT_DFF[0].FDRE_PER_N/C
  -------------------------------------------------------------------    -------------------
    SLICE_X3Y144         FDRE (Prop_AFF_SLICEL_C_Q)
                                                      0.039     1.046 r  system_i/rst_sys/U0/ACTIVE_LOW_PR_OUT_DFF[0].FDRE_PER_N/Q
                         net (fo=1, routed)           0.686     1.732    system_i/rst_sys/U0/peripheral_aresetn[0]_bufg_place
    BUFGCE_X0Y50         BUFGCE (Prop_BUFCE_BUFGCE_I_O)
                                                      0.017     1.749 r  system_i/rst_sys/U0/ACTIVE_LOW_PR_OUT_DFF[0].FDRE_PER_N_bufg_place/O
                         net (fo=5910, routed)        0.612     2.360    system_i/hft_core/inst/u_core/u_market_sim/u_market_noise_gen/rst_n_0
    SLICE_X36Y123        FDCE                                         f  system_i/hft_core/inst/u_core/u_market_sim/u_market_noise_gen/sym_drift_q16_16_reg[8][5]/CLR  (IS_INVERTED)
  -------------------------------------------------------------------    -------------------

                         (clock clk_pl_0 rise edge)
                                                      0.000     0.000 r  
    PS8_X0Y0             PS8                          0.000     0.000 r  system_i/zynq_ps/inst/PS8_i/PLCLK[0]
                         net (fo=1, routed)           0.120     0.120    system_i/zynq_ps/inst/pl_clk_unbuffered[0]
    BUFG_PS_X0Y58        BUFG_PS (Prop_BUFG_PS_I_O)
                                                      0.018     0.138 r  system_i/zynq_ps/inst/buffer_pl_clk_0.PL_CLK_0_BUFG/O
    X0Y1 (CLOCK_ROOT)    net (fo=12182, routed)       1.100     1.238    system_i/hft_core/inst/u_core/u_market_sim/u_market_noise_gen/clk
    SLICE_X36Y123        FDCE                                         r  system_i/hft_core/inst/u_core/u_market_sim/u_market_noise_gen/sym_drift_q16_16_reg[8][5]/C
                         clock pessimism             -0.104     1.135    
    SLICE_X36Y123        FDCE (Remov_DFF2_SLICEL_C_CLR)
                                                     -0.020     1.115    system_i/hft_core/inst/u_core/u_market_sim/u_market_noise_gen/sym_drift_q16_16_reg[8][5]
  -------------------------------------------------------------------
                         required time                         -1.115    
                         arrival time                           2.360    
  -------------------------------------------------------------------
                         slack                                  1.245    

Slack (MET) :             1.246ns  (arrival time - required time)
  Source:                 system_i/rst_sys/U0/ACTIVE_LOW_PR_OUT_DFF[0].FDRE_PER_N/C
                            (rising edge-triggered cell FDRE clocked by clk_pl_0  {rise@0.000ns fall@10.312ns period=20.625ns})
  Destination:            system_i/hft_core/inst/u_core/u_market_sim/u_market_noise_gen/sym_drift_q16_16_reg[1][23]/CLR
                            (removal check against rising-edge clock clk_pl_0  {rise@0.000ns fall@10.312ns period=20.625ns})
  Path Group:             **async_default**
  Path Type:              Removal (Min at Fast Process Corner)
  Requirement:            0.000ns  (clk_pl_0 rise@0.000ns - clk_pl_0 rise@0.000ns)
  Data Path Delay:        1.350ns  (logic 0.056ns (4.148%)  route 1.294ns (95.852%))
  Logic Levels:           1  (BUFGCE=1)
  Clock Path Skew:        0.124ns (DCD - SCD - CPR)
    Destination Clock Delay (DCD):    1.234ns
    Source Clock Delay      (SCD):    1.007ns
    Clock Pessimism Removal (CPR):    0.104ns
  Clock Net Delay (Source):      0.896ns (routing 0.324ns, distribution 0.572ns)
  Clock Net Delay (Destination): 1.096ns (routing 0.365ns, distribution 0.731ns)

    Location             Delay type                Incr(ns)  Path(ns)    Netlist Resource(s)
  -------------------------------------------------------------------    -------------------
                         (clock clk_pl_0 rise edge)
                                                      0.000     0.000 r  
    PS8_X0Y0             PS8                          0.000     0.000 r  system_i/zynq_ps/inst/PS8_i/PLCLK[0]
                         net (fo=1, routed)           0.094     0.094    system_i/zynq_ps/inst/pl_clk_unbuffered[0]
    BUFG_PS_X0Y58        BUFG_PS (Prop_BUFG_PS_I_O)
                                                      0.017     0.111 r  system_i/zynq_ps/inst/buffer_pl_clk_0.PL_CLK_0_BUFG/O
    X0Y1 (CLOCK_ROOT)    net (fo=12182, routed)       0.896     1.007    system_i/rst_sys/U0/slowest_sync_clk
    SLICE_X3Y144         FDRE                                         r  system_i/rst_sys/U0/ACTIVE_LOW_PR_OUT_DFF[0].FDRE_PER_N/C
  -------------------------------------------------------------------    -------------------
    SLICE_X3Y144         FDRE (Prop_AFF_SLICEL_C_Q)
                                                      0.039     1.046 r  system_i/rst_sys/U0/ACTIVE_LOW_PR_OUT_DFF[0].FDRE_PER_N/Q
                         net (fo=1, routed)           0.686     1.732    system_i/rst_sys/U0/peripheral_aresetn[0]_bufg_place
    BUFGCE_X0Y50         BUFGCE (Prop_BUFCE_BUFGCE_I_O)
                                                      0.017     1.749 r  system_i/rst_sys/U0/ACTIVE_LOW_PR_OUT_DFF[0].FDRE_PER_N_bufg_place/O
                         net (fo=5910, routed)        0.608     2.357    system_i/hft_core/inst/u_core/u_market_sim/u_market_noise_gen/rst_n_0
    SLICE_X36Y121        FDCE                                         f  system_i/hft_core/inst/u_core/u_market_sim/u_market_noise_gen/sym_drift_q16_16_reg[1][23]/CLR  (IS_INVERTED)
  -------------------------------------------------------------------    -------------------

                         (clock clk_pl_0 rise edge)
                                                      0.000     0.000 r  
    PS8_X0Y0             PS8                          0.000     0.000 r  system_i/zynq_ps/inst/PS8_i/PLCLK[0]
                         net (fo=1, routed)           0.120     0.120    system_i/zynq_ps/inst/pl_clk_unbuffered[0]
    BUFG_PS_X0Y58        BUFG_PS (Prop_BUFG_PS_I_O)
                                                      0.018     0.138 r  system_i/zynq_ps/inst/buffer_pl_clk_0.PL_CLK_0_BUFG/O
    X0Y1 (CLOCK_ROOT)    net (fo=12182, routed)       1.096     1.234    system_i/hft_core/inst/u_core/u_market_sim/u_market_noise_gen/clk
    SLICE_X36Y121        FDCE                                         r  system_i/hft_core/inst/u_core/u_market_sim/u_market_noise_gen/sym_drift_q16_16_reg[1][23]/C
                         clock pessimism             -0.104     1.130    
    SLICE_X36Y121        FDCE (Remov_DFF_SLICEL_C_CLR)
                                                     -0.020     1.110    system_i/hft_core/inst/u_core/u_market_sim/u_market_noise_gen/sym_drift_q16_16_reg[1][23]
  -------------------------------------------------------------------
                         required time                         -1.110    
                         arrival time                           2.357    
  -------------------------------------------------------------------
                         slack                                  1.246    

Slack (MET) :             1.246ns  (arrival time - required time)
  Source:                 system_i/rst_sys/U0/ACTIVE_LOW_PR_OUT_DFF[0].FDRE_PER_N/C
                            (rising edge-triggered cell FDRE clocked by clk_pl_0  {rise@0.000ns fall@10.312ns period=20.625ns})
  Destination:            system_i/hft_core/inst/u_core/u_market_sim/u_market_noise_gen/sym_drift_q16_16_reg[1][24]/CLR
                            (removal check against rising-edge clock clk_pl_0  {rise@0.000ns fall@10.312ns period=20.625ns})
  Path Group:             **async_default**
  Path Type:              Removal (Min at Fast Process Corner)
  Requirement:            0.000ns  (clk_pl_0 rise@0.000ns - clk_pl_0 rise@0.000ns)
  Data Path Delay:        1.350ns  (logic 0.056ns (4.148%)  route 1.294ns (95.852%))
  Logic Levels:           1  (BUFGCE=1)
  Clock Path Skew:        0.124ns (DCD - SCD - CPR)
    Destination Clock Delay (DCD):    1.234ns
    Source Clock Delay      (SCD):    1.007ns
    Clock Pessimism Removal (CPR):    0.104ns
  Clock Net Delay (Source):      0.896ns (routing 0.324ns, distribution 0.572ns)
  Clock Net Delay (Destination): 1.096ns (routing 0.365ns, distribution 0.731ns)

    Location             Delay type                Incr(ns)  Path(ns)    Netlist Resource(s)
  -------------------------------------------------------------------    -------------------
                         (clock clk_pl_0 rise edge)
                                                      0.000     0.000 r  
    PS8_X0Y0             PS8                          0.000     0.000 r  system_i/zynq_ps/inst/PS8_i/PLCLK[0]
                         net (fo=1, routed)           0.094     0.094    system_i/zynq_ps/inst/pl_clk_unbuffered[0]
    BUFG_PS_X0Y58        BUFG_PS (Prop_BUFG_PS_I_O)
                                                      0.017     0.111 r  system_i/zynq_ps/inst/buffer_pl_clk_0.PL_CLK_0_BUFG/O
    X0Y1 (CLOCK_ROOT)    net (fo=12182, routed)       0.896     1.007    system_i/rst_sys/U0/slowest_sync_clk
    SLICE_X3Y144         FDRE                                         r  system_i/rst_sys/U0/ACTIVE_LOW_PR_OUT_DFF[0].FDRE_PER_N/C
  -------------------------------------------------------------------    -------------------
    SLICE_X3Y144         FDRE (Prop_AFF_SLICEL_C_Q)
                                                      0.039     1.046 r  system_i/rst_sys/U0/ACTIVE_LOW_PR_OUT_DFF[0].FDRE_PER_N/Q
                         net (fo=1, routed)           0.686     1.732    system_i/rst_sys/U0/peripheral_aresetn[0]_bufg_place
    BUFGCE_X0Y50         BUFGCE (Prop_BUFCE_BUFGCE_I_O)
                                                      0.017     1.749 r  system_i/rst_sys/U0/ACTIVE_LOW_PR_OUT_DFF[0].FDRE_PER_N_bufg_place/O
                         net (fo=5910, routed)        0.608     2.357    system_i/hft_core/inst/u_core/u_market_sim/u_market_noise_gen/rst_n_0
    SLICE_X36Y121        FDCE                                         f  system_i/hft_core/inst/u_core/u_market_sim/u_market_noise_gen/sym_drift_q16_16_reg[1][24]/CLR  (IS_INVERTED)
  -------------------------------------------------------------------    -------------------

                         (clock clk_pl_0 rise edge)
                                                      0.000     0.000 r  
    PS8_X0Y0             PS8                          0.000     0.000 r  system_i/zynq_ps/inst/PS8_i/PLCLK[0]
                         net (fo=1, routed)           0.120     0.120    system_i/zynq_ps/inst/pl_clk_unbuffered[0]
    BUFG_PS_X0Y58        BUFG_PS (Prop_BUFG_PS_I_O)
                                                      0.018     0.138 r  system_i/zynq_ps/inst/buffer_pl_clk_0.PL_CLK_0_BUFG/O
    X0Y1 (CLOCK_ROOT)    net (fo=12182, routed)       1.096     1.234    system_i/hft_core/inst/u_core/u_market_sim/u_market_noise_gen/clk
    SLICE_X36Y121        FDCE                                         r  system_i/hft_core/inst/u_core/u_market_sim/u_market_noise_gen/sym_drift_q16_16_reg[1][24]/C
                         clock pessimism             -0.104     1.130    
    SLICE_X36Y121        FDCE (Remov_DFF2_SLICEL_C_CLR)
                                                     -0.020     1.110    system_i/hft_core/inst/u_core/u_market_sim/u_market_noise_gen/sym_drift_q16_16_reg[1][24]
  -------------------------------------------------------------------
                         required time                         -1.110    
                         arrival time                           2.357    
  -------------------------------------------------------------------
                         slack                                  1.246    

Slack (MET) :             1.246ns  (arrival time - required time)
  Source:                 system_i/rst_sys/U0/ACTIVE_LOW_PR_OUT_DFF[0].FDRE_PER_N/C
                            (rising edge-triggered cell FDRE clocked by clk_pl_0  {rise@0.000ns fall@10.312ns period=20.625ns})
  Destination:            system_i/hft_core/inst/u_core/u_market_sim/u_market_noise_gen/sym_drift_q16_16_reg[9][17]/CLR
                            (removal check against rising-edge clock clk_pl_0  {rise@0.000ns fall@10.312ns period=20.625ns})
  Path Group:             **async_default**
  Path Type:              Removal (Min at Fast Process Corner)
  Requirement:            0.000ns  (clk_pl_0 rise@0.000ns - clk_pl_0 rise@0.000ns)
  Data Path Delay:        1.348ns  (logic 0.056ns (4.154%)  route 1.292ns (95.846%))
  Logic Levels:           1  (BUFGCE=1)
  Clock Path Skew:        0.122ns (DCD - SCD - CPR)
    Destination Clock Delay (DCD):    1.232ns
    Source Clock Delay      (SCD):    1.007ns
    Clock Pessimism Removal (CPR):    0.104ns
  Clock Net Delay (Source):      0.896ns (routing 0.324ns, distribution 0.572ns)
  Clock Net Delay (Destination): 1.094ns (routing 0.365ns, distribution 0.729ns)

    Location             Delay type                Incr(ns)  Path(ns)    Netlist Resource(s)
  -------------------------------------------------------------------    -------------------
                         (clock clk_pl_0 rise edge)
                                                      0.000     0.000 r  
    PS8_X0Y0             PS8                          0.000     0.000 r  system_i/zynq_ps/inst/PS8_i/PLCLK[0]
                         net (fo=1, routed)           0.094     0.094    system_i/zynq_ps/inst/pl_clk_unbuffered[0]
    BUFG_PS_X0Y58        BUFG_PS (Prop_BUFG_PS_I_O)
                                                      0.017     0.111 r  system_i/zynq_ps/inst/buffer_pl_clk_0.PL_CLK_0_BUFG/O
    X0Y1 (CLOCK_ROOT)    net (fo=12182, routed)       0.896     1.007    system_i/rst_sys/U0/slowest_sync_clk
    SLICE_X3Y144         FDRE                                         r  system_i/rst_sys/U0/ACTIVE_LOW_PR_OUT_DFF[0].FDRE_PER_N/C
  -------------------------------------------------------------------    -------------------
    SLICE_X3Y144         FDRE (Prop_AFF_SLICEL_C_Q)
                                                      0.039     1.046 r  system_i/rst_sys/U0/ACTIVE_LOW_PR_OUT_DFF[0].FDRE_PER_N/Q
                         net (fo=1, routed)           0.686     1.732    system_i/rst_sys/U0/peripheral_aresetn[0]_bufg_place
    BUFGCE_X0Y50         BUFGCE (Prop_BUFCE_BUFGCE_I_O)
                                                      0.017     1.749 r  system_i/rst_sys/U0/ACTIVE_LOW_PR_OUT_DFF[0].FDRE_PER_N_bufg_place/O
                         net (fo=5910, routed)        0.606     2.355    system_i/hft_core/inst/u_core/u_market_sim/u_market_noise_gen/rst_n_0
    SLICE_X36Y132        FDCE                                         f  system_i/hft_core/inst/u_core/u_market_sim/u_market_noise_gen/sym_drift_q16_16_reg[9][17]/CLR  (IS_INVERTED)
  -------------------------------------------------------------------    -------------------

                         (clock clk_pl_0 rise edge)
                                                      0.000     0.000 r  
    PS8_X0Y0             PS8                          0.000     0.000 r  system_i/zynq_ps/inst/PS8_i/PLCLK[0]
                         net (fo=1, routed)           0.120     0.120    system_i/zynq_ps/inst/pl_clk_unbuffered[0]
    BUFG_PS_X0Y58        BUFG_PS (Prop_BUFG_PS_I_O)
                                                      0.018     0.138 r  system_i/zynq_ps/inst/buffer_pl_clk_0.PL_CLK_0_BUFG/O
    X0Y1 (CLOCK_ROOT)    net (fo=12182, routed)       1.094     1.232    system_i/hft_core/inst/u_core/u_market_sim/u_market_noise_gen/clk
    SLICE_X36Y132        FDCE                                         r  system_i/hft_core/inst/u_core/u_market_sim/u_market_noise_gen/sym_drift_q16_16_reg[9][17]/C
                         clock pessimism             -0.104     1.128    
    SLICE_X36Y132        FDCE (Remov_DFF_SLICEL_C_CLR)
                                                     -0.020     1.108    system_i/hft_core/inst/u_core/u_market_sim/u_market_noise_gen/sym_drift_q16_16_reg[9][17]
  -------------------------------------------------------------------
                         required time                         -1.108    
                         arrival time                           2.355    
  -------------------------------------------------------------------
                         slack                                  1.246    

Slack (MET) :             1.246ns  (arrival time - required time)
  Source:                 system_i/rst_sys/U0/ACTIVE_LOW_PR_OUT_DFF[0].FDRE_PER_N/C
                            (rising edge-triggered cell FDRE clocked by clk_pl_0  {rise@0.000ns fall@10.312ns period=20.625ns})
  Destination:            system_i/hft_core/inst/u_core/u_market_sim/u_market_noise_gen/sym_drift_q16_16_reg[9][18]/CLR
                            (removal check against rising-edge clock clk_pl_0  {rise@0.000ns fall@10.312ns period=20.625ns})
  Path Group:             **async_default**
  Path Type:              Removal (Min at Fast Process Corner)
  Requirement:            0.000ns  (clk_pl_0 rise@0.000ns - clk_pl_0 rise@0.000ns)
  Data Path Delay:        1.348ns  (logic 0.056ns (4.154%)  route 1.292ns (95.846%))
  Logic Levels:           1  (BUFGCE=1)
  Clock Path Skew:        0.122ns (DCD - SCD - CPR)
    Destination Clock Delay (DCD):    1.232ns
    Source Clock Delay      (SCD):    1.007ns
    Clock Pessimism Removal (CPR):    0.104ns
  Clock Net Delay (Source):      0.896ns (routing 0.324ns, distribution 0.572ns)
  Clock Net Delay (Destination): 1.094ns (routing 0.365ns, distribution 0.729ns)

    Location             Delay type                Incr(ns)  Path(ns)    Netlist Resource(s)
  -------------------------------------------------------------------    -------------------
                         (clock clk_pl_0 rise edge)
                                                      0.000     0.000 r  
    PS8_X0Y0             PS8                          0.000     0.000 r  system_i/zynq_ps/inst/PS8_i/PLCLK[0]
                         net (fo=1, routed)           0.094     0.094    system_i/zynq_ps/inst/pl_clk_unbuffered[0]
    BUFG_PS_X0Y58        BUFG_PS (Prop_BUFG_PS_I_O)
                                                      0.017     0.111 r  system_i/zynq_ps/inst/buffer_pl_clk_0.PL_CLK_0_BUFG/O
    X0Y1 (CLOCK_ROOT)    net (fo=12182, routed)       0.896     1.007    system_i/rst_sys/U0/slowest_sync_clk
    SLICE_X3Y144         FDRE                                         r  system_i/rst_sys/U0/ACTIVE_LOW_PR_OUT_DFF[0].FDRE_PER_N/C
  -------------------------------------------------------------------    -------------------
    SLICE_X3Y144         FDRE (Prop_AFF_SLICEL_C_Q)
                                                      0.039     1.046 r  system_i/rst_sys/U0/ACTIVE_LOW_PR_OUT_DFF[0].FDRE_PER_N/Q
                         net (fo=1, routed)           0.686     1.732    system_i/rst_sys/U0/peripheral_aresetn[0]_bufg_place
    BUFGCE_X0Y50         BUFGCE (Prop_BUFCE_BUFGCE_I_O)
                                                      0.017     1.749 r  system_i/rst_sys/U0/ACTIVE_LOW_PR_OUT_DFF[0].FDRE_PER_N_bufg_place/O
                         net (fo=5910, routed)        0.606     2.355    system_i/hft_core/inst/u_core/u_market_sim/u_market_noise_gen/rst_n_0
    SLICE_X36Y132        FDCE                                         f  system_i/hft_core/inst/u_core/u_market_sim/u_market_noise_gen/sym_drift_q16_16_reg[9][18]/CLR  (IS_INVERTED)
  -------------------------------------------------------------------    -------------------

                         (clock clk_pl_0 rise edge)
                                                      0.000     0.000 r  
    PS8_X0Y0             PS8                          0.000     0.000 r  system_i/zynq_ps/inst/PS8_i/PLCLK[0]
                         net (fo=1, routed)           0.120     0.120    system_i/zynq_ps/inst/pl_clk_unbuffered[0]
    BUFG_PS_X0Y58        BUFG_PS (Prop_BUFG_PS_I_O)
                                                      0.018     0.138 r  system_i/zynq_ps/inst/buffer_pl_clk_0.PL_CLK_0_BUFG/O
    X0Y1 (CLOCK_ROOT)    net (fo=12182, routed)       1.094     1.232    system_i/hft_core/inst/u_core/u_market_sim/u_market_noise_gen/clk
    SLICE_X36Y132        FDCE                                         r  system_i/hft_core/inst/u_core/u_market_sim/u_market_noise_gen/sym_drift_q16_16_reg[9][18]/C
                         clock pessimism             -0.104     1.128    
    SLICE_X36Y132        FDCE (Remov_DFF2_SLICEL_C_CLR)
                                                     -0.020     1.108    system_i/hft_core/inst/u_core/u_market_sim/u_market_noise_gen/sym_drift_q16_16_reg[9][18]
  -------------------------------------------------------------------
                         required time                         -1.108    
                         arrival time                           2.355    
  -------------------------------------------------------------------
                         slack                                  1.246    

Slack (MET) :             1.246ns  (arrival time - required time)
  Source:                 system_i/rst_sys/U0/ACTIVE_LOW_PR_OUT_DFF[0].FDRE_PER_N/C
                            (rising edge-triggered cell FDRE clocked by clk_pl_0  {rise@0.000ns fall@10.312ns period=20.625ns})
  Destination:            system_i/hft_core/inst/u_core/u_market_sim/u_market_noise_gen/sym_drift_q16_16_reg[9][27]/CLR
                            (removal check against rising-edge clock clk_pl_0  {rise@0.000ns fall@10.312ns period=20.625ns})
  Path Group:             **async_default**
  Path Type:              Removal (Min at Fast Process Corner)
  Requirement:            0.000ns  (clk_pl_0 rise@0.000ns - clk_pl_0 rise@0.000ns)
  Data Path Delay:        1.348ns  (logic 0.056ns (4.154%)  route 1.292ns (95.846%))
  Logic Levels:           1  (BUFGCE=1)
  Clock Path Skew:        0.122ns (DCD - SCD - CPR)
    Destination Clock Delay (DCD):    1.232ns
    Source Clock Delay      (SCD):    1.007ns
    Clock Pessimism Removal (CPR):    0.104ns
  Clock Net Delay (Source):      0.896ns (routing 0.324ns, distribution 0.572ns)
  Clock Net Delay (Destination): 1.094ns (routing 0.365ns, distribution 0.729ns)

    Location             Delay type                Incr(ns)  Path(ns)    Netlist Resource(s)
  -------------------------------------------------------------------    -------------------
                         (clock clk_pl_0 rise edge)
                                                      0.000     0.000 r  
    PS8_X0Y0             PS8                          0.000     0.000 r  system_i/zynq_ps/inst/PS8_i/PLCLK[0]
                         net (fo=1, routed)           0.094     0.094    system_i/zynq_ps/inst/pl_clk_unbuffered[0]
    BUFG_PS_X0Y58        BUFG_PS (Prop_BUFG_PS_I_O)
                                                      0.017     0.111 r  system_i/zynq_ps/inst/buffer_pl_clk_0.PL_CLK_0_BUFG/O
    X0Y1 (CLOCK_ROOT)    net (fo=12182, routed)       0.896     1.007    system_i/rst_sys/U0/slowest_sync_clk
    SLICE_X3Y144         FDRE                                         r  system_i/rst_sys/U0/ACTIVE_LOW_PR_OUT_DFF[0].FDRE_PER_N/C
  -------------------------------------------------------------------    -------------------
    SLICE_X3Y144         FDRE (Prop_AFF_SLICEL_C_Q)
                                                      0.039     1.046 r  system_i/rst_sys/U0/ACTIVE_LOW_PR_OUT_DFF[0].FDRE_PER_N/Q
                         net (fo=1, routed)           0.686     1.732    system_i/rst_sys/U0/peripheral_aresetn[0]_bufg_place
    BUFGCE_X0Y50         BUFGCE (Prop_BUFCE_BUFGCE_I_O)
                                                      0.017     1.749 r  system_i/rst_sys/U0/ACTIVE_LOW_PR_OUT_DFF[0].FDRE_PER_N_bufg_place/O
                         net (fo=5910, routed)        0.606     2.355    system_i/hft_core/inst/u_core/u_market_sim/u_market_noise_gen/rst_n_0
    SLICE_X36Y132        FDCE                                         f  system_i/hft_core/inst/u_core/u_market_sim/u_market_noise_gen/sym_drift_q16_16_reg[9][27]/CLR  (IS_INVERTED)
  -------------------------------------------------------------------    -------------------

                         (clock clk_pl_0 rise edge)
                                                      0.000     0.000 r  
    PS8_X0Y0             PS8                          0.000     0.000 r  system_i/zynq_ps/inst/PS8_i/PLCLK[0]
                         net (fo=1, routed)           0.120     0.120    system_i/zynq_ps/inst/pl_clk_unbuffered[0]
    BUFG_PS_X0Y58        BUFG_PS (Prop_BUFG_PS_I_O)
                                                      0.018     0.138 r  system_i/zynq_ps/inst/buffer_pl_clk_0.PL_CLK_0_BUFG/O
    X0Y1 (CLOCK_ROOT)    net (fo=12182, routed)       1.094     1.232    system_i/hft_core/inst/u_core/u_market_sim/u_market_noise_gen/clk
    SLICE_X36Y132        FDCE                                         r  system_i/hft_core/inst/u_core/u_market_sim/u_market_noise_gen/sym_drift_q16_16_reg[9][27]/C
                         clock pessimism             -0.104     1.128    
    SLICE_X36Y132        FDCE (Remov_CFF_SLICEL_C_CLR)
                                                     -0.020     1.108    system_i/hft_core/inst/u_core/u_market_sim/u_market_noise_gen/sym_drift_q16_16_reg[9][27]
  -------------------------------------------------------------------
                         required time                         -1.108    
                         arrival time                           2.355    
  -------------------------------------------------------------------
                         slack                                  1.246    

Slack (MET) :             1.246ns  (arrival time - required time)
  Source:                 system_i/rst_sys/U0/ACTIVE_LOW_PR_OUT_DFF[0].FDRE_PER_N/C
                            (rising edge-triggered cell FDRE clocked by clk_pl_0  {rise@0.000ns fall@10.312ns period=20.625ns})
  Destination:            system_i/hft_core/inst/u_core/u_market_sim/u_market_noise_gen/sym_drift_q16_16_reg[9][28]/CLR
                            (removal check against rising-edge clock clk_pl_0  {rise@0.000ns fall@10.312ns period=20.625ns})
  Path Group:             **async_default**
  Path Type:              Removal (Min at Fast Process Corner)
  Requirement:            0.000ns  (clk_pl_0 rise@0.000ns - clk_pl_0 rise@0.000ns)
  Data Path Delay:        1.348ns  (logic 0.056ns (4.154%)  route 1.292ns (95.846%))
  Logic Levels:           1  (BUFGCE=1)
  Clock Path Skew:        0.122ns (DCD - SCD - CPR)
    Destination Clock Delay (DCD):    1.232ns
    Source Clock Delay      (SCD):    1.007ns
    Clock Pessimism Removal (CPR):    0.104ns
  Clock Net Delay (Source):      0.896ns (routing 0.324ns, distribution 0.572ns)
  Clock Net Delay (Destination): 1.094ns (routing 0.365ns, distribution 0.729ns)

    Location             Delay type                Incr(ns)  Path(ns)    Netlist Resource(s)
  -------------------------------------------------------------------    -------------------
                         (clock clk_pl_0 rise edge)
                                                      0.000     0.000 r  
    PS8_X0Y0             PS8                          0.000     0.000 r  system_i/zynq_ps/inst/PS8_i/PLCLK[0]
                         net (fo=1, routed)           0.094     0.094    system_i/zynq_ps/inst/pl_clk_unbuffered[0]
    BUFG_PS_X0Y58        BUFG_PS (Prop_BUFG_PS_I_O)
                                                      0.017     0.111 r  system_i/zynq_ps/inst/buffer_pl_clk_0.PL_CLK_0_BUFG/O
    X0Y1 (CLOCK_ROOT)    net (fo=12182, routed)       0.896     1.007    system_i/rst_sys/U0/slowest_sync_clk
    SLICE_X3Y144         FDRE                                         r  system_i/rst_sys/U0/ACTIVE_LOW_PR_OUT_DFF[0].FDRE_PER_N/C
  -------------------------------------------------------------------    -------------------
    SLICE_X3Y144         FDRE (Prop_AFF_SLICEL_C_Q)
                                                      0.039     1.046 r  system_i/rst_sys/U0/ACTIVE_LOW_PR_OUT_DFF[0].FDRE_PER_N/Q
                         net (fo=1, routed)           0.686     1.732    system_i/rst_sys/U0/peripheral_aresetn[0]_bufg_place
    BUFGCE_X0Y50         BUFGCE (Prop_BUFCE_BUFGCE_I_O)
                                                      0.017     1.749 r  system_i/rst_sys/U0/ACTIVE_LOW_PR_OUT_DFF[0].FDRE_PER_N_bufg_place/O
                         net (fo=5910, routed)        0.606     2.355    system_i/hft_core/inst/u_core/u_market_sim/u_market_noise_gen/rst_n_0
    SLICE_X36Y132        FDCE                                         f  system_i/hft_core/inst/u_core/u_market_sim/u_market_noise_gen/sym_drift_q16_16_reg[9][28]/CLR  (IS_INVERTED)
  -------------------------------------------------------------------    -------------------

                         (clock clk_pl_0 rise edge)
                                                      0.000     0.000 r  
    PS8_X0Y0             PS8                          0.000     0.000 r  system_i/zynq_ps/inst/PS8_i/PLCLK[0]
                         net (fo=1, routed)           0.120     0.120    system_i/zynq_ps/inst/pl_clk_unbuffered[0]
    BUFG_PS_X0Y58        BUFG_PS (Prop_BUFG_PS_I_O)
                                                      0.018     0.138 r  system_i/zynq_ps/inst/buffer_pl_clk_0.PL_CLK_0_BUFG/O
    X0Y1 (CLOCK_ROOT)    net (fo=12182, routed)       1.094     1.232    system_i/hft_core/inst/u_core/u_market_sim/u_market_noise_gen/clk
    SLICE_X36Y132        FDCE                                         r  system_i/hft_core/inst/u_core/u_market_sim/u_market_noise_gen/sym_drift_q16_16_reg[9][28]/C
                         clock pessimism             -0.104     1.128    
    SLICE_X36Y132        FDCE (Remov_CFF2_SLICEL_C_CLR)
                                                     -0.020     1.108    system_i/hft_core/inst/u_core/u_market_sim/u_market_noise_gen/sym_drift_q16_16_reg[9][28]
  -------------------------------------------------------------------
                         required time                         -1.108    
                         arrival time                           2.355    
  -------------------------------------------------------------------
                         slack                                  1.246    





--------------------------------------------------------------------------------------
Path Group:  (none)
From Clock:  
  To Clock:  clk_pl_0

Max Delay             1 Endpoint
Min Delay             1 Endpoint
--------------------------------------------------------------------------------------


Max Delay Paths
--------------------------------------------------------------------------------------
Slack:                    inf
  Source:                 system_i/zynq_ps/inst/PS8_i/EMIOGPIOO[95]
                            (internal pin)
  Destination:            system_i/rst_sys/U0/EXT_LPF/ACTIVE_LOW_EXT.ACT_LO_EXT/syncstages_ff_reg[0]/D
                            (rising edge-triggered cell FDRE clocked by clk_pl_0  {rise@0.000ns fall@10.312ns period=20.625ns})
  Path Group:             (none)
  Path Type:              Setup (Max at Slow Process Corner)
  Data Path Delay:        0.963ns  (logic 0.152ns (15.784%)  route 0.811ns (84.216%))
  Logic Levels:           1  (LUT1=1)
  Clock Uncertainty:      0.206ns  ((TSJ^2 + DJ^2)^1/2) / 2 + PE
    Total System Jitter     (TSJ):    0.050ns
    Discrete Jitter          (DJ):    0.409ns
    Phase Error              (PE):    0.000ns
  Clock Net Delay (Destination): 1.440ns (routing 0.533ns, distribution 0.907ns)
  Timing Exception:       False Path

    Location             Delay type                Incr(ns)  Path(ns)    Netlist Resource(s)
  -------------------------------------------------------------------    -------------------
    PS8_X0Y0             PS8                          0.000     0.000 f  system_i/zynq_ps/inst/PS8_i/EMIOGPIOO[95]
                         net (fo=1, routed)           0.637     0.637    system_i/rst_sys/U0/EXT_LPF/ext_reset_in
    SLICE_X1Y146         LUT1 (Prop_H6LUT_SLICEM_I0_O)
                                                      0.152     0.789 r  system_i/rst_sys/U0/EXT_LPF/ACTIVE_LOW_EXT.ACT_LO_EXT_i_1/O
                         net (fo=1, routed)           0.174     0.963    system_i/rst_sys/U0/EXT_LPF/ACTIVE_LOW_EXT.ACT_LO_EXT/src_in
    SLICE_X1Y146         FDRE                                         r  system_i/rst_sys/U0/EXT_LPF/ACTIVE_LOW_EXT.ACT_LO_EXT/syncstages_ff_reg[0]/D
  -------------------------------------------------------------------    -------------------

                         (clock clk_pl_0 rise edge)
                                                      0.000     0.000 r  
    PS8_X0Y0             PS8                          0.000     0.000 r  system_i/zynq_ps/inst/PS8_i/PLCLK[0]
                         net (fo=1, routed)           0.135     0.135    system_i/zynq_ps/inst/pl_clk_unbuffered[0]
    BUFG_PS_X0Y58        BUFG_PS (Prop_BUFG_PS_I_O)
                                                      0.025     0.160 r  system_i/zynq_ps/inst/buffer_pl_clk_0.PL_CLK_0_BUFG/O
    X0Y1 (CLOCK_ROOT)    net (fo=12182, routed)       1.440     1.600    system_i/rst_sys/U0/EXT_LPF/ACTIVE_LOW_EXT.ACT_LO_EXT/dest_clk
    SLICE_X1Y146         FDRE                                         r  system_i/rst_sys/U0/EXT_LPF/ACTIVE_LOW_EXT.ACT_LO_EXT/syncstages_ff_reg[0]/C





Min Delay Paths
--------------------------------------------------------------------------------------
Slack:                    inf
  Source:                 system_i/zynq_ps/inst/PS8_i/EMIOGPIOO[95]
                            (internal pin)
  Destination:            system_i/rst_sys/U0/EXT_LPF/ACTIVE_LOW_EXT.ACT_LO_EXT/syncstages_ff_reg[0]/D
                            (rising edge-triggered cell FDRE clocked by clk_pl_0  {rise@0.000ns fall@10.312ns period=20.625ns})
  Path Group:             (none)
  Path Type:              Hold (Min at Fast Process Corner)
  Data Path Delay:        0.450ns  (logic 0.061ns (13.556%)  route 0.389ns (86.444%))
  Logic Levels:           1  (LUT1=1)
  Clock Uncertainty:      0.206ns  ((TSJ^2 + DJ^2)^1/2) / 2 + PE
    Total System Jitter     (TSJ):    0.050ns
    Discrete Jitter          (DJ):    0.409ns
    Phase Error              (PE):    0.000ns
  Clock Net Delay (Destination): 1.020ns (routing 0.365ns, distribution 0.655ns)
  Timing Exception:       False Path

    Location             Delay type                Incr(ns)  Path(ns)    Netlist Resource(s)
  -------------------------------------------------------------------    -------------------
    PS8_X0Y0             PS8                          0.000     0.000 f  system_i/zynq_ps/inst/PS8_i/EMIOGPIOO[95]
                         net (fo=1, routed)           0.329     0.329    system_i/rst_sys/U0/EXT_LPF/ext_reset_in
    SLICE_X1Y146         LUT1 (Prop_H6LUT_SLICEM_I0_O)
                                                      0.061     0.390 r  system_i/rst_sys/U0/EXT_LPF/ACTIVE_LOW_EXT.ACT_LO_EXT_i_1/O
                         net (fo=1, routed)           0.060     0.450    system_i/rst_sys/U0/EXT_LPF/ACTIVE_LOW_EXT.ACT_LO_EXT/src_in
    SLICE_X1Y146         FDRE                                         r  system_i/rst_sys/U0/EXT_LPF/ACTIVE_LOW_EXT.ACT_LO_EXT/syncstages_ff_reg[0]/D
  -------------------------------------------------------------------    -------------------

                         (clock clk_pl_0 rise edge)
                                                      0.000     0.000 r  
    PS8_X0Y0             PS8                          0.000     0.000 r  system_i/zynq_ps/inst/PS8_i/PLCLK[0]
                         net (fo=1, routed)           0.120     0.120    system_i/zynq_ps/inst/pl_clk_unbuffered[0]
    BUFG_PS_X0Y58        BUFG_PS (Prop_BUFG_PS_I_O)
                                                      0.018     0.138 r  system_i/zynq_ps/inst/buffer_pl_clk_0.PL_CLK_0_BUFG/O
    X0Y1 (CLOCK_ROOT)    net (fo=12182, routed)       1.020     1.158    system_i/rst_sys/U0/EXT_LPF/ACTIVE_LOW_EXT.ACT_LO_EXT/dest_clk
    SLICE_X1Y146         FDRE                                         r  system_i/rst_sys/U0/EXT_LPF/ACTIVE_LOW_EXT.ACT_LO_EXT/syncstages_ff_reg[0]/C





--------------------------------------------------------------------------------------
Path Group:  (none)
From Clock:  clk_pl_0
  To Clock:  clk_pl_0

Max Delay            28 Endpoints
Min Delay            28 Endpoints
--------------------------------------------------------------------------------------


Max Delay Paths
--------------------------------------------------------------------------------------
Slack:                    inf
  Source:                 system_i/axi_sc/inst/clk_map/psr_aclk/U0/ACTIVE_LOW_BSR_OUT_DFF[0].FDRE_BSR_N/C
                            (rising edge-triggered cell FDRE clocked by clk_pl_0  {rise@0.000ns fall@10.312ns period=20.625ns})
  Destination:            system_i/axi_sc/inst/s00_entry_pipeline/s00_mmu/inst/xpm_cdc_async_rst_inst/arststages_ff_reg[0]/CLR
                            (recovery check against rising-edge clock clk_pl_0  {rise@0.000ns fall@10.312ns period=20.625ns})
  Path Group:             (none)
  Path Type:              Recovery (Max at Slow Process Corner)
  Data Path Delay:        0.904ns  (logic 0.078ns (8.629%)  route 0.826ns (91.371%))
  Logic Levels:           0  
  Clock Path Skew:        -0.255ns (DCD - SCD + CPR)
    Destination Clock Delay (DCD):    1.592ns
    Source Clock Delay      (SCD):    1.847ns
    Clock Pessimism Removal (CPR):    0.000ns
  Clock Uncertainty:      0.207ns  ((TSJ^2 + DJ^2)^1/2) / 2 + PE
    Total System Jitter     (TSJ):    0.071ns
    Discrete Jitter          (DJ):    0.409ns
    Phase Error              (PE):    0.000ns
  Clock Net Delay (Source):      1.648ns (routing 0.591ns, distribution 1.057ns)
  Clock Net Delay (Destination): 1.432ns (routing 0.533ns, distribution 0.899ns)
  Timing Exception:       False Path

    Location             Delay type                Incr(ns)  Path(ns)    Netlist Resource(s)
  -------------------------------------------------------------------    -------------------
                         (clock clk_pl_0 rise edge)
                                                      0.000     0.000 r  
    PS8_X0Y0             PS8                          0.000     0.000 r  system_i/zynq_ps/inst/PS8_i/PLCLK[0]
                         net (fo=1, routed)           0.171     0.171    system_i/zynq_ps/inst/pl_clk_unbuffered[0]
    BUFG_PS_X0Y58        BUFG_PS (Prop_BUFG_PS_I_O)
                                                      0.028     0.199 r  system_i/zynq_ps/inst/buffer_pl_clk_0.PL_CLK_0_BUFG/O
    X0Y1 (CLOCK_ROOT)    net (fo=12182, routed)       1.648     1.847    system_i/axi_sc/inst/clk_map/psr_aclk/U0/aclk
    SLICE_X1Y56          FDRE                                         r  system_i/axi_sc/inst/clk_map/psr_aclk/U0/ACTIVE_LOW_BSR_OUT_DFF[0].FDRE_BSR_N/C
  -------------------------------------------------------------------    -------------------
    SLICE_X1Y56          FDRE (Prop_DFF_SLICEM_C_Q)
                                                      0.078     1.925 r  system_i/axi_sc/inst/clk_map/psr_aclk/U0/ACTIVE_LOW_BSR_OUT_DFF[0].FDRE_BSR_N/Q
                         net (fo=27, routed)          0.826     2.751    system_i/axi_sc/inst/s00_entry_pipeline/s00_mmu/inst/xpm_cdc_async_rst_inst/src_arst
    SLICE_X1Y42          FDCE                                         f  system_i/axi_sc/inst/s00_entry_pipeline/s00_mmu/inst/xpm_cdc_async_rst_inst/arststages_ff_reg[0]/CLR  (IS_INVERTED)
  -------------------------------------------------------------------    -------------------

                         (clock clk_pl_0 rise edge)
                                                      0.000     0.000 r  
    PS8_X0Y0             PS8                          0.000     0.000 r  system_i/zynq_ps/inst/PS8_i/PLCLK[0]
                         net (fo=1, routed)           0.135     0.135    system_i/zynq_ps/inst/pl_clk_unbuffered[0]
    BUFG_PS_X0Y58        BUFG_PS (Prop_BUFG_PS_I_O)
                                                      0.025     0.160 r  system_i/zynq_ps/inst/buffer_pl_clk_0.PL_CLK_0_BUFG/O
    X0Y1 (CLOCK_ROOT)    net (fo=12182, routed)       1.432     1.592    system_i/axi_sc/inst/s00_entry_pipeline/s00_mmu/inst/xpm_cdc_async_rst_inst/dest_clk
    SLICE_X1Y42          FDCE                                         r  system_i/axi_sc/inst/s00_entry_pipeline/s00_mmu/inst/xpm_cdc_async_rst_inst/arststages_ff_reg[0]/C

Slack:                    inf
  Source:                 system_i/axi_sc/inst/clk_map/psr_aclk/U0/ACTIVE_LOW_BSR_OUT_DFF[0].FDRE_BSR_N/C
                            (rising edge-triggered cell FDRE clocked by clk_pl_0  {rise@0.000ns fall@10.312ns period=20.625ns})
  Destination:            system_i/axi_sc/inst/s00_entry_pipeline/s00_mmu/inst/xpm_cdc_async_rst_inst/arststages_ff_reg[1]/CLR
                            (recovery check against rising-edge clock clk_pl_0  {rise@0.000ns fall@10.312ns period=20.625ns})
  Path Group:             (none)
  Path Type:              Recovery (Max at Slow Process Corner)
  Data Path Delay:        0.904ns  (logic 0.078ns (8.629%)  route 0.826ns (91.371%))
  Logic Levels:           0  
  Clock Path Skew:        -0.255ns (DCD - SCD + CPR)
    Destination Clock Delay (DCD):    1.592ns
    Source Clock Delay      (SCD):    1.847ns
    Clock Pessimism Removal (CPR):    0.000ns
  Clock Uncertainty:      0.207ns  ((TSJ^2 + DJ^2)^1/2) / 2 + PE
    Total System Jitter     (TSJ):    0.071ns
    Discrete Jitter          (DJ):    0.409ns
    Phase Error              (PE):    0.000ns
  Clock Net Delay (Source):      1.648ns (routing 0.591ns, distribution 1.057ns)
  Clock Net Delay (Destination): 1.432ns (routing 0.533ns, distribution 0.899ns)
  Timing Exception:       False Path

    Location             Delay type                Incr(ns)  Path(ns)    Netlist Resource(s)
  -------------------------------------------------------------------    -------------------
                         (clock clk_pl_0 rise edge)
                                                      0.000     0.000 r  
    PS8_X0Y0             PS8                          0.000     0.000 r  system_i/zynq_ps/inst/PS8_i/PLCLK[0]
                         net (fo=1, routed)           0.171     0.171    system_i/zynq_ps/inst/pl_clk_unbuffered[0]
    BUFG_PS_X0Y58        BUFG_PS (Prop_BUFG_PS_I_O)
                                                      0.028     0.199 r  system_i/zynq_ps/inst/buffer_pl_clk_0.PL_CLK_0_BUFG/O
    X0Y1 (CLOCK_ROOT)    net (fo=12182, routed)       1.648     1.847    system_i/axi_sc/inst/clk_map/psr_aclk/U0/aclk
    SLICE_X1Y56          FDRE                                         r  system_i/axi_sc/inst/clk_map/psr_aclk/U0/ACTIVE_LOW_BSR_OUT_DFF[0].FDRE_BSR_N/C
  -------------------------------------------------------------------    -------------------
    SLICE_X1Y56          FDRE (Prop_DFF_SLICEM_C_Q)
                                                      0.078     1.925 r  system_i/axi_sc/inst/clk_map/psr_aclk/U0/ACTIVE_LOW_BSR_OUT_DFF[0].FDRE_BSR_N/Q
                         net (fo=27, routed)          0.826     2.751    system_i/axi_sc/inst/s00_entry_pipeline/s00_mmu/inst/xpm_cdc_async_rst_inst/src_arst
    SLICE_X1Y42          FDCE                                         f  system_i/axi_sc/inst/s00_entry_pipeline/s00_mmu/inst/xpm_cdc_async_rst_inst/arststages_ff_reg[1]/CLR  (IS_INVERTED)
  -------------------------------------------------------------------    -------------------

                         (clock clk_pl_0 rise edge)
                                                      0.000     0.000 r  
    PS8_X0Y0             PS8                          0.000     0.000 r  system_i/zynq_ps/inst/PS8_i/PLCLK[0]
                         net (fo=1, routed)           0.135     0.135    system_i/zynq_ps/inst/pl_clk_unbuffered[0]
    BUFG_PS_X0Y58        BUFG_PS (Prop_BUFG_PS_I_O)
                                                      0.025     0.160 r  system_i/zynq_ps/inst/buffer_pl_clk_0.PL_CLK_0_BUFG/O
    X0Y1 (CLOCK_ROOT)    net (fo=12182, routed)       1.432     1.592    system_i/axi_sc/inst/s00_entry_pipeline/s00_mmu/inst/xpm_cdc_async_rst_inst/dest_clk
    SLICE_X1Y42          FDCE                                         r  system_i/axi_sc/inst/s00_entry_pipeline/s00_mmu/inst/xpm_cdc_async_rst_inst/arststages_ff_reg[1]/C

Slack:                    inf
  Source:                 system_i/axi_sc/inst/clk_map/psr_aclk/U0/ACTIVE_LOW_BSR_OUT_DFF[0].FDRE_BSR_N/C
                            (rising edge-triggered cell FDRE clocked by clk_pl_0  {rise@0.000ns fall@10.312ns period=20.625ns})
  Destination:            system_i/axi_sc/inst/s00_entry_pipeline/s00_mmu/inst/xpm_cdc_async_rst_inst/arststages_ff_reg[2]/CLR
                            (recovery check against rising-edge clock clk_pl_0  {rise@0.000ns fall@10.312ns period=20.625ns})
  Path Group:             (none)
  Path Type:              Recovery (Max at Slow Process Corner)
  Data Path Delay:        0.904ns  (logic 0.078ns (8.629%)  route 0.826ns (91.371%))
  Logic Levels:           0  
  Clock Path Skew:        -0.255ns (DCD - SCD + CPR)
    Destination Clock Delay (DCD):    1.592ns
    Source Clock Delay      (SCD):    1.847ns
    Clock Pessimism Removal (CPR):    0.000ns
  Clock Uncertainty:      0.207ns  ((TSJ^2 + DJ^2)^1/2) / 2 + PE
    Total System Jitter     (TSJ):    0.071ns
    Discrete Jitter          (DJ):    0.409ns
    Phase Error              (PE):    0.000ns
  Clock Net Delay (Source):      1.648ns (routing 0.591ns, distribution 1.057ns)
  Clock Net Delay (Destination): 1.432ns (routing 0.533ns, distribution 0.899ns)
  Timing Exception:       False Path

    Location             Delay type                Incr(ns)  Path(ns)    Netlist Resource(s)
  -------------------------------------------------------------------    -------------------
                         (clock clk_pl_0 rise edge)
                                                      0.000     0.000 r  
    PS8_X0Y0             PS8                          0.000     0.000 r  system_i/zynq_ps/inst/PS8_i/PLCLK[0]
                         net (fo=1, routed)           0.171     0.171    system_i/zynq_ps/inst/pl_clk_unbuffered[0]
    BUFG_PS_X0Y58        BUFG_PS (Prop_BUFG_PS_I_O)
                                                      0.028     0.199 r  system_i/zynq_ps/inst/buffer_pl_clk_0.PL_CLK_0_BUFG/O
    X0Y1 (CLOCK_ROOT)    net (fo=12182, routed)       1.648     1.847    system_i/axi_sc/inst/clk_map/psr_aclk/U0/aclk
    SLICE_X1Y56          FDRE                                         r  system_i/axi_sc/inst/clk_map/psr_aclk/U0/ACTIVE_LOW_BSR_OUT_DFF[0].FDRE_BSR_N/C
  -------------------------------------------------------------------    -------------------
    SLICE_X1Y56          FDRE (Prop_DFF_SLICEM_C_Q)
                                                      0.078     1.925 r  system_i/axi_sc/inst/clk_map/psr_aclk/U0/ACTIVE_LOW_BSR_OUT_DFF[0].FDRE_BSR_N/Q
                         net (fo=27, routed)          0.826     2.751    system_i/axi_sc/inst/s00_entry_pipeline/s00_mmu/inst/xpm_cdc_async_rst_inst/src_arst
    SLICE_X1Y42          FDCE                                         f  system_i/axi_sc/inst/s00_entry_pipeline/s00_mmu/inst/xpm_cdc_async_rst_inst/arststages_ff_reg[2]/CLR  (IS_INVERTED)
  -------------------------------------------------------------------    -------------------

                         (clock clk_pl_0 rise edge)
                                                      0.000     0.000 r  
    PS8_X0Y0             PS8                          0.000     0.000 r  system_i/zynq_ps/inst/PS8_i/PLCLK[0]
                         net (fo=1, routed)           0.135     0.135    system_i/zynq_ps/inst/pl_clk_unbuffered[0]
    BUFG_PS_X0Y58        BUFG_PS (Prop_BUFG_PS_I_O)
                                                      0.025     0.160 r  system_i/zynq_ps/inst/buffer_pl_clk_0.PL_CLK_0_BUFG/O
    X0Y1 (CLOCK_ROOT)    net (fo=12182, routed)       1.432     1.592    system_i/axi_sc/inst/s00_entry_pipeline/s00_mmu/inst/xpm_cdc_async_rst_inst/dest_clk
    SLICE_X1Y42          FDCE                                         r  system_i/axi_sc/inst/s00_entry_pipeline/s00_mmu/inst/xpm_cdc_async_rst_inst/arststages_ff_reg[2]/C

Slack:                    inf
  Source:                 system_i/axi_sc/inst/clk_map/psr_aclk/U0/ACTIVE_LOW_BSR_OUT_DFF[0].FDRE_BSR_N/C
                            (rising edge-triggered cell FDRE clocked by clk_pl_0  {rise@0.000ns fall@10.312ns period=20.625ns})
  Destination:            system_i/axi_sc/inst/s00_nodes/s00_aw_node/inst/s_sc_xpm_cdc_async_rst_inst/arststages_ff_reg[0]/CLR
                            (recovery check against rising-edge clock clk_pl_0  {rise@0.000ns fall@10.312ns period=20.625ns})
  Path Group:             (none)
  Path Type:              Recovery (Max at Slow Process Corner)
  Data Path Delay:        0.863ns  (logic 0.078ns (9.039%)  route 0.785ns (90.961%))
  Logic Levels:           0  
  Clock Path Skew:        -0.267ns (DCD - SCD + CPR)
    Destination Clock Delay (DCD):    1.580ns
    Source Clock Delay      (SCD):    1.847ns
    Clock Pessimism Removal (CPR):    0.000ns
  Clock Uncertainty:      0.207ns  ((TSJ^2 + DJ^2)^1/2) / 2 + PE
    Total System Jitter     (TSJ):    0.071ns
    Discrete Jitter          (DJ):    0.409ns
    Phase Error              (PE):    0.000ns
  Clock Net Delay (Source):      1.648ns (routing 0.591ns, distribution 1.057ns)
  Clock Net Delay (Destination): 1.420ns (routing 0.533ns, distribution 0.887ns)
  Timing Exception:       False Path

    Location             Delay type                Incr(ns)  Path(ns)    Netlist Resource(s)
  -------------------------------------------------------------------    -------------------
                         (clock clk_pl_0 rise edge)
                                                      0.000     0.000 r  
    PS8_X0Y0             PS8                          0.000     0.000 r  system_i/zynq_ps/inst/PS8_i/PLCLK[0]
                         net (fo=1, routed)           0.171     0.171    system_i/zynq_ps/inst/pl_clk_unbuffered[0]
    BUFG_PS_X0Y58        BUFG_PS (Prop_BUFG_PS_I_O)
                                                      0.028     0.199 r  system_i/zynq_ps/inst/buffer_pl_clk_0.PL_CLK_0_BUFG/O
    X0Y1 (CLOCK_ROOT)    net (fo=12182, routed)       1.648     1.847    system_i/axi_sc/inst/clk_map/psr_aclk/U0/aclk
    SLICE_X1Y56          FDRE                                         r  system_i/axi_sc/inst/clk_map/psr_aclk/U0/ACTIVE_LOW_BSR_OUT_DFF[0].FDRE_BSR_N/C
  -------------------------------------------------------------------    -------------------
    SLICE_X1Y56          FDRE (Prop_DFF_SLICEM_C_Q)
                                                      0.078     1.925 r  system_i/axi_sc/inst/clk_map/psr_aclk/U0/ACTIVE_LOW_BSR_OUT_DFF[0].FDRE_BSR_N/Q
                         net (fo=27, routed)          0.785     2.710    system_i/axi_sc/inst/s00_nodes/s00_aw_node/inst/s_sc_xpm_cdc_async_rst_inst/src_arst
    SLICE_X4Y41          FDCE                                         f  system_i/axi_sc/inst/s00_nodes/s00_aw_node/inst/s_sc_xpm_cdc_async_rst_inst/arststages_ff_reg[0]/CLR  (IS_INVERTED)
  -------------------------------------------------------------------    -------------------

                         (clock clk_pl_0 rise edge)
                                                      0.000     0.000 r  
    PS8_X0Y0             PS8                          0.000     0.000 r  system_i/zynq_ps/inst/PS8_i/PLCLK[0]
                         net (fo=1, routed)           0.135     0.135    system_i/zynq_ps/inst/pl_clk_unbuffered[0]
    BUFG_PS_X0Y58        BUFG_PS (Prop_BUFG_PS_I_O)
                                                      0.025     0.160 r  system_i/zynq_ps/inst/buffer_pl_clk_0.PL_CLK_0_BUFG/O
    X0Y1 (CLOCK_ROOT)    net (fo=12182, routed)       1.420     1.580    system_i/axi_sc/inst/s00_nodes/s00_aw_node/inst/s_sc_xpm_cdc_async_rst_inst/dest_clk
    SLICE_X4Y41          FDCE                                         r  system_i/axi_sc/inst/s00_nodes/s00_aw_node/inst/s_sc_xpm_cdc_async_rst_inst/arststages_ff_reg[0]/C

Slack:                    inf
  Source:                 system_i/axi_sc/inst/clk_map/psr_aclk/U0/ACTIVE_LOW_BSR_OUT_DFF[0].FDRE_BSR_N/C
                            (rising edge-triggered cell FDRE clocked by clk_pl_0  {rise@0.000ns fall@10.312ns period=20.625ns})
  Destination:            system_i/axi_sc/inst/s00_nodes/s00_aw_node/inst/s_sc_xpm_cdc_async_rst_inst/arststages_ff_reg[1]/CLR
                            (recovery check against rising-edge clock clk_pl_0  {rise@0.000ns fall@10.312ns period=20.625ns})
  Path Group:             (none)
  Path Type:              Recovery (Max at Slow Process Corner)
  Data Path Delay:        0.863ns  (logic 0.078ns (9.039%)  route 0.785ns (90.961%))
  Logic Levels:           0  
  Clock Path Skew:        -0.267ns (DCD - SCD + CPR)
    Destination Clock Delay (DCD):    1.580ns
    Source Clock Delay      (SCD):    1.847ns
    Clock Pessimism Removal (CPR):    0.000ns
  Clock Uncertainty:      0.207ns  ((TSJ^2 + DJ^2)^1/2) / 2 + PE
    Total System Jitter     (TSJ):    0.071ns
    Discrete Jitter          (DJ):    0.409ns
    Phase Error              (PE):    0.000ns
  Clock Net Delay (Source):      1.648ns (routing 0.591ns, distribution 1.057ns)
  Clock Net Delay (Destination): 1.420ns (routing 0.533ns, distribution 0.887ns)
  Timing Exception:       False Path

    Location             Delay type                Incr(ns)  Path(ns)    Netlist Resource(s)
  -------------------------------------------------------------------    -------------------
                         (clock clk_pl_0 rise edge)
                                                      0.000     0.000 r  
    PS8_X0Y0             PS8                          0.000     0.000 r  system_i/zynq_ps/inst/PS8_i/PLCLK[0]
                         net (fo=1, routed)           0.171     0.171    system_i/zynq_ps/inst/pl_clk_unbuffered[0]
    BUFG_PS_X0Y58        BUFG_PS (Prop_BUFG_PS_I_O)
                                                      0.028     0.199 r  system_i/zynq_ps/inst/buffer_pl_clk_0.PL_CLK_0_BUFG/O
    X0Y1 (CLOCK_ROOT)    net (fo=12182, routed)       1.648     1.847    system_i/axi_sc/inst/clk_map/psr_aclk/U0/aclk
    SLICE_X1Y56          FDRE                                         r  system_i/axi_sc/inst/clk_map/psr_aclk/U0/ACTIVE_LOW_BSR_OUT_DFF[0].FDRE_BSR_N/C
  -------------------------------------------------------------------    -------------------
    SLICE_X1Y56          FDRE (Prop_DFF_SLICEM_C_Q)
                                                      0.078     1.925 r  system_i/axi_sc/inst/clk_map/psr_aclk/U0/ACTIVE_LOW_BSR_OUT_DFF[0].FDRE_BSR_N/Q
                         net (fo=27, routed)          0.785     2.710    system_i/axi_sc/inst/s00_nodes/s00_aw_node/inst/s_sc_xpm_cdc_async_rst_inst/src_arst
    SLICE_X4Y41          FDCE                                         f  system_i/axi_sc/inst/s00_nodes/s00_aw_node/inst/s_sc_xpm_cdc_async_rst_inst/arststages_ff_reg[1]/CLR  (IS_INVERTED)
  -------------------------------------------------------------------    -------------------

                         (clock clk_pl_0 rise edge)
                                                      0.000     0.000 r  
    PS8_X0Y0             PS8                          0.000     0.000 r  system_i/zynq_ps/inst/PS8_i/PLCLK[0]
                         net (fo=1, routed)           0.135     0.135    system_i/zynq_ps/inst/pl_clk_unbuffered[0]
    BUFG_PS_X0Y58        BUFG_PS (Prop_BUFG_PS_I_O)
                                                      0.025     0.160 r  system_i/zynq_ps/inst/buffer_pl_clk_0.PL_CLK_0_BUFG/O
    X0Y1 (CLOCK_ROOT)    net (fo=12182, routed)       1.420     1.580    system_i/axi_sc/inst/s00_nodes/s00_aw_node/inst/s_sc_xpm_cdc_async_rst_inst/dest_clk
    SLICE_X4Y41          FDCE                                         r  system_i/axi_sc/inst/s00_nodes/s00_aw_node/inst/s_sc_xpm_cdc_async_rst_inst/arststages_ff_reg[1]/C

Slack:                    inf
  Source:                 system_i/axi_sc/inst/clk_map/psr_aclk/U0/ACTIVE_LOW_BSR_OUT_DFF[0].FDRE_BSR_N/C
                            (rising edge-triggered cell FDRE clocked by clk_pl_0  {rise@0.000ns fall@10.312ns period=20.625ns})
  Destination:            system_i/axi_sc/inst/s00_nodes/s00_aw_node/inst/s_sc_xpm_cdc_async_rst_inst/arststages_ff_reg[2]/CLR
                            (recovery check against rising-edge clock clk_pl_0  {rise@0.000ns fall@10.312ns period=20.625ns})
  Path Group:             (none)
  Path Type:              Recovery (Max at Slow Process Corner)
  Data Path Delay:        0.863ns  (logic 0.078ns (9.039%)  route 0.785ns (90.961%))
  Logic Levels:           0  
  Clock Path Skew:        -0.267ns (DCD - SCD + CPR)
    Destination Clock Delay (DCD):    1.580ns
    Source Clock Delay      (SCD):    1.847ns
    Clock Pessimism Removal (CPR):    0.000ns
  Clock Uncertainty:      0.207ns  ((TSJ^2 + DJ^2)^1/2) / 2 + PE
    Total System Jitter     (TSJ):    0.071ns
    Discrete Jitter          (DJ):    0.409ns
    Phase Error              (PE):    0.000ns
  Clock Net Delay (Source):      1.648ns (routing 0.591ns, distribution 1.057ns)
  Clock Net Delay (Destination): 1.420ns (routing 0.533ns, distribution 0.887ns)
  Timing Exception:       False Path

    Location             Delay type                Incr(ns)  Path(ns)    Netlist Resource(s)
  -------------------------------------------------------------------    -------------------
                         (clock clk_pl_0 rise edge)
                                                      0.000     0.000 r  
    PS8_X0Y0             PS8                          0.000     0.000 r  system_i/zynq_ps/inst/PS8_i/PLCLK[0]
                         net (fo=1, routed)           0.171     0.171    system_i/zynq_ps/inst/pl_clk_unbuffered[0]
    BUFG_PS_X0Y58        BUFG_PS (Prop_BUFG_PS_I_O)
                                                      0.028     0.199 r  system_i/zynq_ps/inst/buffer_pl_clk_0.PL_CLK_0_BUFG/O
    X0Y1 (CLOCK_ROOT)    net (fo=12182, routed)       1.648     1.847    system_i/axi_sc/inst/clk_map/psr_aclk/U0/aclk
    SLICE_X1Y56          FDRE                                         r  system_i/axi_sc/inst/clk_map/psr_aclk/U0/ACTIVE_LOW_BSR_OUT_DFF[0].FDRE_BSR_N/C
  -------------------------------------------------------------------    -------------------
    SLICE_X1Y56          FDRE (Prop_DFF_SLICEM_C_Q)
                                                      0.078     1.925 r  system_i/axi_sc/inst/clk_map/psr_aclk/U0/ACTIVE_LOW_BSR_OUT_DFF[0].FDRE_BSR_N/Q
                         net (fo=27, routed)          0.785     2.710    system_i/axi_sc/inst/s00_nodes/s00_aw_node/inst/s_sc_xpm_cdc_async_rst_inst/src_arst
    SLICE_X4Y41          FDCE                                         f  system_i/axi_sc/inst/s00_nodes/s00_aw_node/inst/s_sc_xpm_cdc_async_rst_inst/arststages_ff_reg[2]/CLR  (IS_INVERTED)
  -------------------------------------------------------------------    -------------------

                         (clock clk_pl_0 rise edge)
                                                      0.000     0.000 r  
    PS8_X0Y0             PS8                          0.000     0.000 r  system_i/zynq_ps/inst/PS8_i/PLCLK[0]
                         net (fo=1, routed)           0.135     0.135    system_i/zynq_ps/inst/pl_clk_unbuffered[0]
    BUFG_PS_X0Y58        BUFG_PS (Prop_BUFG_PS_I_O)
                                                      0.025     0.160 r  system_i/zynq_ps/inst/buffer_pl_clk_0.PL_CLK_0_BUFG/O
    X0Y1 (CLOCK_ROOT)    net (fo=12182, routed)       1.420     1.580    system_i/axi_sc/inst/s00_nodes/s00_aw_node/inst/s_sc_xpm_cdc_async_rst_inst/dest_clk
    SLICE_X4Y41          FDCE                                         r  system_i/axi_sc/inst/s00_nodes/s00_aw_node/inst/s_sc_xpm_cdc_async_rst_inst/arststages_ff_reg[2]/C

Slack:                    inf
  Source:                 system_i/axi_sc/inst/clk_map/psr_aclk/U0/ACTIVE_LOW_BSR_OUT_DFF[0].FDRE_BSR_N/C
                            (rising edge-triggered cell FDRE clocked by clk_pl_0  {rise@0.000ns fall@10.312ns period=20.625ns})
  Destination:            system_i/axi_sc/inst/s00_entry_pipeline/s00_transaction_regulator/inst/xpm_cdc_async_rst_inst/arststages_ff_reg[0]/CLR
                            (recovery check against rising-edge clock clk_pl_0  {rise@0.000ns fall@10.312ns period=20.625ns})
  Path Group:             (none)
  Path Type:              Recovery (Max at Slow Process Corner)
  Data Path Delay:        0.834ns  (logic 0.078ns (9.355%)  route 0.756ns (90.645%))
  Logic Levels:           0  
  Clock Path Skew:        -0.256ns (DCD - SCD + CPR)
    Destination Clock Delay (DCD):    1.591ns
    Source Clock Delay      (SCD):    1.847ns
    Clock Pessimism Removal (CPR):    0.000ns
  Clock Uncertainty:      0.207ns  ((TSJ^2 + DJ^2)^1/2) / 2 + PE
    Total System Jitter     (TSJ):    0.071ns
    Discrete Jitter          (DJ):    0.409ns
    Phase Error              (PE):    0.000ns
  Clock Net Delay (Source):      1.648ns (routing 0.591ns, distribution 1.057ns)
  Clock Net Delay (Destination): 1.431ns (routing 0.533ns, distribution 0.898ns)
  Timing Exception:       False Path

    Location             Delay type                Incr(ns)  Path(ns)    Netlist Resource(s)
  -------------------------------------------------------------------    -------------------
                         (clock clk_pl_0 rise edge)
                                                      0.000     0.000 r  
    PS8_X0Y0             PS8                          0.000     0.000 r  system_i/zynq_ps/inst/PS8_i/PLCLK[0]
                         net (fo=1, routed)           0.171     0.171    system_i/zynq_ps/inst/pl_clk_unbuffered[0]
    BUFG_PS_X0Y58        BUFG_PS (Prop_BUFG_PS_I_O)
                                                      0.028     0.199 r  system_i/zynq_ps/inst/buffer_pl_clk_0.PL_CLK_0_BUFG/O
    X0Y1 (CLOCK_ROOT)    net (fo=12182, routed)       1.648     1.847    system_i/axi_sc/inst/clk_map/psr_aclk/U0/aclk
    SLICE_X1Y56          FDRE                                         r  system_i/axi_sc/inst/clk_map/psr_aclk/U0/ACTIVE_LOW_BSR_OUT_DFF[0].FDRE_BSR_N/C
  -------------------------------------------------------------------    -------------------
    SLICE_X1Y56          FDRE (Prop_DFF_SLICEM_C_Q)
                                                      0.078     1.925 r  system_i/axi_sc/inst/clk_map/psr_aclk/U0/ACTIVE_LOW_BSR_OUT_DFF[0].FDRE_BSR_N/Q
                         net (fo=27, routed)          0.756     2.681    system_i/axi_sc/inst/s00_entry_pipeline/s00_transaction_regulator/inst/xpm_cdc_async_rst_inst/src_arst
    SLICE_X2Y43          FDCE                                         f  system_i/axi_sc/inst/s00_entry_pipeline/s00_transaction_regulator/inst/xpm_cdc_async_rst_inst/arststages_ff_reg[0]/CLR  (IS_INVERTED)
  -------------------------------------------------------------------    -------------------

                         (clock clk_pl_0 rise edge)
                                                      0.000     0.000 r  
    PS8_X0Y0             PS8                          0.000     0.000 r  system_i/zynq_ps/inst/PS8_i/PLCLK[0]
                         net (fo=1, routed)           0.135     0.135    system_i/zynq_ps/inst/pl_clk_unbuffered[0]
    BUFG_PS_X0Y58        BUFG_PS (Prop_BUFG_PS_I_O)
                                                      0.025     0.160 r  system_i/zynq_ps/inst/buffer_pl_clk_0.PL_CLK_0_BUFG/O
    X0Y1 (CLOCK_ROOT)    net (fo=12182, routed)       1.431     1.591    system_i/axi_sc/inst/s00_entry_pipeline/s00_transaction_regulator/inst/xpm_cdc_async_rst_inst/dest_clk
    SLICE_X2Y43          FDCE                                         r  system_i/axi_sc/inst/s00_entry_pipeline/s00_transaction_regulator/inst/xpm_cdc_async_rst_inst/arststages_ff_reg[0]/C

Slack:                    inf
  Source:                 system_i/axi_sc/inst/clk_map/psr_aclk/U0/ACTIVE_LOW_BSR_OUT_DFF[0].FDRE_BSR_N/C
                            (rising edge-triggered cell FDRE clocked by clk_pl_0  {rise@0.000ns fall@10.312ns period=20.625ns})
  Destination:            system_i/axi_sc/inst/s00_entry_pipeline/s00_transaction_regulator/inst/xpm_cdc_async_rst_inst/arststages_ff_reg[1]/CLR
                            (recovery check against rising-edge clock clk_pl_0  {rise@0.000ns fall@10.312ns period=20.625ns})
  Path Group:             (none)
  Path Type:              Recovery (Max at Slow Process Corner)
  Data Path Delay:        0.834ns  (logic 0.078ns (9.355%)  route 0.756ns (90.645%))
  Logic Levels:           0  
  Clock Path Skew:        -0.256ns (DCD - SCD + CPR)
    Destination Clock Delay (DCD):    1.591ns
    Source Clock Delay      (SCD):    1.847ns
    Clock Pessimism Removal (CPR):    0.000ns
  Clock Uncertainty:      0.207ns  ((TSJ^2 + DJ^2)^1/2) / 2 + PE
    Total System Jitter     (TSJ):    0.071ns
    Discrete Jitter          (DJ):    0.409ns
    Phase Error              (PE):    0.000ns
  Clock Net Delay (Source):      1.648ns (routing 0.591ns, distribution 1.057ns)
  Clock Net Delay (Destination): 1.431ns (routing 0.533ns, distribution 0.898ns)
  Timing Exception:       False Path

    Location             Delay type                Incr(ns)  Path(ns)    Netlist Resource(s)
  -------------------------------------------------------------------    -------------------
                         (clock clk_pl_0 rise edge)
                                                      0.000     0.000 r  
    PS8_X0Y0             PS8                          0.000     0.000 r  system_i/zynq_ps/inst/PS8_i/PLCLK[0]
                         net (fo=1, routed)           0.171     0.171    system_i/zynq_ps/inst/pl_clk_unbuffered[0]
    BUFG_PS_X0Y58        BUFG_PS (Prop_BUFG_PS_I_O)
                                                      0.028     0.199 r  system_i/zynq_ps/inst/buffer_pl_clk_0.PL_CLK_0_BUFG/O
    X0Y1 (CLOCK_ROOT)    net (fo=12182, routed)       1.648     1.847    system_i/axi_sc/inst/clk_map/psr_aclk/U0/aclk
    SLICE_X1Y56          FDRE                                         r  system_i/axi_sc/inst/clk_map/psr_aclk/U0/ACTIVE_LOW_BSR_OUT_DFF[0].FDRE_BSR_N/C
  -------------------------------------------------------------------    -------------------
    SLICE_X1Y56          FDRE (Prop_DFF_SLICEM_C_Q)
                                                      0.078     1.925 r  system_i/axi_sc/inst/clk_map/psr_aclk/U0/ACTIVE_LOW_BSR_OUT_DFF[0].FDRE_BSR_N/Q
                         net (fo=27, routed)          0.756     2.681    system_i/axi_sc/inst/s00_entry_pipeline/s00_transaction_regulator/inst/xpm_cdc_async_rst_inst/src_arst
    SLICE_X2Y43          FDCE                                         f  system_i/axi_sc/inst/s00_entry_pipeline/s00_transaction_regulator/inst/xpm_cdc_async_rst_inst/arststages_ff_reg[1]/CLR  (IS_INVERTED)
  -------------------------------------------------------------------    -------------------

                         (clock clk_pl_0 rise edge)
                                                      0.000     0.000 r  
    PS8_X0Y0             PS8                          0.000     0.000 r  system_i/zynq_ps/inst/PS8_i/PLCLK[0]
                         net (fo=1, routed)           0.135     0.135    system_i/zynq_ps/inst/pl_clk_unbuffered[0]
    BUFG_PS_X0Y58        BUFG_PS (Prop_BUFG_PS_I_O)
                                                      0.025     0.160 r  system_i/zynq_ps/inst/buffer_pl_clk_0.PL_CLK_0_BUFG/O
    X0Y1 (CLOCK_ROOT)    net (fo=12182, routed)       1.431     1.591    system_i/axi_sc/inst/s00_entry_pipeline/s00_transaction_regulator/inst/xpm_cdc_async_rst_inst/dest_clk
    SLICE_X2Y43          FDCE                                         r  system_i/axi_sc/inst/s00_entry_pipeline/s00_transaction_regulator/inst/xpm_cdc_async_rst_inst/arststages_ff_reg[1]/C

Slack:                    inf
  Source:                 system_i/axi_sc/inst/clk_map/psr_aclk/U0/ACTIVE_LOW_BSR_OUT_DFF[0].FDRE_BSR_N/C
                            (rising edge-triggered cell FDRE clocked by clk_pl_0  {rise@0.000ns fall@10.312ns period=20.625ns})
  Destination:            system_i/axi_sc/inst/s00_entry_pipeline/s00_transaction_regulator/inst/xpm_cdc_async_rst_inst/arststages_ff_reg[2]/CLR
                            (recovery check against rising-edge clock clk_pl_0  {rise@0.000ns fall@10.312ns period=20.625ns})
  Path Group:             (none)
  Path Type:              Recovery (Max at Slow Process Corner)
  Data Path Delay:        0.834ns  (logic 0.078ns (9.355%)  route 0.756ns (90.645%))
  Logic Levels:           0  
  Clock Path Skew:        -0.256ns (DCD - SCD + CPR)
    Destination Clock Delay (DCD):    1.591ns
    Source Clock Delay      (SCD):    1.847ns
    Clock Pessimism Removal (CPR):    0.000ns
  Clock Uncertainty:      0.207ns  ((TSJ^2 + DJ^2)^1/2) / 2 + PE
    Total System Jitter     (TSJ):    0.071ns
    Discrete Jitter          (DJ):    0.409ns
    Phase Error              (PE):    0.000ns
  Clock Net Delay (Source):      1.648ns (routing 0.591ns, distribution 1.057ns)
  Clock Net Delay (Destination): 1.431ns (routing 0.533ns, distribution 0.898ns)
  Timing Exception:       False Path

    Location             Delay type                Incr(ns)  Path(ns)    Netlist Resource(s)
  -------------------------------------------------------------------    -------------------
                         (clock clk_pl_0 rise edge)
                                                      0.000     0.000 r  
    PS8_X0Y0             PS8                          0.000     0.000 r  system_i/zynq_ps/inst/PS8_i/PLCLK[0]
                         net (fo=1, routed)           0.171     0.171    system_i/zynq_ps/inst/pl_clk_unbuffered[0]
    BUFG_PS_X0Y58        BUFG_PS (Prop_BUFG_PS_I_O)
                                                      0.028     0.199 r  system_i/zynq_ps/inst/buffer_pl_clk_0.PL_CLK_0_BUFG/O
    X0Y1 (CLOCK_ROOT)    net (fo=12182, routed)       1.648     1.847    system_i/axi_sc/inst/clk_map/psr_aclk/U0/aclk
    SLICE_X1Y56          FDRE                                         r  system_i/axi_sc/inst/clk_map/psr_aclk/U0/ACTIVE_LOW_BSR_OUT_DFF[0].FDRE_BSR_N/C
  -------------------------------------------------------------------    -------------------
    SLICE_X1Y56          FDRE (Prop_DFF_SLICEM_C_Q)
                                                      0.078     1.925 r  system_i/axi_sc/inst/clk_map/psr_aclk/U0/ACTIVE_LOW_BSR_OUT_DFF[0].FDRE_BSR_N/Q
                         net (fo=27, routed)          0.756     2.681    system_i/axi_sc/inst/s00_entry_pipeline/s00_transaction_regulator/inst/xpm_cdc_async_rst_inst/src_arst
    SLICE_X2Y43          FDCE                                         f  system_i/axi_sc/inst/s00_entry_pipeline/s00_transaction_regulator/inst/xpm_cdc_async_rst_inst/arststages_ff_reg[2]/CLR  (IS_INVERTED)
  -------------------------------------------------------------------    -------------------

                         (clock clk_pl_0 rise edge)
                                                      0.000     0.000 r  
    PS8_X0Y0             PS8                          0.000     0.000 r  system_i/zynq_ps/inst/PS8_i/PLCLK[0]
                         net (fo=1, routed)           0.135     0.135    system_i/zynq_ps/inst/pl_clk_unbuffered[0]
    BUFG_PS_X0Y58        BUFG_PS (Prop_BUFG_PS_I_O)
                                                      0.025     0.160 r  system_i/zynq_ps/inst/buffer_pl_clk_0.PL_CLK_0_BUFG/O
    X0Y1 (CLOCK_ROOT)    net (fo=12182, routed)       1.431     1.591    system_i/axi_sc/inst/s00_entry_pipeline/s00_transaction_regulator/inst/xpm_cdc_async_rst_inst/dest_clk
    SLICE_X2Y43          FDCE                                         r  system_i/axi_sc/inst/s00_entry_pipeline/s00_transaction_regulator/inst/xpm_cdc_async_rst_inst/arststages_ff_reg[2]/C

Slack:                    inf
  Source:                 system_i/axi_sc/inst/clk_map/psr_aclk/U0/ACTIVE_LOW_BSR_OUT_DFF[0].FDRE_BSR_N/C
                            (rising edge-triggered cell FDRE clocked by clk_pl_0  {rise@0.000ns fall@10.312ns period=20.625ns})
  Destination:            system_i/axi_sc/inst/s00_nodes/s00_w_node/inst/s_sc_xpm_cdc_async_rst_inst/arststages_ff_reg[0]/CLR
                            (recovery check against rising-edge clock clk_pl_0  {rise@0.000ns fall@10.312ns period=20.625ns})
  Path Group:             (none)
  Path Type:              Recovery (Max at Slow Process Corner)
  Data Path Delay:        0.774ns  (logic 0.078ns (10.075%)  route 0.696ns (89.925%))
  Logic Levels:           0  
  Clock Path Skew:        -0.264ns (DCD - SCD + CPR)
    Destination Clock Delay (DCD):    1.583ns
    Source Clock Delay      (SCD):    1.847ns
    Clock Pessimism Removal (CPR):    0.000ns
  Clock Uncertainty:      0.207ns  ((TSJ^2 + DJ^2)^1/2) / 2 + PE
    Total System Jitter     (TSJ):    0.071ns
    Discrete Jitter          (DJ):    0.409ns
    Phase Error              (PE):    0.000ns
  Clock Net Delay (Source):      1.648ns (routing 0.591ns, distribution 1.057ns)
  Clock Net Delay (Destination): 1.423ns (routing 0.533ns, distribution 0.890ns)
  Timing Exception:       False Path

    Location             Delay type                Incr(ns)  Path(ns)    Netlist Resource(s)
  -------------------------------------------------------------------    -------------------
                         (clock clk_pl_0 rise edge)
                                                      0.000     0.000 r  
    PS8_X0Y0             PS8                          0.000     0.000 r  system_i/zynq_ps/inst/PS8_i/PLCLK[0]
                         net (fo=1, routed)           0.171     0.171    system_i/zynq_ps/inst/pl_clk_unbuffered[0]
    BUFG_PS_X0Y58        BUFG_PS (Prop_BUFG_PS_I_O)
                                                      0.028     0.199 r  system_i/zynq_ps/inst/buffer_pl_clk_0.PL_CLK_0_BUFG/O
    X0Y1 (CLOCK_ROOT)    net (fo=12182, routed)       1.648     1.847    system_i/axi_sc/inst/clk_map/psr_aclk/U0/aclk
    SLICE_X1Y56          FDRE                                         r  system_i/axi_sc/inst/clk_map/psr_aclk/U0/ACTIVE_LOW_BSR_OUT_DFF[0].FDRE_BSR_N/C
  -------------------------------------------------------------------    -------------------
    SLICE_X1Y56          FDRE (Prop_DFF_SLICEM_C_Q)
                                                      0.078     1.925 r  system_i/axi_sc/inst/clk_map/psr_aclk/U0/ACTIVE_LOW_BSR_OUT_DFF[0].FDRE_BSR_N/Q
                         net (fo=27, routed)          0.696     2.621    system_i/axi_sc/inst/s00_nodes/s00_w_node/inst/s_sc_xpm_cdc_async_rst_inst/src_arst
    SLICE_X3Y46          FDCE                                         f  system_i/axi_sc/inst/s00_nodes/s00_w_node/inst/s_sc_xpm_cdc_async_rst_inst/arststages_ff_reg[0]/CLR  (IS_INVERTED)
  -------------------------------------------------------------------    -------------------

                         (clock clk_pl_0 rise edge)
                                                      0.000     0.000 r  
    PS8_X0Y0             PS8                          0.000     0.000 r  system_i/zynq_ps/inst/PS8_i/PLCLK[0]
                         net (fo=1, routed)           0.135     0.135    system_i/zynq_ps/inst/pl_clk_unbuffered[0]
    BUFG_PS_X0Y58        BUFG_PS (Prop_BUFG_PS_I_O)
                                                      0.025     0.160 r  system_i/zynq_ps/inst/buffer_pl_clk_0.PL_CLK_0_BUFG/O
    X0Y1 (CLOCK_ROOT)    net (fo=12182, routed)       1.423     1.583    system_i/axi_sc/inst/s00_nodes/s00_w_node/inst/s_sc_xpm_cdc_async_rst_inst/dest_clk
    SLICE_X3Y46          FDCE                                         r  system_i/axi_sc/inst/s00_nodes/s00_w_node/inst/s_sc_xpm_cdc_async_rst_inst/arststages_ff_reg[0]/C





Min Delay Paths
--------------------------------------------------------------------------------------
Slack:                    inf
  Source:                 system_i/axi_sc/inst/clk_map/psr_aclk/U0/ACTIVE_LOW_BSR_OUT_DFF[0].FDRE_BSR_N/C
                            (rising edge-triggered cell FDRE clocked by clk_pl_0  {rise@0.000ns fall@10.312ns period=20.625ns})
  Destination:            system_i/axi_sc/inst/s00_entry_pipeline/s00_si_converter/inst/xpm_cdc_async_rst_inst/arststages_ff_reg[0]/CLR
                            (removal check against rising-edge clock clk_pl_0  {rise@0.000ns fall@10.312ns period=20.625ns})
  Path Group:             (none)
  Path Type:              Removal (Min at Fast Process Corner)
  Data Path Delay:        0.136ns  (logic 0.039ns (28.689%)  route 0.097ns (71.311%))
  Logic Levels:           0  
  Clock Path Skew:        0.141ns (DCD - SCD - CPR)
    Destination Clock Delay (DCD):    1.155ns
    Source Clock Delay      (SCD):    1.015ns
    Clock Pessimism Removal (CPR):    -0.000ns
  Clock Uncertainty:      0.207ns  ((TSJ^2 + DJ^2)^1/2) / 2 + PE
    Total System Jitter     (TSJ):    0.071ns
    Discrete Jitter          (DJ):    0.409ns
    Phase Error              (PE):    0.000ns
  Clock Net Delay (Source):      0.904ns (routing 0.324ns, distribution 0.580ns)
  Clock Net Delay (Destination): 1.017ns (routing 0.365ns, distribution 0.652ns)
  Timing Exception:       False Path

    Location             Delay type                Incr(ns)  Path(ns)    Netlist Resource(s)
  -------------------------------------------------------------------    -------------------
                         (clock clk_pl_0 rise edge)
                                                      0.000     0.000 r  
    PS8_X0Y0             PS8                          0.000     0.000 r  system_i/zynq_ps/inst/PS8_i/PLCLK[0]
                         net (fo=1, routed)           0.094     0.094    system_i/zynq_ps/inst/pl_clk_unbuffered[0]
    BUFG_PS_X0Y58        BUFG_PS (Prop_BUFG_PS_I_O)
                                                      0.017     0.111 r  system_i/zynq_ps/inst/buffer_pl_clk_0.PL_CLK_0_BUFG/O
    X0Y1 (CLOCK_ROOT)    net (fo=12182, routed)       0.904     1.015    system_i/axi_sc/inst/clk_map/psr_aclk/U0/aclk
    SLICE_X1Y56          FDRE                                         r  system_i/axi_sc/inst/clk_map/psr_aclk/U0/ACTIVE_LOW_BSR_OUT_DFF[0].FDRE_BSR_N/C
  -------------------------------------------------------------------    -------------------
    SLICE_X1Y56          FDRE (Prop_DFF_SLICEM_C_Q)
                                                      0.039     1.054 r  system_i/axi_sc/inst/clk_map/psr_aclk/U0/ACTIVE_LOW_BSR_OUT_DFF[0].FDRE_BSR_N/Q
                         net (fo=27, routed)          0.097     1.151    system_i/axi_sc/inst/s00_entry_pipeline/s00_si_converter/inst/xpm_cdc_async_rst_inst/src_arst
    SLICE_X2Y54          FDCE                                         f  system_i/axi_sc/inst/s00_entry_pipeline/s00_si_converter/inst/xpm_cdc_async_rst_inst/arststages_ff_reg[0]/CLR  (IS_INVERTED)
  -------------------------------------------------------------------    -------------------

                         (clock clk_pl_0 rise edge)
                                                      0.000     0.000 r  
    PS8_X0Y0             PS8                          0.000     0.000 r  system_i/zynq_ps/inst/PS8_i/PLCLK[0]
                         net (fo=1, routed)           0.120     0.120    system_i/zynq_ps/inst/pl_clk_unbuffered[0]
    BUFG_PS_X0Y58        BUFG_PS (Prop_BUFG_PS_I_O)
                                                      0.018     0.138 r  system_i/zynq_ps/inst/buffer_pl_clk_0.PL_CLK_0_BUFG/O
    X0Y1 (CLOCK_ROOT)    net (fo=12182, routed)       1.017     1.155    system_i/axi_sc/inst/s00_entry_pipeline/s00_si_converter/inst/xpm_cdc_async_rst_inst/dest_clk
    SLICE_X2Y54          FDCE                                         r  system_i/axi_sc/inst/s00_entry_pipeline/s00_si_converter/inst/xpm_cdc_async_rst_inst/arststages_ff_reg[0]/C

Slack:                    inf
  Source:                 system_i/axi_sc/inst/clk_map/psr_aclk/U0/ACTIVE_LOW_BSR_OUT_DFF[0].FDRE_BSR_N/C
                            (rising edge-triggered cell FDRE clocked by clk_pl_0  {rise@0.000ns fall@10.312ns period=20.625ns})
  Destination:            system_i/axi_sc/inst/s00_entry_pipeline/s00_si_converter/inst/xpm_cdc_async_rst_inst/arststages_ff_reg[1]/CLR
                            (removal check against rising-edge clock clk_pl_0  {rise@0.000ns fall@10.312ns period=20.625ns})
  Path Group:             (none)
  Path Type:              Removal (Min at Fast Process Corner)
  Data Path Delay:        0.136ns  (logic 0.039ns (28.689%)  route 0.097ns (71.311%))
  Logic Levels:           0  
  Clock Path Skew:        0.141ns (DCD - SCD - CPR)
    Destination Clock Delay (DCD):    1.155ns
    Source Clock Delay      (SCD):    1.015ns
    Clock Pessimism Removal (CPR):    -0.000ns
  Clock Uncertainty:      0.207ns  ((TSJ^2 + DJ^2)^1/2) / 2 + PE
    Total System Jitter     (TSJ):    0.071ns
    Discrete Jitter          (DJ):    0.409ns
    Phase Error              (PE):    0.000ns
  Clock Net Delay (Source):      0.904ns (routing 0.324ns, distribution 0.580ns)
  Clock Net Delay (Destination): 1.017ns (routing 0.365ns, distribution 0.652ns)
  Timing Exception:       False Path

    Location             Delay type                Incr(ns)  Path(ns)    Netlist Resource(s)
  -------------------------------------------------------------------    -------------------
                         (clock clk_pl_0 rise edge)
                                                      0.000     0.000 r  
    PS8_X0Y0             PS8                          0.000     0.000 r  system_i/zynq_ps/inst/PS8_i/PLCLK[0]
                         net (fo=1, routed)           0.094     0.094    system_i/zynq_ps/inst/pl_clk_unbuffered[0]
    BUFG_PS_X0Y58        BUFG_PS (Prop_BUFG_PS_I_O)
                                                      0.017     0.111 r  system_i/zynq_ps/inst/buffer_pl_clk_0.PL_CLK_0_BUFG/O
    X0Y1 (CLOCK_ROOT)    net (fo=12182, routed)       0.904     1.015    system_i/axi_sc/inst/clk_map/psr_aclk/U0/aclk
    SLICE_X1Y56          FDRE                                         r  system_i/axi_sc/inst/clk_map/psr_aclk/U0/ACTIVE_LOW_BSR_OUT_DFF[0].FDRE_BSR_N/C
  -------------------------------------------------------------------    -------------------
    SLICE_X1Y56          FDRE (Prop_DFF_SLICEM_C_Q)
                                                      0.039     1.054 r  system_i/axi_sc/inst/clk_map/psr_aclk/U0/ACTIVE_LOW_BSR_OUT_DFF[0].FDRE_BSR_N/Q
                         net (fo=27, routed)          0.097     1.151    system_i/axi_sc/inst/s00_entry_pipeline/s00_si_converter/inst/xpm_cdc_async_rst_inst/src_arst
    SLICE_X2Y54          FDCE                                         f  system_i/axi_sc/inst/s00_entry_pipeline/s00_si_converter/inst/xpm_cdc_async_rst_inst/arststages_ff_reg[1]/CLR  (IS_INVERTED)
  -------------------------------------------------------------------    -------------------

                         (clock clk_pl_0 rise edge)
                                                      0.000     0.000 r  
    PS8_X0Y0             PS8                          0.000     0.000 r  system_i/zynq_ps/inst/PS8_i/PLCLK[0]
                         net (fo=1, routed)           0.120     0.120    system_i/zynq_ps/inst/pl_clk_unbuffered[0]
    BUFG_PS_X0Y58        BUFG_PS (Prop_BUFG_PS_I_O)
                                                      0.018     0.138 r  system_i/zynq_ps/inst/buffer_pl_clk_0.PL_CLK_0_BUFG/O
    X0Y1 (CLOCK_ROOT)    net (fo=12182, routed)       1.017     1.155    system_i/axi_sc/inst/s00_entry_pipeline/s00_si_converter/inst/xpm_cdc_async_rst_inst/dest_clk
    SLICE_X2Y54          FDCE                                         r  system_i/axi_sc/inst/s00_entry_pipeline/s00_si_converter/inst/xpm_cdc_async_rst_inst/arststages_ff_reg[1]/C

Slack:                    inf
  Source:                 system_i/axi_sc/inst/clk_map/psr_aclk/U0/ACTIVE_LOW_BSR_OUT_DFF[0].FDRE_BSR_N/C
                            (rising edge-triggered cell FDRE clocked by clk_pl_0  {rise@0.000ns fall@10.312ns period=20.625ns})
  Destination:            system_i/axi_sc/inst/s00_entry_pipeline/s00_si_converter/inst/xpm_cdc_async_rst_inst/arststages_ff_reg[2]/CLR
                            (removal check against rising-edge clock clk_pl_0  {rise@0.000ns fall@10.312ns period=20.625ns})
  Path Group:             (none)
  Path Type:              Removal (Min at Fast Process Corner)
  Data Path Delay:        0.136ns  (logic 0.039ns (28.689%)  route 0.097ns (71.311%))
  Logic Levels:           0  
  Clock Path Skew:        0.141ns (DCD - SCD - CPR)
    Destination Clock Delay (DCD):    1.155ns
    Source Clock Delay      (SCD):    1.015ns
    Clock Pessimism Removal (CPR):    -0.000ns
  Clock Uncertainty:      0.207ns  ((TSJ^2 + DJ^2)^1/2) / 2 + PE
    Total System Jitter     (TSJ):    0.071ns
    Discrete Jitter          (DJ):    0.409ns
    Phase Error              (PE):    0.000ns
  Clock Net Delay (Source):      0.904ns (routing 0.324ns, distribution 0.580ns)
  Clock Net Delay (Destination): 1.017ns (routing 0.365ns, distribution 0.652ns)
  Timing Exception:       False Path

    Location             Delay type                Incr(ns)  Path(ns)    Netlist Resource(s)
  -------------------------------------------------------------------    -------------------
                         (clock clk_pl_0 rise edge)
                                                      0.000     0.000 r  
    PS8_X0Y0             PS8                          0.000     0.000 r  system_i/zynq_ps/inst/PS8_i/PLCLK[0]
                         net (fo=1, routed)           0.094     0.094    system_i/zynq_ps/inst/pl_clk_unbuffered[0]
    BUFG_PS_X0Y58        BUFG_PS (Prop_BUFG_PS_I_O)
                                                      0.017     0.111 r  system_i/zynq_ps/inst/buffer_pl_clk_0.PL_CLK_0_BUFG/O
    X0Y1 (CLOCK_ROOT)    net (fo=12182, routed)       0.904     1.015    system_i/axi_sc/inst/clk_map/psr_aclk/U0/aclk
    SLICE_X1Y56          FDRE                                         r  system_i/axi_sc/inst/clk_map/psr_aclk/U0/ACTIVE_LOW_BSR_OUT_DFF[0].FDRE_BSR_N/C
  -------------------------------------------------------------------    -------------------
    SLICE_X1Y56          FDRE (Prop_DFF_SLICEM_C_Q)
                                                      0.039     1.054 r  system_i/axi_sc/inst/clk_map/psr_aclk/U0/ACTIVE_LOW_BSR_OUT_DFF[0].FDRE_BSR_N/Q
                         net (fo=27, routed)          0.097     1.151    system_i/axi_sc/inst/s00_entry_pipeline/s00_si_converter/inst/xpm_cdc_async_rst_inst/src_arst
    SLICE_X2Y54          FDCE                                         f  system_i/axi_sc/inst/s00_entry_pipeline/s00_si_converter/inst/xpm_cdc_async_rst_inst/arststages_ff_reg[2]/CLR  (IS_INVERTED)
  -------------------------------------------------------------------    -------------------

                         (clock clk_pl_0 rise edge)
                                                      0.000     0.000 r  
    PS8_X0Y0             PS8                          0.000     0.000 r  system_i/zynq_ps/inst/PS8_i/PLCLK[0]
                         net (fo=1, routed)           0.120     0.120    system_i/zynq_ps/inst/pl_clk_unbuffered[0]
    BUFG_PS_X0Y58        BUFG_PS (Prop_BUFG_PS_I_O)
                                                      0.018     0.138 r  system_i/zynq_ps/inst/buffer_pl_clk_0.PL_CLK_0_BUFG/O
    X0Y1 (CLOCK_ROOT)    net (fo=12182, routed)       1.017     1.155    system_i/axi_sc/inst/s00_entry_pipeline/s00_si_converter/inst/xpm_cdc_async_rst_inst/dest_clk
    SLICE_X2Y54          FDCE                                         r  system_i/axi_sc/inst/s00_entry_pipeline/s00_si_converter/inst/xpm_cdc_async_rst_inst/arststages_ff_reg[2]/C

Slack:                    inf
  Source:                 system_i/axi_sc/inst/clk_map/psr_aclk/U0/ACTIVE_LOW_BSR_OUT_DFF[0].FDRE_BSR_N/C
                            (rising edge-triggered cell FDRE clocked by clk_pl_0  {rise@0.000ns fall@10.312ns period=20.625ns})
  Destination:            system_i/axi_sc/inst/s00_nodes/s00_ar_node/inst/s_sc_xpm_cdc_async_rst_inst/arststages_ff_reg[0]/CLR
                            (removal check against rising-edge clock clk_pl_0  {rise@0.000ns fall@10.312ns period=20.625ns})
  Path Group:             (none)
  Path Type:              Removal (Min at Fast Process Corner)
  Data Path Delay:        0.164ns  (logic 0.039ns (23.797%)  route 0.125ns (76.203%))
  Logic Levels:           0  
  Clock Path Skew:        0.148ns (DCD - SCD - CPR)
    Destination Clock Delay (DCD):    1.162ns
    Source Clock Delay      (SCD):    1.015ns
    Clock Pessimism Removal (CPR):    -0.000ns
  Clock Uncertainty:      0.207ns  ((TSJ^2 + DJ^2)^1/2) / 2 + PE
    Total System Jitter     (TSJ):    0.071ns
    Discrete Jitter          (DJ):    0.409ns
    Phase Error              (PE):    0.000ns
  Clock Net Delay (Source):      0.904ns (routing 0.324ns, distribution 0.580ns)
  Clock Net Delay (Destination): 1.024ns (routing 0.365ns, distribution 0.659ns)
  Timing Exception:       False Path

    Location             Delay type                Incr(ns)  Path(ns)    Netlist Resource(s)
  -------------------------------------------------------------------    -------------------
                         (clock clk_pl_0 rise edge)
                                                      0.000     0.000 r  
    PS8_X0Y0             PS8                          0.000     0.000 r  system_i/zynq_ps/inst/PS8_i/PLCLK[0]
                         net (fo=1, routed)           0.094     0.094    system_i/zynq_ps/inst/pl_clk_unbuffered[0]
    BUFG_PS_X0Y58        BUFG_PS (Prop_BUFG_PS_I_O)
                                                      0.017     0.111 r  system_i/zynq_ps/inst/buffer_pl_clk_0.PL_CLK_0_BUFG/O
    X0Y1 (CLOCK_ROOT)    net (fo=12182, routed)       0.904     1.015    system_i/axi_sc/inst/clk_map/psr_aclk/U0/aclk
    SLICE_X1Y56          FDRE                                         r  system_i/axi_sc/inst/clk_map/psr_aclk/U0/ACTIVE_LOW_BSR_OUT_DFF[0].FDRE_BSR_N/C
  -------------------------------------------------------------------    -------------------
    SLICE_X1Y56          FDRE (Prop_DFF_SLICEM_C_Q)
                                                      0.039     1.054 r  system_i/axi_sc/inst/clk_map/psr_aclk/U0/ACTIVE_LOW_BSR_OUT_DFF[0].FDRE_BSR_N/Q
                         net (fo=27, routed)          0.125     1.178    system_i/axi_sc/inst/s00_nodes/s00_ar_node/inst/s_sc_xpm_cdc_async_rst_inst/src_arst
    SLICE_X2Y52          FDCE                                         f  system_i/axi_sc/inst/s00_nodes/s00_ar_node/inst/s_sc_xpm_cdc_async_rst_inst/arststages_ff_reg[0]/CLR  (IS_INVERTED)
  -------------------------------------------------------------------    -------------------

                         (clock clk_pl_0 rise edge)
                                                      0.000     0.000 r  
    PS8_X0Y0             PS8                          0.000     0.000 r  system_i/zynq_ps/inst/PS8_i/PLCLK[0]
                         net (fo=1, routed)           0.120     0.120    system_i/zynq_ps/inst/pl_clk_unbuffered[0]
    BUFG_PS_X0Y58        BUFG_PS (Prop_BUFG_PS_I_O)
                                                      0.018     0.138 r  system_i/zynq_ps/inst/buffer_pl_clk_0.PL_CLK_0_BUFG/O
    X0Y1 (CLOCK_ROOT)    net (fo=12182, routed)       1.024     1.162    system_i/axi_sc/inst/s00_nodes/s00_ar_node/inst/s_sc_xpm_cdc_async_rst_inst/dest_clk
    SLICE_X2Y52          FDCE                                         r  system_i/axi_sc/inst/s00_nodes/s00_ar_node/inst/s_sc_xpm_cdc_async_rst_inst/arststages_ff_reg[0]/C

Slack:                    inf
  Source:                 system_i/axi_sc/inst/clk_map/psr_aclk/U0/ACTIVE_LOW_BSR_OUT_DFF[0].FDRE_BSR_N/C
                            (rising edge-triggered cell FDRE clocked by clk_pl_0  {rise@0.000ns fall@10.312ns period=20.625ns})
  Destination:            system_i/axi_sc/inst/s00_nodes/s00_ar_node/inst/s_sc_xpm_cdc_async_rst_inst/arststages_ff_reg[1]/CLR
                            (removal check against rising-edge clock clk_pl_0  {rise@0.000ns fall@10.312ns period=20.625ns})
  Path Group:             (none)
  Path Type:              Removal (Min at Fast Process Corner)
  Data Path Delay:        0.164ns  (logic 0.039ns (23.797%)  route 0.125ns (76.203%))
  Logic Levels:           0  
  Clock Path Skew:        0.148ns (DCD - SCD - CPR)
    Destination Clock Delay (DCD):    1.162ns
    Source Clock Delay      (SCD):    1.015ns
    Clock Pessimism Removal (CPR):    -0.000ns
  Clock Uncertainty:      0.207ns  ((TSJ^2 + DJ^2)^1/2) / 2 + PE
    Total System Jitter     (TSJ):    0.071ns
    Discrete Jitter          (DJ):    0.409ns
    Phase Error              (PE):    0.000ns
  Clock Net Delay (Source):      0.904ns (routing 0.324ns, distribution 0.580ns)
  Clock Net Delay (Destination): 1.024ns (routing 0.365ns, distribution 0.659ns)
  Timing Exception:       False Path

    Location             Delay type                Incr(ns)  Path(ns)    Netlist Resource(s)
  -------------------------------------------------------------------    -------------------
                         (clock clk_pl_0 rise edge)
                                                      0.000     0.000 r  
    PS8_X0Y0             PS8                          0.000     0.000 r  system_i/zynq_ps/inst/PS8_i/PLCLK[0]
                         net (fo=1, routed)           0.094     0.094    system_i/zynq_ps/inst/pl_clk_unbuffered[0]
    BUFG_PS_X0Y58        BUFG_PS (Prop_BUFG_PS_I_O)
                                                      0.017     0.111 r  system_i/zynq_ps/inst/buffer_pl_clk_0.PL_CLK_0_BUFG/O
    X0Y1 (CLOCK_ROOT)    net (fo=12182, routed)       0.904     1.015    system_i/axi_sc/inst/clk_map/psr_aclk/U0/aclk
    SLICE_X1Y56          FDRE                                         r  system_i/axi_sc/inst/clk_map/psr_aclk/U0/ACTIVE_LOW_BSR_OUT_DFF[0].FDRE_BSR_N/C
  -------------------------------------------------------------------    -------------------
    SLICE_X1Y56          FDRE (Prop_DFF_SLICEM_C_Q)
                                                      0.039     1.054 r  system_i/axi_sc/inst/clk_map/psr_aclk/U0/ACTIVE_LOW_BSR_OUT_DFF[0].FDRE_BSR_N/Q
                         net (fo=27, routed)          0.125     1.178    system_i/axi_sc/inst/s00_nodes/s00_ar_node/inst/s_sc_xpm_cdc_async_rst_inst/src_arst
    SLICE_X2Y52          FDCE                                         f  system_i/axi_sc/inst/s00_nodes/s00_ar_node/inst/s_sc_xpm_cdc_async_rst_inst/arststages_ff_reg[1]/CLR  (IS_INVERTED)
  -------------------------------------------------------------------    -------------------

                         (clock clk_pl_0 rise edge)
                                                      0.000     0.000 r  
    PS8_X0Y0             PS8                          0.000     0.000 r  system_i/zynq_ps/inst/PS8_i/PLCLK[0]
                         net (fo=1, routed)           0.120     0.120    system_i/zynq_ps/inst/pl_clk_unbuffered[0]
    BUFG_PS_X0Y58        BUFG_PS (Prop_BUFG_PS_I_O)
                                                      0.018     0.138 r  system_i/zynq_ps/inst/buffer_pl_clk_0.PL_CLK_0_BUFG/O
    X0Y1 (CLOCK_ROOT)    net (fo=12182, routed)       1.024     1.162    system_i/axi_sc/inst/s00_nodes/s00_ar_node/inst/s_sc_xpm_cdc_async_rst_inst/dest_clk
    SLICE_X2Y52          FDCE                                         r  system_i/axi_sc/inst/s00_nodes/s00_ar_node/inst/s_sc_xpm_cdc_async_rst_inst/arststages_ff_reg[1]/C

Slack:                    inf
  Source:                 system_i/axi_sc/inst/clk_map/psr_aclk/U0/ACTIVE_LOW_BSR_OUT_DFF[0].FDRE_BSR_N/C
                            (rising edge-triggered cell FDRE clocked by clk_pl_0  {rise@0.000ns fall@10.312ns period=20.625ns})
  Destination:            system_i/axi_sc/inst/s00_nodes/s00_ar_node/inst/s_sc_xpm_cdc_async_rst_inst/arststages_ff_reg[2]/CLR
                            (removal check against rising-edge clock clk_pl_0  {rise@0.000ns fall@10.312ns period=20.625ns})
  Path Group:             (none)
  Path Type:              Removal (Min at Fast Process Corner)
  Data Path Delay:        0.164ns  (logic 0.039ns (23.797%)  route 0.125ns (76.203%))
  Logic Levels:           0  
  Clock Path Skew:        0.148ns (DCD - SCD - CPR)
    Destination Clock Delay (DCD):    1.162ns
    Source Clock Delay      (SCD):    1.015ns
    Clock Pessimism Removal (CPR):    -0.000ns
  Clock Uncertainty:      0.207ns  ((TSJ^2 + DJ^2)^1/2) / 2 + PE
    Total System Jitter     (TSJ):    0.071ns
    Discrete Jitter          (DJ):    0.409ns
    Phase Error              (PE):    0.000ns
  Clock Net Delay (Source):      0.904ns (routing 0.324ns, distribution 0.580ns)
  Clock Net Delay (Destination): 1.024ns (routing 0.365ns, distribution 0.659ns)
  Timing Exception:       False Path

    Location             Delay type                Incr(ns)  Path(ns)    Netlist Resource(s)
  -------------------------------------------------------------------    -------------------
                         (clock clk_pl_0 rise edge)
                                                      0.000     0.000 r  
    PS8_X0Y0             PS8                          0.000     0.000 r  system_i/zynq_ps/inst/PS8_i/PLCLK[0]
                         net (fo=1, routed)           0.094     0.094    system_i/zynq_ps/inst/pl_clk_unbuffered[0]
    BUFG_PS_X0Y58        BUFG_PS (Prop_BUFG_PS_I_O)
                                                      0.017     0.111 r  system_i/zynq_ps/inst/buffer_pl_clk_0.PL_CLK_0_BUFG/O
    X0Y1 (CLOCK_ROOT)    net (fo=12182, routed)       0.904     1.015    system_i/axi_sc/inst/clk_map/psr_aclk/U0/aclk
    SLICE_X1Y56          FDRE                                         r  system_i/axi_sc/inst/clk_map/psr_aclk/U0/ACTIVE_LOW_BSR_OUT_DFF[0].FDRE_BSR_N/C
  -------------------------------------------------------------------    -------------------
    SLICE_X1Y56          FDRE (Prop_DFF_SLICEM_C_Q)
                                                      0.039     1.054 r  system_i/axi_sc/inst/clk_map/psr_aclk/U0/ACTIVE_LOW_BSR_OUT_DFF[0].FDRE_BSR_N/Q
                         net (fo=27, routed)          0.125     1.178    system_i/axi_sc/inst/s00_nodes/s00_ar_node/inst/s_sc_xpm_cdc_async_rst_inst/src_arst
    SLICE_X2Y52          FDCE                                         f  system_i/axi_sc/inst/s00_nodes/s00_ar_node/inst/s_sc_xpm_cdc_async_rst_inst/arststages_ff_reg[2]/CLR  (IS_INVERTED)
  -------------------------------------------------------------------    -------------------

                         (clock clk_pl_0 rise edge)
                                                      0.000     0.000 r  
    PS8_X0Y0             PS8                          0.000     0.000 r  system_i/zynq_ps/inst/PS8_i/PLCLK[0]
                         net (fo=1, routed)           0.120     0.120    system_i/zynq_ps/inst/pl_clk_unbuffered[0]
    BUFG_PS_X0Y58        BUFG_PS (Prop_BUFG_PS_I_O)
                                                      0.018     0.138 r  system_i/zynq_ps/inst/buffer_pl_clk_0.PL_CLK_0_BUFG/O
    X0Y1 (CLOCK_ROOT)    net (fo=12182, routed)       1.024     1.162    system_i/axi_sc/inst/s00_nodes/s00_ar_node/inst/s_sc_xpm_cdc_async_rst_inst/dest_clk
    SLICE_X2Y52          FDCE                                         r  system_i/axi_sc/inst/s00_nodes/s00_ar_node/inst/s_sc_xpm_cdc_async_rst_inst/arststages_ff_reg[2]/C

Slack:                    inf
  Source:                 system_i/rst_sys/U0/ACTIVE_LOW_PR_OUT_DFF[0].FDRE_PER_N_replica/C
                            (rising edge-triggered cell FDRE clocked by clk_pl_0  {rise@0.000ns fall@10.312ns period=20.625ns})
  Destination:            system_i/axi_sc/inst/clk_map/psr_aclk/U0/EXT_LPF/ACTIVE_LOW_AUX.ACT_LO_AUX/syncstages_ff_reg[0]/D
                            (rising edge-triggered cell FDRE clocked by clk_pl_0  {rise@0.000ns fall@10.312ns period=20.625ns})
  Path Group:             (none)
  Path Type:              Hold (Min at Fast Process Corner)
  Data Path Delay:        0.248ns  (logic 0.079ns (31.847%)  route 0.169ns (68.153%))
  Logic Levels:           1  (LUT1=1)
  Clock Path Skew:        0.157ns (DCD - SCD - CPR)
    Destination Clock Delay (DCD):    1.148ns
    Source Clock Delay      (SCD):    0.991ns
    Clock Pessimism Removal (CPR):    -0.000ns
  Clock Uncertainty:      0.207ns  ((TSJ^2 + DJ^2)^1/2) / 2 + PE
    Total System Jitter     (TSJ):    0.071ns
    Discrete Jitter          (DJ):    0.409ns
    Phase Error              (PE):    0.000ns
  Clock Net Delay (Source):      0.880ns (routing 0.324ns, distribution 0.556ns)
  Clock Net Delay (Destination): 1.010ns (routing 0.365ns, distribution 0.645ns)
  Timing Exception:       False Path

    Location             Delay type                Incr(ns)  Path(ns)    Netlist Resource(s)
  -------------------------------------------------------------------    -------------------
                         (clock clk_pl_0 rise edge)
                                                      0.000     0.000 r  
    PS8_X0Y0             PS8                          0.000     0.000 r  system_i/zynq_ps/inst/PS8_i/PLCLK[0]
                         net (fo=1, routed)           0.094     0.094    system_i/zynq_ps/inst/pl_clk_unbuffered[0]
    BUFG_PS_X0Y58        BUFG_PS (Prop_BUFG_PS_I_O)
                                                      0.017     0.111 r  system_i/zynq_ps/inst/buffer_pl_clk_0.PL_CLK_0_BUFG/O
    X0Y1 (CLOCK_ROOT)    net (fo=12182, routed)       0.880     0.991    system_i/rst_sys/U0/slowest_sync_clk
    SLICE_X4Y61          FDRE                                         r  system_i/rst_sys/U0/ACTIVE_LOW_PR_OUT_DFF[0].FDRE_PER_N_replica/C
  -------------------------------------------------------------------    -------------------
    SLICE_X4Y61          FDRE (Prop_AFF_SLICEM_C_Q)
                                                      0.038     1.029 f  system_i/rst_sys/U0/ACTIVE_LOW_PR_OUT_DFF[0].FDRE_PER_N_replica/Q
                         net (fo=6, routed)           0.109     1.138    system_i/axi_sc/inst/clk_map/psr_aclk/U0/EXT_LPF/peripheral_aresetn[0]_bufg_place_replica
    SLICE_X1Y61          LUT1 (Prop_H6LUT_SLICEM_I0_O)
                                                      0.041     1.179 r  system_i/axi_sc/inst/clk_map/psr_aclk/U0/EXT_LPF/ACTIVE_LOW_AUX.ACT_LO_AUX_i_1/O
                         net (fo=1, routed)           0.060     1.239    system_i/axi_sc/inst/clk_map/psr_aclk/U0/EXT_LPF/ACTIVE_LOW_AUX.ACT_LO_AUX/src_in
    SLICE_X1Y61          FDRE                                         r  system_i/axi_sc/inst/clk_map/psr_aclk/U0/EXT_LPF/ACTIVE_LOW_AUX.ACT_LO_AUX/syncstages_ff_reg[0]/D
  -------------------------------------------------------------------    -------------------

                         (clock clk_pl_0 rise edge)
                                                      0.000     0.000 r  
    PS8_X0Y0             PS8                          0.000     0.000 r  system_i/zynq_ps/inst/PS8_i/PLCLK[0]
                         net (fo=1, routed)           0.120     0.120    system_i/zynq_ps/inst/pl_clk_unbuffered[0]
    BUFG_PS_X0Y58        BUFG_PS (Prop_BUFG_PS_I_O)
                                                      0.018     0.138 r  system_i/zynq_ps/inst/buffer_pl_clk_0.PL_CLK_0_BUFG/O
    X0Y1 (CLOCK_ROOT)    net (fo=12182, routed)       1.010     1.148    system_i/axi_sc/inst/clk_map/psr_aclk/U0/EXT_LPF/ACTIVE_LOW_AUX.ACT_LO_AUX/dest_clk
    SLICE_X1Y61          FDRE                                         r  system_i/axi_sc/inst/clk_map/psr_aclk/U0/EXT_LPF/ACTIVE_LOW_AUX.ACT_LO_AUX/syncstages_ff_reg[0]/C

Slack:                    inf
  Source:                 system_i/axi_sc/inst/clk_map/psr_aclk/U0/ACTIVE_LOW_BSR_OUT_DFF[0].FDRE_BSR_N/C
                            (rising edge-triggered cell FDRE clocked by clk_pl_0  {rise@0.000ns fall@10.312ns period=20.625ns})
  Destination:            system_i/axi_sc/inst/m00_exit_pipeline/m00_exit/inst/xpm_cdc_async_rst_inst/arststages_ff_reg[0]/CLR
                            (removal check against rising-edge clock clk_pl_0  {rise@0.000ns fall@10.312ns period=20.625ns})
  Path Group:             (none)
  Path Type:              Removal (Min at Fast Process Corner)
  Data Path Delay:        0.275ns  (logic 0.039ns (14.206%)  route 0.236ns (85.794%))
  Logic Levels:           0  
  Clock Path Skew:        0.142ns (DCD - SCD - CPR)
    Destination Clock Delay (DCD):    1.156ns
    Source Clock Delay      (SCD):    1.015ns
    Clock Pessimism Removal (CPR):    -0.000ns
  Clock Uncertainty:      0.207ns  ((TSJ^2 + DJ^2)^1/2) / 2 + PE
    Total System Jitter     (TSJ):    0.071ns
    Discrete Jitter          (DJ):    0.409ns
    Phase Error              (PE):    0.000ns
  Clock Net Delay (Source):      0.904ns (routing 0.324ns, distribution 0.580ns)
  Clock Net Delay (Destination): 1.018ns (routing 0.365ns, distribution 0.653ns)
  Timing Exception:       False Path

    Location             Delay type                Incr(ns)  Path(ns)    Netlist Resource(s)
  -------------------------------------------------------------------    -------------------
                         (clock clk_pl_0 rise edge)
                                                      0.000     0.000 r  
    PS8_X0Y0             PS8                          0.000     0.000 r  system_i/zynq_ps/inst/PS8_i/PLCLK[0]
                         net (fo=1, routed)           0.094     0.094    system_i/zynq_ps/inst/pl_clk_unbuffered[0]
    BUFG_PS_X0Y58        BUFG_PS (Prop_BUFG_PS_I_O)
                                                      0.017     0.111 r  system_i/zynq_ps/inst/buffer_pl_clk_0.PL_CLK_0_BUFG/O
    X0Y1 (CLOCK_ROOT)    net (fo=12182, routed)       0.904     1.015    system_i/axi_sc/inst/clk_map/psr_aclk/U0/aclk
    SLICE_X1Y56          FDRE                                         r  system_i/axi_sc/inst/clk_map/psr_aclk/U0/ACTIVE_LOW_BSR_OUT_DFF[0].FDRE_BSR_N/C
  -------------------------------------------------------------------    -------------------
    SLICE_X1Y56          FDRE (Prop_DFF_SLICEM_C_Q)
                                                      0.039     1.054 r  system_i/axi_sc/inst/clk_map/psr_aclk/U0/ACTIVE_LOW_BSR_OUT_DFF[0].FDRE_BSR_N/Q
                         net (fo=27, routed)          0.236     1.289    system_i/axi_sc/inst/m00_exit_pipeline/m00_exit/inst/xpm_cdc_async_rst_inst/src_arst
    SLICE_X4Y50          FDCE                                         f  system_i/axi_sc/inst/m00_exit_pipeline/m00_exit/inst/xpm_cdc_async_rst_inst/arststages_ff_reg[0]/CLR  (IS_INVERTED)
  -------------------------------------------------------------------    -------------------

                         (clock clk_pl_0 rise edge)
                                                      0.000     0.000 r  
    PS8_X0Y0             PS8                          0.000     0.000 r  system_i/zynq_ps/inst/PS8_i/PLCLK[0]
                         net (fo=1, routed)           0.120     0.120    system_i/zynq_ps/inst/pl_clk_unbuffered[0]
    BUFG_PS_X0Y58        BUFG_PS (Prop_BUFG_PS_I_O)
                                                      0.018     0.138 r  system_i/zynq_ps/inst/buffer_pl_clk_0.PL_CLK_0_BUFG/O
    X0Y1 (CLOCK_ROOT)    net (fo=12182, routed)       1.018     1.156    system_i/axi_sc/inst/m00_exit_pipeline/m00_exit/inst/xpm_cdc_async_rst_inst/dest_clk
    SLICE_X4Y50          FDCE                                         r  system_i/axi_sc/inst/m00_exit_pipeline/m00_exit/inst/xpm_cdc_async_rst_inst/arststages_ff_reg[0]/C

Slack:                    inf
  Source:                 system_i/axi_sc/inst/clk_map/psr_aclk/U0/ACTIVE_LOW_BSR_OUT_DFF[0].FDRE_BSR_N/C
                            (rising edge-triggered cell FDRE clocked by clk_pl_0  {rise@0.000ns fall@10.312ns period=20.625ns})
  Destination:            system_i/axi_sc/inst/m00_exit_pipeline/m00_exit/inst/xpm_cdc_async_rst_inst/arststages_ff_reg[1]/CLR
                            (removal check against rising-edge clock clk_pl_0  {rise@0.000ns fall@10.312ns period=20.625ns})
  Path Group:             (none)
  Path Type:              Removal (Min at Fast Process Corner)
  Data Path Delay:        0.275ns  (logic 0.039ns (14.206%)  route 0.236ns (85.794%))
  Logic Levels:           0  
  Clock Path Skew:        0.142ns (DCD - SCD - CPR)
    Destination Clock Delay (DCD):    1.156ns
    Source Clock Delay      (SCD):    1.015ns
    Clock Pessimism Removal (CPR):    -0.000ns
  Clock Uncertainty:      0.207ns  ((TSJ^2 + DJ^2)^1/2) / 2 + PE
    Total System Jitter     (TSJ):    0.071ns
    Discrete Jitter          (DJ):    0.409ns
    Phase Error              (PE):    0.000ns
  Clock Net Delay (Source):      0.904ns (routing 0.324ns, distribution 0.580ns)
  Clock Net Delay (Destination): 1.018ns (routing 0.365ns, distribution 0.653ns)
  Timing Exception:       False Path

    Location             Delay type                Incr(ns)  Path(ns)    Netlist Resource(s)
  -------------------------------------------------------------------    -------------------
                         (clock clk_pl_0 rise edge)
                                                      0.000     0.000 r  
    PS8_X0Y0             PS8                          0.000     0.000 r  system_i/zynq_ps/inst/PS8_i/PLCLK[0]
                         net (fo=1, routed)           0.094     0.094    system_i/zynq_ps/inst/pl_clk_unbuffered[0]
    BUFG_PS_X0Y58        BUFG_PS (Prop_BUFG_PS_I_O)
                                                      0.017     0.111 r  system_i/zynq_ps/inst/buffer_pl_clk_0.PL_CLK_0_BUFG/O
    X0Y1 (CLOCK_ROOT)    net (fo=12182, routed)       0.904     1.015    system_i/axi_sc/inst/clk_map/psr_aclk/U0/aclk
    SLICE_X1Y56          FDRE                                         r  system_i/axi_sc/inst/clk_map/psr_aclk/U0/ACTIVE_LOW_BSR_OUT_DFF[0].FDRE_BSR_N/C
  -------------------------------------------------------------------    -------------------
    SLICE_X1Y56          FDRE (Prop_DFF_SLICEM_C_Q)
                                                      0.039     1.054 r  system_i/axi_sc/inst/clk_map/psr_aclk/U0/ACTIVE_LOW_BSR_OUT_DFF[0].FDRE_BSR_N/Q
                         net (fo=27, routed)          0.236     1.289    system_i/axi_sc/inst/m00_exit_pipeline/m00_exit/inst/xpm_cdc_async_rst_inst/src_arst
    SLICE_X4Y50          FDCE                                         f  system_i/axi_sc/inst/m00_exit_pipeline/m00_exit/inst/xpm_cdc_async_rst_inst/arststages_ff_reg[1]/CLR  (IS_INVERTED)
  -------------------------------------------------------------------    -------------------

                         (clock clk_pl_0 rise edge)
                                                      0.000     0.000 r  
    PS8_X0Y0             PS8                          0.000     0.000 r  system_i/zynq_ps/inst/PS8_i/PLCLK[0]
                         net (fo=1, routed)           0.120     0.120    system_i/zynq_ps/inst/pl_clk_unbuffered[0]
    BUFG_PS_X0Y58        BUFG_PS (Prop_BUFG_PS_I_O)
                                                      0.018     0.138 r  system_i/zynq_ps/inst/buffer_pl_clk_0.PL_CLK_0_BUFG/O
    X0Y1 (CLOCK_ROOT)    net (fo=12182, routed)       1.018     1.156    system_i/axi_sc/inst/m00_exit_pipeline/m00_exit/inst/xpm_cdc_async_rst_inst/dest_clk
    SLICE_X4Y50          FDCE                                         r  system_i/axi_sc/inst/m00_exit_pipeline/m00_exit/inst/xpm_cdc_async_rst_inst/arststages_ff_reg[1]/C

Slack:                    inf
  Source:                 system_i/axi_sc/inst/clk_map/psr_aclk/U0/ACTIVE_LOW_BSR_OUT_DFF[0].FDRE_BSR_N/C
                            (rising edge-triggered cell FDRE clocked by clk_pl_0  {rise@0.000ns fall@10.312ns period=20.625ns})
  Destination:            system_i/axi_sc/inst/m00_exit_pipeline/m00_exit/inst/xpm_cdc_async_rst_inst/arststages_ff_reg[2]/CLR
                            (removal check against rising-edge clock clk_pl_0  {rise@0.000ns fall@10.312ns period=20.625ns})
  Path Group:             (none)
  Path Type:              Removal (Min at Fast Process Corner)
  Data Path Delay:        0.275ns  (logic 0.039ns (14.206%)  route 0.236ns (85.794%))
  Logic Levels:           0  
  Clock Path Skew:        0.142ns (DCD - SCD - CPR)
    Destination Clock Delay (DCD):    1.156ns
    Source Clock Delay      (SCD):    1.015ns
    Clock Pessimism Removal (CPR):    -0.000ns
  Clock Uncertainty:      0.207ns  ((TSJ^2 + DJ^2)^1/2) / 2 + PE
    Total System Jitter     (TSJ):    0.071ns
    Discrete Jitter          (DJ):    0.409ns
    Phase Error              (PE):    0.000ns
  Clock Net Delay (Source):      0.904ns (routing 0.324ns, distribution 0.580ns)
  Clock Net Delay (Destination): 1.018ns (routing 0.365ns, distribution 0.653ns)
  Timing Exception:       False Path

    Location             Delay type                Incr(ns)  Path(ns)    Netlist Resource(s)
  -------------------------------------------------------------------    -------------------
                         (clock clk_pl_0 rise edge)
                                                      0.000     0.000 r  
    PS8_X0Y0             PS8                          0.000     0.000 r  system_i/zynq_ps/inst/PS8_i/PLCLK[0]
                         net (fo=1, routed)           0.094     0.094    system_i/zynq_ps/inst/pl_clk_unbuffered[0]
    BUFG_PS_X0Y58        BUFG_PS (Prop_BUFG_PS_I_O)
                                                      0.017     0.111 r  system_i/zynq_ps/inst/buffer_pl_clk_0.PL_CLK_0_BUFG/O
    X0Y1 (CLOCK_ROOT)    net (fo=12182, routed)       0.904     1.015    system_i/axi_sc/inst/clk_map/psr_aclk/U0/aclk
    SLICE_X1Y56          FDRE                                         r  system_i/axi_sc/inst/clk_map/psr_aclk/U0/ACTIVE_LOW_BSR_OUT_DFF[0].FDRE_BSR_N/C
  -------------------------------------------------------------------    -------------------
    SLICE_X1Y56          FDRE (Prop_DFF_SLICEM_C_Q)
                                                      0.039     1.054 r  system_i/axi_sc/inst/clk_map/psr_aclk/U0/ACTIVE_LOW_BSR_OUT_DFF[0].FDRE_BSR_N/Q
                         net (fo=27, routed)          0.236     1.289    system_i/axi_sc/inst/m00_exit_pipeline/m00_exit/inst/xpm_cdc_async_rst_inst/src_arst
    SLICE_X4Y50          FDCE                                         f  system_i/axi_sc/inst/m00_exit_pipeline/m00_exit/inst/xpm_cdc_async_rst_inst/arststages_ff_reg[2]/CLR  (IS_INVERTED)
  -------------------------------------------------------------------    -------------------

                         (clock clk_pl_0 rise edge)
                                                      0.000     0.000 r  
    PS8_X0Y0             PS8                          0.000     0.000 r  system_i/zynq_ps/inst/PS8_i/PLCLK[0]
                         net (fo=1, routed)           0.120     0.120    system_i/zynq_ps/inst/pl_clk_unbuffered[0]
    BUFG_PS_X0Y58        BUFG_PS (Prop_BUFG_PS_I_O)
                                                      0.018     0.138 r  system_i/zynq_ps/inst/buffer_pl_clk_0.PL_CLK_0_BUFG/O
    X0Y1 (CLOCK_ROOT)    net (fo=12182, routed)       1.018     1.156    system_i/axi_sc/inst/m00_exit_pipeline/m00_exit/inst/xpm_cdc_async_rst_inst/dest_clk
    SLICE_X4Y50          FDCE                                         r  system_i/axi_sc/inst/m00_exit_pipeline/m00_exit/inst/xpm_cdc_async_rst_inst/arststages_ff_reg[2]/C





--------------------------------------------------------------------------------------
Path Group:  (none)
From Clock:  
  To Clock:  

Max Delay             5 Endpoints
Min Delay             5 Endpoints
--------------------------------------------------------------------------------------


Max Delay Paths
--------------------------------------------------------------------------------------
Slack:                    inf
  Source:                 sw[2]
                            (input port)
  Destination:            rgb0[2]
                            (output port)
  Path Group:             (none)
  Path Type:              Max at Slow Process Corner
  Data Path Delay:        4.051ns  (logic 1.554ns (38.347%)  route 2.498ns (61.653%))
  Logic Levels:           4  (IBUFCTRL=1 INBUF=1 LUT5=1 OBUF=1)

    Location             Delay type                Incr(ns)  Path(ns)    Netlist Resource(s)
  -------------------------------------------------------------------    -------------------
    AE3                                               0.000     0.000 r  sw[2] (IN)
                         net (fo=0)                   0.000     0.000    sw_IBUF[2]_inst/I
    AE3                  INBUF (Prop_INBUF_HPIOB_M_PAD_O)
                                                      0.524     0.524 r  sw_IBUF[2]_inst/INBUF_INST/O
                         net (fo=1, routed)           0.000     0.524    sw_IBUF[2]_inst/OUT
    AE3                  IBUFCTRL (Prop_IBUFCTRL_HPIOB_M_I_O)
                                                      0.000     0.524 r  sw_IBUF[2]_inst/IBUFCTRL_INST/O
                         net (fo=5, routed)           1.123     1.647    system_i/hft_core/inst/u_core/u_ctrl/sw[2]
    SLICE_X48Y29         LUT5 (Prop_C5LUT_SLICEM_I3_O)
                                                      0.159     1.806 r  system_i/hft_core/inst/u_core/u_ctrl/rgb0[2]_INST_0/O
                         net (fo=1, routed)           1.375     3.181    rgb0_OBUF[2]
    AE9                  OBUF (Prop_OUTBUF_HPIOB_M_I_O)
                                                      0.871     4.051 r  rgb0_OBUF[2]_inst/O
                         net (fo=0)                   0.000     4.051    rgb0[2]
    AE9                                                               r  rgb0[2] (OUT)
  -------------------------------------------------------------------    -------------------

Slack:                    inf
  Source:                 sw[1]
                            (input port)
  Destination:            rgb0[1]
                            (output port)
  Path Group:             (none)
  Path Type:              Max at Slow Process Corner
  Data Path Delay:        3.882ns  (logic 1.502ns (38.677%)  route 2.381ns (61.323%))
  Logic Levels:           4  (IBUFCTRL=1 INBUF=1 LUT3=1 OBUF=1)

    Location             Delay type                Incr(ns)  Path(ns)    Netlist Resource(s)
  -------------------------------------------------------------------    -------------------
    AF1                                               0.000     0.000 f  sw[1] (IN)
                         net (fo=0)                   0.000     0.000    sw_IBUF[1]_inst/I
    AF1                  INBUF (Prop_INBUF_HPIOB_M_PAD_O)
                                                      0.532     0.532 f  sw_IBUF[1]_inst/INBUF_INST/O
                         net (fo=1, routed)           0.000     0.532    sw_IBUF[1]_inst/OUT
    AF1                  IBUFCTRL (Prop_IBUFCTRL_HPIOB_M_I_O)
                                                      0.000     0.532 f  sw_IBUF[1]_inst/IBUFCTRL_INST/O
                         net (fo=4, routed)           1.094     1.626    system_i/hft_core/inst/u_core/u_ctrl/sw[1]
    SLICE_X48Y29         LUT3 (Prop_G6LUT_SLICEM_I2_O)
                                                      0.100     1.726 r  system_i/hft_core/inst/u_core/u_ctrl/rgb0[1]_INST_0/O
                         net (fo=1, routed)           1.287     3.013    rgb0_OBUF[1]
    AD9                  OBUF (Prop_OUTBUF_HPIOB_S_I_O)
                                                      0.869     3.882 r  rgb0_OBUF[1]_inst/O
                         net (fo=0)                   0.000     3.882    rgb0[1]
    AD9                                                               r  rgb0[1] (OUT)
  -------------------------------------------------------------------    -------------------

Slack:                    inf
  Source:                 sw[2]
                            (input port)
  Destination:            rgb0[0]
                            (output port)
  Path Group:             (none)
  Path Type:              Max at Slow Process Corner
  Data Path Delay:        3.843ns  (logic 1.536ns (39.955%)  route 2.308ns (60.045%))
  Logic Levels:           4  (IBUFCTRL=1 INBUF=1 LUT5=1 OBUF=1)

    Location             Delay type                Incr(ns)  Path(ns)    Netlist Resource(s)
  -------------------------------------------------------------------    -------------------
    AE3                                               0.000     0.000 r  sw[2] (IN)
                         net (fo=0)                   0.000     0.000    sw_IBUF[2]_inst/I
    AE3                  INBUF (Prop_INBUF_HPIOB_M_PAD_O)
                                                      0.524     0.524 r  sw_IBUF[2]_inst/INBUF_INST/O
                         net (fo=1, routed)           0.000     0.524    sw_IBUF[2]_inst/OUT
    AE3                  IBUFCTRL (Prop_IBUFCTRL_HPIOB_M_I_O)
                                                      0.000     0.524 r  sw_IBUF[2]_inst/IBUFCTRL_INST/O
                         net (fo=5, routed)           1.123     1.647    system_i/hft_core/inst/u_core/u_ctrl/sw[2]
    SLICE_X48Y29         LUT5 (Prop_C6LUT_SLICEM_I3_O)
                                                      0.145     1.792 r  system_i/hft_core/inst/u_core/u_ctrl/rgb0[0]_INST_0/O
                         net (fo=1, routed)           1.185     2.977    rgb0_OBUF[0]
    AD7                  OBUF (Prop_OUTBUF_HPIOB_M_I_O)
                                                      0.867     3.843 r  rgb0_OBUF[0]_inst/O
                         net (fo=0)                   0.000     3.843    rgb0[0]
    AD7                                                               r  rgb0[0] (OUT)
  -------------------------------------------------------------------    -------------------

Slack:                    inf
  Source:                 sw[2]
                            (input port)
  Destination:            led[1]
                            (output port)
  Path Group:             (none)
  Path Type:              Max at Slow Process Corner
  Data Path Delay:        3.839ns  (logic 1.489ns (38.771%)  route 2.351ns (61.229%))
  Logic Levels:           4  (IBUFCTRL=1 INBUF=1 LUT3=1 OBUF=1)

    Location             Delay type                Incr(ns)  Path(ns)    Netlist Resource(s)
  -------------------------------------------------------------------    -------------------
    AE3                                               0.000     0.000 r  sw[2] (IN)
                         net (fo=0)                   0.000     0.000    sw_IBUF[2]_inst/I
    AE3                  INBUF (Prop_INBUF_HPIOB_M_PAD_O)
                                                      0.524     0.524 r  sw_IBUF[2]_inst/INBUF_INST/O
                         net (fo=1, routed)           0.000     0.524    sw_IBUF[2]_inst/OUT
    AE3                  IBUFCTRL (Prop_IBUFCTRL_HPIOB_M_I_O)
                                                      0.000     0.524 r  sw_IBUF[2]_inst/IBUFCTRL_INST/O
                         net (fo=5, routed)           1.160     1.684    system_i/hft_core/inst/u_core/u_axi_regs/sw[2]
    SLICE_X48Y29         LUT3 (Prop_D5LUT_SLICEM_I1_O)
                                                      0.097     1.781 r  system_i/hft_core/inst/u_core/u_axi_regs/led[1]_INST_0/O
                         net (fo=11, routed)          1.191     2.972    led_OBUF[1]
    AE7                  OBUF (Prop_OUTBUF_HPIOB_S_I_O)
                                                      0.868     3.839 r  led_OBUF[1]_inst/O
                         net (fo=0)                   0.000     3.839    led[1]
    AE7                                                               r  led[1] (OUT)
  -------------------------------------------------------------------    -------------------

Slack:                    inf
  Source:                 sw[2]
                            (input port)
  Destination:            led[0]
                            (output port)
  Path Group:             (none)
  Path Type:              Max at Slow Process Corner
  Data Path Delay:        3.689ns  (logic 1.489ns (40.369%)  route 2.200ns (59.631%))
  Logic Levels:           4  (IBUFCTRL=1 INBUF=1 LUT3=1 OBUF=1)

    Location             Delay type                Incr(ns)  Path(ns)    Netlist Resource(s)
  -------------------------------------------------------------------    -------------------
    AE3                                               0.000     0.000 r  sw[2] (IN)
                         net (fo=0)                   0.000     0.000    sw_IBUF[2]_inst/I
    AE3                  INBUF (Prop_INBUF_HPIOB_M_PAD_O)
                                                      0.524     0.524 r  sw_IBUF[2]_inst/INBUF_INST/O
                         net (fo=1, routed)           0.000     0.524    sw_IBUF[2]_inst/OUT
    AE3                  IBUFCTRL (Prop_IBUFCTRL_HPIOB_M_I_O)
                                                      0.000     0.524 r  sw_IBUF[2]_inst/IBUFCTRL_INST/O
                         net (fo=5, routed)           1.160     1.684    system_i/hft_core/inst/u_core/u_axi_regs/sw[2]
    SLICE_X48Y29         LUT3 (Prop_D6LUT_SLICEM_I1_O)
                                                      0.088     1.772 r  system_i/hft_core/inst/u_core/u_axi_regs/led[0]_INST_0/O
                         net (fo=15, routed)          1.040     2.812    led_OBUF[0]
    AF5                  OBUF (Prop_OUTBUF_HPIOB_S_I_O)
                                                      0.877     3.689 r  led_OBUF[0]_inst/O
                         net (fo=0)                   0.000     3.689    led[0]
    AF5                                                               r  led[0] (OUT)
  -------------------------------------------------------------------    -------------------





Min Delay Paths
--------------------------------------------------------------------------------------
Slack:                    inf
  Source:                 sw[0]
                            (input port)
  Destination:            led[0]
                            (output port)
  Path Group:             (none)
  Path Type:              Min at Fast Process Corner
  Data Path Delay:        1.400ns  (logic 0.560ns (40.008%)  route 0.840ns (59.992%))
  Logic Levels:           4  (IBUFCTRL=1 INBUF=1 LUT3=1 OBUF=1)

    Location             Delay type                Incr(ns)  Path(ns)    Netlist Resource(s)
  -------------------------------------------------------------------    -------------------
    AB1                                               0.000     0.000 r  sw[0] (IN)
                         net (fo=0)                   0.000     0.000    sw_IBUF[0]_inst/I
    AB1                  INBUF (Prop_INBUF_HPIOB_M_PAD_O)
                                                      0.141     0.141 r  sw_IBUF[0]_inst/INBUF_INST/O
                         net (fo=1, routed)           0.000     0.141    sw_IBUF[0]_inst/OUT
    AB1                  IBUFCTRL (Prop_IBUFCTRL_HPIOB_M_I_O)
                                                      0.000     0.141 r  sw_IBUF[0]_inst/IBUFCTRL_INST/O
                         net (fo=3, routed)           0.405     0.545    system_i/hft_core/inst/u_core/u_axi_regs/sw[0]
    SLICE_X48Y29         LUT3 (Prop_D6LUT_SLICEM_I0_O)
                                                      0.050     0.595 r  system_i/hft_core/inst/u_core/u_axi_regs/led[0]_INST_0/O
                         net (fo=15, routed)          0.436     1.031    led_OBUF[0]
    AF5                  OBUF (Prop_OUTBUF_HPIOB_S_I_O)
                                                      0.370     1.400 r  led_OBUF[0]_inst/O
                         net (fo=0)                   0.000     1.400    led[0]
    AF5                                                               r  led[0] (OUT)
  -------------------------------------------------------------------    -------------------

Slack:                    inf
  Source:                 sw[0]
                            (input port)
  Destination:            rgb0[0]
                            (output port)
  Path Group:             (none)
  Path Type:              Min at Fast Process Corner
  Data Path Delay:        1.477ns  (logic 0.550ns (37.211%)  route 0.928ns (62.789%))
  Logic Levels:           4  (IBUFCTRL=1 INBUF=1 LUT5=1 OBUF=1)

    Location             Delay type                Incr(ns)  Path(ns)    Netlist Resource(s)
  -------------------------------------------------------------------    -------------------
    AB1                                               0.000     0.000 r  sw[0] (IN)
                         net (fo=0)                   0.000     0.000    sw_IBUF[0]_inst/I
    AB1                  INBUF (Prop_INBUF_HPIOB_M_PAD_O)
                                                      0.141     0.141 r  sw_IBUF[0]_inst/INBUF_INST/O
                         net (fo=1, routed)           0.000     0.141    sw_IBUF[0]_inst/OUT
    AB1                  IBUFCTRL (Prop_IBUFCTRL_HPIOB_M_I_O)
                                                      0.000     0.141 r  sw_IBUF[0]_inst/IBUFCTRL_INST/O
                         net (fo=3, routed)           0.408     0.548    system_i/hft_core/inst/u_core/u_ctrl/sw[0]
    SLICE_X48Y29         LUT5 (Prop_C6LUT_SLICEM_I1_O)
                                                      0.050     0.598 r  system_i/hft_core/inst/u_core/u_ctrl/rgb0[0]_INST_0/O
                         net (fo=1, routed)           0.520     1.118    rgb0_OBUF[0]
    AD7                  OBUF (Prop_OUTBUF_HPIOB_M_I_O)
                                                      0.359     1.477 r  rgb0_OBUF[0]_inst/O
                         net (fo=0)                   0.000     1.477    rgb0[0]
    AD7                                                               r  rgb0[0] (OUT)
  -------------------------------------------------------------------    -------------------

Slack:                    inf
  Source:                 sw[1]
                            (input port)
  Destination:            led[1]
                            (output port)
  Path Group:             (none)
  Path Type:              Min at Fast Process Corner
  Data Path Delay:        1.536ns  (logic 0.551ns (35.860%)  route 0.985ns (64.140%))
  Logic Levels:           4  (IBUFCTRL=1 INBUF=1 LUT3=1 OBUF=1)

    Location             Delay type                Incr(ns)  Path(ns)    Netlist Resource(s)
  -------------------------------------------------------------------    -------------------
    AF1                                               0.000     0.000 r  sw[1] (IN)
                         net (fo=0)                   0.000     0.000    sw_IBUF[1]_inst/I
    AF1                  INBUF (Prop_INBUF_HPIOB_M_PAD_O)
                                                      0.167     0.167 r  sw_IBUF[1]_inst/INBUF_INST/O
                         net (fo=1, routed)           0.000     0.167    sw_IBUF[1]_inst/OUT
    AF1                  IBUFCTRL (Prop_IBUFCTRL_HPIOB_M_I_O)
                                                      0.000     0.167 r  sw_IBUF[1]_inst/IBUFCTRL_INST/O
                         net (fo=4, routed)           0.462     0.629    system_i/hft_core/inst/u_core/u_axi_regs/sw[1]
    SLICE_X48Y29         LUT3 (Prop_D5LUT_SLICEM_I0_O)
                                                      0.024     0.653 r  system_i/hft_core/inst/u_core/u_axi_regs/led[1]_INST_0/O
                         net (fo=11, routed)          0.523     1.176    led_OBUF[1]
    AE7                  OBUF (Prop_OUTBUF_HPIOB_S_I_O)
                                                      0.360     1.536 r  led_OBUF[1]_inst/O
                         net (fo=0)                   0.000     1.536    led[1]
    AE7                                                               r  led[1] (OUT)
  -------------------------------------------------------------------    -------------------

Slack:                    inf
  Source:                 sw[2]
                            (input port)
  Destination:            rgb0[1]
                            (output port)
  Path Group:             (none)
  Path Type:              Min at Fast Process Corner
  Data Path Delay:        1.546ns  (logic 0.543ns (35.105%)  route 1.003ns (64.895%))
  Logic Levels:           4  (IBUFCTRL=1 INBUF=1 LUT3=1 OBUF=1)

    Location             Delay type                Incr(ns)  Path(ns)    Netlist Resource(s)
  -------------------------------------------------------------------    -------------------
    AE3                                               0.000     0.000 r  sw[2] (IN)
                         net (fo=0)                   0.000     0.000    sw_IBUF[2]_inst/I
    AE3                  INBUF (Prop_INBUF_HPIOB_M_PAD_O)
                                                      0.159     0.159 r  sw_IBUF[2]_inst/INBUF_INST/O
                         net (fo=1, routed)           0.000     0.159    sw_IBUF[2]_inst/OUT
    AE3                  IBUFCTRL (Prop_IBUFCTRL_HPIOB_M_I_O)
                                                      0.000     0.159 r  sw_IBUF[2]_inst/IBUFCTRL_INST/O
                         net (fo=5, routed)           0.439     0.598    system_i/hft_core/inst/u_core/u_ctrl/sw[2]
    SLICE_X48Y29         LUT3 (Prop_G6LUT_SLICEM_I1_O)
                                                      0.022     0.620 r  system_i/hft_core/inst/u_core/u_ctrl/rgb0[1]_INST_0/O
                         net (fo=1, routed)           0.564     1.184    rgb0_OBUF[1]
    AD9                  OBUF (Prop_OUTBUF_HPIOB_S_I_O)
                                                      0.362     1.546 r  rgb0_OBUF[1]_inst/O
                         net (fo=0)                   0.000     1.546    rgb0[1]
    AD9                                                               r  rgb0[1] (OUT)
  -------------------------------------------------------------------    -------------------

Slack:                    inf
  Source:                 sw[0]
                            (input port)
  Destination:            rgb0[2]
                            (output port)
  Path Group:             (none)
  Path Type:              Min at Fast Process Corner
  Data Path Delay:        1.564ns  (logic 0.554ns (35.393%)  route 1.011ns (64.607%))
  Logic Levels:           4  (IBUFCTRL=1 INBUF=1 LUT5=1 OBUF=1)

    Location             Delay type                Incr(ns)  Path(ns)    Netlist Resource(s)
  -------------------------------------------------------------------    -------------------
    AB1                                               0.000     0.000 r  sw[0] (IN)
                         net (fo=0)                   0.000     0.000    sw_IBUF[0]_inst/I
    AB1                  INBUF (Prop_INBUF_HPIOB_M_PAD_O)
                                                      0.141     0.141 r  sw_IBUF[0]_inst/INBUF_INST/O
                         net (fo=1, routed)           0.000     0.141    sw_IBUF[0]_inst/OUT
    AB1                  IBUFCTRL (Prop_IBUFCTRL_HPIOB_M_I_O)
                                                      0.000     0.141 r  sw_IBUF[0]_inst/IBUFCTRL_INST/O
                         net (fo=3, routed)           0.408     0.548    system_i/hft_core/inst/u_core/u_ctrl/sw[0]
    SLICE_X48Y29         LUT5 (Prop_C5LUT_SLICEM_I1_O)
                                                      0.050     0.598 r  system_i/hft_core/inst/u_core/u_ctrl/rgb0[2]_INST_0/O
                         net (fo=1, routed)           0.603     1.201    rgb0_OBUF[2]
    AE9                  OBUF (Prop_OUTBUF_HPIOB_M_I_O)
                                                      0.363     1.564 r  rgb0_OBUF[2]_inst/O
                         net (fo=0)                   0.000     1.564    rgb0[2]
    AE9                                                               r  rgb0[2] (OUT)
  -------------------------------------------------------------------    -------------------





--------------------------------------------------------------------------------------
Path Group:  (none)
From Clock:  clk_pl_0
  To Clock:  

Max Delay            17 Endpoints
Min Delay            17 Endpoints
--------------------------------------------------------------------------------------


Max Delay Paths
--------------------------------------------------------------------------------------
Slack:                    inf
  Source:                 system_i/hft_core/inst/u_core/u_link_rx/state_reg[0]/C
                            (rising edge-triggered cell FDCE clocked by clk_pl_0  {rise@0.000ns fall@10.312ns period=20.625ns})
  Destination:            pmod_jb_ready
                            (output port)
  Path Group:             (none)
  Path Type:              Max at Slow Process Corner
  Data Path Delay:        5.353ns  (logic 2.988ns (55.817%)  route 2.365ns (44.183%))
  Logic Levels:           2  (LUT1=1 OBUF=1)
  Clock Uncertainty:      0.206ns  ((TSJ^2 + DJ^2)^1/2) / 2 + PE
    Total System Jitter     (TSJ):    0.050ns
    Discrete Jitter          (DJ):    0.409ns
    Phase Error              (PE):    0.000ns
  Clock Net Delay (Source):      1.751ns (routing 0.591ns, distribution 1.160ns)

    Location             Delay type                Incr(ns)  Path(ns)    Netlist Resource(s)
  -------------------------------------------------------------------    -------------------
                         (clock clk_pl_0 rise edge)
                                                      0.000     0.000 r  
    PS8_X0Y0             PS8                          0.000     0.000 r  system_i/zynq_ps/inst/PS8_i/PLCLK[0]
                         net (fo=1, routed)           0.171     0.171    system_i/zynq_ps/inst/pl_clk_unbuffered[0]
    BUFG_PS_X0Y58        BUFG_PS (Prop_BUFG_PS_I_O)
                                                      0.028     0.199 r  system_i/zynq_ps/inst/buffer_pl_clk_0.PL_CLK_0_BUFG/O
    X0Y1 (CLOCK_ROOT)    net (fo=12182, routed)       1.751     1.950    system_i/hft_core/inst/u_core/u_link_rx/clk
    SLICE_X35Y13         FDCE                                         r  system_i/hft_core/inst/u_core/u_link_rx/state_reg[0]/C
  -------------------------------------------------------------------    -------------------
    SLICE_X35Y13         FDCE (Prop_HFF_SLICEL_C_Q)
                                                      0.079     2.029 f  system_i/hft_core/inst/u_core/u_link_rx/state_reg[0]/Q
                         net (fo=136, routed)         0.818     2.847    system_i/hft_core/inst/u_core/u_link_rx/state_reg_n_0_[0]
    SLICE_X29Y7          LUT1 (Prop_B6LUT_SLICEM_I0_O)
                                                      0.100     2.947 r  system_i/hft_core/inst/u_core/u_link_rx/pmod_jb_ready_INST_0/O
                         net (fo=1, routed)           1.547     4.494    pmod_jb_ready_OBUF
    B10                  OBUF (Prop_OUTBUF_HDIOB_S_I_O)
                                                      2.809     7.303 r  pmod_jb_ready_OBUF_inst/O
                         net (fo=0)                   0.000     7.303    pmod_jb_ready
    B10                                                               r  pmod_jb_ready (OUT)
  -------------------------------------------------------------------    -------------------

Slack:                    inf
  Source:                 system_i/hft_core/inst/u_core/u_link_rx/link_up_reg/C
                            (rising edge-triggered cell FDCE clocked by clk_pl_0  {rise@0.000ns fall@10.312ns period=20.625ns})
  Destination:            rgb1[2]
                            (output port)
  Path Group:             (none)
  Path Type:              Max at Slow Process Corner
  Data Path Delay:        4.442ns  (logic 1.078ns (24.276%)  route 3.364ns (75.724%))
  Logic Levels:           2  (LUT5=1 OBUF=1)
  Clock Uncertainty:      0.206ns  ((TSJ^2 + DJ^2)^1/2) / 2 + PE
    Total System Jitter     (TSJ):    0.050ns
    Discrete Jitter          (DJ):    0.409ns
    Phase Error              (PE):    0.000ns
  Clock Net Delay (Source):      1.746ns (routing 0.591ns, distribution 1.155ns)

    Location             Delay type                Incr(ns)  Path(ns)    Netlist Resource(s)
  -------------------------------------------------------------------    -------------------
                         (clock clk_pl_0 rise edge)
                                                      0.000     0.000 r  
    PS8_X0Y0             PS8                          0.000     0.000 r  system_i/zynq_ps/inst/PS8_i/PLCLK[0]
                         net (fo=1, routed)           0.171     0.171    system_i/zynq_ps/inst/pl_clk_unbuffered[0]
    BUFG_PS_X0Y58        BUFG_PS (Prop_BUFG_PS_I_O)
                                                      0.028     0.199 r  system_i/zynq_ps/inst/buffer_pl_clk_0.PL_CLK_0_BUFG/O
    X0Y1 (CLOCK_ROOT)    net (fo=12182, routed)       1.746     1.945    system_i/hft_core/inst/u_core/u_link_rx/clk
    SLICE_X35Y13         FDCE                                         r  system_i/hft_core/inst/u_core/u_link_rx/link_up_reg/C
  -------------------------------------------------------------------    -------------------
    SLICE_X35Y13         FDCE (Prop_DFF_SLICEL_C_Q)
                                                      0.079     2.024 f  system_i/hft_core/inst/u_core/u_link_rx/link_up_reg/Q
                         net (fo=5, routed)           1.415     3.439    system_i/hft_core/inst/u_core/u_link_rx/link_up_reg_0
    SLICE_X10Y26         LUT5 (Prop_B5LUT_SLICEL_I4_O)
                                                      0.116     3.555 r  system_i/hft_core/inst/u_core/u_link_rx/rgb1[2]_INST_0/O
                         net (fo=1, routed)           1.949     5.504    rgb1_OBUF[2]
    AF8                  OBUF (Prop_OUTBUF_HPIOB_M_I_O)
                                                      0.883     6.387 r  rgb1_OBUF[2]_inst/O
                         net (fo=0)                   0.000     6.387    rgb1[2]
    AF8                                                               r  rgb1[2] (OUT)
  -------------------------------------------------------------------    -------------------

Slack:                    inf
  Source:                 system_i/hft_core/inst/u_core/u_link_tx/shifter_reg[125]/C
                            (rising edge-triggered cell FDCE clocked by clk_pl_0  {rise@0.000ns fall@10.312ns period=20.625ns})
  Destination:            pmod_ja[1]
                            (output port)
  Path Group:             (none)
  Path Type:              Max at Slow Process Corner
  Data Path Delay:        4.370ns  (logic 2.865ns (65.561%)  route 1.505ns (34.439%))
  Logic Levels:           1  (OBUF=1)
  Clock Uncertainty:      0.206ns  ((TSJ^2 + DJ^2)^1/2) / 2 + PE
    Total System Jitter     (TSJ):    0.050ns
    Discrete Jitter          (DJ):    0.409ns
    Phase Error              (PE):    0.000ns
  Clock Net Delay (Source):      1.721ns (routing 0.591ns, distribution 1.130ns)

    Location             Delay type                Incr(ns)  Path(ns)    Netlist Resource(s)
  -------------------------------------------------------------------    -------------------
                         (clock clk_pl_0 rise edge)
                                                      0.000     0.000 r  
    PS8_X0Y0             PS8                          0.000     0.000 r  system_i/zynq_ps/inst/PS8_i/PLCLK[0]
                         net (fo=1, routed)           0.171     0.171    system_i/zynq_ps/inst/pl_clk_unbuffered[0]
    BUFG_PS_X0Y58        BUFG_PS (Prop_BUFG_PS_I_O)
                                                      0.028     0.199 r  system_i/zynq_ps/inst/buffer_pl_clk_0.PL_CLK_0_BUFG/O
    X0Y1 (CLOCK_ROOT)    net (fo=12182, routed)       1.721     1.920    system_i/hft_core/inst/u_core/u_link_tx/clk
    SLICE_X33Y15         FDCE                                         r  system_i/hft_core/inst/u_core/u_link_tx/shifter_reg[125]/C
  -------------------------------------------------------------------    -------------------
    SLICE_X33Y15         FDCE (Prop_FFF_SLICEL_C_Q)
                                                      0.079     1.999 r  system_i/hft_core/inst/u_core/u_link_tx/shifter_reg[125]/Q
                         net (fo=1, routed)           1.505     3.504    pmod_ja_OBUF[1]
    H12                  OBUF (Prop_OUTBUF_HDIOB_S_I_O)
                                                      2.786     6.290 r  pmod_ja_OBUF[1]_inst/O
                         net (fo=0)                   0.000     6.290    pmod_ja[1]
    H12                                                               r  pmod_ja[1] (OUT)
  -------------------------------------------------------------------    -------------------

Slack:                    inf
  Source:                 system_i/hft_core/inst/u_core/u_link_tx/shifter_reg[124]/C
                            (rising edge-triggered cell FDCE clocked by clk_pl_0  {rise@0.000ns fall@10.312ns period=20.625ns})
  Destination:            pmod_ja[0]
                            (output port)
  Path Group:             (none)
  Path Type:              Max at Slow Process Corner
  Data Path Delay:        4.263ns  (logic 2.868ns (67.274%)  route 1.395ns (32.726%))
  Logic Levels:           1  (OBUF=1)
  Clock Uncertainty:      0.206ns  ((TSJ^2 + DJ^2)^1/2) / 2 + PE
    Total System Jitter     (TSJ):    0.050ns
    Discrete Jitter          (DJ):    0.409ns
    Phase Error              (PE):    0.000ns
  Clock Net Delay (Source):      1.721ns (routing 0.591ns, distribution 1.130ns)

    Location             Delay type                Incr(ns)  Path(ns)    Netlist Resource(s)
  -------------------------------------------------------------------    -------------------
                         (clock clk_pl_0 rise edge)
                                                      0.000     0.000 r  
    PS8_X0Y0             PS8                          0.000     0.000 r  system_i/zynq_ps/inst/PS8_i/PLCLK[0]
                         net (fo=1, routed)           0.171     0.171    system_i/zynq_ps/inst/pl_clk_unbuffered[0]
    BUFG_PS_X0Y58        BUFG_PS (Prop_BUFG_PS_I_O)
                                                      0.028     0.199 r  system_i/zynq_ps/inst/buffer_pl_clk_0.PL_CLK_0_BUFG/O
    X0Y1 (CLOCK_ROOT)    net (fo=12182, routed)       1.721     1.920    system_i/hft_core/inst/u_core/u_link_tx/clk
    SLICE_X33Y15         FDCE                                         r  system_i/hft_core/inst/u_core/u_link_tx/shifter_reg[124]/C
  -------------------------------------------------------------------    -------------------
    SLICE_X33Y15         FDCE (Prop_GFF2_SLICEL_C_Q)
                                                      0.081     2.001 r  system_i/hft_core/inst/u_core/u_link_tx/shifter_reg[124]/Q
                         net (fo=1, routed)           1.395     3.396    pmod_ja_OBUF[0]
    J12                  OBUF (Prop_OUTBUF_HDIOB_M_I_O)
                                                      2.787     6.183 r  pmod_ja_OBUF[0]_inst/O
                         net (fo=0)                   0.000     6.183    pmod_ja[0]
    J12                                                               r  pmod_ja[0] (OUT)
  -------------------------------------------------------------------    -------------------

Slack:                    inf
  Source:                 system_i/hft_core/inst/u_core/u_link_tx/pmod_valid_reg/C
                            (rising edge-triggered cell FDCE clocked by clk_pl_0  {rise@0.000ns fall@10.312ns period=20.625ns})
  Destination:            pmod_ja_valid
                            (output port)
  Path Group:             (none)
  Path Type:              Max at Slow Process Corner
  Data Path Delay:        4.176ns  (logic 2.876ns (68.869%)  route 1.300ns (31.131%))
  Logic Levels:           1  (OBUF=1)
  Clock Uncertainty:      0.206ns  ((TSJ^2 + DJ^2)^1/2) / 2 + PE
    Total System Jitter     (TSJ):    0.050ns
    Discrete Jitter          (DJ):    0.409ns
    Phase Error              (PE):    0.000ns
  Clock Net Delay (Source):      1.749ns (routing 0.591ns, distribution 1.158ns)

    Location             Delay type                Incr(ns)  Path(ns)    Netlist Resource(s)
  -------------------------------------------------------------------    -------------------
                         (clock clk_pl_0 rise edge)
                                                      0.000     0.000 r  
    PS8_X0Y0             PS8                          0.000     0.000 r  system_i/zynq_ps/inst/PS8_i/PLCLK[0]
                         net (fo=1, routed)           0.171     0.171    system_i/zynq_ps/inst/pl_clk_unbuffered[0]
    BUFG_PS_X0Y58        BUFG_PS (Prop_BUFG_PS_I_O)
                                                      0.028     0.199 r  system_i/zynq_ps/inst/buffer_pl_clk_0.PL_CLK_0_BUFG/O
    X0Y1 (CLOCK_ROOT)    net (fo=12182, routed)       1.749     1.948    system_i/hft_core/inst/u_core/u_link_tx/clk
    SLICE_X34Y15         FDCE                                         r  system_i/hft_core/inst/u_core/u_link_tx/pmod_valid_reg/C
  -------------------------------------------------------------------    -------------------
    SLICE_X34Y15         FDCE (Prop_GFF_SLICEM_C_Q)
                                                      0.078     2.026 r  system_i/hft_core/inst/u_core/u_link_tx/pmod_valid_reg/Q
                         net (fo=1, routed)           1.300     3.326    pmod_ja_valid_OBUF
    K13                  OBUF (Prop_OUTBUF_HDIOB_M_I_O)
                                                      2.798     6.124 r  pmod_ja_valid_OBUF_inst/O
                         net (fo=0)                   0.000     6.124    pmod_ja_valid
    K13                                                               r  pmod_ja_valid (OUT)
  -------------------------------------------------------------------    -------------------

Slack:                    inf
  Source:                 system_i/hft_core/inst/u_core/u_link_tx/shifter_reg[126]/C
                            (rising edge-triggered cell FDCE clocked by clk_pl_0  {rise@0.000ns fall@10.312ns period=20.625ns})
  Destination:            pmod_ja[2]
                            (output port)
  Path Group:             (none)
  Path Type:              Max at Slow Process Corner
  Data Path Delay:        4.202ns  (logic 2.866ns (68.209%)  route 1.336ns (31.791%))
  Logic Levels:           1  (OBUF=1)
  Clock Uncertainty:      0.206ns  ((TSJ^2 + DJ^2)^1/2) / 2 + PE
    Total System Jitter     (TSJ):    0.050ns
    Discrete Jitter          (DJ):    0.409ns
    Phase Error              (PE):    0.000ns
  Clock Net Delay (Source):      1.721ns (routing 0.591ns, distribution 1.130ns)

    Location             Delay type                Incr(ns)  Path(ns)    Netlist Resource(s)
  -------------------------------------------------------------------    -------------------
                         (clock clk_pl_0 rise edge)
                                                      0.000     0.000 r  
    PS8_X0Y0             PS8                          0.000     0.000 r  system_i/zynq_ps/inst/PS8_i/PLCLK[0]
                         net (fo=1, routed)           0.171     0.171    system_i/zynq_ps/inst/pl_clk_unbuffered[0]
    BUFG_PS_X0Y58        BUFG_PS (Prop_BUFG_PS_I_O)
                                                      0.028     0.199 r  system_i/zynq_ps/inst/buffer_pl_clk_0.PL_CLK_0_BUFG/O
    X0Y1 (CLOCK_ROOT)    net (fo=12182, routed)       1.721     1.920    system_i/hft_core/inst/u_core/u_link_tx/clk
    SLICE_X33Y15         FDCE                                         r  system_i/hft_core/inst/u_core/u_link_tx/shifter_reg[126]/C
  -------------------------------------------------------------------    -------------------
    SLICE_X33Y15         FDCE (Prop_HFF2_SLICEL_C_Q)
                                                      0.080     2.000 r  system_i/hft_core/inst/u_core/u_link_tx/shifter_reg[126]/Q
                         net (fo=1, routed)           1.336     3.336    pmod_ja_OBUF[2]
    H11                  OBUF (Prop_OUTBUF_HDIOB_M_I_O)
                                                      2.786     6.122 r  pmod_ja_OBUF[2]_inst/O
                         net (fo=0)                   0.000     6.122    pmod_ja[2]
    H11                                                               r  pmod_ja[2] (OUT)
  -------------------------------------------------------------------    -------------------

Slack:                    inf
  Source:                 system_i/hft_core/inst/u_core/u_link_tx/shifter_reg[127]/C
                            (rising edge-triggered cell FDCE clocked by clk_pl_0  {rise@0.000ns fall@10.312ns period=20.625ns})
  Destination:            pmod_ja[3]
                            (output port)
  Path Group:             (none)
  Path Type:              Max at Slow Process Corner
  Data Path Delay:        4.120ns  (logic 2.867ns (69.588%)  route 1.253ns (30.412%))
  Logic Levels:           1  (OBUF=1)
  Clock Uncertainty:      0.206ns  ((TSJ^2 + DJ^2)^1/2) / 2 + PE
    Total System Jitter     (TSJ):    0.050ns
    Discrete Jitter          (DJ):    0.409ns
    Phase Error              (PE):    0.000ns
  Clock Net Delay (Source):      1.721ns (routing 0.591ns, distribution 1.130ns)

    Location             Delay type                Incr(ns)  Path(ns)    Netlist Resource(s)
  -------------------------------------------------------------------    -------------------
                         (clock clk_pl_0 rise edge)
                                                      0.000     0.000 r  
    PS8_X0Y0             PS8                          0.000     0.000 r  system_i/zynq_ps/inst/PS8_i/PLCLK[0]
                         net (fo=1, routed)           0.171     0.171    system_i/zynq_ps/inst/pl_clk_unbuffered[0]
    BUFG_PS_X0Y58        BUFG_PS (Prop_BUFG_PS_I_O)
                                                      0.028     0.199 r  system_i/zynq_ps/inst/buffer_pl_clk_0.PL_CLK_0_BUFG/O
    X0Y1 (CLOCK_ROOT)    net (fo=12182, routed)       1.721     1.920    system_i/hft_core/inst/u_core/u_link_tx/clk
    SLICE_X33Y15         FDCE                                         r  system_i/hft_core/inst/u_core/u_link_tx/shifter_reg[127]/C
  -------------------------------------------------------------------    -------------------
    SLICE_X33Y15         FDCE (Prop_FFF2_SLICEL_C_Q)
                                                      0.081     2.001 r  system_i/hft_core/inst/u_core/u_link_tx/shifter_reg[127]/Q
                         net (fo=1, routed)           1.253     3.254    pmod_ja_OBUF[3]
    G10                  OBUF (Prop_OUTBUF_HDIOB_S_I_O)
                                                      2.786     6.040 r  pmod_ja_OBUF[3]_inst/O
                         net (fo=0)                   0.000     6.040    pmod_ja[3]
    G10                                                               r  pmod_ja[3] (OUT)
  -------------------------------------------------------------------    -------------------

Slack:                    inf
  Source:                 system_i/hft_core/inst/u_core/FSM_sequential_fsm_state_reg[0]/C
                            (rising edge-triggered cell FDCE clocked by clk_pl_0  {rise@0.000ns fall@10.312ns period=20.625ns})
  Destination:            led[2]
                            (output port)
  Path Group:             (none)
  Path Type:              Max at Slow Process Corner
  Data Path Delay:        4.175ns  (logic 1.139ns (27.292%)  route 3.035ns (72.708%))
  Logic Levels:           2  (LUT2=1 OBUF=1)
  Clock Uncertainty:      0.206ns  ((TSJ^2 + DJ^2)^1/2) / 2 + PE
    Total System Jitter     (TSJ):    0.050ns
    Discrete Jitter          (DJ):    0.409ns
    Phase Error              (PE):    0.000ns
  Clock Net Delay (Source):      1.621ns (routing 0.591ns, distribution 1.030ns)

    Location             Delay type                Incr(ns)  Path(ns)    Netlist Resource(s)
  -------------------------------------------------------------------    -------------------
                         (clock clk_pl_0 rise edge)
                                                      0.000     0.000 r  
    PS8_X0Y0             PS8                          0.000     0.000 r  system_i/zynq_ps/inst/PS8_i/PLCLK[0]
                         net (fo=1, routed)           0.171     0.171    system_i/zynq_ps/inst/pl_clk_unbuffered[0]
    BUFG_PS_X0Y58        BUFG_PS (Prop_BUFG_PS_I_O)
                                                      0.028     0.199 r  system_i/zynq_ps/inst/buffer_pl_clk_0.PL_CLK_0_BUFG/O
    X0Y1 (CLOCK_ROOT)    net (fo=12182, routed)       1.621     1.820    system_i/hft_core/inst/u_core/clk
    SLICE_X26Y75         FDCE                                         r  system_i/hft_core/inst/u_core/FSM_sequential_fsm_state_reg[0]/C
  -------------------------------------------------------------------    -------------------
    SLICE_X26Y75         FDCE (Prop_DFF_SLICEL_C_Q)
                                                      0.079     1.899 r  system_i/hft_core/inst/u_core/FSM_sequential_fsm_state_reg[0]/Q
                         net (fo=37, routed)          0.700     2.599    system_i/hft_core/inst/u_core/u_market_sim/u_market_noise_gen/g_sym_rng[14].u_sym_lfsr/led[2][0]
    SLICE_X21Y100        LUT2 (Prop_D6LUT_SLICEL_I0_O)
                                                      0.146     2.745 r  system_i/hft_core/inst/u_core/u_market_sim/u_market_noise_gen/g_sym_rng[14].u_sym_lfsr/led[2]_INST_0/O
                         net (fo=87, routed)          2.336     5.080    led_OBUF[2]
    AH2                  OBUF (Prop_OUTBUF_HPIOB_M_I_O)
                                                      0.914     5.995 r  led_OBUF[2]_inst/O
                         net (fo=0)                   0.000     5.995    led[2]
    AH2                                                               r  led[2] (OUT)
  -------------------------------------------------------------------    -------------------

Slack:                    inf
  Source:                 system_i/hft_core/inst/u_core/u_link_rx/error_count_reg[25]/C
                            (rising edge-triggered cell FDCE clocked by clk_pl_0  {rise@0.000ns fall@10.312ns period=20.625ns})
  Destination:            led[5]
                            (output port)
  Path Group:             (none)
  Path Type:              Max at Slow Process Corner
  Data Path Delay:        3.878ns  (logic 1.254ns (32.330%)  route 2.624ns (67.670%))
  Logic Levels:           4  (LUT4=2 LUT5=1 OBUF=1)
  Clock Uncertainty:      0.206ns  ((TSJ^2 + DJ^2)^1/2) / 2 + PE
    Total System Jitter     (TSJ):    0.050ns
    Discrete Jitter          (DJ):    0.409ns
    Phase Error              (PE):    0.000ns
  Clock Net Delay (Source):      1.614ns (routing 0.591ns, distribution 1.023ns)

    Location             Delay type                Incr(ns)  Path(ns)    Netlist Resource(s)
  -------------------------------------------------------------------    -------------------
                         (clock clk_pl_0 rise edge)
                                                      0.000     0.000 r  
    PS8_X0Y0             PS8                          0.000     0.000 r  system_i/zynq_ps/inst/PS8_i/PLCLK[0]
                         net (fo=1, routed)           0.171     0.171    system_i/zynq_ps/inst/pl_clk_unbuffered[0]
    BUFG_PS_X0Y58        BUFG_PS (Prop_BUFG_PS_I_O)
                                                      0.028     0.199 r  system_i/zynq_ps/inst/buffer_pl_clk_0.PL_CLK_0_BUFG/O
    X0Y1 (CLOCK_ROOT)    net (fo=12182, routed)       1.614     1.813    system_i/hft_core/inst/u_core/u_link_rx/clk
    SLICE_X8Y27          FDCE                                         r  system_i/hft_core/inst/u_core/u_link_rx/error_count_reg[25]/C
  -------------------------------------------------------------------    -------------------
    SLICE_X8Y27          FDCE (Prop_HFF2_SLICEL_C_Q)
                                                      0.080     1.893 r  system_i/hft_core/inst/u_core/u_link_rx/error_count_reg[25]/Q
                         net (fo=3, routed)           0.174     2.067    system_i/hft_core/inst/u_core/u_link_rx/Q[25]
    SLICE_X10Y28         LUT4 (Prop_E6LUT_SLICEL_I0_O)
                                                      0.123     2.190 r  system_i/hft_core/inst/u_core/u_link_rx/led[5]_INST_0_i_8/O
                         net (fo=1, routed)           0.328     2.518    system_i/hft_core/inst/u_core/u_link_rx/led[5]_INST_0_i_8_n_0
    SLICE_X10Y28         LUT5 (Prop_G6LUT_SLICEL_I4_O)
                                                      0.089     2.607 f  system_i/hft_core/inst/u_core/u_link_rx/led[5]_INST_0_i_4/O
                         net (fo=2, routed)           0.149     2.756    system_i/hft_core/inst/u_core/u_link_rx/led[5]_INST_0_i_4_n_0
    SLICE_X10Y26         LUT4 (Prop_B6LUT_SLICEL_I3_O)
                                                      0.051     2.807 r  system_i/hft_core/inst/u_core/u_link_rx/led[5]_INST_0/O
                         net (fo=1, routed)           1.973     4.780    led_OBUF[5]
    AE4                  OBUF (Prop_OUTBUF_HPIOB_SNGL_I_O)
                                                      0.911     5.691 r  led_OBUF[5]_inst/O
                         net (fo=0)                   0.000     5.691    led[5]
    AE4                                                               r  led[5] (OUT)
  -------------------------------------------------------------------    -------------------

Slack:                    inf
  Source:                 system_i/hft_core/inst/u_core/FSM_sequential_fsm_state_reg[1]/C
                            (rising edge-triggered cell FDPE clocked by clk_pl_0  {rise@0.000ns fall@10.312ns period=20.625ns})
  Destination:            led[3]
                            (output port)
  Path Group:             (none)
  Path Type:              Max at Slow Process Corner
  Data Path Delay:        3.560ns  (logic 1.080ns (30.328%)  route 2.480ns (69.672%))
  Logic Levels:           2  (LUT3=1 OBUF=1)
  Clock Uncertainty:      0.206ns  ((TSJ^2 + DJ^2)^1/2) / 2 + PE
    Total System Jitter     (TSJ):    0.050ns
    Discrete Jitter          (DJ):    0.409ns
    Phase Error              (PE):    0.000ns
  Clock Net Delay (Source):      1.593ns (routing 0.591ns, distribution 1.002ns)

    Location             Delay type                Incr(ns)  Path(ns)    Netlist Resource(s)
  -------------------------------------------------------------------    -------------------
                         (clock clk_pl_0 rise edge)
                                                      0.000     0.000 r  
    PS8_X0Y0             PS8                          0.000     0.000 r  system_i/zynq_ps/inst/PS8_i/PLCLK[0]
                         net (fo=1, routed)           0.171     0.171    system_i/zynq_ps/inst/pl_clk_unbuffered[0]
    BUFG_PS_X0Y58        BUFG_PS (Prop_BUFG_PS_I_O)
                                                      0.028     0.199 r  system_i/zynq_ps/inst/buffer_pl_clk_0.PL_CLK_0_BUFG/O
    X0Y1 (CLOCK_ROOT)    net (fo=12182, routed)       1.593     1.792    system_i/hft_core/inst/u_core/clk
    SLICE_X21Y95         FDPE                                         r  system_i/hft_core/inst/u_core/FSM_sequential_fsm_state_reg[1]/C
  -------------------------------------------------------------------    -------------------
    SLICE_X21Y95         FDPE (Prop_DFF2_SLICEL_C_Q)
                                                      0.081     1.873 f  system_i/hft_core/inst/u_core/FSM_sequential_fsm_state_reg[1]/Q
                         net (fo=37, routed)          1.005     2.878    system_i/hft_core/inst/u_core/u_ctrl/Q[1]
    SLICE_X35Y24         LUT3 (Prop_D6LUT_SLICEL_I0_O)
                                                      0.122     3.000 r  system_i/hft_core/inst/u_core/u_ctrl/led[3]_INST_0/O
                         net (fo=1, routed)           1.475     4.475    led_OBUF[3]
    AE5                  OBUF (Prop_OUTBUF_HPIOB_M_I_O)
                                                      0.877     5.352 r  led_OBUF[3]_inst/O
                         net (fo=0)                   0.000     5.352    led[3]
    AE5                                                               r  led[3] (OUT)
  -------------------------------------------------------------------    -------------------





Min Delay Paths
--------------------------------------------------------------------------------------
Slack:                    inf
  Source:                 system_i/hft_core/inst/u_core/u_link_rx/link_up_reg/C
                            (rising edge-triggered cell FDCE clocked by clk_pl_0  {rise@0.000ns fall@10.312ns period=20.625ns})
  Destination:            rgb1[1]
                            (output port)
  Path Group:             (none)
  Path Type:              Min at Fast Process Corner
  Data Path Delay:        1.134ns  (logic 0.401ns (35.336%)  route 0.733ns (64.664%))
  Logic Levels:           1  (OBUF=1)
  Clock Uncertainty:      0.206ns  ((TSJ^2 + DJ^2)^1/2) / 2 + PE
    Total System Jitter     (TSJ):    0.050ns
    Discrete Jitter          (DJ):    0.409ns
    Phase Error              (PE):    0.000ns
  Clock Net Delay (Source):      0.961ns (routing 0.324ns, distribution 0.637ns)

    Location             Delay type                Incr(ns)  Path(ns)    Netlist Resource(s)
  -------------------------------------------------------------------    -------------------
                         (clock clk_pl_0 rise edge)
                                                      0.000     0.000 r  
    PS8_X0Y0             PS8                          0.000     0.000 r  system_i/zynq_ps/inst/PS8_i/PLCLK[0]
                         net (fo=1, routed)           0.094     0.094    system_i/zynq_ps/inst/pl_clk_unbuffered[0]
    BUFG_PS_X0Y58        BUFG_PS (Prop_BUFG_PS_I_O)
                                                      0.017     0.111 r  system_i/zynq_ps/inst/buffer_pl_clk_0.PL_CLK_0_BUFG/O
    X0Y1 (CLOCK_ROOT)    net (fo=12182, routed)       0.961     1.072    system_i/hft_core/inst/u_core/u_link_rx/clk
    SLICE_X35Y13         FDCE                                         r  system_i/hft_core/inst/u_core/u_link_rx/link_up_reg/C
  -------------------------------------------------------------------    -------------------
    SLICE_X35Y13         FDCE (Prop_DFF_SLICEL_C_Q)
                                                      0.039     1.111 r  system_i/hft_core/inst/u_core/u_link_rx/link_up_reg/Q
                         net (fo=5, routed)           0.733     1.844    rgb1_OBUF[1]
    AE8                  OBUF (Prop_OUTBUF_HPIOB_S_I_O)
                                                      0.362     2.206 r  rgb1_OBUF[1]_inst/O
                         net (fo=0)                   0.000     2.206    rgb1[1]
    AE8                                                               r  rgb1[1] (OUT)
  -------------------------------------------------------------------    -------------------

Slack:                    inf
  Source:                 system_i/hft_core/inst/u_core/u_ctrl/blink_ctr_reg[24]/C
                            (rising edge-triggered cell FDCE clocked by clk_pl_0  {rise@0.000ns fall@10.312ns period=20.625ns})
  Destination:            led[3]
                            (output port)
  Path Group:             (none)
  Path Type:              Min at Fast Process Corner
  Data Path Delay:        1.169ns  (logic 0.449ns (38.393%)  route 0.720ns (61.607%))
  Logic Levels:           2  (LUT3=1 OBUF=1)
  Clock Uncertainty:      0.206ns  ((TSJ^2 + DJ^2)^1/2) / 2 + PE
    Total System Jitter     (TSJ):    0.050ns
    Discrete Jitter          (DJ):    0.409ns
    Phase Error              (PE):    0.000ns
  Clock Net Delay (Source):      0.952ns (routing 0.324ns, distribution 0.628ns)

    Location             Delay type                Incr(ns)  Path(ns)    Netlist Resource(s)
  -------------------------------------------------------------------    -------------------
                         (clock clk_pl_0 rise edge)
                                                      0.000     0.000 r  
    PS8_X0Y0             PS8                          0.000     0.000 r  system_i/zynq_ps/inst/PS8_i/PLCLK[0]
                         net (fo=1, routed)           0.094     0.094    system_i/zynq_ps/inst/pl_clk_unbuffered[0]
    BUFG_PS_X0Y58        BUFG_PS (Prop_BUFG_PS_I_O)
                                                      0.017     0.111 r  system_i/zynq_ps/inst/buffer_pl_clk_0.PL_CLK_0_BUFG/O
    X0Y1 (CLOCK_ROOT)    net (fo=12182, routed)       0.952     1.063    system_i/hft_core/inst/u_core/u_ctrl/clk
    SLICE_X35Y23         FDCE                                         r  system_i/hft_core/inst/u_core/u_ctrl/blink_ctr_reg[24]/C
  -------------------------------------------------------------------    -------------------
    SLICE_X35Y23         FDCE (Prop_AFF_SLICEL_C_Q)
                                                      0.039     1.102 r  system_i/hft_core/inst/u_core/u_ctrl/blink_ctr_reg[24]/Q
                         net (fo=2, routed)           0.050     1.152    system_i/hft_core/inst/u_core/u_ctrl/blink_ctr_reg[24]
    SLICE_X35Y24         LUT3 (Prop_D6LUT_SLICEL_I2_O)
                                                      0.041     1.193 r  system_i/hft_core/inst/u_core/u_ctrl/led[3]_INST_0/O
                         net (fo=1, routed)           0.670     1.863    led_OBUF[3]
    AE5                  OBUF (Prop_OUTBUF_HPIOB_M_I_O)
                                                      0.369     2.232 r  led_OBUF[3]_inst/O
                         net (fo=0)                   0.000     2.232    led[3]
    AE5                                                               r  led[3] (OUT)
  -------------------------------------------------------------------    -------------------

Slack:                    inf
  Source:                 system_i/hft_core/inst/u_core/u_axi_regs/regime_from_ps_reg[0]/C
                            (rising edge-triggered cell FDCE clocked by clk_pl_0  {rise@0.000ns fall@10.312ns period=20.625ns})
  Destination:            led[0]
                            (output port)
  Path Group:             (none)
  Path Type:              Min at Fast Process Corner
  Data Path Delay:        1.391ns  (logic 0.452ns (32.474%)  route 0.939ns (67.526%))
  Logic Levels:           2  (LUT3=1 OBUF=1)
  Clock Uncertainty:      0.206ns  ((TSJ^2 + DJ^2)^1/2) / 2 + PE
    Total System Jitter     (TSJ):    0.050ns
    Discrete Jitter          (DJ):    0.409ns
    Phase Error              (PE):    0.000ns
  Clock Net Delay (Source):      0.901ns (routing 0.324ns, distribution 0.577ns)

    Location             Delay type                Incr(ns)  Path(ns)    Netlist Resource(s)
  -------------------------------------------------------------------    -------------------
                         (clock clk_pl_0 rise edge)
                                                      0.000     0.000 r  
    PS8_X0Y0             PS8                          0.000     0.000 r  system_i/zynq_ps/inst/PS8_i/PLCLK[0]
                         net (fo=1, routed)           0.094     0.094    system_i/zynq_ps/inst/pl_clk_unbuffered[0]
    BUFG_PS_X0Y58        BUFG_PS (Prop_BUFG_PS_I_O)
                                                      0.017     0.111 r  system_i/zynq_ps/inst/buffer_pl_clk_0.PL_CLK_0_BUFG/O
    X0Y1 (CLOCK_ROOT)    net (fo=12182, routed)       0.901     1.012    system_i/hft_core/inst/u_core/u_axi_regs/clk
    SLICE_X16Y31         FDCE                                         r  system_i/hft_core/inst/u_core/u_axi_regs/regime_from_ps_reg[0]/C
  -------------------------------------------------------------------    -------------------
    SLICE_X16Y31         FDCE (Prop_DFF2_SLICEM_C_Q)
                                                      0.041     1.053 r  system_i/hft_core/inst/u_core/u_axi_regs/regime_from_ps_reg[0]/Q
                         net (fo=4, routed)           0.503     1.556    system_i/hft_core/inst/u_core/u_axi_regs/regime_from_ps[0]
    SLICE_X48Y29         LUT3 (Prop_D6LUT_SLICEM_I2_O)
                                                      0.041     1.597 r  system_i/hft_core/inst/u_core/u_axi_regs/led[0]_INST_0/O
                         net (fo=15, routed)          0.436     2.033    led_OBUF[0]
    AF5                  OBUF (Prop_OUTBUF_HPIOB_S_I_O)
                                                      0.370     2.402 r  led_OBUF[0]_inst/O
                         net (fo=0)                   0.000     2.402    led[0]
    AF5                                                               r  led[0] (OUT)
  -------------------------------------------------------------------    -------------------

Slack:                    inf
  Source:                 system_i/hft_core/inst/u_core/u_link_rx/link_up_reg/C
                            (rising edge-triggered cell FDCE clocked by clk_pl_0  {rise@0.000ns fall@10.312ns period=20.625ns})
  Destination:            led[4]
                            (output port)
  Path Group:             (none)
  Path Type:              Min at Fast Process Corner
  Data Path Delay:        1.331ns  (logic 0.445ns (33.431%)  route 0.886ns (66.569%))
  Logic Levels:           1  (OBUF=1)
  Clock Uncertainty:      0.206ns  ((TSJ^2 + DJ^2)^1/2) / 2 + PE
    Total System Jitter     (TSJ):    0.050ns
    Discrete Jitter          (DJ):    0.409ns
    Phase Error              (PE):    0.000ns
  Clock Net Delay (Source):      0.961ns (routing 0.324ns, distribution 0.637ns)

    Location             Delay type                Incr(ns)  Path(ns)    Netlist Resource(s)
  -------------------------------------------------------------------    -------------------
                         (clock clk_pl_0 rise edge)
                                                      0.000     0.000 r  
    PS8_X0Y0             PS8                          0.000     0.000 r  system_i/zynq_ps/inst/PS8_i/PLCLK[0]
                         net (fo=1, routed)           0.094     0.094    system_i/zynq_ps/inst/pl_clk_unbuffered[0]
    BUFG_PS_X0Y58        BUFG_PS (Prop_BUFG_PS_I_O)
                                                      0.017     0.111 r  system_i/zynq_ps/inst/buffer_pl_clk_0.PL_CLK_0_BUFG/O
    X0Y1 (CLOCK_ROOT)    net (fo=12182, routed)       0.961     1.072    system_i/hft_core/inst/u_core/u_link_rx/clk
    SLICE_X35Y13         FDCE                                         r  system_i/hft_core/inst/u_core/u_link_rx/link_up_reg/C
  -------------------------------------------------------------------    -------------------
    SLICE_X35Y13         FDCE (Prop_DFF_SLICEL_C_Q)
                                                      0.039     1.111 r  system_i/hft_core/inst/u_core/u_link_rx/link_up_reg/Q
                         net (fo=5, routed)           0.886     1.997    led_OBUF[4]
    AH1                  OBUF (Prop_OUTBUF_HPIOB_S_I_O)
                                                      0.406     2.403 r  led_OBUF[4]_inst/O
                         net (fo=0)                   0.000     2.403    led[4]
    AH1                                                               r  led[4] (OUT)
  -------------------------------------------------------------------    -------------------

Slack:                    inf
  Source:                 system_i/hft_core/inst/u_core/u_link_rx/error_count_reg[13]/C
                            (rising edge-triggered cell FDCE clocked by clk_pl_0  {rise@0.000ns fall@10.312ns period=20.625ns})
  Destination:            rgb1[2]
                            (output port)
  Path Group:             (none)
  Path Type:              Min at Fast Process Corner
  Data Path Delay:        1.470ns  (logic 0.486ns (33.098%)  route 0.983ns (66.902%))
  Logic Levels:           3  (LUT5=2 OBUF=1)
  Clock Uncertainty:      0.206ns  ((TSJ^2 + DJ^2)^1/2) / 2 + PE
    Total System Jitter     (TSJ):    0.050ns
    Discrete Jitter          (DJ):    0.409ns
    Phase Error              (PE):    0.000ns
  Clock Net Delay (Source):      0.892ns (routing 0.324ns, distribution 0.568ns)

    Location             Delay type                Incr(ns)  Path(ns)    Netlist Resource(s)
  -------------------------------------------------------------------    -------------------
                         (clock clk_pl_0 rise edge)
                                                      0.000     0.000 r  
    PS8_X0Y0             PS8                          0.000     0.000 r  system_i/zynq_ps/inst/PS8_i/PLCLK[0]
                         net (fo=1, routed)           0.094     0.094    system_i/zynq_ps/inst/pl_clk_unbuffered[0]
    BUFG_PS_X0Y58        BUFG_PS (Prop_BUFG_PS_I_O)
                                                      0.017     0.111 r  system_i/zynq_ps/inst/buffer_pl_clk_0.PL_CLK_0_BUFG/O
    X0Y1 (CLOCK_ROOT)    net (fo=12182, routed)       0.892     1.003    system_i/hft_core/inst/u_core/u_link_rx/clk
    SLICE_X8Y26          FDCE                                         r  system_i/hft_core/inst/u_core/u_link_rx/error_count_reg[13]/C
  -------------------------------------------------------------------    -------------------
    SLICE_X8Y26          FDCE (Prop_DFF2_SLICEL_C_Q)
                                                      0.041     1.044 r  system_i/hft_core/inst/u_core/u_link_rx/error_count_reg[13]/Q
                         net (fo=3, routed)           0.056     1.100    system_i/hft_core/inst/u_core/u_link_rx/Q[13]
    SLICE_X10Y26         LUT5 (Prop_G6LUT_SLICEL_I1_O)
                                                      0.022     1.122 f  system_i/hft_core/inst/u_core/u_link_rx/led[5]_INST_0_i_2/O
                         net (fo=2, routed)           0.027     1.149    system_i/hft_core/inst/u_core/u_link_rx/led[5]_INST_0_i_2_n_0
    SLICE_X10Y26         LUT5 (Prop_B5LUT_SLICEL_I1_O)
                                                      0.048     1.197 r  system_i/hft_core/inst/u_core/u_link_rx/rgb1[2]_INST_0/O
                         net (fo=1, routed)           0.900     2.097    rgb1_OBUF[2]
    AF8                  OBUF (Prop_OUTBUF_HPIOB_M_I_O)
                                                      0.375     2.472 r  rgb1_OBUF[2]_inst/O
                         net (fo=0)                   0.000     2.472    rgb1[2]
    AF8                                                               r  rgb1[2] (OUT)
  -------------------------------------------------------------------    -------------------

Slack:                    inf
  Source:                 system_i/hft_core/inst/u_core/u_axi_regs/regime_from_ps_reg[0]/C
                            (rising edge-triggered cell FDCE clocked by clk_pl_0  {rise@0.000ns fall@10.312ns period=20.625ns})
  Destination:            rgb0[0]
                            (output port)
  Path Group:             (none)
  Path Type:              Min at Fast Process Corner
  Data Path Delay:        1.462ns  (logic 0.440ns (30.087%)  route 1.022ns (69.913%))
  Logic Levels:           2  (LUT5=1 OBUF=1)
  Clock Uncertainty:      0.206ns  ((TSJ^2 + DJ^2)^1/2) / 2 + PE
    Total System Jitter     (TSJ):    0.050ns
    Discrete Jitter          (DJ):    0.409ns
    Phase Error              (PE):    0.000ns
  Clock Net Delay (Source):      0.901ns (routing 0.324ns, distribution 0.577ns)

    Location             Delay type                Incr(ns)  Path(ns)    Netlist Resource(s)
  -------------------------------------------------------------------    -------------------
                         (clock clk_pl_0 rise edge)
                                                      0.000     0.000 r  
    PS8_X0Y0             PS8                          0.000     0.000 r  system_i/zynq_ps/inst/PS8_i/PLCLK[0]
                         net (fo=1, routed)           0.094     0.094    system_i/zynq_ps/inst/pl_clk_unbuffered[0]
    BUFG_PS_X0Y58        BUFG_PS (Prop_BUFG_PS_I_O)
                                                      0.017     0.111 r  system_i/zynq_ps/inst/buffer_pl_clk_0.PL_CLK_0_BUFG/O
    X0Y1 (CLOCK_ROOT)    net (fo=12182, routed)       0.901     1.012    system_i/hft_core/inst/u_core/u_axi_regs/clk
    SLICE_X16Y31         FDCE                                         r  system_i/hft_core/inst/u_core/u_axi_regs/regime_from_ps_reg[0]/C
  -------------------------------------------------------------------    -------------------
    SLICE_X16Y31         FDCE (Prop_DFF2_SLICEM_C_Q)
                                                      0.041     1.053 r  system_i/hft_core/inst/u_core/u_axi_regs/regime_from_ps_reg[0]/Q
                         net (fo=4, routed)           0.502     1.555    system_i/hft_core/inst/u_core/u_ctrl/regime_from_ps[0]
    SLICE_X48Y29         LUT5 (Prop_C6LUT_SLICEM_I0_O)
                                                      0.040     1.595 r  system_i/hft_core/inst/u_core/u_ctrl/rgb0[0]_INST_0/O
                         net (fo=1, routed)           0.520     2.115    rgb0_OBUF[0]
    AD7                  OBUF (Prop_OUTBUF_HPIOB_M_I_O)
                                                      0.359     2.474 r  rgb0_OBUF[0]_inst/O
                         net (fo=0)                   0.000     2.474    rgb0[0]
    AD7                                                               r  rgb0[0] (OUT)
  -------------------------------------------------------------------    -------------------

Slack:                    inf
  Source:                 system_i/hft_core/inst/u_core/u_link_rx/error_count_reg[13]/C
                            (rising edge-triggered cell FDCE clocked by clk_pl_0  {rise@0.000ns fall@10.312ns period=20.625ns})
  Destination:            led[5]
                            (output port)
  Path Group:             (none)
  Path Type:              Min at Fast Process Corner
  Data Path Delay:        1.524ns  (logic 0.515ns (33.830%)  route 1.008ns (66.170%))
  Logic Levels:           3  (LUT4=1 LUT5=1 OBUF=1)
  Clock Uncertainty:      0.206ns  ((TSJ^2 + DJ^2)^1/2) / 2 + PE
    Total System Jitter     (TSJ):    0.050ns
    Discrete Jitter          (DJ):    0.409ns
    Phase Error              (PE):    0.000ns
  Clock Net Delay (Source):      0.892ns (routing 0.324ns, distribution 0.568ns)

    Location             Delay type                Incr(ns)  Path(ns)    Netlist Resource(s)
  -------------------------------------------------------------------    -------------------
                         (clock clk_pl_0 rise edge)
                                                      0.000     0.000 r  
    PS8_X0Y0             PS8                          0.000     0.000 r  system_i/zynq_ps/inst/PS8_i/PLCLK[0]
                         net (fo=1, routed)           0.094     0.094    system_i/zynq_ps/inst/pl_clk_unbuffered[0]
    BUFG_PS_X0Y58        BUFG_PS (Prop_BUFG_PS_I_O)
                                                      0.017     0.111 r  system_i/zynq_ps/inst/buffer_pl_clk_0.PL_CLK_0_BUFG/O
    X0Y1 (CLOCK_ROOT)    net (fo=12182, routed)       0.892     1.003    system_i/hft_core/inst/u_core/u_link_rx/clk
    SLICE_X8Y26          FDCE                                         r  system_i/hft_core/inst/u_core/u_link_rx/error_count_reg[13]/C
  -------------------------------------------------------------------    -------------------
    SLICE_X8Y26          FDCE (Prop_DFF2_SLICEL_C_Q)
                                                      0.041     1.044 r  system_i/hft_core/inst/u_core/u_link_rx/error_count_reg[13]/Q
                         net (fo=3, routed)           0.056     1.100    system_i/hft_core/inst/u_core/u_link_rx/Q[13]
    SLICE_X10Y26         LUT5 (Prop_G6LUT_SLICEL_I1_O)
                                                      0.022     1.122 f  system_i/hft_core/inst/u_core/u_link_rx/led[5]_INST_0_i_2/O
                         net (fo=2, routed)           0.027     1.149    system_i/hft_core/inst/u_core/u_link_rx/led[5]_INST_0_i_2_n_0
    SLICE_X10Y26         LUT4 (Prop_B6LUT_SLICEL_I1_O)
                                                      0.050     1.199 r  system_i/hft_core/inst/u_core/u_link_rx/led[5]_INST_0/O
                         net (fo=1, routed)           0.925     2.124    led_OBUF[5]
    AE4                  OBUF (Prop_OUTBUF_HPIOB_SNGL_I_O)
                                                      0.402     2.526 r  led_OBUF[5]_inst/O
                         net (fo=0)                   0.000     2.526    led[5]
    AE4                                                               r  led[5] (OUT)
  -------------------------------------------------------------------    -------------------

Slack:                    inf
  Source:                 system_i/hft_core/inst/u_core/u_axi_regs/regime_from_ps_reg[1]/C
                            (rising edge-triggered cell FDCE clocked by clk_pl_0  {rise@0.000ns fall@10.312ns period=20.625ns})
  Destination:            led[1]
                            (output port)
  Path Group:             (none)
  Path Type:              Min at Fast Process Corner
  Data Path Delay:        1.529ns  (logic 0.460ns (30.066%)  route 1.070ns (69.934%))
  Logic Levels:           2  (LUT3=1 OBUF=1)
  Clock Uncertainty:      0.206ns  ((TSJ^2 + DJ^2)^1/2) / 2 + PE
    Total System Jitter     (TSJ):    0.050ns
    Discrete Jitter          (DJ):    0.409ns
    Phase Error              (PE):    0.000ns
  Clock Net Delay (Source):      0.901ns (routing 0.324ns, distribution 0.577ns)

    Location             Delay type                Incr(ns)  Path(ns)    Netlist Resource(s)
  -------------------------------------------------------------------    -------------------
                         (clock clk_pl_0 rise edge)
                                                      0.000     0.000 r  
    PS8_X0Y0             PS8                          0.000     0.000 r  system_i/zynq_ps/inst/PS8_i/PLCLK[0]
                         net (fo=1, routed)           0.094     0.094    system_i/zynq_ps/inst/pl_clk_unbuffered[0]
    BUFG_PS_X0Y58        BUFG_PS (Prop_BUFG_PS_I_O)
                                                      0.017     0.111 r  system_i/zynq_ps/inst/buffer_pl_clk_0.PL_CLK_0_BUFG/O
    X0Y1 (CLOCK_ROOT)    net (fo=12182, routed)       0.901     1.012    system_i/hft_core/inst/u_core/u_axi_regs/clk
    SLICE_X16Y31         FDCE                                         r  system_i/hft_core/inst/u_core/u_axi_regs/regime_from_ps_reg[1]/C
  -------------------------------------------------------------------    -------------------
    SLICE_X16Y31         FDCE (Prop_CFF2_SLICEM_C_Q)
                                                      0.039     1.051 r  system_i/hft_core/inst/u_core/u_axi_regs/regime_from_ps_reg[1]/Q
                         net (fo=5, routed)           0.547     1.597    system_i/hft_core/inst/u_core/u_axi_regs/regime_from_ps[1]
    SLICE_X48Y29         LUT3 (Prop_D5LUT_SLICEM_I2_O)
                                                      0.061     1.658 r  system_i/hft_core/inst/u_core/u_axi_regs/led[1]_INST_0/O
                         net (fo=11, routed)          0.523     2.181    led_OBUF[1]
    AE7                  OBUF (Prop_OUTBUF_HPIOB_S_I_O)
                                                      0.360     2.541 r  led_OBUF[1]_inst/O
                         net (fo=0)                   0.000     2.541    led[1]
    AE7                                                               r  led[1] (OUT)
  -------------------------------------------------------------------    -------------------

Slack:                    inf
  Source:                 system_i/hft_core/inst/u_core/u_axi_regs/regime_from_ps_reg[0]/C
                            (rising edge-triggered cell FDCE clocked by clk_pl_0  {rise@0.000ns fall@10.312ns period=20.625ns})
  Destination:            rgb0[2]
                            (output port)
  Path Group:             (none)
  Path Type:              Min at Fast Process Corner
  Data Path Delay:        1.550ns  (logic 0.445ns (28.696%)  route 1.105ns (71.304%))
  Logic Levels:           2  (LUT5=1 OBUF=1)
  Clock Uncertainty:      0.206ns  ((TSJ^2 + DJ^2)^1/2) / 2 + PE
    Total System Jitter     (TSJ):    0.050ns
    Discrete Jitter          (DJ):    0.409ns
    Phase Error              (PE):    0.000ns
  Clock Net Delay (Source):      0.901ns (routing 0.324ns, distribution 0.577ns)

    Location             Delay type                Incr(ns)  Path(ns)    Netlist Resource(s)
  -------------------------------------------------------------------    -------------------
                         (clock clk_pl_0 rise edge)
                                                      0.000     0.000 r  
    PS8_X0Y0             PS8                          0.000     0.000 r  system_i/zynq_ps/inst/PS8_i/PLCLK[0]
                         net (fo=1, routed)           0.094     0.094    system_i/zynq_ps/inst/pl_clk_unbuffered[0]
    BUFG_PS_X0Y58        BUFG_PS (Prop_BUFG_PS_I_O)
                                                      0.017     0.111 r  system_i/zynq_ps/inst/buffer_pl_clk_0.PL_CLK_0_BUFG/O
    X0Y1 (CLOCK_ROOT)    net (fo=12182, routed)       0.901     1.012    system_i/hft_core/inst/u_core/u_axi_regs/clk
    SLICE_X16Y31         FDCE                                         r  system_i/hft_core/inst/u_core/u_axi_regs/regime_from_ps_reg[0]/C
  -------------------------------------------------------------------    -------------------
    SLICE_X16Y31         FDCE (Prop_DFF2_SLICEM_C_Q)
                                                      0.041     1.053 r  system_i/hft_core/inst/u_core/u_axi_regs/regime_from_ps_reg[0]/Q
                         net (fo=4, routed)           0.502     1.555    system_i/hft_core/inst/u_core/u_ctrl/regime_from_ps[0]
    SLICE_X48Y29         LUT5 (Prop_C5LUT_SLICEM_I0_O)
                                                      0.041     1.596 r  system_i/hft_core/inst/u_core/u_ctrl/rgb0[2]_INST_0/O
                         net (fo=1, routed)           0.603     2.199    rgb0_OBUF[2]
    AE9                  OBUF (Prop_OUTBUF_HPIOB_M_I_O)
                                                      0.363     2.562 r  rgb0_OBUF[2]_inst/O
                         net (fo=0)                   0.000     2.562    rgb0[2]
    AE9                                                               r  rgb0[2] (OUT)
  -------------------------------------------------------------------    -------------------

Slack:                    inf
  Source:                 system_i/hft_core/inst/u_core/u_axi_regs/regime_from_ps_reg[1]/C
                            (rising edge-triggered cell FDCE clocked by clk_pl_0  {rise@0.000ns fall@10.312ns period=20.625ns})
  Destination:            rgb0[1]
                            (output port)
  Path Group:             (none)
  Path Type:              Min at Fast Process Corner
  Data Path Delay:        1.555ns  (logic 0.461ns (29.632%)  route 1.094ns (70.368%))
  Logic Levels:           2  (LUT3=1 OBUF=1)
  Clock Uncertainty:      0.206ns  ((TSJ^2 + DJ^2)^1/2) / 2 + PE
    Total System Jitter     (TSJ):    0.050ns
    Discrete Jitter          (DJ):    0.409ns
    Phase Error              (PE):    0.000ns
  Clock Net Delay (Source):      0.901ns (routing 0.324ns, distribution 0.577ns)

    Location             Delay type                Incr(ns)  Path(ns)    Netlist Resource(s)
  -------------------------------------------------------------------    -------------------
                         (clock clk_pl_0 rise edge)
                                                      0.000     0.000 r  
    PS8_X0Y0             PS8                          0.000     0.000 r  system_i/zynq_ps/inst/PS8_i/PLCLK[0]
                         net (fo=1, routed)           0.094     0.094    system_i/zynq_ps/inst/pl_clk_unbuffered[0]
    BUFG_PS_X0Y58        BUFG_PS (Prop_BUFG_PS_I_O)
                                                      0.017     0.111 r  system_i/zynq_ps/inst/buffer_pl_clk_0.PL_CLK_0_BUFG/O
    X0Y1 (CLOCK_ROOT)    net (fo=12182, routed)       0.901     1.012    system_i/hft_core/inst/u_core/u_axi_regs/clk
    SLICE_X16Y31         FDCE                                         r  system_i/hft_core/inst/u_core/u_axi_regs/regime_from_ps_reg[1]/C
  -------------------------------------------------------------------    -------------------
    SLICE_X16Y31         FDCE (Prop_CFF2_SLICEM_C_Q)
                                                      0.039     1.051 f  system_i/hft_core/inst/u_core/u_axi_regs/regime_from_ps_reg[1]/Q
                         net (fo=5, routed)           0.530     1.581    system_i/hft_core/inst/u_core/u_ctrl/regime_from_ps[1]
    SLICE_X48Y29         LUT3 (Prop_G6LUT_SLICEM_I0_O)
                                                      0.060     1.641 r  system_i/hft_core/inst/u_core/u_ctrl/rgb0[1]_INST_0/O
                         net (fo=1, routed)           0.564     2.205    rgb0_OBUF[1]
    AD9                  OBUF (Prop_OUTBUF_HPIOB_S_I_O)
                                                      0.362     2.566 r  rgb0_OBUF[1]_inst/O
                         net (fo=0)                   0.000     2.566    rgb0[1]
    AD9                                                               r  rgb0[1] (OUT)
  -------------------------------------------------------------------    -------------------





--------------------------------------------------------------------------------------
Path Group:  (none)
From Clock:  
  To Clock:  clk_pl_0

Max Delay          1664 Endpoints
Min Delay          1664 Endpoints
--------------------------------------------------------------------------------------


Max Delay Paths
--------------------------------------------------------------------------------------
Slack:                    inf
  Source:                 sw[2]
                            (input port)
  Destination:            system_i/hft_core/inst/u_core/u_market_sim/best_bid_reg[10][4]/D
                            (rising edge-triggered cell FDCE clocked by clk_pl_0  {rise@0.000ns fall@10.312ns period=20.625ns})
  Path Group:             (none)
  Path Type:              Setup (Max at Slow Process Corner)
  Data Path Delay:        12.344ns  (logic 4.223ns (34.209%)  route 8.122ns (65.791%))
  Logic Levels:           24  (CARRY8=7 DSP_A_B_DATA=1 DSP_ALU=2 DSP_M_DATA=1 DSP_MULTIPLIER=1 DSP_OUTPUT=2 DSP_PREADD_DATA=1 IBUFCTRL=1 INBUF=1 LUT2=3 LUT3=3 LUT6=1)
  Clock Path Skew:        1.671ns (DCD - SCD + CPR)
    Destination Clock Delay (DCD):    1.671ns
    Source Clock Delay      (SCD):    0.000ns
    Clock Pessimism Removal (CPR):    0.000ns
  Clock Uncertainty:      0.206ns  ((TSJ^2 + DJ^2)^1/2) / 2 + PE
    Total System Jitter     (TSJ):    0.050ns
    Discrete Jitter          (DJ):    0.409ns
    Phase Error              (PE):    0.000ns
  Clock Net Delay (Destination): 1.511ns (routing 0.533ns, distribution 0.978ns)

    Location             Delay type                Incr(ns)  Path(ns)    Netlist Resource(s)
  -------------------------------------------------------------------    -------------------
    AE3                                               0.000     0.000 r  sw[2] (IN)
                         net (fo=0)                   0.000     0.000    sw_IBUF[2]_inst/I
    AE3                  INBUF (Prop_INBUF_HPIOB_M_PAD_O)
                                                      0.524     0.524 r  sw_IBUF[2]_inst/INBUF_INST/O
                         net (fo=1, routed)           0.000     0.524    sw_IBUF[2]_inst/OUT
    AE3                  IBUFCTRL (Prop_IBUFCTRL_HPIOB_M_I_O)
                                                      0.000     0.524 r  sw_IBUF[2]_inst/IBUFCTRL_INST/O
                         net (fo=5, routed)           1.160     1.684    system_i/hft_core/inst/u_core/u_axi_regs/sw[2]
    SLICE_X48Y29         LUT3 (Prop_D5LUT_SLICEM_I1_O)
                                                      0.097     1.781 r  system_i/hft_core/inst/u_core/u_axi_regs/led[1]_INST_0/O
                         net (fo=11, routed)          1.183     2.963    system_i/hft_core/inst/u_core/u_axi_regs/sw_1_sn_1
    SLICE_X36Y49         LUT2 (Prop_D6LUT_SLICEL_I1_O)
                                                      0.089     3.052 f  system_i/hft_core/inst/u_core/u_axi_regs/new_mid_u_c5_i_2/O
                         net (fo=2, routed)           0.526     3.579    system_i/hft_core/inst/u_core/u_market_sim/new_mid_u_c5/B[15]
    DSP48E2_X1Y20        DSP_A_B_DATA (Prop_DSP_A_B_DATA_DSP48E2_B[15]_B2_DATA[15])
                                                      0.151     3.730 r  system_i/hft_core/inst/u_core/u_market_sim/new_mid_u_c5/DSP_A_B_DATA_INST/B2_DATA[15]
                         net (fo=1, routed)           0.000     3.730    system_i/hft_core/inst/u_core/u_market_sim/new_mid_u_c5/DSP_A_B_DATA.B2_DATA<15>
    DSP48E2_X1Y20        DSP_PREADD_DATA (Prop_DSP_PREADD_DATA_DSP48E2_B2_DATA[15]_B2B1[15])
                                                      0.073     3.803 r  system_i/hft_core/inst/u_core/u_market_sim/new_mid_u_c5/DSP_PREADD_DATA_INST/B2B1[15]
                         net (fo=1, routed)           0.000     3.803    system_i/hft_core/inst/u_core/u_market_sim/new_mid_u_c5/DSP_PREADD_DATA.B2B1<15>
    DSP48E2_X1Y20        DSP_MULTIPLIER (Prop_DSP_MULTIPLIER_DSP48E2_B2B1[15]_V[43])
                                                      0.609     4.412 f  system_i/hft_core/inst/u_core/u_market_sim/new_mid_u_c5/DSP_MULTIPLIER_INST/V[43]
                         net (fo=1, routed)           0.000     4.412    system_i/hft_core/inst/u_core/u_market_sim/new_mid_u_c5/DSP_MULTIPLIER.V<43>
    DSP48E2_X1Y20        DSP_M_DATA (Prop_DSP_M_DATA_DSP48E2_V[43]_V_DATA[43])
                                                      0.046     4.458 r  system_i/hft_core/inst/u_core/u_market_sim/new_mid_u_c5/DSP_M_DATA_INST/V_DATA[43]
                         net (fo=1, routed)           0.000     4.458    system_i/hft_core/inst/u_core/u_market_sim/new_mid_u_c5/DSP_M_DATA.V_DATA<43>
    DSP48E2_X1Y20        DSP_ALU (Prop_DSP_ALU_DSP48E2_V_DATA[43]_ALU_OUT[47])
                                                      0.571     5.029 f  system_i/hft_core/inst/u_core/u_market_sim/new_mid_u_c5/DSP_ALU_INST/ALU_OUT[47]
                         net (fo=1, routed)           0.000     5.029    system_i/hft_core/inst/u_core/u_market_sim/new_mid_u_c5/DSP_ALU.ALU_OUT<47>
    DSP48E2_X1Y20        DSP_OUTPUT (Prop_DSP_OUTPUT_DSP48E2_ALU_OUT[47]_PCOUT[47])
                                                      0.122     5.151 r  system_i/hft_core/inst/u_core/u_market_sim/new_mid_u_c5/DSP_OUTPUT_INST/PCOUT[47]
                         net (fo=1, routed)           0.014     5.165    system_i/hft_core/inst/u_core/u_market_sim/new_mid_u_c5__0/PCIN[47]
    DSP48E2_X1Y21        DSP_ALU (Prop_DSP_ALU_DSP48E2_PCIN[47]_ALU_OUT[2])
                                                      0.546     5.711 f  system_i/hft_core/inst/u_core/u_market_sim/new_mid_u_c5__0/DSP_ALU_INST/ALU_OUT[2]
                         net (fo=1, routed)           0.000     5.711    system_i/hft_core/inst/u_core/u_market_sim/new_mid_u_c5__0/DSP_ALU.ALU_OUT<2>
    DSP48E2_X1Y21        DSP_OUTPUT (Prop_DSP_OUTPUT_DSP48E2_ALU_OUT[2]_P[2])
                                                      0.109     5.820 r  system_i/hft_core/inst/u_core/u_market_sim/new_mid_u_c5__0/DSP_OUTPUT_INST/P[2]
                         net (fo=3, routed)           0.352     6.172    system_i/hft_core/inst/u_core/u_market_sim/new_mid_u_c4[3]
    SLICE_X20Y41         LUT3 (Prop_E6LUT_SLICEM_I0_O)
                                                      0.124     6.296 r  system_i/hft_core/inst/u_core/u_market_sim/mid_price[0][7]_i_6/O
                         net (fo=1, routed)           0.378     6.674    system_i/hft_core/inst/u_core/u_market_sim/mid_price[0][7]_i_6_n_0
    SLICE_X21Y41         CARRY8 (Prop_CARRY8_SLICEL_DI[4]_CO[7])
                                                      0.091     6.765 r  system_i/hft_core/inst/u_core/u_market_sim/mid_price_reg[0][7]_i_2/CO[7]
                         net (fo=1, routed)           0.026     6.791    system_i/hft_core/inst/u_core/u_market_sim/mid_price_reg[0][7]_i_2_n_0
    SLICE_X21Y42         CARRY8 (Prop_CARRY8_SLICEL_CI_CO[7])
                                                      0.015     6.806 r  system_i/hft_core/inst/u_core/u_market_sim/mid_price_reg[0][15]_i_2/CO[7]
                         net (fo=1, routed)           0.026     6.832    system_i/hft_core/inst/u_core/u_market_sim/mid_price_reg[0][15]_i_2_n_0
    SLICE_X21Y43         CARRY8 (Prop_CARRY8_SLICEL_CI_CO[7])
                                                      0.015     6.847 r  system_i/hft_core/inst/u_core/u_market_sim/mid_price_reg[0][23]_i_2/CO[7]
                         net (fo=1, routed)           0.026     6.873    system_i/hft_core/inst/u_core/u_market_sim/mid_price_reg[0][23]_i_2_n_0
    SLICE_X21Y44         CARRY8 (Prop_CARRY8_SLICEL_CI_O[0])
                                                      0.056     6.929 f  system_i/hft_core/inst/u_core/u_market_sim/mid_price_reg[0][31]_i_4/O[0]
                         net (fo=22, routed)          0.739     7.667    system_i/hft_core/inst/u_core/u_market_sim/new_mid_u_c2[24]
    SLICE_X14Y43         LUT2 (Prop_E6LUT_SLICEM_I1_O)
                                                      0.091     7.758 r  system_i/hft_core/inst/u_core/u_market_sim/mid_price[0][31]_i_39/O
                         net (fo=1, routed)           0.014     7.772    system_i/hft_core/inst/u_core/u_market_sim/mid_price[0][31]_i_39_n_0
    SLICE_X14Y43         CARRY8 (Prop_CARRY8_SLICEM_S[4]_CO[7])
                                                      0.163     7.935 f  system_i/hft_core/inst/u_core/u_market_sim/mid_price_reg[0][31]_i_5/CO[7]
                         net (fo=631, routed)         0.883     8.819    system_i/hft_core/inst/u_core/u_market_sim/CO[0]
    SLICE_X26Y25         LUT3 (Prop_C5LUT_SLICEL_I0_O)
                                                      0.158     8.977 r  system_i/hft_core/inst/u_core/u_market_sim/quote_frame_hold[98]_i_8/O
                         net (fo=1, routed)           0.388     9.365    system_i/hft_core/inst/u_core/u_market_sim/quote_frame_hold[98]_i_8_n_0
    SLICE_X25Y38         CARRY8 (Prop_CARRY8_SLICEL_DI[2]_O[5])
                                                      0.180     9.545 r  system_i/hft_core/inst/u_core/u_market_sim/quote_frame_hold_reg[98]_i_2/O[5]
                         net (fo=21, routed)          0.902    10.446    system_i/hft_core/inst/u_core/u_market_sim/bid_calc_c2[16]
    SLICE_X12Y41         LUT2 (Prop_A6LUT_SLICEL_I0_O)
                                                      0.050    10.496 r  system_i/hft_core/inst/u_core/u_market_sim/quote_frame_hold[111]_i_36/O
                         net (fo=1, routed)           0.009    10.505    system_i/hft_core/inst/u_core/u_market_sim/quote_frame_hold[111]_i_36_n_0
    SLICE_X12Y41         CARRY8 (Prop_CARRY8_SLICEL_S[0]_CO[7])
                                                      0.197    10.702 f  system_i/hft_core/inst/u_core/u_market_sim/quote_frame_hold_reg[111]_i_4/CO[7]
                         net (fo=544, routed)         1.446    12.148    system_i/hft_core/inst/u_core/u_market_sim/bid_calc_c10_in
    SLICE_X33Y20         LUT6 (Prop_C6LUT_SLICEL_I1_O)
                                                      0.146    12.294 r  system_i/hft_core/inst/u_core/u_market_sim/best_bid[10][4]_i_1/O
                         net (fo=1, routed)           0.050    12.344    system_i/hft_core/inst/u_core/u_market_sim/best_bid[10][4]_i_1_n_0
    SLICE_X33Y20         FDCE                                         r  system_i/hft_core/inst/u_core/u_market_sim/best_bid_reg[10][4]/D
  -------------------------------------------------------------------    -------------------

                         (clock clk_pl_0 rise edge)
                                                      0.000     0.000 r  
    PS8_X0Y0             PS8                          0.000     0.000 r  system_i/zynq_ps/inst/PS8_i/PLCLK[0]
                         net (fo=1, routed)           0.135     0.135    system_i/zynq_ps/inst/pl_clk_unbuffered[0]
    BUFG_PS_X0Y58        BUFG_PS (Prop_BUFG_PS_I_O)
                                                      0.025     0.160 r  system_i/zynq_ps/inst/buffer_pl_clk_0.PL_CLK_0_BUFG/O
    X0Y1 (CLOCK_ROOT)    net (fo=12182, routed)       1.511     1.671    system_i/hft_core/inst/u_core/u_market_sim/clk
    SLICE_X33Y20         FDCE                                         r  system_i/hft_core/inst/u_core/u_market_sim/best_bid_reg[10][4]/C

Slack:                    inf
  Source:                 sw[2]
                            (input port)
  Destination:            system_i/hft_core/inst/u_core/u_market_sim/best_bid_reg[2][10]/D
                            (rising edge-triggered cell FDCE clocked by clk_pl_0  {rise@0.000ns fall@10.312ns period=20.625ns})
  Path Group:             (none)
  Path Type:              Setup (Max at Slow Process Corner)
  Data Path Delay:        12.331ns  (logic 4.167ns (33.792%)  route 8.164ns (66.208%))
  Logic Levels:           24  (CARRY8=7 DSP_A_B_DATA=1 DSP_ALU=2 DSP_M_DATA=1 DSP_MULTIPLIER=1 DSP_OUTPUT=2 DSP_PREADD_DATA=1 IBUFCTRL=1 INBUF=1 LUT2=3 LUT3=3 LUT6=1)
  Clock Path Skew:        1.673ns (DCD - SCD + CPR)
    Destination Clock Delay (DCD):    1.673ns
    Source Clock Delay      (SCD):    0.000ns
    Clock Pessimism Removal (CPR):    0.000ns
  Clock Uncertainty:      0.206ns  ((TSJ^2 + DJ^2)^1/2) / 2 + PE
    Total System Jitter     (TSJ):    0.050ns
    Discrete Jitter          (DJ):    0.409ns
    Phase Error              (PE):    0.000ns
  Clock Net Delay (Destination): 1.513ns (routing 0.533ns, distribution 0.980ns)

    Location             Delay type                Incr(ns)  Path(ns)    Netlist Resource(s)
  -------------------------------------------------------------------    -------------------
    AE3                                               0.000     0.000 r  sw[2] (IN)
                         net (fo=0)                   0.000     0.000    sw_IBUF[2]_inst/I
    AE3                  INBUF (Prop_INBUF_HPIOB_M_PAD_O)
                                                      0.524     0.524 r  sw_IBUF[2]_inst/INBUF_INST/O
                         net (fo=1, routed)           0.000     0.524    sw_IBUF[2]_inst/OUT
    AE3                  IBUFCTRL (Prop_IBUFCTRL_HPIOB_M_I_O)
                                                      0.000     0.524 r  sw_IBUF[2]_inst/IBUFCTRL_INST/O
                         net (fo=5, routed)           1.160     1.684    system_i/hft_core/inst/u_core/u_axi_regs/sw[2]
    SLICE_X48Y29         LUT3 (Prop_D5LUT_SLICEM_I1_O)
                                                      0.097     1.781 r  system_i/hft_core/inst/u_core/u_axi_regs/led[1]_INST_0/O
                         net (fo=11, routed)          1.183     2.963    system_i/hft_core/inst/u_core/u_axi_regs/sw_1_sn_1
    SLICE_X36Y49         LUT2 (Prop_D6LUT_SLICEL_I1_O)
                                                      0.089     3.052 f  system_i/hft_core/inst/u_core/u_axi_regs/new_mid_u_c5_i_2/O
                         net (fo=2, routed)           0.526     3.579    system_i/hft_core/inst/u_core/u_market_sim/new_mid_u_c5/B[15]
    DSP48E2_X1Y20        DSP_A_B_DATA (Prop_DSP_A_B_DATA_DSP48E2_B[15]_B2_DATA[15])
                                                      0.151     3.730 r  system_i/hft_core/inst/u_core/u_market_sim/new_mid_u_c5/DSP_A_B_DATA_INST/B2_DATA[15]
                         net (fo=1, routed)           0.000     3.730    system_i/hft_core/inst/u_core/u_market_sim/new_mid_u_c5/DSP_A_B_DATA.B2_DATA<15>
    DSP48E2_X1Y20        DSP_PREADD_DATA (Prop_DSP_PREADD_DATA_DSP48E2_B2_DATA[15]_B2B1[15])
                                                      0.073     3.803 r  system_i/hft_core/inst/u_core/u_market_sim/new_mid_u_c5/DSP_PREADD_DATA_INST/B2B1[15]
                         net (fo=1, routed)           0.000     3.803    system_i/hft_core/inst/u_core/u_market_sim/new_mid_u_c5/DSP_PREADD_DATA.B2B1<15>
    DSP48E2_X1Y20        DSP_MULTIPLIER (Prop_DSP_MULTIPLIER_DSP48E2_B2B1[15]_V[43])
                                                      0.609     4.412 f  system_i/hft_core/inst/u_core/u_market_sim/new_mid_u_c5/DSP_MULTIPLIER_INST/V[43]
                         net (fo=1, routed)           0.000     4.412    system_i/hft_core/inst/u_core/u_market_sim/new_mid_u_c5/DSP_MULTIPLIER.V<43>
    DSP48E2_X1Y20        DSP_M_DATA (Prop_DSP_M_DATA_DSP48E2_V[43]_V_DATA[43])
                                                      0.046     4.458 r  system_i/hft_core/inst/u_core/u_market_sim/new_mid_u_c5/DSP_M_DATA_INST/V_DATA[43]
                         net (fo=1, routed)           0.000     4.458    system_i/hft_core/inst/u_core/u_market_sim/new_mid_u_c5/DSP_M_DATA.V_DATA<43>
    DSP48E2_X1Y20        DSP_ALU (Prop_DSP_ALU_DSP48E2_V_DATA[43]_ALU_OUT[47])
                                                      0.571     5.029 f  system_i/hft_core/inst/u_core/u_market_sim/new_mid_u_c5/DSP_ALU_INST/ALU_OUT[47]
                         net (fo=1, routed)           0.000     5.029    system_i/hft_core/inst/u_core/u_market_sim/new_mid_u_c5/DSP_ALU.ALU_OUT<47>
    DSP48E2_X1Y20        DSP_OUTPUT (Prop_DSP_OUTPUT_DSP48E2_ALU_OUT[47]_PCOUT[47])
                                                      0.122     5.151 r  system_i/hft_core/inst/u_core/u_market_sim/new_mid_u_c5/DSP_OUTPUT_INST/PCOUT[47]
                         net (fo=1, routed)           0.014     5.165    system_i/hft_core/inst/u_core/u_market_sim/new_mid_u_c5__0/PCIN[47]
    DSP48E2_X1Y21        DSP_ALU (Prop_DSP_ALU_DSP48E2_PCIN[47]_ALU_OUT[2])
                                                      0.546     5.711 f  system_i/hft_core/inst/u_core/u_market_sim/new_mid_u_c5__0/DSP_ALU_INST/ALU_OUT[2]
                         net (fo=1, routed)           0.000     5.711    system_i/hft_core/inst/u_core/u_market_sim/new_mid_u_c5__0/DSP_ALU.ALU_OUT<2>
    DSP48E2_X1Y21        DSP_OUTPUT (Prop_DSP_OUTPUT_DSP48E2_ALU_OUT[2]_P[2])
                                                      0.109     5.820 r  system_i/hft_core/inst/u_core/u_market_sim/new_mid_u_c5__0/DSP_OUTPUT_INST/P[2]
                         net (fo=3, routed)           0.352     6.172    system_i/hft_core/inst/u_core/u_market_sim/new_mid_u_c4[3]
    SLICE_X20Y41         LUT3 (Prop_E6LUT_SLICEM_I0_O)
                                                      0.124     6.296 r  system_i/hft_core/inst/u_core/u_market_sim/mid_price[0][7]_i_6/O
                         net (fo=1, routed)           0.378     6.674    system_i/hft_core/inst/u_core/u_market_sim/mid_price[0][7]_i_6_n_0
    SLICE_X21Y41         CARRY8 (Prop_CARRY8_SLICEL_DI[4]_CO[7])
                                                      0.091     6.765 r  system_i/hft_core/inst/u_core/u_market_sim/mid_price_reg[0][7]_i_2/CO[7]
                         net (fo=1, routed)           0.026     6.791    system_i/hft_core/inst/u_core/u_market_sim/mid_price_reg[0][7]_i_2_n_0
    SLICE_X21Y42         CARRY8 (Prop_CARRY8_SLICEL_CI_CO[7])
                                                      0.015     6.806 r  system_i/hft_core/inst/u_core/u_market_sim/mid_price_reg[0][15]_i_2/CO[7]
                         net (fo=1, routed)           0.026     6.832    system_i/hft_core/inst/u_core/u_market_sim/mid_price_reg[0][15]_i_2_n_0
    SLICE_X21Y43         CARRY8 (Prop_CARRY8_SLICEL_CI_CO[7])
                                                      0.015     6.847 r  system_i/hft_core/inst/u_core/u_market_sim/mid_price_reg[0][23]_i_2/CO[7]
                         net (fo=1, routed)           0.026     6.873    system_i/hft_core/inst/u_core/u_market_sim/mid_price_reg[0][23]_i_2_n_0
    SLICE_X21Y44         CARRY8 (Prop_CARRY8_SLICEL_CI_O[0])
                                                      0.056     6.929 f  system_i/hft_core/inst/u_core/u_market_sim/mid_price_reg[0][31]_i_4/O[0]
                         net (fo=22, routed)          0.739     7.667    system_i/hft_core/inst/u_core/u_market_sim/new_mid_u_c2[24]
    SLICE_X14Y43         LUT2 (Prop_E6LUT_SLICEM_I1_O)
                                                      0.091     7.758 r  system_i/hft_core/inst/u_core/u_market_sim/mid_price[0][31]_i_39/O
                         net (fo=1, routed)           0.014     7.772    system_i/hft_core/inst/u_core/u_market_sim/mid_price[0][31]_i_39_n_0
    SLICE_X14Y43         CARRY8 (Prop_CARRY8_SLICEM_S[4]_CO[7])
                                                      0.163     7.935 f  system_i/hft_core/inst/u_core/u_market_sim/mid_price_reg[0][31]_i_5/CO[7]
                         net (fo=631, routed)         0.883     8.819    system_i/hft_core/inst/u_core/u_market_sim/CO[0]
    SLICE_X26Y25         LUT3 (Prop_C5LUT_SLICEL_I0_O)
                                                      0.158     8.977 r  system_i/hft_core/inst/u_core/u_market_sim/quote_frame_hold[98]_i_8/O
                         net (fo=1, routed)           0.388     9.365    system_i/hft_core/inst/u_core/u_market_sim/quote_frame_hold[98]_i_8_n_0
    SLICE_X25Y38         CARRY8 (Prop_CARRY8_SLICEL_DI[2]_O[5])
                                                      0.180     9.545 r  system_i/hft_core/inst/u_core/u_market_sim/quote_frame_hold_reg[98]_i_2/O[5]
                         net (fo=21, routed)          0.902    10.446    system_i/hft_core/inst/u_core/u_market_sim/bid_calc_c2[16]
    SLICE_X12Y41         LUT2 (Prop_A6LUT_SLICEL_I0_O)
                                                      0.050    10.496 r  system_i/hft_core/inst/u_core/u_market_sim/quote_frame_hold[111]_i_36/O
                         net (fo=1, routed)           0.009    10.505    system_i/hft_core/inst/u_core/u_market_sim/quote_frame_hold[111]_i_36_n_0
    SLICE_X12Y41         CARRY8 (Prop_CARRY8_SLICEL_S[0]_CO[7])
                                                      0.197    10.702 f  system_i/hft_core/inst/u_core/u_market_sim/quote_frame_hold_reg[111]_i_4/CO[7]
                         net (fo=544, routed)         1.488    12.190    system_i/hft_core/inst/u_core/u_market_sim/bid_calc_c10_in
    SLICE_X33Y20         LUT6 (Prop_H6LUT_SLICEL_I1_O)
                                                      0.090    12.280 r  system_i/hft_core/inst/u_core/u_market_sim/best_bid[2][10]_i_1/O
                         net (fo=1, routed)           0.051    12.331    system_i/hft_core/inst/u_core/u_market_sim/best_bid[2][10]_i_1_n_0
    SLICE_X33Y20         FDCE                                         r  system_i/hft_core/inst/u_core/u_market_sim/best_bid_reg[2][10]/D
  -------------------------------------------------------------------    -------------------

                         (clock clk_pl_0 rise edge)
                                                      0.000     0.000 r  
    PS8_X0Y0             PS8                          0.000     0.000 r  system_i/zynq_ps/inst/PS8_i/PLCLK[0]
                         net (fo=1, routed)           0.135     0.135    system_i/zynq_ps/inst/pl_clk_unbuffered[0]
    BUFG_PS_X0Y58        BUFG_PS (Prop_BUFG_PS_I_O)
                                                      0.025     0.160 r  system_i/zynq_ps/inst/buffer_pl_clk_0.PL_CLK_0_BUFG/O
    X0Y1 (CLOCK_ROOT)    net (fo=12182, routed)       1.513     1.673    system_i/hft_core/inst/u_core/u_market_sim/clk
    SLICE_X33Y20         FDCE                                         r  system_i/hft_core/inst/u_core/u_market_sim/best_bid_reg[2][10]/C

Slack:                    inf
  Source:                 sw[2]
                            (input port)
  Destination:            system_i/hft_core/inst/u_core/u_market_sim/best_bid_reg[2][11]/D
                            (rising edge-triggered cell FDCE clocked by clk_pl_0  {rise@0.000ns fall@10.312ns period=20.625ns})
  Path Group:             (none)
  Path Type:              Setup (Max at Slow Process Corner)
  Data Path Delay:        12.326ns  (logic 4.166ns (33.797%)  route 8.160ns (66.203%))
  Logic Levels:           24  (CARRY8=7 DSP_A_B_DATA=1 DSP_ALU=2 DSP_M_DATA=1 DSP_MULTIPLIER=1 DSP_OUTPUT=2 DSP_PREADD_DATA=1 IBUFCTRL=1 INBUF=1 LUT2=3 LUT3=3 LUT6=1)
  Clock Path Skew:        1.673ns (DCD - SCD + CPR)
    Destination Clock Delay (DCD):    1.673ns
    Source Clock Delay      (SCD):    0.000ns
    Clock Pessimism Removal (CPR):    0.000ns
  Clock Uncertainty:      0.206ns  ((TSJ^2 + DJ^2)^1/2) / 2 + PE
    Total System Jitter     (TSJ):    0.050ns
    Discrete Jitter          (DJ):    0.409ns
    Phase Error              (PE):    0.000ns
  Clock Net Delay (Destination): 1.513ns (routing 0.533ns, distribution 0.980ns)

    Location             Delay type                Incr(ns)  Path(ns)    Netlist Resource(s)
  -------------------------------------------------------------------    -------------------
    AE3                                               0.000     0.000 r  sw[2] (IN)
                         net (fo=0)                   0.000     0.000    sw_IBUF[2]_inst/I
    AE3                  INBUF (Prop_INBUF_HPIOB_M_PAD_O)
                                                      0.524     0.524 r  sw_IBUF[2]_inst/INBUF_INST/O
                         net (fo=1, routed)           0.000     0.524    sw_IBUF[2]_inst/OUT
    AE3                  IBUFCTRL (Prop_IBUFCTRL_HPIOB_M_I_O)
                                                      0.000     0.524 r  sw_IBUF[2]_inst/IBUFCTRL_INST/O
                         net (fo=5, routed)           1.160     1.684    system_i/hft_core/inst/u_core/u_axi_regs/sw[2]
    SLICE_X48Y29         LUT3 (Prop_D5LUT_SLICEM_I1_O)
                                                      0.097     1.781 r  system_i/hft_core/inst/u_core/u_axi_regs/led[1]_INST_0/O
                         net (fo=11, routed)          1.183     2.963    system_i/hft_core/inst/u_core/u_axi_regs/sw_1_sn_1
    SLICE_X36Y49         LUT2 (Prop_D6LUT_SLICEL_I1_O)
                                                      0.089     3.052 f  system_i/hft_core/inst/u_core/u_axi_regs/new_mid_u_c5_i_2/O
                         net (fo=2, routed)           0.526     3.579    system_i/hft_core/inst/u_core/u_market_sim/new_mid_u_c5/B[15]
    DSP48E2_X1Y20        DSP_A_B_DATA (Prop_DSP_A_B_DATA_DSP48E2_B[15]_B2_DATA[15])
                                                      0.151     3.730 r  system_i/hft_core/inst/u_core/u_market_sim/new_mid_u_c5/DSP_A_B_DATA_INST/B2_DATA[15]
                         net (fo=1, routed)           0.000     3.730    system_i/hft_core/inst/u_core/u_market_sim/new_mid_u_c5/DSP_A_B_DATA.B2_DATA<15>
    DSP48E2_X1Y20        DSP_PREADD_DATA (Prop_DSP_PREADD_DATA_DSP48E2_B2_DATA[15]_B2B1[15])
                                                      0.073     3.803 r  system_i/hft_core/inst/u_core/u_market_sim/new_mid_u_c5/DSP_PREADD_DATA_INST/B2B1[15]
                         net (fo=1, routed)           0.000     3.803    system_i/hft_core/inst/u_core/u_market_sim/new_mid_u_c5/DSP_PREADD_DATA.B2B1<15>
    DSP48E2_X1Y20        DSP_MULTIPLIER (Prop_DSP_MULTIPLIER_DSP48E2_B2B1[15]_V[43])
                                                      0.609     4.412 f  system_i/hft_core/inst/u_core/u_market_sim/new_mid_u_c5/DSP_MULTIPLIER_INST/V[43]
                         net (fo=1, routed)           0.000     4.412    system_i/hft_core/inst/u_core/u_market_sim/new_mid_u_c5/DSP_MULTIPLIER.V<43>
    DSP48E2_X1Y20        DSP_M_DATA (Prop_DSP_M_DATA_DSP48E2_V[43]_V_DATA[43])
                                                      0.046     4.458 r  system_i/hft_core/inst/u_core/u_market_sim/new_mid_u_c5/DSP_M_DATA_INST/V_DATA[43]
                         net (fo=1, routed)           0.000     4.458    system_i/hft_core/inst/u_core/u_market_sim/new_mid_u_c5/DSP_M_DATA.V_DATA<43>
    DSP48E2_X1Y20        DSP_ALU (Prop_DSP_ALU_DSP48E2_V_DATA[43]_ALU_OUT[47])
                                                      0.571     5.029 f  system_i/hft_core/inst/u_core/u_market_sim/new_mid_u_c5/DSP_ALU_INST/ALU_OUT[47]
                         net (fo=1, routed)           0.000     5.029    system_i/hft_core/inst/u_core/u_market_sim/new_mid_u_c5/DSP_ALU.ALU_OUT<47>
    DSP48E2_X1Y20        DSP_OUTPUT (Prop_DSP_OUTPUT_DSP48E2_ALU_OUT[47]_PCOUT[47])
                                                      0.122     5.151 r  system_i/hft_core/inst/u_core/u_market_sim/new_mid_u_c5/DSP_OUTPUT_INST/PCOUT[47]
                         net (fo=1, routed)           0.014     5.165    system_i/hft_core/inst/u_core/u_market_sim/new_mid_u_c5__0/PCIN[47]
    DSP48E2_X1Y21        DSP_ALU (Prop_DSP_ALU_DSP48E2_PCIN[47]_ALU_OUT[2])
                                                      0.546     5.711 f  system_i/hft_core/inst/u_core/u_market_sim/new_mid_u_c5__0/DSP_ALU_INST/ALU_OUT[2]
                         net (fo=1, routed)           0.000     5.711    system_i/hft_core/inst/u_core/u_market_sim/new_mid_u_c5__0/DSP_ALU.ALU_OUT<2>
    DSP48E2_X1Y21        DSP_OUTPUT (Prop_DSP_OUTPUT_DSP48E2_ALU_OUT[2]_P[2])
                                                      0.109     5.820 r  system_i/hft_core/inst/u_core/u_market_sim/new_mid_u_c5__0/DSP_OUTPUT_INST/P[2]
                         net (fo=3, routed)           0.352     6.172    system_i/hft_core/inst/u_core/u_market_sim/new_mid_u_c4[3]
    SLICE_X20Y41         LUT3 (Prop_E6LUT_SLICEM_I0_O)
                                                      0.124     6.296 r  system_i/hft_core/inst/u_core/u_market_sim/mid_price[0][7]_i_6/O
                         net (fo=1, routed)           0.378     6.674    system_i/hft_core/inst/u_core/u_market_sim/mid_price[0][7]_i_6_n_0
    SLICE_X21Y41         CARRY8 (Prop_CARRY8_SLICEL_DI[4]_CO[7])
                                                      0.091     6.765 r  system_i/hft_core/inst/u_core/u_market_sim/mid_price_reg[0][7]_i_2/CO[7]
                         net (fo=1, routed)           0.026     6.791    system_i/hft_core/inst/u_core/u_market_sim/mid_price_reg[0][7]_i_2_n_0
    SLICE_X21Y42         CARRY8 (Prop_CARRY8_SLICEL_CI_CO[7])
                                                      0.015     6.806 r  system_i/hft_core/inst/u_core/u_market_sim/mid_price_reg[0][15]_i_2/CO[7]
                         net (fo=1, routed)           0.026     6.832    system_i/hft_core/inst/u_core/u_market_sim/mid_price_reg[0][15]_i_2_n_0
    SLICE_X21Y43         CARRY8 (Prop_CARRY8_SLICEL_CI_CO[7])
                                                      0.015     6.847 r  system_i/hft_core/inst/u_core/u_market_sim/mid_price_reg[0][23]_i_2/CO[7]
                         net (fo=1, routed)           0.026     6.873    system_i/hft_core/inst/u_core/u_market_sim/mid_price_reg[0][23]_i_2_n_0
    SLICE_X21Y44         CARRY8 (Prop_CARRY8_SLICEL_CI_O[0])
                                                      0.056     6.929 f  system_i/hft_core/inst/u_core/u_market_sim/mid_price_reg[0][31]_i_4/O[0]
                         net (fo=22, routed)          0.739     7.667    system_i/hft_core/inst/u_core/u_market_sim/new_mid_u_c2[24]
    SLICE_X14Y43         LUT2 (Prop_E6LUT_SLICEM_I1_O)
                                                      0.091     7.758 r  system_i/hft_core/inst/u_core/u_market_sim/mid_price[0][31]_i_39/O
                         net (fo=1, routed)           0.014     7.772    system_i/hft_core/inst/u_core/u_market_sim/mid_price[0][31]_i_39_n_0
    SLICE_X14Y43         CARRY8 (Prop_CARRY8_SLICEM_S[4]_CO[7])
                                                      0.163     7.935 f  system_i/hft_core/inst/u_core/u_market_sim/mid_price_reg[0][31]_i_5/CO[7]
                         net (fo=631, routed)         0.883     8.819    system_i/hft_core/inst/u_core/u_market_sim/CO[0]
    SLICE_X26Y25         LUT3 (Prop_C5LUT_SLICEL_I0_O)
                                                      0.158     8.977 r  system_i/hft_core/inst/u_core/u_market_sim/quote_frame_hold[98]_i_8/O
                         net (fo=1, routed)           0.388     9.365    system_i/hft_core/inst/u_core/u_market_sim/quote_frame_hold[98]_i_8_n_0
    SLICE_X25Y38         CARRY8 (Prop_CARRY8_SLICEL_DI[2]_O[5])
                                                      0.180     9.545 r  system_i/hft_core/inst/u_core/u_market_sim/quote_frame_hold_reg[98]_i_2/O[5]
                         net (fo=21, routed)          0.902    10.446    system_i/hft_core/inst/u_core/u_market_sim/bid_calc_c2[16]
    SLICE_X12Y41         LUT2 (Prop_A6LUT_SLICEL_I0_O)
                                                      0.050    10.496 r  system_i/hft_core/inst/u_core/u_market_sim/quote_frame_hold[111]_i_36/O
                         net (fo=1, routed)           0.009    10.505    system_i/hft_core/inst/u_core/u_market_sim/quote_frame_hold[111]_i_36_n_0
    SLICE_X12Y41         CARRY8 (Prop_CARRY8_SLICEL_S[0]_CO[7])
                                                      0.197    10.702 f  system_i/hft_core/inst/u_core/u_market_sim/quote_frame_hold_reg[111]_i_4/CO[7]
                         net (fo=544, routed)         1.487    12.189    system_i/hft_core/inst/u_core/u_market_sim/bid_calc_c10_in
    SLICE_X33Y20         LUT6 (Prop_G6LUT_SLICEL_I0_O)
                                                      0.089    12.278 r  system_i/hft_core/inst/u_core/u_market_sim/best_bid[2][11]_i_1/O
                         net (fo=1, routed)           0.048    12.326    system_i/hft_core/inst/u_core/u_market_sim/best_bid[2][11]_i_1_n_0
    SLICE_X33Y20         FDCE                                         r  system_i/hft_core/inst/u_core/u_market_sim/best_bid_reg[2][11]/D
  -------------------------------------------------------------------    -------------------

                         (clock clk_pl_0 rise edge)
                                                      0.000     0.000 r  
    PS8_X0Y0             PS8                          0.000     0.000 r  system_i/zynq_ps/inst/PS8_i/PLCLK[0]
                         net (fo=1, routed)           0.135     0.135    system_i/zynq_ps/inst/pl_clk_unbuffered[0]
    BUFG_PS_X0Y58        BUFG_PS (Prop_BUFG_PS_I_O)
                                                      0.025     0.160 r  system_i/zynq_ps/inst/buffer_pl_clk_0.PL_CLK_0_BUFG/O
    X0Y1 (CLOCK_ROOT)    net (fo=12182, routed)       1.513     1.673    system_i/hft_core/inst/u_core/u_market_sim/clk
    SLICE_X33Y20         FDCE                                         r  system_i/hft_core/inst/u_core/u_market_sim/best_bid_reg[2][11]/C

Slack:                    inf
  Source:                 sw[2]
                            (input port)
  Destination:            system_i/hft_core/inst/u_core/u_market_sim/best_bid_reg[2][8]/D
                            (rising edge-triggered cell FDCE clocked by clk_pl_0  {rise@0.000ns fall@10.312ns period=20.625ns})
  Path Group:             (none)
  Path Type:              Setup (Max at Slow Process Corner)
  Data Path Delay:        12.315ns  (logic 4.172ns (33.876%)  route 8.143ns (66.124%))
  Logic Levels:           24  (CARRY8=7 DSP_A_B_DATA=1 DSP_ALU=2 DSP_M_DATA=1 DSP_MULTIPLIER=1 DSP_OUTPUT=2 DSP_PREADD_DATA=1 IBUFCTRL=1 INBUF=1 LUT2=3 LUT3=3 LUT6=1)
  Clock Path Skew:        1.670ns (DCD - SCD + CPR)
    Destination Clock Delay (DCD):    1.670ns
    Source Clock Delay      (SCD):    0.000ns
    Clock Pessimism Removal (CPR):    0.000ns
  Clock Uncertainty:      0.206ns  ((TSJ^2 + DJ^2)^1/2) / 2 + PE
    Total System Jitter     (TSJ):    0.050ns
    Discrete Jitter          (DJ):    0.409ns
    Phase Error              (PE):    0.000ns
  Clock Net Delay (Destination): 1.510ns (routing 0.533ns, distribution 0.977ns)

    Location             Delay type                Incr(ns)  Path(ns)    Netlist Resource(s)
  -------------------------------------------------------------------    -------------------
    AE3                                               0.000     0.000 r  sw[2] (IN)
                         net (fo=0)                   0.000     0.000    sw_IBUF[2]_inst/I
    AE3                  INBUF (Prop_INBUF_HPIOB_M_PAD_O)
                                                      0.524     0.524 r  sw_IBUF[2]_inst/INBUF_INST/O
                         net (fo=1, routed)           0.000     0.524    sw_IBUF[2]_inst/OUT
    AE3                  IBUFCTRL (Prop_IBUFCTRL_HPIOB_M_I_O)
                                                      0.000     0.524 r  sw_IBUF[2]_inst/IBUFCTRL_INST/O
                         net (fo=5, routed)           1.160     1.684    system_i/hft_core/inst/u_core/u_axi_regs/sw[2]
    SLICE_X48Y29         LUT3 (Prop_D5LUT_SLICEM_I1_O)
                                                      0.097     1.781 r  system_i/hft_core/inst/u_core/u_axi_regs/led[1]_INST_0/O
                         net (fo=11, routed)          1.183     2.963    system_i/hft_core/inst/u_core/u_axi_regs/sw_1_sn_1
    SLICE_X36Y49         LUT2 (Prop_D6LUT_SLICEL_I1_O)
                                                      0.089     3.052 f  system_i/hft_core/inst/u_core/u_axi_regs/new_mid_u_c5_i_2/O
                         net (fo=2, routed)           0.526     3.579    system_i/hft_core/inst/u_core/u_market_sim/new_mid_u_c5/B[15]
    DSP48E2_X1Y20        DSP_A_B_DATA (Prop_DSP_A_B_DATA_DSP48E2_B[15]_B2_DATA[15])
                                                      0.151     3.730 r  system_i/hft_core/inst/u_core/u_market_sim/new_mid_u_c5/DSP_A_B_DATA_INST/B2_DATA[15]
                         net (fo=1, routed)           0.000     3.730    system_i/hft_core/inst/u_core/u_market_sim/new_mid_u_c5/DSP_A_B_DATA.B2_DATA<15>
    DSP48E2_X1Y20        DSP_PREADD_DATA (Prop_DSP_PREADD_DATA_DSP48E2_B2_DATA[15]_B2B1[15])
                                                      0.073     3.803 r  system_i/hft_core/inst/u_core/u_market_sim/new_mid_u_c5/DSP_PREADD_DATA_INST/B2B1[15]
                         net (fo=1, routed)           0.000     3.803    system_i/hft_core/inst/u_core/u_market_sim/new_mid_u_c5/DSP_PREADD_DATA.B2B1<15>
    DSP48E2_X1Y20        DSP_MULTIPLIER (Prop_DSP_MULTIPLIER_DSP48E2_B2B1[15]_V[43])
                                                      0.609     4.412 f  system_i/hft_core/inst/u_core/u_market_sim/new_mid_u_c5/DSP_MULTIPLIER_INST/V[43]
                         net (fo=1, routed)           0.000     4.412    system_i/hft_core/inst/u_core/u_market_sim/new_mid_u_c5/DSP_MULTIPLIER.V<43>
    DSP48E2_X1Y20        DSP_M_DATA (Prop_DSP_M_DATA_DSP48E2_V[43]_V_DATA[43])
                                                      0.046     4.458 r  system_i/hft_core/inst/u_core/u_market_sim/new_mid_u_c5/DSP_M_DATA_INST/V_DATA[43]
                         net (fo=1, routed)           0.000     4.458    system_i/hft_core/inst/u_core/u_market_sim/new_mid_u_c5/DSP_M_DATA.V_DATA<43>
    DSP48E2_X1Y20        DSP_ALU (Prop_DSP_ALU_DSP48E2_V_DATA[43]_ALU_OUT[47])
                                                      0.571     5.029 f  system_i/hft_core/inst/u_core/u_market_sim/new_mid_u_c5/DSP_ALU_INST/ALU_OUT[47]
                         net (fo=1, routed)           0.000     5.029    system_i/hft_core/inst/u_core/u_market_sim/new_mid_u_c5/DSP_ALU.ALU_OUT<47>
    DSP48E2_X1Y20        DSP_OUTPUT (Prop_DSP_OUTPUT_DSP48E2_ALU_OUT[47]_PCOUT[47])
                                                      0.122     5.151 r  system_i/hft_core/inst/u_core/u_market_sim/new_mid_u_c5/DSP_OUTPUT_INST/PCOUT[47]
                         net (fo=1, routed)           0.014     5.165    system_i/hft_core/inst/u_core/u_market_sim/new_mid_u_c5__0/PCIN[47]
    DSP48E2_X1Y21        DSP_ALU (Prop_DSP_ALU_DSP48E2_PCIN[47]_ALU_OUT[2])
                                                      0.546     5.711 f  system_i/hft_core/inst/u_core/u_market_sim/new_mid_u_c5__0/DSP_ALU_INST/ALU_OUT[2]
                         net (fo=1, routed)           0.000     5.711    system_i/hft_core/inst/u_core/u_market_sim/new_mid_u_c5__0/DSP_ALU.ALU_OUT<2>
    DSP48E2_X1Y21        DSP_OUTPUT (Prop_DSP_OUTPUT_DSP48E2_ALU_OUT[2]_P[2])
                                                      0.109     5.820 r  system_i/hft_core/inst/u_core/u_market_sim/new_mid_u_c5__0/DSP_OUTPUT_INST/P[2]
                         net (fo=3, routed)           0.352     6.172    system_i/hft_core/inst/u_core/u_market_sim/new_mid_u_c4[3]
    SLICE_X20Y41         LUT3 (Prop_E6LUT_SLICEM_I0_O)
                                                      0.124     6.296 r  system_i/hft_core/inst/u_core/u_market_sim/mid_price[0][7]_i_6/O
                         net (fo=1, routed)           0.378     6.674    system_i/hft_core/inst/u_core/u_market_sim/mid_price[0][7]_i_6_n_0
    SLICE_X21Y41         CARRY8 (Prop_CARRY8_SLICEL_DI[4]_CO[7])
                                                      0.091     6.765 r  system_i/hft_core/inst/u_core/u_market_sim/mid_price_reg[0][7]_i_2/CO[7]
                         net (fo=1, routed)           0.026     6.791    system_i/hft_core/inst/u_core/u_market_sim/mid_price_reg[0][7]_i_2_n_0
    SLICE_X21Y42         CARRY8 (Prop_CARRY8_SLICEL_CI_CO[7])
                                                      0.015     6.806 r  system_i/hft_core/inst/u_core/u_market_sim/mid_price_reg[0][15]_i_2/CO[7]
                         net (fo=1, routed)           0.026     6.832    system_i/hft_core/inst/u_core/u_market_sim/mid_price_reg[0][15]_i_2_n_0
    SLICE_X21Y43         CARRY8 (Prop_CARRY8_SLICEL_CI_CO[7])
                                                      0.015     6.847 r  system_i/hft_core/inst/u_core/u_market_sim/mid_price_reg[0][23]_i_2/CO[7]
                         net (fo=1, routed)           0.026     6.873    system_i/hft_core/inst/u_core/u_market_sim/mid_price_reg[0][23]_i_2_n_0
    SLICE_X21Y44         CARRY8 (Prop_CARRY8_SLICEL_CI_O[0])
                                                      0.056     6.929 f  system_i/hft_core/inst/u_core/u_market_sim/mid_price_reg[0][31]_i_4/O[0]
                         net (fo=22, routed)          0.739     7.667    system_i/hft_core/inst/u_core/u_market_sim/new_mid_u_c2[24]
    SLICE_X14Y43         LUT2 (Prop_E6LUT_SLICEM_I1_O)
                                                      0.091     7.758 r  system_i/hft_core/inst/u_core/u_market_sim/mid_price[0][31]_i_39/O
                         net (fo=1, routed)           0.014     7.772    system_i/hft_core/inst/u_core/u_market_sim/mid_price[0][31]_i_39_n_0
    SLICE_X14Y43         CARRY8 (Prop_CARRY8_SLICEM_S[4]_CO[7])
                                                      0.163     7.935 f  system_i/hft_core/inst/u_core/u_market_sim/mid_price_reg[0][31]_i_5/CO[7]
                         net (fo=631, routed)         0.883     8.819    system_i/hft_core/inst/u_core/u_market_sim/CO[0]
    SLICE_X26Y25         LUT3 (Prop_C5LUT_SLICEL_I0_O)
                                                      0.158     8.977 r  system_i/hft_core/inst/u_core/u_market_sim/quote_frame_hold[98]_i_8/O
                         net (fo=1, routed)           0.388     9.365    system_i/hft_core/inst/u_core/u_market_sim/quote_frame_hold[98]_i_8_n_0
    SLICE_X25Y38         CARRY8 (Prop_CARRY8_SLICEL_DI[2]_O[5])
                                                      0.180     9.545 f  system_i/hft_core/inst/u_core/u_market_sim/quote_frame_hold_reg[98]_i_2/O[5]
                         net (fo=21, routed)          0.997    10.541    system_i/hft_core/inst/u_core/u_market_sim/bid_calc_c2[16]
    SLICE_X14Y41         LUT2 (Prop_A6LUT_SLICEM_I1_O)
                                                      0.053    10.594 r  system_i/hft_core/inst/u_core/u_market_sim/quote_frame_hold[111]_i_27/O
                         net (fo=1, routed)           0.013    10.607    system_i/hft_core/inst/u_core/u_market_sim/quote_frame_hold[111]_i_27_n_0
    SLICE_X14Y41         CARRY8 (Prop_CARRY8_SLICEM_S[0]_CO[7])
                                                      0.199    10.806 f  system_i/hft_core/inst/u_core/u_market_sim/quote_frame_hold_reg[111]_i_3/CO[7]
                         net (fo=544, routed)         1.371    12.177    system_i/hft_core/inst/u_core/u_market_sim/bid_calc_c1
    SLICE_X30Y15         LUT6 (Prop_A6LUT_SLICEL_I0_O)
                                                      0.090    12.267 r  system_i/hft_core/inst/u_core/u_market_sim/best_bid[2][8]_i_1/O
                         net (fo=1, routed)           0.048    12.315    system_i/hft_core/inst/u_core/u_market_sim/best_bid[2][8]_i_1_n_0
    SLICE_X30Y15         FDCE                                         r  system_i/hft_core/inst/u_core/u_market_sim/best_bid_reg[2][8]/D
  -------------------------------------------------------------------    -------------------

                         (clock clk_pl_0 rise edge)
                                                      0.000     0.000 r  
    PS8_X0Y0             PS8                          0.000     0.000 r  system_i/zynq_ps/inst/PS8_i/PLCLK[0]
                         net (fo=1, routed)           0.135     0.135    system_i/zynq_ps/inst/pl_clk_unbuffered[0]
    BUFG_PS_X0Y58        BUFG_PS (Prop_BUFG_PS_I_O)
                                                      0.025     0.160 r  system_i/zynq_ps/inst/buffer_pl_clk_0.PL_CLK_0_BUFG/O
    X0Y1 (CLOCK_ROOT)    net (fo=12182, routed)       1.510     1.670    system_i/hft_core/inst/u_core/u_market_sim/clk
    SLICE_X30Y15         FDCE                                         r  system_i/hft_core/inst/u_core/u_market_sim/best_bid_reg[2][8]/C

Slack:                    inf
  Source:                 sw[2]
                            (input port)
  Destination:            system_i/hft_core/inst/u_core/u_market_sim/best_bid_reg[2][4]/D
                            (rising edge-triggered cell FDCE clocked by clk_pl_0  {rise@0.000ns fall@10.312ns period=20.625ns})
  Path Group:             (none)
  Path Type:              Setup (Max at Slow Process Corner)
  Data Path Delay:        12.311ns  (logic 4.232ns (34.376%)  route 8.079ns (65.624%))
  Logic Levels:           24  (CARRY8=7 DSP_A_B_DATA=1 DSP_ALU=2 DSP_M_DATA=1 DSP_MULTIPLIER=1 DSP_OUTPUT=2 DSP_PREADD_DATA=1 IBUFCTRL=1 INBUF=1 LUT2=3 LUT3=3 LUT6=1)
  Clock Path Skew:        1.673ns (DCD - SCD + CPR)
    Destination Clock Delay (DCD):    1.673ns
    Source Clock Delay      (SCD):    0.000ns
    Clock Pessimism Removal (CPR):    0.000ns
  Clock Uncertainty:      0.206ns  ((TSJ^2 + DJ^2)^1/2) / 2 + PE
    Total System Jitter     (TSJ):    0.050ns
    Discrete Jitter          (DJ):    0.409ns
    Phase Error              (PE):    0.000ns
  Clock Net Delay (Destination): 1.513ns (routing 0.533ns, distribution 0.980ns)

    Location             Delay type                Incr(ns)  Path(ns)    Netlist Resource(s)
  -------------------------------------------------------------------    -------------------
    AE3                                               0.000     0.000 r  sw[2] (IN)
                         net (fo=0)                   0.000     0.000    sw_IBUF[2]_inst/I
    AE3                  INBUF (Prop_INBUF_HPIOB_M_PAD_O)
                                                      0.524     0.524 r  sw_IBUF[2]_inst/INBUF_INST/O
                         net (fo=1, routed)           0.000     0.524    sw_IBUF[2]_inst/OUT
    AE3                  IBUFCTRL (Prop_IBUFCTRL_HPIOB_M_I_O)
                                                      0.000     0.524 r  sw_IBUF[2]_inst/IBUFCTRL_INST/O
                         net (fo=5, routed)           1.160     1.684    system_i/hft_core/inst/u_core/u_axi_regs/sw[2]
    SLICE_X48Y29         LUT3 (Prop_D5LUT_SLICEM_I1_O)
                                                      0.097     1.781 r  system_i/hft_core/inst/u_core/u_axi_regs/led[1]_INST_0/O
                         net (fo=11, routed)          1.183     2.963    system_i/hft_core/inst/u_core/u_axi_regs/sw_1_sn_1
    SLICE_X36Y49         LUT2 (Prop_D6LUT_SLICEL_I1_O)
                                                      0.089     3.052 f  system_i/hft_core/inst/u_core/u_axi_regs/new_mid_u_c5_i_2/O
                         net (fo=2, routed)           0.526     3.579    system_i/hft_core/inst/u_core/u_market_sim/new_mid_u_c5/B[15]
    DSP48E2_X1Y20        DSP_A_B_DATA (Prop_DSP_A_B_DATA_DSP48E2_B[15]_B2_DATA[15])
                                                      0.151     3.730 r  system_i/hft_core/inst/u_core/u_market_sim/new_mid_u_c5/DSP_A_B_DATA_INST/B2_DATA[15]
                         net (fo=1, routed)           0.000     3.730    system_i/hft_core/inst/u_core/u_market_sim/new_mid_u_c5/DSP_A_B_DATA.B2_DATA<15>
    DSP48E2_X1Y20        DSP_PREADD_DATA (Prop_DSP_PREADD_DATA_DSP48E2_B2_DATA[15]_B2B1[15])
                                                      0.073     3.803 r  system_i/hft_core/inst/u_core/u_market_sim/new_mid_u_c5/DSP_PREADD_DATA_INST/B2B1[15]
                         net (fo=1, routed)           0.000     3.803    system_i/hft_core/inst/u_core/u_market_sim/new_mid_u_c5/DSP_PREADD_DATA.B2B1<15>
    DSP48E2_X1Y20        DSP_MULTIPLIER (Prop_DSP_MULTIPLIER_DSP48E2_B2B1[15]_V[43])
                                                      0.609     4.412 f  system_i/hft_core/inst/u_core/u_market_sim/new_mid_u_c5/DSP_MULTIPLIER_INST/V[43]
                         net (fo=1, routed)           0.000     4.412    system_i/hft_core/inst/u_core/u_market_sim/new_mid_u_c5/DSP_MULTIPLIER.V<43>
    DSP48E2_X1Y20        DSP_M_DATA (Prop_DSP_M_DATA_DSP48E2_V[43]_V_DATA[43])
                                                      0.046     4.458 r  system_i/hft_core/inst/u_core/u_market_sim/new_mid_u_c5/DSP_M_DATA_INST/V_DATA[43]
                         net (fo=1, routed)           0.000     4.458    system_i/hft_core/inst/u_core/u_market_sim/new_mid_u_c5/DSP_M_DATA.V_DATA<43>
    DSP48E2_X1Y20        DSP_ALU (Prop_DSP_ALU_DSP48E2_V_DATA[43]_ALU_OUT[47])
                                                      0.571     5.029 f  system_i/hft_core/inst/u_core/u_market_sim/new_mid_u_c5/DSP_ALU_INST/ALU_OUT[47]
                         net (fo=1, routed)           0.000     5.029    system_i/hft_core/inst/u_core/u_market_sim/new_mid_u_c5/DSP_ALU.ALU_OUT<47>
    DSP48E2_X1Y20        DSP_OUTPUT (Prop_DSP_OUTPUT_DSP48E2_ALU_OUT[47]_PCOUT[47])
                                                      0.122     5.151 r  system_i/hft_core/inst/u_core/u_market_sim/new_mid_u_c5/DSP_OUTPUT_INST/PCOUT[47]
                         net (fo=1, routed)           0.014     5.165    system_i/hft_core/inst/u_core/u_market_sim/new_mid_u_c5__0/PCIN[47]
    DSP48E2_X1Y21        DSP_ALU (Prop_DSP_ALU_DSP48E2_PCIN[47]_ALU_OUT[2])
                                                      0.546     5.711 f  system_i/hft_core/inst/u_core/u_market_sim/new_mid_u_c5__0/DSP_ALU_INST/ALU_OUT[2]
                         net (fo=1, routed)           0.000     5.711    system_i/hft_core/inst/u_core/u_market_sim/new_mid_u_c5__0/DSP_ALU.ALU_OUT<2>
    DSP48E2_X1Y21        DSP_OUTPUT (Prop_DSP_OUTPUT_DSP48E2_ALU_OUT[2]_P[2])
                                                      0.109     5.820 r  system_i/hft_core/inst/u_core/u_market_sim/new_mid_u_c5__0/DSP_OUTPUT_INST/P[2]
                         net (fo=3, routed)           0.352     6.172    system_i/hft_core/inst/u_core/u_market_sim/new_mid_u_c4[3]
    SLICE_X20Y41         LUT3 (Prop_E6LUT_SLICEM_I0_O)
                                                      0.124     6.296 r  system_i/hft_core/inst/u_core/u_market_sim/mid_price[0][7]_i_6/O
                         net (fo=1, routed)           0.378     6.674    system_i/hft_core/inst/u_core/u_market_sim/mid_price[0][7]_i_6_n_0
    SLICE_X21Y41         CARRY8 (Prop_CARRY8_SLICEL_DI[4]_CO[7])
                                                      0.091     6.765 r  system_i/hft_core/inst/u_core/u_market_sim/mid_price_reg[0][7]_i_2/CO[7]
                         net (fo=1, routed)           0.026     6.791    system_i/hft_core/inst/u_core/u_market_sim/mid_price_reg[0][7]_i_2_n_0
    SLICE_X21Y42         CARRY8 (Prop_CARRY8_SLICEL_CI_CO[7])
                                                      0.015     6.806 r  system_i/hft_core/inst/u_core/u_market_sim/mid_price_reg[0][15]_i_2/CO[7]
                         net (fo=1, routed)           0.026     6.832    system_i/hft_core/inst/u_core/u_market_sim/mid_price_reg[0][15]_i_2_n_0
    SLICE_X21Y43         CARRY8 (Prop_CARRY8_SLICEL_CI_CO[7])
                                                      0.015     6.847 r  system_i/hft_core/inst/u_core/u_market_sim/mid_price_reg[0][23]_i_2/CO[7]
                         net (fo=1, routed)           0.026     6.873    system_i/hft_core/inst/u_core/u_market_sim/mid_price_reg[0][23]_i_2_n_0
    SLICE_X21Y44         CARRY8 (Prop_CARRY8_SLICEL_CI_O[0])
                                                      0.056     6.929 f  system_i/hft_core/inst/u_core/u_market_sim/mid_price_reg[0][31]_i_4/O[0]
                         net (fo=22, routed)          0.739     7.667    system_i/hft_core/inst/u_core/u_market_sim/new_mid_u_c2[24]
    SLICE_X14Y43         LUT2 (Prop_E6LUT_SLICEM_I1_O)
                                                      0.091     7.758 r  system_i/hft_core/inst/u_core/u_market_sim/mid_price[0][31]_i_39/O
                         net (fo=1, routed)           0.014     7.772    system_i/hft_core/inst/u_core/u_market_sim/mid_price[0][31]_i_39_n_0
    SLICE_X14Y43         CARRY8 (Prop_CARRY8_SLICEM_S[4]_CO[7])
                                                      0.163     7.935 f  system_i/hft_core/inst/u_core/u_market_sim/mid_price_reg[0][31]_i_5/CO[7]
                         net (fo=631, routed)         0.883     8.819    system_i/hft_core/inst/u_core/u_market_sim/CO[0]
    SLICE_X26Y25         LUT3 (Prop_C5LUT_SLICEL_I0_O)
                                                      0.158     8.977 r  system_i/hft_core/inst/u_core/u_market_sim/quote_frame_hold[98]_i_8/O
                         net (fo=1, routed)           0.388     9.365    system_i/hft_core/inst/u_core/u_market_sim/quote_frame_hold[98]_i_8_n_0
    SLICE_X25Y38         CARRY8 (Prop_CARRY8_SLICEL_DI[2]_O[5])
                                                      0.180     9.545 f  system_i/hft_core/inst/u_core/u_market_sim/quote_frame_hold_reg[98]_i_2/O[5]
                         net (fo=21, routed)          0.997    10.541    system_i/hft_core/inst/u_core/u_market_sim/bid_calc_c2[16]
    SLICE_X14Y41         LUT2 (Prop_A6LUT_SLICEM_I1_O)
                                                      0.053    10.594 r  system_i/hft_core/inst/u_core/u_market_sim/quote_frame_hold[111]_i_27/O
                         net (fo=1, routed)           0.013    10.607    system_i/hft_core/inst/u_core/u_market_sim/quote_frame_hold[111]_i_27_n_0
    SLICE_X14Y41         CARRY8 (Prop_CARRY8_SLICEM_S[0]_CO[7])
                                                      0.199    10.806 f  system_i/hft_core/inst/u_core/u_market_sim/quote_frame_hold_reg[111]_i_3/CO[7]
                         net (fo=544, routed)         1.296    12.102    system_i/hft_core/inst/u_core/u_market_sim/bid_calc_c1
    SLICE_X29Y14         LUT6 (Prop_G6LUT_SLICEM_I0_O)
                                                      0.150    12.252 r  system_i/hft_core/inst/u_core/u_market_sim/best_bid[2][4]_i_1/O
                         net (fo=1, routed)           0.059    12.311    system_i/hft_core/inst/u_core/u_market_sim/best_bid[2][4]_i_1_n_0
    SLICE_X29Y14         FDCE                                         r  system_i/hft_core/inst/u_core/u_market_sim/best_bid_reg[2][4]/D
  -------------------------------------------------------------------    -------------------

                         (clock clk_pl_0 rise edge)
                                                      0.000     0.000 r  
    PS8_X0Y0             PS8                          0.000     0.000 r  system_i/zynq_ps/inst/PS8_i/PLCLK[0]
                         net (fo=1, routed)           0.135     0.135    system_i/zynq_ps/inst/pl_clk_unbuffered[0]
    BUFG_PS_X0Y58        BUFG_PS (Prop_BUFG_PS_I_O)
                                                      0.025     0.160 r  system_i/zynq_ps/inst/buffer_pl_clk_0.PL_CLK_0_BUFG/O
    X0Y1 (CLOCK_ROOT)    net (fo=12182, routed)       1.513     1.673    system_i/hft_core/inst/u_core/u_market_sim/clk
    SLICE_X29Y14         FDCE                                         r  system_i/hft_core/inst/u_core/u_market_sim/best_bid_reg[2][4]/C

Slack:                    inf
  Source:                 sw[2]
                            (input port)
  Destination:            system_i/hft_core/inst/u_core/u_market_sim/best_bid_reg[10][10]/D
                            (rising edge-triggered cell FDCE clocked by clk_pl_0  {rise@0.000ns fall@10.312ns period=20.625ns})
  Path Group:             (none)
  Path Type:              Setup (Max at Slow Process Corner)
  Data Path Delay:        12.309ns  (logic 4.128ns (33.537%)  route 8.181ns (66.463%))
  Logic Levels:           24  (CARRY8=7 DSP_A_B_DATA=1 DSP_ALU=2 DSP_M_DATA=1 DSP_MULTIPLIER=1 DSP_OUTPUT=2 DSP_PREADD_DATA=1 IBUFCTRL=1 INBUF=1 LUT2=3 LUT3=3 LUT6=1)
  Clock Path Skew:        1.677ns (DCD - SCD + CPR)
    Destination Clock Delay (DCD):    1.677ns
    Source Clock Delay      (SCD):    0.000ns
    Clock Pessimism Removal (CPR):    0.000ns
  Clock Uncertainty:      0.206ns  ((TSJ^2 + DJ^2)^1/2) / 2 + PE
    Total System Jitter     (TSJ):    0.050ns
    Discrete Jitter          (DJ):    0.409ns
    Phase Error              (PE):    0.000ns
  Clock Net Delay (Destination): 1.517ns (routing 0.533ns, distribution 0.984ns)

    Location             Delay type                Incr(ns)  Path(ns)    Netlist Resource(s)
  -------------------------------------------------------------------    -------------------
    AE3                                               0.000     0.000 r  sw[2] (IN)
                         net (fo=0)                   0.000     0.000    sw_IBUF[2]_inst/I
    AE3                  INBUF (Prop_INBUF_HPIOB_M_PAD_O)
                                                      0.524     0.524 r  sw_IBUF[2]_inst/INBUF_INST/O
                         net (fo=1, routed)           0.000     0.524    sw_IBUF[2]_inst/OUT
    AE3                  IBUFCTRL (Prop_IBUFCTRL_HPIOB_M_I_O)
                                                      0.000     0.524 r  sw_IBUF[2]_inst/IBUFCTRL_INST/O
                         net (fo=5, routed)           1.160     1.684    system_i/hft_core/inst/u_core/u_axi_regs/sw[2]
    SLICE_X48Y29         LUT3 (Prop_D5LUT_SLICEM_I1_O)
                                                      0.097     1.781 r  system_i/hft_core/inst/u_core/u_axi_regs/led[1]_INST_0/O
                         net (fo=11, routed)          1.183     2.963    system_i/hft_core/inst/u_core/u_axi_regs/sw_1_sn_1
    SLICE_X36Y49         LUT2 (Prop_D6LUT_SLICEL_I1_O)
                                                      0.089     3.052 f  system_i/hft_core/inst/u_core/u_axi_regs/new_mid_u_c5_i_2/O
                         net (fo=2, routed)           0.526     3.579    system_i/hft_core/inst/u_core/u_market_sim/new_mid_u_c5/B[15]
    DSP48E2_X1Y20        DSP_A_B_DATA (Prop_DSP_A_B_DATA_DSP48E2_B[15]_B2_DATA[15])
                                                      0.151     3.730 r  system_i/hft_core/inst/u_core/u_market_sim/new_mid_u_c5/DSP_A_B_DATA_INST/B2_DATA[15]
                         net (fo=1, routed)           0.000     3.730    system_i/hft_core/inst/u_core/u_market_sim/new_mid_u_c5/DSP_A_B_DATA.B2_DATA<15>
    DSP48E2_X1Y20        DSP_PREADD_DATA (Prop_DSP_PREADD_DATA_DSP48E2_B2_DATA[15]_B2B1[15])
                                                      0.073     3.803 r  system_i/hft_core/inst/u_core/u_market_sim/new_mid_u_c5/DSP_PREADD_DATA_INST/B2B1[15]
                         net (fo=1, routed)           0.000     3.803    system_i/hft_core/inst/u_core/u_market_sim/new_mid_u_c5/DSP_PREADD_DATA.B2B1<15>
    DSP48E2_X1Y20        DSP_MULTIPLIER (Prop_DSP_MULTIPLIER_DSP48E2_B2B1[15]_V[43])
                                                      0.609     4.412 f  system_i/hft_core/inst/u_core/u_market_sim/new_mid_u_c5/DSP_MULTIPLIER_INST/V[43]
                         net (fo=1, routed)           0.000     4.412    system_i/hft_core/inst/u_core/u_market_sim/new_mid_u_c5/DSP_MULTIPLIER.V<43>
    DSP48E2_X1Y20        DSP_M_DATA (Prop_DSP_M_DATA_DSP48E2_V[43]_V_DATA[43])
                                                      0.046     4.458 r  system_i/hft_core/inst/u_core/u_market_sim/new_mid_u_c5/DSP_M_DATA_INST/V_DATA[43]
                         net (fo=1, routed)           0.000     4.458    system_i/hft_core/inst/u_core/u_market_sim/new_mid_u_c5/DSP_M_DATA.V_DATA<43>
    DSP48E2_X1Y20        DSP_ALU (Prop_DSP_ALU_DSP48E2_V_DATA[43]_ALU_OUT[47])
                                                      0.571     5.029 f  system_i/hft_core/inst/u_core/u_market_sim/new_mid_u_c5/DSP_ALU_INST/ALU_OUT[47]
                         net (fo=1, routed)           0.000     5.029    system_i/hft_core/inst/u_core/u_market_sim/new_mid_u_c5/DSP_ALU.ALU_OUT<47>
    DSP48E2_X1Y20        DSP_OUTPUT (Prop_DSP_OUTPUT_DSP48E2_ALU_OUT[47]_PCOUT[47])
                                                      0.122     5.151 r  system_i/hft_core/inst/u_core/u_market_sim/new_mid_u_c5/DSP_OUTPUT_INST/PCOUT[47]
                         net (fo=1, routed)           0.014     5.165    system_i/hft_core/inst/u_core/u_market_sim/new_mid_u_c5__0/PCIN[47]
    DSP48E2_X1Y21        DSP_ALU (Prop_DSP_ALU_DSP48E2_PCIN[47]_ALU_OUT[2])
                                                      0.546     5.711 f  system_i/hft_core/inst/u_core/u_market_sim/new_mid_u_c5__0/DSP_ALU_INST/ALU_OUT[2]
                         net (fo=1, routed)           0.000     5.711    system_i/hft_core/inst/u_core/u_market_sim/new_mid_u_c5__0/DSP_ALU.ALU_OUT<2>
    DSP48E2_X1Y21        DSP_OUTPUT (Prop_DSP_OUTPUT_DSP48E2_ALU_OUT[2]_P[2])
                                                      0.109     5.820 r  system_i/hft_core/inst/u_core/u_market_sim/new_mid_u_c5__0/DSP_OUTPUT_INST/P[2]
                         net (fo=3, routed)           0.352     6.172    system_i/hft_core/inst/u_core/u_market_sim/new_mid_u_c4[3]
    SLICE_X20Y41         LUT3 (Prop_E6LUT_SLICEM_I0_O)
                                                      0.124     6.296 r  system_i/hft_core/inst/u_core/u_market_sim/mid_price[0][7]_i_6/O
                         net (fo=1, routed)           0.378     6.674    system_i/hft_core/inst/u_core/u_market_sim/mid_price[0][7]_i_6_n_0
    SLICE_X21Y41         CARRY8 (Prop_CARRY8_SLICEL_DI[4]_CO[7])
                                                      0.091     6.765 r  system_i/hft_core/inst/u_core/u_market_sim/mid_price_reg[0][7]_i_2/CO[7]
                         net (fo=1, routed)           0.026     6.791    system_i/hft_core/inst/u_core/u_market_sim/mid_price_reg[0][7]_i_2_n_0
    SLICE_X21Y42         CARRY8 (Prop_CARRY8_SLICEL_CI_CO[7])
                                                      0.015     6.806 r  system_i/hft_core/inst/u_core/u_market_sim/mid_price_reg[0][15]_i_2/CO[7]
                         net (fo=1, routed)           0.026     6.832    system_i/hft_core/inst/u_core/u_market_sim/mid_price_reg[0][15]_i_2_n_0
    SLICE_X21Y43         CARRY8 (Prop_CARRY8_SLICEL_CI_CO[7])
                                                      0.015     6.847 r  system_i/hft_core/inst/u_core/u_market_sim/mid_price_reg[0][23]_i_2/CO[7]
                         net (fo=1, routed)           0.026     6.873    system_i/hft_core/inst/u_core/u_market_sim/mid_price_reg[0][23]_i_2_n_0
    SLICE_X21Y44         CARRY8 (Prop_CARRY8_SLICEL_CI_O[0])
                                                      0.056     6.929 f  system_i/hft_core/inst/u_core/u_market_sim/mid_price_reg[0][31]_i_4/O[0]
                         net (fo=22, routed)          0.739     7.667    system_i/hft_core/inst/u_core/u_market_sim/new_mid_u_c2[24]
    SLICE_X14Y43         LUT2 (Prop_E6LUT_SLICEM_I1_O)
                                                      0.091     7.758 r  system_i/hft_core/inst/u_core/u_market_sim/mid_price[0][31]_i_39/O
                         net (fo=1, routed)           0.014     7.772    system_i/hft_core/inst/u_core/u_market_sim/mid_price[0][31]_i_39_n_0
    SLICE_X14Y43         CARRY8 (Prop_CARRY8_SLICEM_S[4]_CO[7])
                                                      0.163     7.935 f  system_i/hft_core/inst/u_core/u_market_sim/mid_price_reg[0][31]_i_5/CO[7]
                         net (fo=631, routed)         0.883     8.819    system_i/hft_core/inst/u_core/u_market_sim/CO[0]
    SLICE_X26Y25         LUT3 (Prop_C5LUT_SLICEL_I0_O)
                                                      0.158     8.977 r  system_i/hft_core/inst/u_core/u_market_sim/quote_frame_hold[98]_i_8/O
                         net (fo=1, routed)           0.388     9.365    system_i/hft_core/inst/u_core/u_market_sim/quote_frame_hold[98]_i_8_n_0
    SLICE_X25Y38         CARRY8 (Prop_CARRY8_SLICEL_DI[2]_O[5])
                                                      0.180     9.545 r  system_i/hft_core/inst/u_core/u_market_sim/quote_frame_hold_reg[98]_i_2/O[5]
                         net (fo=21, routed)          0.902    10.446    system_i/hft_core/inst/u_core/u_market_sim/bid_calc_c2[16]
    SLICE_X12Y41         LUT2 (Prop_A6LUT_SLICEL_I0_O)
                                                      0.050    10.496 r  system_i/hft_core/inst/u_core/u_market_sim/quote_frame_hold[111]_i_36/O
                         net (fo=1, routed)           0.009    10.505    system_i/hft_core/inst/u_core/u_market_sim/quote_frame_hold[111]_i_36_n_0
    SLICE_X12Y41         CARRY8 (Prop_CARRY8_SLICEL_S[0]_CO[7])
                                                      0.197    10.702 f  system_i/hft_core/inst/u_core/u_market_sim/quote_frame_hold_reg[111]_i_4/CO[7]
                         net (fo=544, routed)         1.483    12.186    system_i/hft_core/inst/u_core/u_market_sim/bid_calc_c10_in
    SLICE_X34Y19         LUT6 (Prop_D6LUT_SLICEM_I1_O)
                                                      0.051    12.237 r  system_i/hft_core/inst/u_core/u_market_sim/best_bid[10][10]_i_1/O
                         net (fo=1, routed)           0.072    12.309    system_i/hft_core/inst/u_core/u_market_sim/best_bid[10][10]_i_1_n_0
    SLICE_X34Y19         FDCE                                         r  system_i/hft_core/inst/u_core/u_market_sim/best_bid_reg[10][10]/D
  -------------------------------------------------------------------    -------------------

                         (clock clk_pl_0 rise edge)
                                                      0.000     0.000 r  
    PS8_X0Y0             PS8                          0.000     0.000 r  system_i/zynq_ps/inst/PS8_i/PLCLK[0]
                         net (fo=1, routed)           0.135     0.135    system_i/zynq_ps/inst/pl_clk_unbuffered[0]
    BUFG_PS_X0Y58        BUFG_PS (Prop_BUFG_PS_I_O)
                                                      0.025     0.160 r  system_i/zynq_ps/inst/buffer_pl_clk_0.PL_CLK_0_BUFG/O
    X0Y1 (CLOCK_ROOT)    net (fo=12182, routed)       1.517     1.677    system_i/hft_core/inst/u_core/u_market_sim/clk
    SLICE_X34Y19         FDCE                                         r  system_i/hft_core/inst/u_core/u_market_sim/best_bid_reg[10][10]/C

Slack:                    inf
  Source:                 sw[2]
                            (input port)
  Destination:            system_i/hft_core/inst/u_core/u_market_sim/best_bid_reg[8][10]/D
                            (rising edge-triggered cell FDCE clocked by clk_pl_0  {rise@0.000ns fall@10.312ns period=20.625ns})
  Path Group:             (none)
  Path Type:              Setup (Max at Slow Process Corner)
  Data Path Delay:        12.278ns  (logic 4.171ns (33.970%)  route 8.107ns (66.030%))
  Logic Levels:           24  (CARRY8=7 DSP_A_B_DATA=1 DSP_ALU=2 DSP_M_DATA=1 DSP_MULTIPLIER=1 DSP_OUTPUT=2 DSP_PREADD_DATA=1 IBUFCTRL=1 INBUF=1 LUT2=3 LUT3=3 LUT6=1)
  Clock Path Skew:        1.667ns (DCD - SCD + CPR)
    Destination Clock Delay (DCD):    1.667ns
    Source Clock Delay      (SCD):    0.000ns
    Clock Pessimism Removal (CPR):    0.000ns
  Clock Uncertainty:      0.206ns  ((TSJ^2 + DJ^2)^1/2) / 2 + PE
    Total System Jitter     (TSJ):    0.050ns
    Discrete Jitter          (DJ):    0.409ns
    Phase Error              (PE):    0.000ns
  Clock Net Delay (Destination): 1.507ns (routing 0.533ns, distribution 0.974ns)

    Location             Delay type                Incr(ns)  Path(ns)    Netlist Resource(s)
  -------------------------------------------------------------------    -------------------
    AE3                                               0.000     0.000 r  sw[2] (IN)
                         net (fo=0)                   0.000     0.000    sw_IBUF[2]_inst/I
    AE3                  INBUF (Prop_INBUF_HPIOB_M_PAD_O)
                                                      0.524     0.524 r  sw_IBUF[2]_inst/INBUF_INST/O
                         net (fo=1, routed)           0.000     0.524    sw_IBUF[2]_inst/OUT
    AE3                  IBUFCTRL (Prop_IBUFCTRL_HPIOB_M_I_O)
                                                      0.000     0.524 r  sw_IBUF[2]_inst/IBUFCTRL_INST/O
                         net (fo=5, routed)           1.160     1.684    system_i/hft_core/inst/u_core/u_axi_regs/sw[2]
    SLICE_X48Y29         LUT3 (Prop_D5LUT_SLICEM_I1_O)
                                                      0.097     1.781 r  system_i/hft_core/inst/u_core/u_axi_regs/led[1]_INST_0/O
                         net (fo=11, routed)          1.183     2.963    system_i/hft_core/inst/u_core/u_axi_regs/sw_1_sn_1
    SLICE_X36Y49         LUT2 (Prop_D6LUT_SLICEL_I1_O)
                                                      0.089     3.052 f  system_i/hft_core/inst/u_core/u_axi_regs/new_mid_u_c5_i_2/O
                         net (fo=2, routed)           0.526     3.579    system_i/hft_core/inst/u_core/u_market_sim/new_mid_u_c5/B[15]
    DSP48E2_X1Y20        DSP_A_B_DATA (Prop_DSP_A_B_DATA_DSP48E2_B[15]_B2_DATA[15])
                                                      0.151     3.730 r  system_i/hft_core/inst/u_core/u_market_sim/new_mid_u_c5/DSP_A_B_DATA_INST/B2_DATA[15]
                         net (fo=1, routed)           0.000     3.730    system_i/hft_core/inst/u_core/u_market_sim/new_mid_u_c5/DSP_A_B_DATA.B2_DATA<15>
    DSP48E2_X1Y20        DSP_PREADD_DATA (Prop_DSP_PREADD_DATA_DSP48E2_B2_DATA[15]_B2B1[15])
                                                      0.073     3.803 r  system_i/hft_core/inst/u_core/u_market_sim/new_mid_u_c5/DSP_PREADD_DATA_INST/B2B1[15]
                         net (fo=1, routed)           0.000     3.803    system_i/hft_core/inst/u_core/u_market_sim/new_mid_u_c5/DSP_PREADD_DATA.B2B1<15>
    DSP48E2_X1Y20        DSP_MULTIPLIER (Prop_DSP_MULTIPLIER_DSP48E2_B2B1[15]_V[43])
                                                      0.609     4.412 f  system_i/hft_core/inst/u_core/u_market_sim/new_mid_u_c5/DSP_MULTIPLIER_INST/V[43]
                         net (fo=1, routed)           0.000     4.412    system_i/hft_core/inst/u_core/u_market_sim/new_mid_u_c5/DSP_MULTIPLIER.V<43>
    DSP48E2_X1Y20        DSP_M_DATA (Prop_DSP_M_DATA_DSP48E2_V[43]_V_DATA[43])
                                                      0.046     4.458 r  system_i/hft_core/inst/u_core/u_market_sim/new_mid_u_c5/DSP_M_DATA_INST/V_DATA[43]
                         net (fo=1, routed)           0.000     4.458    system_i/hft_core/inst/u_core/u_market_sim/new_mid_u_c5/DSP_M_DATA.V_DATA<43>
    DSP48E2_X1Y20        DSP_ALU (Prop_DSP_ALU_DSP48E2_V_DATA[43]_ALU_OUT[47])
                                                      0.571     5.029 f  system_i/hft_core/inst/u_core/u_market_sim/new_mid_u_c5/DSP_ALU_INST/ALU_OUT[47]
                         net (fo=1, routed)           0.000     5.029    system_i/hft_core/inst/u_core/u_market_sim/new_mid_u_c5/DSP_ALU.ALU_OUT<47>
    DSP48E2_X1Y20        DSP_OUTPUT (Prop_DSP_OUTPUT_DSP48E2_ALU_OUT[47]_PCOUT[47])
                                                      0.122     5.151 r  system_i/hft_core/inst/u_core/u_market_sim/new_mid_u_c5/DSP_OUTPUT_INST/PCOUT[47]
                         net (fo=1, routed)           0.014     5.165    system_i/hft_core/inst/u_core/u_market_sim/new_mid_u_c5__0/PCIN[47]
    DSP48E2_X1Y21        DSP_ALU (Prop_DSP_ALU_DSP48E2_PCIN[47]_ALU_OUT[2])
                                                      0.546     5.711 f  system_i/hft_core/inst/u_core/u_market_sim/new_mid_u_c5__0/DSP_ALU_INST/ALU_OUT[2]
                         net (fo=1, routed)           0.000     5.711    system_i/hft_core/inst/u_core/u_market_sim/new_mid_u_c5__0/DSP_ALU.ALU_OUT<2>
    DSP48E2_X1Y21        DSP_OUTPUT (Prop_DSP_OUTPUT_DSP48E2_ALU_OUT[2]_P[2])
                                                      0.109     5.820 r  system_i/hft_core/inst/u_core/u_market_sim/new_mid_u_c5__0/DSP_OUTPUT_INST/P[2]
                         net (fo=3, routed)           0.352     6.172    system_i/hft_core/inst/u_core/u_market_sim/new_mid_u_c4[3]
    SLICE_X20Y41         LUT3 (Prop_E6LUT_SLICEM_I0_O)
                                                      0.124     6.296 r  system_i/hft_core/inst/u_core/u_market_sim/mid_price[0][7]_i_6/O
                         net (fo=1, routed)           0.378     6.674    system_i/hft_core/inst/u_core/u_market_sim/mid_price[0][7]_i_6_n_0
    SLICE_X21Y41         CARRY8 (Prop_CARRY8_SLICEL_DI[4]_CO[7])
                                                      0.091     6.765 r  system_i/hft_core/inst/u_core/u_market_sim/mid_price_reg[0][7]_i_2/CO[7]
                         net (fo=1, routed)           0.026     6.791    system_i/hft_core/inst/u_core/u_market_sim/mid_price_reg[0][7]_i_2_n_0
    SLICE_X21Y42         CARRY8 (Prop_CARRY8_SLICEL_CI_CO[7])
                                                      0.015     6.806 r  system_i/hft_core/inst/u_core/u_market_sim/mid_price_reg[0][15]_i_2/CO[7]
                         net (fo=1, routed)           0.026     6.832    system_i/hft_core/inst/u_core/u_market_sim/mid_price_reg[0][15]_i_2_n_0
    SLICE_X21Y43         CARRY8 (Prop_CARRY8_SLICEL_CI_CO[7])
                                                      0.015     6.847 r  system_i/hft_core/inst/u_core/u_market_sim/mid_price_reg[0][23]_i_2/CO[7]
                         net (fo=1, routed)           0.026     6.873    system_i/hft_core/inst/u_core/u_market_sim/mid_price_reg[0][23]_i_2_n_0
    SLICE_X21Y44         CARRY8 (Prop_CARRY8_SLICEL_CI_O[0])
                                                      0.056     6.929 f  system_i/hft_core/inst/u_core/u_market_sim/mid_price_reg[0][31]_i_4/O[0]
                         net (fo=22, routed)          0.739     7.667    system_i/hft_core/inst/u_core/u_market_sim/new_mid_u_c2[24]
    SLICE_X14Y43         LUT2 (Prop_E6LUT_SLICEM_I1_O)
                                                      0.091     7.758 r  system_i/hft_core/inst/u_core/u_market_sim/mid_price[0][31]_i_39/O
                         net (fo=1, routed)           0.014     7.772    system_i/hft_core/inst/u_core/u_market_sim/mid_price[0][31]_i_39_n_0
    SLICE_X14Y43         CARRY8 (Prop_CARRY8_SLICEM_S[4]_CO[7])
                                                      0.163     7.935 f  system_i/hft_core/inst/u_core/u_market_sim/mid_price_reg[0][31]_i_5/CO[7]
                         net (fo=631, routed)         0.883     8.819    system_i/hft_core/inst/u_core/u_market_sim/CO[0]
    SLICE_X26Y25         LUT3 (Prop_C5LUT_SLICEL_I0_O)
                                                      0.158     8.977 r  system_i/hft_core/inst/u_core/u_market_sim/quote_frame_hold[98]_i_8/O
                         net (fo=1, routed)           0.388     9.365    system_i/hft_core/inst/u_core/u_market_sim/quote_frame_hold[98]_i_8_n_0
    SLICE_X25Y38         CARRY8 (Prop_CARRY8_SLICEL_DI[2]_O[5])
                                                      0.180     9.545 f  system_i/hft_core/inst/u_core/u_market_sim/quote_frame_hold_reg[98]_i_2/O[5]
                         net (fo=21, routed)          0.997    10.541    system_i/hft_core/inst/u_core/u_market_sim/bid_calc_c2[16]
    SLICE_X14Y41         LUT2 (Prop_A6LUT_SLICEM_I1_O)
                                                      0.053    10.594 r  system_i/hft_core/inst/u_core/u_market_sim/quote_frame_hold[111]_i_27/O
                         net (fo=1, routed)           0.013    10.607    system_i/hft_core/inst/u_core/u_market_sim/quote_frame_hold[111]_i_27_n_0
    SLICE_X14Y41         CARRY8 (Prop_CARRY8_SLICEM_S[0]_CO[7])
                                                      0.199    10.806 f  system_i/hft_core/inst/u_core/u_market_sim/quote_frame_hold_reg[111]_i_3/CO[7]
                         net (fo=544, routed)         1.335    12.141    system_i/hft_core/inst/u_core/u_market_sim/bid_calc_c1
    SLICE_X32Y18         LUT6 (Prop_G6LUT_SLICEL_I0_O)
                                                      0.089    12.230 r  system_i/hft_core/inst/u_core/u_market_sim/best_bid[8][10]_i_1/O
                         net (fo=1, routed)           0.048    12.278    system_i/hft_core/inst/u_core/u_market_sim/best_bid[8][10]_i_1_n_0
    SLICE_X32Y18         FDCE                                         r  system_i/hft_core/inst/u_core/u_market_sim/best_bid_reg[8][10]/D
  -------------------------------------------------------------------    -------------------

                         (clock clk_pl_0 rise edge)
                                                      0.000     0.000 r  
    PS8_X0Y0             PS8                          0.000     0.000 r  system_i/zynq_ps/inst/PS8_i/PLCLK[0]
                         net (fo=1, routed)           0.135     0.135    system_i/zynq_ps/inst/pl_clk_unbuffered[0]
    BUFG_PS_X0Y58        BUFG_PS (Prop_BUFG_PS_I_O)
                                                      0.025     0.160 r  system_i/zynq_ps/inst/buffer_pl_clk_0.PL_CLK_0_BUFG/O
    X0Y1 (CLOCK_ROOT)    net (fo=12182, routed)       1.507     1.667    system_i/hft_core/inst/u_core/u_market_sim/clk
    SLICE_X32Y18         FDCE                                         r  system_i/hft_core/inst/u_core/u_market_sim/best_bid_reg[8][10]/C

Slack:                    inf
  Source:                 sw[2]
                            (input port)
  Destination:            system_i/hft_core/inst/u_core/u_market_sim/best_bid_reg[2][5]/D
                            (rising edge-triggered cell FDCE clocked by clk_pl_0  {rise@0.000ns fall@10.312ns period=20.625ns})
  Path Group:             (none)
  Path Type:              Setup (Max at Slow Process Corner)
  Data Path Delay:        12.274ns  (logic 4.205ns (34.259%)  route 8.069ns (65.741%))
  Logic Levels:           24  (CARRY8=7 DSP_A_B_DATA=1 DSP_ALU=2 DSP_M_DATA=1 DSP_MULTIPLIER=1 DSP_OUTPUT=2 DSP_PREADD_DATA=1 IBUFCTRL=1 INBUF=1 LUT2=3 LUT3=3 LUT6=1)
  Clock Path Skew:        1.673ns (DCD - SCD + CPR)
    Destination Clock Delay (DCD):    1.673ns
    Source Clock Delay      (SCD):    0.000ns
    Clock Pessimism Removal (CPR):    0.000ns
  Clock Uncertainty:      0.206ns  ((TSJ^2 + DJ^2)^1/2) / 2 + PE
    Total System Jitter     (TSJ):    0.050ns
    Discrete Jitter          (DJ):    0.409ns
    Phase Error              (PE):    0.000ns
  Clock Net Delay (Destination): 1.513ns (routing 0.533ns, distribution 0.980ns)

    Location             Delay type                Incr(ns)  Path(ns)    Netlist Resource(s)
  -------------------------------------------------------------------    -------------------
    AE3                                               0.000     0.000 r  sw[2] (IN)
                         net (fo=0)                   0.000     0.000    sw_IBUF[2]_inst/I
    AE3                  INBUF (Prop_INBUF_HPIOB_M_PAD_O)
                                                      0.524     0.524 r  sw_IBUF[2]_inst/INBUF_INST/O
                         net (fo=1, routed)           0.000     0.524    sw_IBUF[2]_inst/OUT
    AE3                  IBUFCTRL (Prop_IBUFCTRL_HPIOB_M_I_O)
                                                      0.000     0.524 r  sw_IBUF[2]_inst/IBUFCTRL_INST/O
                         net (fo=5, routed)           1.160     1.684    system_i/hft_core/inst/u_core/u_axi_regs/sw[2]
    SLICE_X48Y29         LUT3 (Prop_D5LUT_SLICEM_I1_O)
                                                      0.097     1.781 r  system_i/hft_core/inst/u_core/u_axi_regs/led[1]_INST_0/O
                         net (fo=11, routed)          1.183     2.963    system_i/hft_core/inst/u_core/u_axi_regs/sw_1_sn_1
    SLICE_X36Y49         LUT2 (Prop_D6LUT_SLICEL_I1_O)
                                                      0.089     3.052 f  system_i/hft_core/inst/u_core/u_axi_regs/new_mid_u_c5_i_2/O
                         net (fo=2, routed)           0.526     3.579    system_i/hft_core/inst/u_core/u_market_sim/new_mid_u_c5/B[15]
    DSP48E2_X1Y20        DSP_A_B_DATA (Prop_DSP_A_B_DATA_DSP48E2_B[15]_B2_DATA[15])
                                                      0.151     3.730 r  system_i/hft_core/inst/u_core/u_market_sim/new_mid_u_c5/DSP_A_B_DATA_INST/B2_DATA[15]
                         net (fo=1, routed)           0.000     3.730    system_i/hft_core/inst/u_core/u_market_sim/new_mid_u_c5/DSP_A_B_DATA.B2_DATA<15>
    DSP48E2_X1Y20        DSP_PREADD_DATA (Prop_DSP_PREADD_DATA_DSP48E2_B2_DATA[15]_B2B1[15])
                                                      0.073     3.803 r  system_i/hft_core/inst/u_core/u_market_sim/new_mid_u_c5/DSP_PREADD_DATA_INST/B2B1[15]
                         net (fo=1, routed)           0.000     3.803    system_i/hft_core/inst/u_core/u_market_sim/new_mid_u_c5/DSP_PREADD_DATA.B2B1<15>
    DSP48E2_X1Y20        DSP_MULTIPLIER (Prop_DSP_MULTIPLIER_DSP48E2_B2B1[15]_V[43])
                                                      0.609     4.412 f  system_i/hft_core/inst/u_core/u_market_sim/new_mid_u_c5/DSP_MULTIPLIER_INST/V[43]
                         net (fo=1, routed)           0.000     4.412    system_i/hft_core/inst/u_core/u_market_sim/new_mid_u_c5/DSP_MULTIPLIER.V<43>
    DSP48E2_X1Y20        DSP_M_DATA (Prop_DSP_M_DATA_DSP48E2_V[43]_V_DATA[43])
                                                      0.046     4.458 r  system_i/hft_core/inst/u_core/u_market_sim/new_mid_u_c5/DSP_M_DATA_INST/V_DATA[43]
                         net (fo=1, routed)           0.000     4.458    system_i/hft_core/inst/u_core/u_market_sim/new_mid_u_c5/DSP_M_DATA.V_DATA<43>
    DSP48E2_X1Y20        DSP_ALU (Prop_DSP_ALU_DSP48E2_V_DATA[43]_ALU_OUT[47])
                                                      0.571     5.029 f  system_i/hft_core/inst/u_core/u_market_sim/new_mid_u_c5/DSP_ALU_INST/ALU_OUT[47]
                         net (fo=1, routed)           0.000     5.029    system_i/hft_core/inst/u_core/u_market_sim/new_mid_u_c5/DSP_ALU.ALU_OUT<47>
    DSP48E2_X1Y20        DSP_OUTPUT (Prop_DSP_OUTPUT_DSP48E2_ALU_OUT[47]_PCOUT[47])
                                                      0.122     5.151 r  system_i/hft_core/inst/u_core/u_market_sim/new_mid_u_c5/DSP_OUTPUT_INST/PCOUT[47]
                         net (fo=1, routed)           0.014     5.165    system_i/hft_core/inst/u_core/u_market_sim/new_mid_u_c5__0/PCIN[47]
    DSP48E2_X1Y21        DSP_ALU (Prop_DSP_ALU_DSP48E2_PCIN[47]_ALU_OUT[2])
                                                      0.546     5.711 f  system_i/hft_core/inst/u_core/u_market_sim/new_mid_u_c5__0/DSP_ALU_INST/ALU_OUT[2]
                         net (fo=1, routed)           0.000     5.711    system_i/hft_core/inst/u_core/u_market_sim/new_mid_u_c5__0/DSP_ALU.ALU_OUT<2>
    DSP48E2_X1Y21        DSP_OUTPUT (Prop_DSP_OUTPUT_DSP48E2_ALU_OUT[2]_P[2])
                                                      0.109     5.820 r  system_i/hft_core/inst/u_core/u_market_sim/new_mid_u_c5__0/DSP_OUTPUT_INST/P[2]
                         net (fo=3, routed)           0.352     6.172    system_i/hft_core/inst/u_core/u_market_sim/new_mid_u_c4[3]
    SLICE_X20Y41         LUT3 (Prop_E6LUT_SLICEM_I0_O)
                                                      0.124     6.296 r  system_i/hft_core/inst/u_core/u_market_sim/mid_price[0][7]_i_6/O
                         net (fo=1, routed)           0.378     6.674    system_i/hft_core/inst/u_core/u_market_sim/mid_price[0][7]_i_6_n_0
    SLICE_X21Y41         CARRY8 (Prop_CARRY8_SLICEL_DI[4]_CO[7])
                                                      0.091     6.765 r  system_i/hft_core/inst/u_core/u_market_sim/mid_price_reg[0][7]_i_2/CO[7]
                         net (fo=1, routed)           0.026     6.791    system_i/hft_core/inst/u_core/u_market_sim/mid_price_reg[0][7]_i_2_n_0
    SLICE_X21Y42         CARRY8 (Prop_CARRY8_SLICEL_CI_CO[7])
                                                      0.015     6.806 r  system_i/hft_core/inst/u_core/u_market_sim/mid_price_reg[0][15]_i_2/CO[7]
                         net (fo=1, routed)           0.026     6.832    system_i/hft_core/inst/u_core/u_market_sim/mid_price_reg[0][15]_i_2_n_0
    SLICE_X21Y43         CARRY8 (Prop_CARRY8_SLICEL_CI_CO[7])
                                                      0.015     6.847 r  system_i/hft_core/inst/u_core/u_market_sim/mid_price_reg[0][23]_i_2/CO[7]
                         net (fo=1, routed)           0.026     6.873    system_i/hft_core/inst/u_core/u_market_sim/mid_price_reg[0][23]_i_2_n_0
    SLICE_X21Y44         CARRY8 (Prop_CARRY8_SLICEL_CI_O[0])
                                                      0.056     6.929 f  system_i/hft_core/inst/u_core/u_market_sim/mid_price_reg[0][31]_i_4/O[0]
                         net (fo=22, routed)          0.739     7.667    system_i/hft_core/inst/u_core/u_market_sim/new_mid_u_c2[24]
    SLICE_X14Y43         LUT2 (Prop_E6LUT_SLICEM_I1_O)
                                                      0.091     7.758 r  system_i/hft_core/inst/u_core/u_market_sim/mid_price[0][31]_i_39/O
                         net (fo=1, routed)           0.014     7.772    system_i/hft_core/inst/u_core/u_market_sim/mid_price[0][31]_i_39_n_0
    SLICE_X14Y43         CARRY8 (Prop_CARRY8_SLICEM_S[4]_CO[7])
                                                      0.163     7.935 f  system_i/hft_core/inst/u_core/u_market_sim/mid_price_reg[0][31]_i_5/CO[7]
                         net (fo=631, routed)         0.883     8.819    system_i/hft_core/inst/u_core/u_market_sim/CO[0]
    SLICE_X26Y25         LUT3 (Prop_C5LUT_SLICEL_I0_O)
                                                      0.158     8.977 r  system_i/hft_core/inst/u_core/u_market_sim/quote_frame_hold[98]_i_8/O
                         net (fo=1, routed)           0.388     9.365    system_i/hft_core/inst/u_core/u_market_sim/quote_frame_hold[98]_i_8_n_0
    SLICE_X25Y38         CARRY8 (Prop_CARRY8_SLICEL_DI[2]_O[5])
                                                      0.180     9.545 f  system_i/hft_core/inst/u_core/u_market_sim/quote_frame_hold_reg[98]_i_2/O[5]
                         net (fo=21, routed)          0.997    10.541    system_i/hft_core/inst/u_core/u_market_sim/bid_calc_c2[16]
    SLICE_X14Y41         LUT2 (Prop_A6LUT_SLICEM_I1_O)
                                                      0.053    10.594 r  system_i/hft_core/inst/u_core/u_market_sim/quote_frame_hold[111]_i_27/O
                         net (fo=1, routed)           0.013    10.607    system_i/hft_core/inst/u_core/u_market_sim/quote_frame_hold[111]_i_27_n_0
    SLICE_X14Y41         CARRY8 (Prop_CARRY8_SLICEM_S[0]_CO[7])
                                                      0.199    10.806 f  system_i/hft_core/inst/u_core/u_market_sim/quote_frame_hold_reg[111]_i_3/CO[7]
                         net (fo=544, routed)         1.278    12.084    system_i/hft_core/inst/u_core/u_market_sim/bid_calc_c1
    SLICE_X29Y14         LUT6 (Prop_F6LUT_SLICEM_I0_O)
                                                      0.123    12.207 r  system_i/hft_core/inst/u_core/u_market_sim/best_bid[2][5]_i_1/O
                         net (fo=1, routed)           0.067    12.274    system_i/hft_core/inst/u_core/u_market_sim/best_bid[2][5]_i_1_n_0
    SLICE_X29Y14         FDCE                                         r  system_i/hft_core/inst/u_core/u_market_sim/best_bid_reg[2][5]/D
  -------------------------------------------------------------------    -------------------

                         (clock clk_pl_0 rise edge)
                                                      0.000     0.000 r  
    PS8_X0Y0             PS8                          0.000     0.000 r  system_i/zynq_ps/inst/PS8_i/PLCLK[0]
                         net (fo=1, routed)           0.135     0.135    system_i/zynq_ps/inst/pl_clk_unbuffered[0]
    BUFG_PS_X0Y58        BUFG_PS (Prop_BUFG_PS_I_O)
                                                      0.025     0.160 r  system_i/zynq_ps/inst/buffer_pl_clk_0.PL_CLK_0_BUFG/O
    X0Y1 (CLOCK_ROOT)    net (fo=12182, routed)       1.513     1.673    system_i/hft_core/inst/u_core/u_market_sim/clk
    SLICE_X29Y14         FDCE                                         r  system_i/hft_core/inst/u_core/u_market_sim/best_bid_reg[2][5]/C

Slack:                    inf
  Source:                 sw[2]
                            (input port)
  Destination:            system_i/hft_core/inst/u_core/u_market_sim/best_bid_reg[9][11]/D
                            (rising edge-triggered cell FDCE clocked by clk_pl_0  {rise@0.000ns fall@10.312ns period=20.625ns})
  Path Group:             (none)
  Path Type:              Setup (Max at Slow Process Corner)
  Data Path Delay:        12.274ns  (logic 4.171ns (33.983%)  route 8.103ns (66.017%))
  Logic Levels:           24  (CARRY8=7 DSP_A_B_DATA=1 DSP_ALU=2 DSP_M_DATA=1 DSP_MULTIPLIER=1 DSP_OUTPUT=2 DSP_PREADD_DATA=1 IBUFCTRL=1 INBUF=1 LUT2=3 LUT3=3 LUT6=1)
  Clock Path Skew:        1.674ns (DCD - SCD + CPR)
    Destination Clock Delay (DCD):    1.674ns
    Source Clock Delay      (SCD):    0.000ns
    Clock Pessimism Removal (CPR):    0.000ns
  Clock Uncertainty:      0.206ns  ((TSJ^2 + DJ^2)^1/2) / 2 + PE
    Total System Jitter     (TSJ):    0.050ns
    Discrete Jitter          (DJ):    0.409ns
    Phase Error              (PE):    0.000ns
  Clock Net Delay (Destination): 1.514ns (routing 0.533ns, distribution 0.981ns)

    Location             Delay type                Incr(ns)  Path(ns)    Netlist Resource(s)
  -------------------------------------------------------------------    -------------------
    AE3                                               0.000     0.000 r  sw[2] (IN)
                         net (fo=0)                   0.000     0.000    sw_IBUF[2]_inst/I
    AE3                  INBUF (Prop_INBUF_HPIOB_M_PAD_O)
                                                      0.524     0.524 r  sw_IBUF[2]_inst/INBUF_INST/O
                         net (fo=1, routed)           0.000     0.524    sw_IBUF[2]_inst/OUT
    AE3                  IBUFCTRL (Prop_IBUFCTRL_HPIOB_M_I_O)
                                                      0.000     0.524 r  sw_IBUF[2]_inst/IBUFCTRL_INST/O
                         net (fo=5, routed)           1.160     1.684    system_i/hft_core/inst/u_core/u_axi_regs/sw[2]
    SLICE_X48Y29         LUT3 (Prop_D5LUT_SLICEM_I1_O)
                                                      0.097     1.781 r  system_i/hft_core/inst/u_core/u_axi_regs/led[1]_INST_0/O
                         net (fo=11, routed)          1.183     2.963    system_i/hft_core/inst/u_core/u_axi_regs/sw_1_sn_1
    SLICE_X36Y49         LUT2 (Prop_D6LUT_SLICEL_I1_O)
                                                      0.089     3.052 f  system_i/hft_core/inst/u_core/u_axi_regs/new_mid_u_c5_i_2/O
                         net (fo=2, routed)           0.526     3.579    system_i/hft_core/inst/u_core/u_market_sim/new_mid_u_c5/B[15]
    DSP48E2_X1Y20        DSP_A_B_DATA (Prop_DSP_A_B_DATA_DSP48E2_B[15]_B2_DATA[15])
                                                      0.151     3.730 r  system_i/hft_core/inst/u_core/u_market_sim/new_mid_u_c5/DSP_A_B_DATA_INST/B2_DATA[15]
                         net (fo=1, routed)           0.000     3.730    system_i/hft_core/inst/u_core/u_market_sim/new_mid_u_c5/DSP_A_B_DATA.B2_DATA<15>
    DSP48E2_X1Y20        DSP_PREADD_DATA (Prop_DSP_PREADD_DATA_DSP48E2_B2_DATA[15]_B2B1[15])
                                                      0.073     3.803 r  system_i/hft_core/inst/u_core/u_market_sim/new_mid_u_c5/DSP_PREADD_DATA_INST/B2B1[15]
                         net (fo=1, routed)           0.000     3.803    system_i/hft_core/inst/u_core/u_market_sim/new_mid_u_c5/DSP_PREADD_DATA.B2B1<15>
    DSP48E2_X1Y20        DSP_MULTIPLIER (Prop_DSP_MULTIPLIER_DSP48E2_B2B1[15]_V[43])
                                                      0.609     4.412 f  system_i/hft_core/inst/u_core/u_market_sim/new_mid_u_c5/DSP_MULTIPLIER_INST/V[43]
                         net (fo=1, routed)           0.000     4.412    system_i/hft_core/inst/u_core/u_market_sim/new_mid_u_c5/DSP_MULTIPLIER.V<43>
    DSP48E2_X1Y20        DSP_M_DATA (Prop_DSP_M_DATA_DSP48E2_V[43]_V_DATA[43])
                                                      0.046     4.458 r  system_i/hft_core/inst/u_core/u_market_sim/new_mid_u_c5/DSP_M_DATA_INST/V_DATA[43]
                         net (fo=1, routed)           0.000     4.458    system_i/hft_core/inst/u_core/u_market_sim/new_mid_u_c5/DSP_M_DATA.V_DATA<43>
    DSP48E2_X1Y20        DSP_ALU (Prop_DSP_ALU_DSP48E2_V_DATA[43]_ALU_OUT[47])
                                                      0.571     5.029 f  system_i/hft_core/inst/u_core/u_market_sim/new_mid_u_c5/DSP_ALU_INST/ALU_OUT[47]
                         net (fo=1, routed)           0.000     5.029    system_i/hft_core/inst/u_core/u_market_sim/new_mid_u_c5/DSP_ALU.ALU_OUT<47>
    DSP48E2_X1Y20        DSP_OUTPUT (Prop_DSP_OUTPUT_DSP48E2_ALU_OUT[47]_PCOUT[47])
                                                      0.122     5.151 r  system_i/hft_core/inst/u_core/u_market_sim/new_mid_u_c5/DSP_OUTPUT_INST/PCOUT[47]
                         net (fo=1, routed)           0.014     5.165    system_i/hft_core/inst/u_core/u_market_sim/new_mid_u_c5__0/PCIN[47]
    DSP48E2_X1Y21        DSP_ALU (Prop_DSP_ALU_DSP48E2_PCIN[47]_ALU_OUT[2])
                                                      0.546     5.711 f  system_i/hft_core/inst/u_core/u_market_sim/new_mid_u_c5__0/DSP_ALU_INST/ALU_OUT[2]
                         net (fo=1, routed)           0.000     5.711    system_i/hft_core/inst/u_core/u_market_sim/new_mid_u_c5__0/DSP_ALU.ALU_OUT<2>
    DSP48E2_X1Y21        DSP_OUTPUT (Prop_DSP_OUTPUT_DSP48E2_ALU_OUT[2]_P[2])
                                                      0.109     5.820 r  system_i/hft_core/inst/u_core/u_market_sim/new_mid_u_c5__0/DSP_OUTPUT_INST/P[2]
                         net (fo=3, routed)           0.352     6.172    system_i/hft_core/inst/u_core/u_market_sim/new_mid_u_c4[3]
    SLICE_X20Y41         LUT3 (Prop_E6LUT_SLICEM_I0_O)
                                                      0.124     6.296 r  system_i/hft_core/inst/u_core/u_market_sim/mid_price[0][7]_i_6/O
                         net (fo=1, routed)           0.378     6.674    system_i/hft_core/inst/u_core/u_market_sim/mid_price[0][7]_i_6_n_0
    SLICE_X21Y41         CARRY8 (Prop_CARRY8_SLICEL_DI[4]_CO[7])
                                                      0.091     6.765 r  system_i/hft_core/inst/u_core/u_market_sim/mid_price_reg[0][7]_i_2/CO[7]
                         net (fo=1, routed)           0.026     6.791    system_i/hft_core/inst/u_core/u_market_sim/mid_price_reg[0][7]_i_2_n_0
    SLICE_X21Y42         CARRY8 (Prop_CARRY8_SLICEL_CI_CO[7])
                                                      0.015     6.806 r  system_i/hft_core/inst/u_core/u_market_sim/mid_price_reg[0][15]_i_2/CO[7]
                         net (fo=1, routed)           0.026     6.832    system_i/hft_core/inst/u_core/u_market_sim/mid_price_reg[0][15]_i_2_n_0
    SLICE_X21Y43         CARRY8 (Prop_CARRY8_SLICEL_CI_CO[7])
                                                      0.015     6.847 r  system_i/hft_core/inst/u_core/u_market_sim/mid_price_reg[0][23]_i_2/CO[7]
                         net (fo=1, routed)           0.026     6.873    system_i/hft_core/inst/u_core/u_market_sim/mid_price_reg[0][23]_i_2_n_0
    SLICE_X21Y44         CARRY8 (Prop_CARRY8_SLICEL_CI_O[0])
                                                      0.056     6.929 f  system_i/hft_core/inst/u_core/u_market_sim/mid_price_reg[0][31]_i_4/O[0]
                         net (fo=22, routed)          0.739     7.667    system_i/hft_core/inst/u_core/u_market_sim/new_mid_u_c2[24]
    SLICE_X14Y43         LUT2 (Prop_E6LUT_SLICEM_I1_O)
                                                      0.091     7.758 r  system_i/hft_core/inst/u_core/u_market_sim/mid_price[0][31]_i_39/O
                         net (fo=1, routed)           0.014     7.772    system_i/hft_core/inst/u_core/u_market_sim/mid_price[0][31]_i_39_n_0
    SLICE_X14Y43         CARRY8 (Prop_CARRY8_SLICEM_S[4]_CO[7])
                                                      0.163     7.935 f  system_i/hft_core/inst/u_core/u_market_sim/mid_price_reg[0][31]_i_5/CO[7]
                         net (fo=631, routed)         0.883     8.819    system_i/hft_core/inst/u_core/u_market_sim/CO[0]
    SLICE_X26Y25         LUT3 (Prop_C5LUT_SLICEL_I0_O)
                                                      0.158     8.977 r  system_i/hft_core/inst/u_core/u_market_sim/quote_frame_hold[98]_i_8/O
                         net (fo=1, routed)           0.388     9.365    system_i/hft_core/inst/u_core/u_market_sim/quote_frame_hold[98]_i_8_n_0
    SLICE_X25Y38         CARRY8 (Prop_CARRY8_SLICEL_DI[2]_O[5])
                                                      0.180     9.545 f  system_i/hft_core/inst/u_core/u_market_sim/quote_frame_hold_reg[98]_i_2/O[5]
                         net (fo=21, routed)          0.997    10.541    system_i/hft_core/inst/u_core/u_market_sim/bid_calc_c2[16]
    SLICE_X14Y41         LUT2 (Prop_A6LUT_SLICEM_I1_O)
                                                      0.053    10.594 r  system_i/hft_core/inst/u_core/u_market_sim/quote_frame_hold[111]_i_27/O
                         net (fo=1, routed)           0.013    10.607    system_i/hft_core/inst/u_core/u_market_sim/quote_frame_hold[111]_i_27_n_0
    SLICE_X14Y41         CARRY8 (Prop_CARRY8_SLICEM_S[0]_CO[7])
                                                      0.199    10.806 f  system_i/hft_core/inst/u_core/u_market_sim/quote_frame_hold_reg[111]_i_3/CO[7]
                         net (fo=544, routed)         1.330    12.137    system_i/hft_core/inst/u_core/u_market_sim/bid_calc_c1
    SLICE_X33Y19         LUT6 (Prop_G6LUT_SLICEL_I1_O)
                                                      0.089    12.226 r  system_i/hft_core/inst/u_core/u_market_sim/best_bid[9][11]_i_1/O
                         net (fo=1, routed)           0.048    12.274    system_i/hft_core/inst/u_core/u_market_sim/best_bid[9][11]_i_1_n_0
    SLICE_X33Y19         FDCE                                         r  system_i/hft_core/inst/u_core/u_market_sim/best_bid_reg[9][11]/D
  -------------------------------------------------------------------    -------------------

                         (clock clk_pl_0 rise edge)
                                                      0.000     0.000 r  
    PS8_X0Y0             PS8                          0.000     0.000 r  system_i/zynq_ps/inst/PS8_i/PLCLK[0]
                         net (fo=1, routed)           0.135     0.135    system_i/zynq_ps/inst/pl_clk_unbuffered[0]
    BUFG_PS_X0Y58        BUFG_PS (Prop_BUFG_PS_I_O)
                                                      0.025     0.160 r  system_i/zynq_ps/inst/buffer_pl_clk_0.PL_CLK_0_BUFG/O
    X0Y1 (CLOCK_ROOT)    net (fo=12182, routed)       1.514     1.674    system_i/hft_core/inst/u_core/u_market_sim/clk
    SLICE_X33Y19         FDCE                                         r  system_i/hft_core/inst/u_core/u_market_sim/best_bid_reg[9][11]/C

Slack:                    inf
  Source:                 sw[2]
                            (input port)
  Destination:            system_i/hft_core/inst/u_core/u_market_sim/best_bid_reg[1][14]/D
                            (rising edge-triggered cell FDCE clocked by clk_pl_0  {rise@0.000ns fall@10.312ns period=20.625ns})
  Path Group:             (none)
  Path Type:              Setup (Max at Slow Process Corner)
  Data Path Delay:        12.230ns  (logic 4.230ns (34.587%)  route 8.000ns (65.413%))
  Logic Levels:           24  (CARRY8=7 DSP_A_B_DATA=1 DSP_ALU=2 DSP_M_DATA=1 DSP_MULTIPLIER=1 DSP_OUTPUT=2 DSP_PREADD_DATA=1 IBUFCTRL=1 INBUF=1 LUT2=3 LUT3=3 LUT6=1)
  Clock Path Skew:        1.665ns (DCD - SCD + CPR)
    Destination Clock Delay (DCD):    1.665ns
    Source Clock Delay      (SCD):    0.000ns
    Clock Pessimism Removal (CPR):    0.000ns
  Clock Uncertainty:      0.206ns  ((TSJ^2 + DJ^2)^1/2) / 2 + PE
    Total System Jitter     (TSJ):    0.050ns
    Discrete Jitter          (DJ):    0.409ns
    Phase Error              (PE):    0.000ns
  Clock Net Delay (Destination): 1.505ns (routing 0.533ns, distribution 0.972ns)

    Location             Delay type                Incr(ns)  Path(ns)    Netlist Resource(s)
  -------------------------------------------------------------------    -------------------
    AE3                                               0.000     0.000 r  sw[2] (IN)
                         net (fo=0)                   0.000     0.000    sw_IBUF[2]_inst/I
    AE3                  INBUF (Prop_INBUF_HPIOB_M_PAD_O)
                                                      0.524     0.524 r  sw_IBUF[2]_inst/INBUF_INST/O
                         net (fo=1, routed)           0.000     0.524    sw_IBUF[2]_inst/OUT
    AE3                  IBUFCTRL (Prop_IBUFCTRL_HPIOB_M_I_O)
                                                      0.000     0.524 r  sw_IBUF[2]_inst/IBUFCTRL_INST/O
                         net (fo=5, routed)           1.160     1.684    system_i/hft_core/inst/u_core/u_axi_regs/sw[2]
    SLICE_X48Y29         LUT3 (Prop_D5LUT_SLICEM_I1_O)
                                                      0.097     1.781 r  system_i/hft_core/inst/u_core/u_axi_regs/led[1]_INST_0/O
                         net (fo=11, routed)          1.183     2.963    system_i/hft_core/inst/u_core/u_axi_regs/sw_1_sn_1
    SLICE_X36Y49         LUT2 (Prop_D6LUT_SLICEL_I1_O)
                                                      0.089     3.052 f  system_i/hft_core/inst/u_core/u_axi_regs/new_mid_u_c5_i_2/O
                         net (fo=2, routed)           0.526     3.579    system_i/hft_core/inst/u_core/u_market_sim/new_mid_u_c5/B[15]
    DSP48E2_X1Y20        DSP_A_B_DATA (Prop_DSP_A_B_DATA_DSP48E2_B[15]_B2_DATA[15])
                                                      0.151     3.730 r  system_i/hft_core/inst/u_core/u_market_sim/new_mid_u_c5/DSP_A_B_DATA_INST/B2_DATA[15]
                         net (fo=1, routed)           0.000     3.730    system_i/hft_core/inst/u_core/u_market_sim/new_mid_u_c5/DSP_A_B_DATA.B2_DATA<15>
    DSP48E2_X1Y20        DSP_PREADD_DATA (Prop_DSP_PREADD_DATA_DSP48E2_B2_DATA[15]_B2B1[15])
                                                      0.073     3.803 r  system_i/hft_core/inst/u_core/u_market_sim/new_mid_u_c5/DSP_PREADD_DATA_INST/B2B1[15]
                         net (fo=1, routed)           0.000     3.803    system_i/hft_core/inst/u_core/u_market_sim/new_mid_u_c5/DSP_PREADD_DATA.B2B1<15>
    DSP48E2_X1Y20        DSP_MULTIPLIER (Prop_DSP_MULTIPLIER_DSP48E2_B2B1[15]_V[43])
                                                      0.609     4.412 f  system_i/hft_core/inst/u_core/u_market_sim/new_mid_u_c5/DSP_MULTIPLIER_INST/V[43]
                         net (fo=1, routed)           0.000     4.412    system_i/hft_core/inst/u_core/u_market_sim/new_mid_u_c5/DSP_MULTIPLIER.V<43>
    DSP48E2_X1Y20        DSP_M_DATA (Prop_DSP_M_DATA_DSP48E2_V[43]_V_DATA[43])
                                                      0.046     4.458 r  system_i/hft_core/inst/u_core/u_market_sim/new_mid_u_c5/DSP_M_DATA_INST/V_DATA[43]
                         net (fo=1, routed)           0.000     4.458    system_i/hft_core/inst/u_core/u_market_sim/new_mid_u_c5/DSP_M_DATA.V_DATA<43>
    DSP48E2_X1Y20        DSP_ALU (Prop_DSP_ALU_DSP48E2_V_DATA[43]_ALU_OUT[47])
                                                      0.571     5.029 f  system_i/hft_core/inst/u_core/u_market_sim/new_mid_u_c5/DSP_ALU_INST/ALU_OUT[47]
                         net (fo=1, routed)           0.000     5.029    system_i/hft_core/inst/u_core/u_market_sim/new_mid_u_c5/DSP_ALU.ALU_OUT<47>
    DSP48E2_X1Y20        DSP_OUTPUT (Prop_DSP_OUTPUT_DSP48E2_ALU_OUT[47]_PCOUT[47])
                                                      0.122     5.151 r  system_i/hft_core/inst/u_core/u_market_sim/new_mid_u_c5/DSP_OUTPUT_INST/PCOUT[47]
                         net (fo=1, routed)           0.014     5.165    system_i/hft_core/inst/u_core/u_market_sim/new_mid_u_c5__0/PCIN[47]
    DSP48E2_X1Y21        DSP_ALU (Prop_DSP_ALU_DSP48E2_PCIN[47]_ALU_OUT[2])
                                                      0.546     5.711 f  system_i/hft_core/inst/u_core/u_market_sim/new_mid_u_c5__0/DSP_ALU_INST/ALU_OUT[2]
                         net (fo=1, routed)           0.000     5.711    system_i/hft_core/inst/u_core/u_market_sim/new_mid_u_c5__0/DSP_ALU.ALU_OUT<2>
    DSP48E2_X1Y21        DSP_OUTPUT (Prop_DSP_OUTPUT_DSP48E2_ALU_OUT[2]_P[2])
                                                      0.109     5.820 r  system_i/hft_core/inst/u_core/u_market_sim/new_mid_u_c5__0/DSP_OUTPUT_INST/P[2]
                         net (fo=3, routed)           0.352     6.172    system_i/hft_core/inst/u_core/u_market_sim/new_mid_u_c4[3]
    SLICE_X20Y41         LUT3 (Prop_E6LUT_SLICEM_I0_O)
                                                      0.124     6.296 r  system_i/hft_core/inst/u_core/u_market_sim/mid_price[0][7]_i_6/O
                         net (fo=1, routed)           0.378     6.674    system_i/hft_core/inst/u_core/u_market_sim/mid_price[0][7]_i_6_n_0
    SLICE_X21Y41         CARRY8 (Prop_CARRY8_SLICEL_DI[4]_CO[7])
                                                      0.091     6.765 r  system_i/hft_core/inst/u_core/u_market_sim/mid_price_reg[0][7]_i_2/CO[7]
                         net (fo=1, routed)           0.026     6.791    system_i/hft_core/inst/u_core/u_market_sim/mid_price_reg[0][7]_i_2_n_0
    SLICE_X21Y42         CARRY8 (Prop_CARRY8_SLICEL_CI_CO[7])
                                                      0.015     6.806 r  system_i/hft_core/inst/u_core/u_market_sim/mid_price_reg[0][15]_i_2/CO[7]
                         net (fo=1, routed)           0.026     6.832    system_i/hft_core/inst/u_core/u_market_sim/mid_price_reg[0][15]_i_2_n_0
    SLICE_X21Y43         CARRY8 (Prop_CARRY8_SLICEL_CI_CO[7])
                                                      0.015     6.847 r  system_i/hft_core/inst/u_core/u_market_sim/mid_price_reg[0][23]_i_2/CO[7]
                         net (fo=1, routed)           0.026     6.873    system_i/hft_core/inst/u_core/u_market_sim/mid_price_reg[0][23]_i_2_n_0
    SLICE_X21Y44         CARRY8 (Prop_CARRY8_SLICEL_CI_O[0])
                                                      0.056     6.929 f  system_i/hft_core/inst/u_core/u_market_sim/mid_price_reg[0][31]_i_4/O[0]
                         net (fo=22, routed)          0.739     7.667    system_i/hft_core/inst/u_core/u_market_sim/new_mid_u_c2[24]
    SLICE_X14Y43         LUT2 (Prop_E6LUT_SLICEM_I1_O)
                                                      0.091     7.758 r  system_i/hft_core/inst/u_core/u_market_sim/mid_price[0][31]_i_39/O
                         net (fo=1, routed)           0.014     7.772    system_i/hft_core/inst/u_core/u_market_sim/mid_price[0][31]_i_39_n_0
    SLICE_X14Y43         CARRY8 (Prop_CARRY8_SLICEM_S[4]_CO[7])
                                                      0.163     7.935 f  system_i/hft_core/inst/u_core/u_market_sim/mid_price_reg[0][31]_i_5/CO[7]
                         net (fo=631, routed)         0.883     8.819    system_i/hft_core/inst/u_core/u_market_sim/CO[0]
    SLICE_X26Y25         LUT3 (Prop_C5LUT_SLICEL_I0_O)
                                                      0.158     8.977 r  system_i/hft_core/inst/u_core/u_market_sim/quote_frame_hold[98]_i_8/O
                         net (fo=1, routed)           0.388     9.365    system_i/hft_core/inst/u_core/u_market_sim/quote_frame_hold[98]_i_8_n_0
    SLICE_X25Y38         CARRY8 (Prop_CARRY8_SLICEL_DI[2]_O[5])
                                                      0.180     9.545 f  system_i/hft_core/inst/u_core/u_market_sim/quote_frame_hold_reg[98]_i_2/O[5]
                         net (fo=21, routed)          0.997    10.541    system_i/hft_core/inst/u_core/u_market_sim/bid_calc_c2[16]
    SLICE_X14Y41         LUT2 (Prop_A6LUT_SLICEM_I1_O)
                                                      0.053    10.594 r  system_i/hft_core/inst/u_core/u_market_sim/quote_frame_hold[111]_i_27/O
                         net (fo=1, routed)           0.013    10.607    system_i/hft_core/inst/u_core/u_market_sim/quote_frame_hold[111]_i_27_n_0
    SLICE_X14Y41         CARRY8 (Prop_CARRY8_SLICEM_S[0]_CO[7])
                                                      0.199    10.806 f  system_i/hft_core/inst/u_core/u_market_sim/quote_frame_hold_reg[111]_i_3/CO[7]
                         net (fo=544, routed)         1.209    12.015    system_i/hft_core/inst/u_core/u_market_sim/bid_calc_c1
    SLICE_X31Y21         LUT6 (Prop_F6LUT_SLICEM_I1_O)
                                                      0.148    12.163 r  system_i/hft_core/inst/u_core/u_market_sim/best_bid[1][14]_i_1/O
                         net (fo=1, routed)           0.067    12.230    system_i/hft_core/inst/u_core/u_market_sim/best_bid[1][14]_i_1_n_0
    SLICE_X31Y21         FDCE                                         r  system_i/hft_core/inst/u_core/u_market_sim/best_bid_reg[1][14]/D
  -------------------------------------------------------------------    -------------------

                         (clock clk_pl_0 rise edge)
                                                      0.000     0.000 r  
    PS8_X0Y0             PS8                          0.000     0.000 r  system_i/zynq_ps/inst/PS8_i/PLCLK[0]
                         net (fo=1, routed)           0.135     0.135    system_i/zynq_ps/inst/pl_clk_unbuffered[0]
    BUFG_PS_X0Y58        BUFG_PS (Prop_BUFG_PS_I_O)
                                                      0.025     0.160 r  system_i/zynq_ps/inst/buffer_pl_clk_0.PL_CLK_0_BUFG/O
    X0Y1 (CLOCK_ROOT)    net (fo=12182, routed)       1.505     1.665    system_i/hft_core/inst/u_core/u_market_sim/clk
    SLICE_X31Y21         FDCE                                         r  system_i/hft_core/inst/u_core/u_market_sim/best_bid_reg[1][14]/C





Min Delay Paths
--------------------------------------------------------------------------------------
Slack:                    inf
  Source:                 btn[2]
                            (input port)
  Destination:            system_i/hft_core/inst/u_core/u_ctrl/u_db2/counter_reg[0]/D
                            (rising edge-triggered cell FDCE clocked by clk_pl_0  {rise@0.000ns fall@10.312ns period=20.625ns})
  Path Group:             (none)
  Path Type:              Hold (Min at Fast Process Corner)
  Data Path Delay:        0.981ns  (logic 0.157ns (16.022%)  route 0.824ns (83.978%))
  Logic Levels:           3  (IBUFCTRL=1 INBUF=1 LUT4=1)
  Clock Path Skew:        1.155ns (DCD - SCD - CPR)
    Destination Clock Delay (DCD):    1.155ns
    Source Clock Delay      (SCD):    0.000ns
    Clock Pessimism Removal (CPR):    -0.000ns
  Clock Net Delay (Destination): 1.017ns (routing 0.365ns, distribution 0.652ns)

    Location             Delay type                Incr(ns)  Path(ns)    Netlist Resource(s)
  -------------------------------------------------------------------    -------------------
    AB2                                               0.000     0.000 r  btn[2] (IN)
                         net (fo=0)                   0.000     0.000    btn_IBUF[2]_inst/I
    AB2                  INBUF (Prop_INBUF_HPIOB_M_PAD_O)
                                                      0.137     0.137 r  btn_IBUF[2]_inst/INBUF_INST/O
                         net (fo=1, routed)           0.000     0.137    btn_IBUF[2]_inst/OUT
    AB2                  IBUFCTRL (Prop_IBUFCTRL_HPIOB_M_I_O)
                                                      0.000     0.137 r  btn_IBUF[2]_inst/IBUFCTRL_INST/O
                         net (fo=18, routed)          0.818     0.955    system_i/hft_core/inst/u_core/u_ctrl/u_db2/btn[0]
    SLICE_X7Y52          LUT4 (Prop_D5LUT_SLICEL_I2_O)
                                                      0.020     0.975 r  system_i/hft_core/inst/u_core/u_ctrl/u_db2/counter[0]_i_1__1/O
                         net (fo=1, routed)           0.006     0.981    system_i/hft_core/inst/u_core/u_ctrl/u_db2/counter[0]_i_1__1_n_0
    SLICE_X7Y52          FDCE                                         r  system_i/hft_core/inst/u_core/u_ctrl/u_db2/counter_reg[0]/D
  -------------------------------------------------------------------    -------------------

                         (clock clk_pl_0 rise edge)
                                                      0.000     0.000 r  
    PS8_X0Y0             PS8                          0.000     0.000 r  system_i/zynq_ps/inst/PS8_i/PLCLK[0]
                         net (fo=1, routed)           0.120     0.120    system_i/zynq_ps/inst/pl_clk_unbuffered[0]
    BUFG_PS_X0Y58        BUFG_PS (Prop_BUFG_PS_I_O)
                                                      0.018     0.138 r  system_i/zynq_ps/inst/buffer_pl_clk_0.PL_CLK_0_BUFG/O
    X0Y1 (CLOCK_ROOT)    net (fo=12182, routed)       1.017     1.155    system_i/hft_core/inst/u_core/u_ctrl/u_db2/clk
    SLICE_X7Y52          FDCE                                         r  system_i/hft_core/inst/u_core/u_ctrl/u_db2/counter_reg[0]/C

Slack:                    inf
  Source:                 btn[2]
                            (input port)
  Destination:            system_i/hft_core/inst/u_core/u_ctrl/u_db2/counter_reg[4]/D
                            (rising edge-triggered cell FDCE clocked by clk_pl_0  {rise@0.000ns fall@10.312ns period=20.625ns})
  Path Group:             (none)
  Path Type:              Hold (Min at Fast Process Corner)
  Data Path Delay:        0.981ns  (logic 0.157ns (16.022%)  route 0.824ns (83.978%))
  Logic Levels:           3  (IBUFCTRL=1 INBUF=1 LUT4=1)
  Clock Path Skew:        1.155ns (DCD - SCD - CPR)
    Destination Clock Delay (DCD):    1.155ns
    Source Clock Delay      (SCD):    0.000ns
    Clock Pessimism Removal (CPR):    -0.000ns
  Clock Net Delay (Destination): 1.017ns (routing 0.365ns, distribution 0.652ns)

    Location             Delay type                Incr(ns)  Path(ns)    Netlist Resource(s)
  -------------------------------------------------------------------    -------------------
    AB2                                               0.000     0.000 r  btn[2] (IN)
                         net (fo=0)                   0.000     0.000    btn_IBUF[2]_inst/I
    AB2                  INBUF (Prop_INBUF_HPIOB_M_PAD_O)
                                                      0.137     0.137 r  btn_IBUF[2]_inst/INBUF_INST/O
                         net (fo=1, routed)           0.000     0.137    btn_IBUF[2]_inst/OUT
    AB2                  IBUFCTRL (Prop_IBUFCTRL_HPIOB_M_I_O)
                                                      0.000     0.137 r  btn_IBUF[2]_inst/IBUFCTRL_INST/O
                         net (fo=18, routed)          0.818     0.955    system_i/hft_core/inst/u_core/u_ctrl/u_db2/btn[0]
    SLICE_X7Y52          LUT4 (Prop_C5LUT_SLICEL_I2_O)
                                                      0.020     0.975 r  system_i/hft_core/inst/u_core/u_ctrl/u_db2/counter[4]_i_1__1/O
                         net (fo=1, routed)           0.006     0.981    system_i/hft_core/inst/u_core/u_ctrl/u_db2/counter[4]_i_1__1_n_0
    SLICE_X7Y52          FDCE                                         r  system_i/hft_core/inst/u_core/u_ctrl/u_db2/counter_reg[4]/D
  -------------------------------------------------------------------    -------------------

                         (clock clk_pl_0 rise edge)
                                                      0.000     0.000 r  
    PS8_X0Y0             PS8                          0.000     0.000 r  system_i/zynq_ps/inst/PS8_i/PLCLK[0]
                         net (fo=1, routed)           0.120     0.120    system_i/zynq_ps/inst/pl_clk_unbuffered[0]
    BUFG_PS_X0Y58        BUFG_PS (Prop_BUFG_PS_I_O)
                                                      0.018     0.138 r  system_i/zynq_ps/inst/buffer_pl_clk_0.PL_CLK_0_BUFG/O
    X0Y1 (CLOCK_ROOT)    net (fo=12182, routed)       1.017     1.155    system_i/hft_core/inst/u_core/u_ctrl/u_db2/clk
    SLICE_X7Y52          FDCE                                         r  system_i/hft_core/inst/u_core/u_ctrl/u_db2/counter_reg[4]/C

Slack:                    inf
  Source:                 btn[1]
                            (input port)
  Destination:            system_i/hft_core/inst/u_core/u_ctrl/u_db1/counter_reg[4]/D
                            (rising edge-triggered cell FDCE clocked by clk_pl_0  {rise@0.000ns fall@10.312ns period=20.625ns})
  Path Group:             (none)
  Path Type:              Hold (Min at Fast Process Corner)
  Data Path Delay:        0.986ns  (logic 0.157ns (15.880%)  route 0.830ns (84.120%))
  Logic Levels:           3  (IBUFCTRL=1 INBUF=1 LUT4=1)
  Clock Path Skew:        1.151ns (DCD - SCD - CPR)
    Destination Clock Delay (DCD):    1.151ns
    Source Clock Delay      (SCD):    0.000ns
    Clock Pessimism Removal (CPR):    -0.000ns
  Clock Net Delay (Destination): 1.013ns (routing 0.365ns, distribution 0.648ns)

    Location             Delay type                Incr(ns)  Path(ns)    Netlist Resource(s)
  -------------------------------------------------------------------    -------------------
    AB7                                               0.000     0.000 r  btn[1] (IN)
                         net (fo=0)                   0.000     0.000    btn_IBUF[1]_inst/I
    AB7                  INBUF (Prop_INBUF_HPIOB_M_PAD_O)
                                                      0.133     0.133 r  btn_IBUF[1]_inst/INBUF_INST/O
                         net (fo=1, routed)           0.000     0.133    btn_IBUF[1]_inst/OUT
    AB7                  IBUFCTRL (Prop_IBUFCTRL_HPIOB_M_I_O)
                                                      0.000     0.133 r  btn_IBUF[1]_inst/IBUFCTRL_INST/O
                         net (fo=18, routed)          0.821     0.953    system_i/hft_core/inst/u_core/u_ctrl/u_db1/btn[0]
    SLICE_X28Y69         LUT4 (Prop_D5LUT_SLICEM_I2_O)
                                                      0.024     0.977 r  system_i/hft_core/inst/u_core/u_ctrl/u_db1/counter[4]_i_1__0/O
                         net (fo=1, routed)           0.009     0.986    system_i/hft_core/inst/u_core/u_ctrl/u_db1/counter[4]_i_1__0_n_0
    SLICE_X28Y69         FDCE                                         r  system_i/hft_core/inst/u_core/u_ctrl/u_db1/counter_reg[4]/D
  -------------------------------------------------------------------    -------------------

                         (clock clk_pl_0 rise edge)
                                                      0.000     0.000 r  
    PS8_X0Y0             PS8                          0.000     0.000 r  system_i/zynq_ps/inst/PS8_i/PLCLK[0]
                         net (fo=1, routed)           0.120     0.120    system_i/zynq_ps/inst/pl_clk_unbuffered[0]
    BUFG_PS_X0Y58        BUFG_PS (Prop_BUFG_PS_I_O)
                                                      0.018     0.138 r  system_i/zynq_ps/inst/buffer_pl_clk_0.PL_CLK_0_BUFG/O
    X0Y1 (CLOCK_ROOT)    net (fo=12182, routed)       1.013     1.151    system_i/hft_core/inst/u_core/u_ctrl/u_db1/clk
    SLICE_X28Y69         FDCE                                         r  system_i/hft_core/inst/u_core/u_ctrl/u_db1/counter_reg[4]/C

Slack:                    inf
  Source:                 btn[2]
                            (input port)
  Destination:            system_i/hft_core/inst/u_core/u_ctrl/u_db2/counter_reg[8]/D
                            (rising edge-triggered cell FDCE clocked by clk_pl_0  {rise@0.000ns fall@10.312ns period=20.625ns})
  Path Group:             (none)
  Path Type:              Hold (Min at Fast Process Corner)
  Data Path Delay:        0.991ns  (logic 0.185ns (18.683%)  route 0.806ns (81.317%))
  Logic Levels:           3  (IBUFCTRL=1 INBUF=1 LUT4=1)
  Clock Path Skew:        1.155ns (DCD - SCD - CPR)
    Destination Clock Delay (DCD):    1.155ns
    Source Clock Delay      (SCD):    0.000ns
    Clock Pessimism Removal (CPR):    -0.000ns
  Clock Net Delay (Destination): 1.017ns (routing 0.365ns, distribution 0.652ns)

    Location             Delay type                Incr(ns)  Path(ns)    Netlist Resource(s)
  -------------------------------------------------------------------    -------------------
    AB2                                               0.000     0.000 r  btn[2] (IN)
                         net (fo=0)                   0.000     0.000    btn_IBUF[2]_inst/I
    AB2                  INBUF (Prop_INBUF_HPIOB_M_PAD_O)
                                                      0.137     0.137 r  btn_IBUF[2]_inst/INBUF_INST/O
                         net (fo=1, routed)           0.000     0.137    btn_IBUF[2]_inst/OUT
    AB2                  IBUFCTRL (Prop_IBUFCTRL_HPIOB_M_I_O)
                                                      0.000     0.137 r  btn_IBUF[2]_inst/IBUFCTRL_INST/O
                         net (fo=18, routed)          0.799     0.936    system_i/hft_core/inst/u_core/u_ctrl/u_db2/btn[0]
    SLICE_X7Y52          LUT4 (Prop_B5LUT_SLICEL_I2_O)
                                                      0.048     0.984 r  system_i/hft_core/inst/u_core/u_ctrl/u_db2/counter[8]_i_1__1/O
                         net (fo=1, routed)           0.007     0.991    system_i/hft_core/inst/u_core/u_ctrl/u_db2/counter[8]_i_1__1_n_0
    SLICE_X7Y52          FDCE                                         r  system_i/hft_core/inst/u_core/u_ctrl/u_db2/counter_reg[8]/D
  -------------------------------------------------------------------    -------------------

                         (clock clk_pl_0 rise edge)
                                                      0.000     0.000 r  
    PS8_X0Y0             PS8                          0.000     0.000 r  system_i/zynq_ps/inst/PS8_i/PLCLK[0]
                         net (fo=1, routed)           0.120     0.120    system_i/zynq_ps/inst/pl_clk_unbuffered[0]
    BUFG_PS_X0Y58        BUFG_PS (Prop_BUFG_PS_I_O)
                                                      0.018     0.138 r  system_i/zynq_ps/inst/buffer_pl_clk_0.PL_CLK_0_BUFG/O
    X0Y1 (CLOCK_ROOT)    net (fo=12182, routed)       1.017     1.155    system_i/hft_core/inst/u_core/u_ctrl/u_db2/clk
    SLICE_X7Y52          FDCE                                         r  system_i/hft_core/inst/u_core/u_ctrl/u_db2/counter_reg[8]/C

Slack:                    inf
  Source:                 btn[2]
                            (input port)
  Destination:            system_i/hft_core/inst/u_core/u_ctrl/u_db2/btn_out_reg/D
                            (rising edge-triggered cell FDCE clocked by clk_pl_0  {rise@0.000ns fall@10.312ns period=20.625ns})
  Path Group:             (none)
  Path Type:              Hold (Min at Fast Process Corner)
  Data Path Delay:        0.993ns  (logic 0.159ns (16.030%)  route 0.834ns (83.970%))
  Logic Levels:           3  (IBUFCTRL=1 INBUF=1 LUT3=1)
  Clock Path Skew:        1.155ns (DCD - SCD - CPR)
    Destination Clock Delay (DCD):    1.155ns
    Source Clock Delay      (SCD):    0.000ns
    Clock Pessimism Removal (CPR):    -0.000ns
  Clock Net Delay (Destination): 1.017ns (routing 0.365ns, distribution 0.652ns)

    Location             Delay type                Incr(ns)  Path(ns)    Netlist Resource(s)
  -------------------------------------------------------------------    -------------------
    AB2                                               0.000     0.000 r  btn[2] (IN)
                         net (fo=0)                   0.000     0.000    btn_IBUF[2]_inst/I
    AB2                  INBUF (Prop_INBUF_HPIOB_M_PAD_O)
                                                      0.137     0.137 r  btn_IBUF[2]_inst/INBUF_INST/O
                         net (fo=1, routed)           0.000     0.137    btn_IBUF[2]_inst/OUT
    AB2                  IBUFCTRL (Prop_IBUFCTRL_HPIOB_M_I_O)
                                                      0.000     0.137 r  btn_IBUF[2]_inst/IBUFCTRL_INST/O
                         net (fo=18, routed)          0.818     0.955    system_i/hft_core/inst/u_core/u_ctrl/u_db2/btn[0]
    SLICE_X7Y52          LUT3 (Prop_D6LUT_SLICEL_I0_O)
                                                      0.022     0.977 r  system_i/hft_core/inst/u_core/u_ctrl/u_db2/btn_out_i_1__1/O
                         net (fo=1, routed)           0.016     0.993    system_i/hft_core/inst/u_core/u_ctrl/u_db2/btn_out_i_1__1_n_0
    SLICE_X7Y52          FDCE                                         r  system_i/hft_core/inst/u_core/u_ctrl/u_db2/btn_out_reg/D
  -------------------------------------------------------------------    -------------------

                         (clock clk_pl_0 rise edge)
                                                      0.000     0.000 r  
    PS8_X0Y0             PS8                          0.000     0.000 r  system_i/zynq_ps/inst/PS8_i/PLCLK[0]
                         net (fo=1, routed)           0.120     0.120    system_i/zynq_ps/inst/pl_clk_unbuffered[0]
    BUFG_PS_X0Y58        BUFG_PS (Prop_BUFG_PS_I_O)
                                                      0.018     0.138 r  system_i/zynq_ps/inst/buffer_pl_clk_0.PL_CLK_0_BUFG/O
    X0Y1 (CLOCK_ROOT)    net (fo=12182, routed)       1.017     1.155    system_i/hft_core/inst/u_core/u_ctrl/u_db2/clk
    SLICE_X7Y52          FDCE                                         r  system_i/hft_core/inst/u_core/u_ctrl/u_db2/btn_out_reg/C

Slack:                    inf
  Source:                 btn[2]
                            (input port)
  Destination:            system_i/hft_core/inst/u_core/u_ctrl/u_db2/counter_reg[3]/D
                            (rising edge-triggered cell FDCE clocked by clk_pl_0  {rise@0.000ns fall@10.312ns period=20.625ns})
  Path Group:             (none)
  Path Type:              Hold (Min at Fast Process Corner)
  Data Path Delay:        0.994ns  (logic 0.159ns (16.014%)  route 0.835ns (83.986%))
  Logic Levels:           3  (IBUFCTRL=1 INBUF=1 LUT4=1)
  Clock Path Skew:        1.155ns (DCD - SCD - CPR)
    Destination Clock Delay (DCD):    1.155ns
    Source Clock Delay      (SCD):    0.000ns
    Clock Pessimism Removal (CPR):    -0.000ns
  Clock Net Delay (Destination): 1.017ns (routing 0.365ns, distribution 0.652ns)

    Location             Delay type                Incr(ns)  Path(ns)    Netlist Resource(s)
  -------------------------------------------------------------------    -------------------
    AB2                                               0.000     0.000 r  btn[2] (IN)
                         net (fo=0)                   0.000     0.000    btn_IBUF[2]_inst/I
    AB2                  INBUF (Prop_INBUF_HPIOB_M_PAD_O)
                                                      0.137     0.137 r  btn_IBUF[2]_inst/INBUF_INST/O
                         net (fo=1, routed)           0.000     0.137    btn_IBUF[2]_inst/OUT
    AB2                  IBUFCTRL (Prop_IBUFCTRL_HPIOB_M_I_O)
                                                      0.000     0.137 r  btn_IBUF[2]_inst/IBUFCTRL_INST/O
                         net (fo=18, routed)          0.818     0.955    system_i/hft_core/inst/u_core/u_ctrl/u_db2/btn[0]
    SLICE_X7Y52          LUT4 (Prop_C6LUT_SLICEL_I2_O)
                                                      0.022     0.977 r  system_i/hft_core/inst/u_core/u_ctrl/u_db2/counter[3]_i_1__1/O
                         net (fo=1, routed)           0.017     0.994    system_i/hft_core/inst/u_core/u_ctrl/u_db2/counter[3]_i_1__1_n_0
    SLICE_X7Y52          FDCE                                         r  system_i/hft_core/inst/u_core/u_ctrl/u_db2/counter_reg[3]/D
  -------------------------------------------------------------------    -------------------

                         (clock clk_pl_0 rise edge)
                                                      0.000     0.000 r  
    PS8_X0Y0             PS8                          0.000     0.000 r  system_i/zynq_ps/inst/PS8_i/PLCLK[0]
                         net (fo=1, routed)           0.120     0.120    system_i/zynq_ps/inst/pl_clk_unbuffered[0]
    BUFG_PS_X0Y58        BUFG_PS (Prop_BUFG_PS_I_O)
                                                      0.018     0.138 r  system_i/zynq_ps/inst/buffer_pl_clk_0.PL_CLK_0_BUFG/O
    X0Y1 (CLOCK_ROOT)    net (fo=12182, routed)       1.017     1.155    system_i/hft_core/inst/u_core/u_ctrl/u_db2/clk
    SLICE_X7Y52          FDCE                                         r  system_i/hft_core/inst/u_core/u_ctrl/u_db2/counter_reg[3]/C

Slack:                    inf
  Source:                 btn[2]
                            (input port)
  Destination:            system_i/hft_core/inst/u_core/u_ctrl/u_db2/counter_reg[7]/D
                            (rising edge-triggered cell FDCE clocked by clk_pl_0  {rise@0.000ns fall@10.312ns period=20.625ns})
  Path Group:             (none)
  Path Type:              Hold (Min at Fast Process Corner)
  Data Path Delay:        1.001ns  (logic 0.187ns (18.696%)  route 0.814ns (81.304%))
  Logic Levels:           3  (IBUFCTRL=1 INBUF=1 LUT4=1)
  Clock Path Skew:        1.155ns (DCD - SCD - CPR)
    Destination Clock Delay (DCD):    1.155ns
    Source Clock Delay      (SCD):    0.000ns
    Clock Pessimism Removal (CPR):    -0.000ns
  Clock Net Delay (Destination): 1.017ns (routing 0.365ns, distribution 0.652ns)

    Location             Delay type                Incr(ns)  Path(ns)    Netlist Resource(s)
  -------------------------------------------------------------------    -------------------
    AB2                                               0.000     0.000 r  btn[2] (IN)
                         net (fo=0)                   0.000     0.000    btn_IBUF[2]_inst/I
    AB2                  INBUF (Prop_INBUF_HPIOB_M_PAD_O)
                                                      0.137     0.137 r  btn_IBUF[2]_inst/INBUF_INST/O
                         net (fo=1, routed)           0.000     0.137    btn_IBUF[2]_inst/OUT
    AB2                  IBUFCTRL (Prop_IBUFCTRL_HPIOB_M_I_O)
                                                      0.000     0.137 r  btn_IBUF[2]_inst/IBUFCTRL_INST/O
                         net (fo=18, routed)          0.799     0.936    system_i/hft_core/inst/u_core/u_ctrl/u_db2/btn[0]
    SLICE_X7Y52          LUT4 (Prop_B6LUT_SLICEL_I2_O)
                                                      0.050     0.986 r  system_i/hft_core/inst/u_core/u_ctrl/u_db2/counter[7]_i_1__1/O
                         net (fo=1, routed)           0.015     1.001    system_i/hft_core/inst/u_core/u_ctrl/u_db2/counter[7]_i_1__1_n_0
    SLICE_X7Y52          FDCE                                         r  system_i/hft_core/inst/u_core/u_ctrl/u_db2/counter_reg[7]/D
  -------------------------------------------------------------------    -------------------

                         (clock clk_pl_0 rise edge)
                                                      0.000     0.000 r  
    PS8_X0Y0             PS8                          0.000     0.000 r  system_i/zynq_ps/inst/PS8_i/PLCLK[0]
                         net (fo=1, routed)           0.120     0.120    system_i/zynq_ps/inst/pl_clk_unbuffered[0]
    BUFG_PS_X0Y58        BUFG_PS (Prop_BUFG_PS_I_O)
                                                      0.018     0.138 r  system_i/zynq_ps/inst/buffer_pl_clk_0.PL_CLK_0_BUFG/O
    X0Y1 (CLOCK_ROOT)    net (fo=12182, routed)       1.017     1.155    system_i/hft_core/inst/u_core/u_ctrl/u_db2/clk
    SLICE_X7Y52          FDCE                                         r  system_i/hft_core/inst/u_core/u_ctrl/u_db2/counter_reg[7]/C

Slack:                    inf
  Source:                 btn[1]
                            (input port)
  Destination:            system_i/hft_core/inst/u_core/u_ctrl/u_db1/counter_reg[3]/D
                            (rising edge-triggered cell FDCE clocked by clk_pl_0  {rise@0.000ns fall@10.312ns period=20.625ns})
  Path Group:             (none)
  Path Type:              Hold (Min at Fast Process Corner)
  Data Path Delay:        1.001ns  (logic 0.155ns (15.442%)  route 0.847ns (84.558%))
  Logic Levels:           3  (IBUFCTRL=1 INBUF=1 LUT4=1)
  Clock Path Skew:        1.151ns (DCD - SCD - CPR)
    Destination Clock Delay (DCD):    1.151ns
    Source Clock Delay      (SCD):    0.000ns
    Clock Pessimism Removal (CPR):    -0.000ns
  Clock Net Delay (Destination): 1.013ns (routing 0.365ns, distribution 0.648ns)

    Location             Delay type                Incr(ns)  Path(ns)    Netlist Resource(s)
  -------------------------------------------------------------------    -------------------
    AB7                                               0.000     0.000 r  btn[1] (IN)
                         net (fo=0)                   0.000     0.000    btn_IBUF[1]_inst/I
    AB7                  INBUF (Prop_INBUF_HPIOB_M_PAD_O)
                                                      0.133     0.133 r  btn_IBUF[1]_inst/INBUF_INST/O
                         net (fo=1, routed)           0.000     0.133    btn_IBUF[1]_inst/OUT
    AB7                  IBUFCTRL (Prop_IBUFCTRL_HPIOB_M_I_O)
                                                      0.000     0.133 r  btn_IBUF[1]_inst/IBUFCTRL_INST/O
                         net (fo=18, routed)          0.821     0.953    system_i/hft_core/inst/u_core/u_ctrl/u_db1/btn[0]
    SLICE_X28Y69         LUT4 (Prop_D6LUT_SLICEM_I2_O)
                                                      0.022     0.975 r  system_i/hft_core/inst/u_core/u_ctrl/u_db1/counter[3]_i_1__0/O
                         net (fo=1, routed)           0.026     1.001    system_i/hft_core/inst/u_core/u_ctrl/u_db1/counter[3]_i_1__0_n_0
    SLICE_X28Y69         FDCE                                         r  system_i/hft_core/inst/u_core/u_ctrl/u_db1/counter_reg[3]/D
  -------------------------------------------------------------------    -------------------

                         (clock clk_pl_0 rise edge)
                                                      0.000     0.000 r  
    PS8_X0Y0             PS8                          0.000     0.000 r  system_i/zynq_ps/inst/PS8_i/PLCLK[0]
                         net (fo=1, routed)           0.120     0.120    system_i/zynq_ps/inst/pl_clk_unbuffered[0]
    BUFG_PS_X0Y58        BUFG_PS (Prop_BUFG_PS_I_O)
                                                      0.018     0.138 r  system_i/zynq_ps/inst/buffer_pl_clk_0.PL_CLK_0_BUFG/O
    X0Y1 (CLOCK_ROOT)    net (fo=12182, routed)       1.013     1.151    system_i/hft_core/inst/u_core/u_ctrl/u_db1/clk
    SLICE_X28Y69         FDCE                                         r  system_i/hft_core/inst/u_core/u_ctrl/u_db1/counter_reg[3]/C

Slack:                    inf
  Source:                 btn[1]
                            (input port)
  Destination:            system_i/hft_core/inst/u_core/u_ctrl/u_db1/counter_reg[14]/D
                            (rising edge-triggered cell FDCE clocked by clk_pl_0  {rise@0.000ns fall@10.312ns period=20.625ns})
  Path Group:             (none)
  Path Type:              Hold (Min at Fast Process Corner)
  Data Path Delay:        1.004ns  (logic 0.154ns (15.297%)  route 0.851ns (84.703%))
  Logic Levels:           3  (IBUFCTRL=1 INBUF=1 LUT4=1)
  Clock Path Skew:        1.153ns (DCD - SCD - CPR)
    Destination Clock Delay (DCD):    1.153ns
    Source Clock Delay      (SCD):    0.000ns
    Clock Pessimism Removal (CPR):    -0.000ns
  Clock Net Delay (Destination): 1.015ns (routing 0.365ns, distribution 0.650ns)

    Location             Delay type                Incr(ns)  Path(ns)    Netlist Resource(s)
  -------------------------------------------------------------------    -------------------
    AB7                                               0.000     0.000 r  btn[1] (IN)
                         net (fo=0)                   0.000     0.000    btn_IBUF[1]_inst/I
    AB7                  INBUF (Prop_INBUF_HPIOB_M_PAD_O)
                                                      0.133     0.133 r  btn_IBUF[1]_inst/INBUF_INST/O
                         net (fo=1, routed)           0.000     0.133    btn_IBUF[1]_inst/OUT
    AB7                  IBUFCTRL (Prop_IBUFCTRL_HPIOB_M_I_O)
                                                      0.000     0.133 r  btn_IBUF[1]_inst/IBUFCTRL_INST/O
                         net (fo=18, routed)          0.844     0.976    system_i/hft_core/inst/u_core/u_ctrl/u_db1/btn[0]
    SLICE_X27Y71         LUT4 (Prop_B5LUT_SLICEL_I2_O)
                                                      0.021     0.997 r  system_i/hft_core/inst/u_core/u_ctrl/u_db1/counter[14]_i_1__0/O
                         net (fo=1, routed)           0.007     1.004    system_i/hft_core/inst/u_core/u_ctrl/u_db1/counter[14]_i_1__0_n_0
    SLICE_X27Y71         FDCE                                         r  system_i/hft_core/inst/u_core/u_ctrl/u_db1/counter_reg[14]/D
  -------------------------------------------------------------------    -------------------

                         (clock clk_pl_0 rise edge)
                                                      0.000     0.000 r  
    PS8_X0Y0             PS8                          0.000     0.000 r  system_i/zynq_ps/inst/PS8_i/PLCLK[0]
                         net (fo=1, routed)           0.120     0.120    system_i/zynq_ps/inst/pl_clk_unbuffered[0]
    BUFG_PS_X0Y58        BUFG_PS (Prop_BUFG_PS_I_O)
                                                      0.018     0.138 r  system_i/zynq_ps/inst/buffer_pl_clk_0.PL_CLK_0_BUFG/O
    X0Y1 (CLOCK_ROOT)    net (fo=12182, routed)       1.015     1.153    system_i/hft_core/inst/u_core/u_ctrl/u_db1/clk
    SLICE_X27Y71         FDCE                                         r  system_i/hft_core/inst/u_core/u_ctrl/u_db1/counter_reg[14]/C

Slack:                    inf
  Source:                 btn[1]
                            (input port)
  Destination:            system_i/hft_core/inst/u_core/u_ctrl/u_db1/counter_reg[6]/D
                            (rising edge-triggered cell FDCE clocked by clk_pl_0  {rise@0.000ns fall@10.312ns period=20.625ns})
  Path Group:             (none)
  Path Type:              Hold (Min at Fast Process Corner)
  Data Path Delay:        1.011ns  (logic 0.153ns (15.097%)  route 0.858ns (84.903%))
  Logic Levels:           3  (IBUFCTRL=1 INBUF=1 LUT4=1)
  Clock Path Skew:        1.146ns (DCD - SCD - CPR)
    Destination Clock Delay (DCD):    1.146ns
    Source Clock Delay      (SCD):    0.000ns
    Clock Pessimism Removal (CPR):    -0.000ns
  Clock Net Delay (Destination): 1.008ns (routing 0.365ns, distribution 0.643ns)

    Location             Delay type                Incr(ns)  Path(ns)    Netlist Resource(s)
  -------------------------------------------------------------------    -------------------
    AB7                                               0.000     0.000 r  btn[1] (IN)
                         net (fo=0)                   0.000     0.000    btn_IBUF[1]_inst/I
    AB7                  INBUF (Prop_INBUF_HPIOB_M_PAD_O)
                                                      0.133     0.133 r  btn_IBUF[1]_inst/INBUF_INST/O
                         net (fo=1, routed)           0.000     0.133    btn_IBUF[1]_inst/OUT
    AB7                  IBUFCTRL (Prop_IBUFCTRL_HPIOB_M_I_O)
                                                      0.000     0.133 r  btn_IBUF[1]_inst/IBUFCTRL_INST/O
                         net (fo=18, routed)          0.852     0.985    system_i/hft_core/inst/u_core/u_ctrl/u_db1/btn[0]
    SLICE_X26Y69         LUT4 (Prop_C5LUT_SLICEL_I2_O)
                                                      0.020     1.005 r  system_i/hft_core/inst/u_core/u_ctrl/u_db1/counter[6]_i_1__0/O
                         net (fo=1, routed)           0.006     1.011    system_i/hft_core/inst/u_core/u_ctrl/u_db1/counter[6]_i_1__0_n_0
    SLICE_X26Y69         FDCE                                         r  system_i/hft_core/inst/u_core/u_ctrl/u_db1/counter_reg[6]/D
  -------------------------------------------------------------------    -------------------

                         (clock clk_pl_0 rise edge)
                                                      0.000     0.000 r  
    PS8_X0Y0             PS8                          0.000     0.000 r  system_i/zynq_ps/inst/PS8_i/PLCLK[0]
                         net (fo=1, routed)           0.120     0.120    system_i/zynq_ps/inst/pl_clk_unbuffered[0]
    BUFG_PS_X0Y58        BUFG_PS (Prop_BUFG_PS_I_O)
                                                      0.018     0.138 r  system_i/zynq_ps/inst/buffer_pl_clk_0.PL_CLK_0_BUFG/O
    X0Y1 (CLOCK_ROOT)    net (fo=12182, routed)       1.008     1.146    system_i/hft_core/inst/u_core/u_ctrl/u_db1/clk
    SLICE_X26Y69         FDCE                                         r  system_i/hft_core/inst/u_core/u_ctrl/u_db1/counter_reg[6]/C





