$date
   Tue Apr 28 22:21:35 2026
$end

$version
  2025.2
  $dumpfile ("tb_link_tx.vcd") 
$end

$timescale
  1ps
$end

$scope module tb_link_tx $end
$var reg 1 ! clk $end
$var reg 1 " rst_n $end
$var reg 128 # frame_in [127:0] $end
$var reg 1 $ frame_in_valid $end
$var reg 1 % frame_in_ready $end
$var reg 4 & pmod_data [3:0] $end
$var reg 1 ' pmod_valid $end
$var reg 1 ( link_remote_ready $end
$var reg 128 ) frame_out [127:0] $end
$var reg 1 * frame_out_valid $end
$var reg 1 + link_up $end
$var reg 32 , error_count [31:0] $end
$var reg 32 - pass_count [31:0] $end
$var reg 32 . fail_count [31:0] $end
$scope module dut $end
$var wire 1 / clk $end
$var wire 1 0 rst_n $end
$var wire 128 1 frame_in [127:0] $end
$var wire 1 2 frame_in_valid $end
$var reg 1 % frame_in_ready $end
$var reg 4 & pmod_data [3:0] $end
$var reg 1 ' pmod_valid $end
$var wire 1 3 remote_ready $end
$var reg 1 4 remote_ready_s1 $end
$var reg 1 5 remote_ready_sync $end
$var reg 1 6 st $end
$var reg 128 7 shifter [127:0] $end
$var reg 5 8 beat [4:0] $end
$var reg 1 9 half_nibble $end
$upscope $end
$scope module u_mon $end
$var wire 1 : clk $end
$var wire 1 ; rst_n $end
$var wire 1 < counter_clr $end
$var wire 4 = pmod_data [3:0] $end
$var wire 1 > pmod_valid $end
$var reg 1 ( local_ready $end
$var reg 128 ) frame_out [127:0] $end
$var reg 1 * frame_out_valid $end
$var reg 1 + link_up $end
$var reg 32 , error_count [31:0] $end
$var reg 1 ? valid_s1 $end
$var reg 1 @ valid_sync $end
$var reg 4 A data_s1 [3:0] $end
$var reg 4 B data_sync [3:0] $end
$var reg 1 C valid_prev $end
$var wire 1 D valid_rise $end
$var reg 1 E state $end
$var reg 128 F assemble_reg [127:0] $end
$var reg 5 G beat_count [4:0] $end
$var reg 1 H phase $end
$scope begin Block124_8 $end
$var reg 128 I assembled_next [127:0] $end
$upscope $end
$upscope $end
$scope begin Block102_10 $end
$var reg 128 J rx_frame [127:0] $end
$var reg 128 K QUOTE_F [127:0] $end
$var reg 128 L ORDER_F [127:0] $end
$var reg 128 M FILL_F [127:0] $end
$var reg 32 N nib_idx [31:0] $end
$scope begin Block148_11 $end
$var reg 32 O i [31:0] $end
$scope begin Block148_12 $end
$var reg 128 P bf [127:0] $end
$upscope $end
$upscope $end
$scope begin Block172_13 $end
$var reg 32 Q timeout [31:0] $end
$upscope $end
$upscope $end
$scope task check $end
$upscope $end
$scope task check128 $end
$upscope $end
$scope task send_frame $end
$upscope $end
$scope task wait_rx $end
$upscope $end
$upscope $end
$enddefinitions $end

#0
$dumpvars
0!
0"
b0 #
0$
0%
b0 &
0'
1(
b0 )
0*
0+
b0 ,
b0 -
b0 .
0/
00
b0 1
02
13
04
05
06
b0 7
b0 8
09
0:
0;
0<
b0 =
0>
0?
0@
b0 A
b0 B
0C
0D
0E
b0 F
b0 G
0H
bx I
bx J
bx K
bx L
bx M
b0 N
b0 O
bx P
b0 Q
$end

#5000
1!
1/
1:

#10000
0!
0/
0:

#15000
1!
1/
1:

#20000
0!
0/
0:

#25000
1!
1/
1:

#30000
0!
0/
0:

#35000
1!
1/
1:

#40000
0!
0/
0:

#45000
1!
1/
1:

#50000
0!
0/
0:

#55000
1!
1/
1:

#60000
0!
0/
0:

#65000
1!
1/
1:

#70000
0!
0/
0:

#75000
1!
1/
1:

#80000
0!
0/
0:

#85000
1!
1/
1:

#90000
0!
0/
0:

#95000
1!
1/
1:

#100000
0!
1"
0/
10
0:
1;

#105000
1!
1/
14
1:

#110000
0!
0/
0:

#115000
1!
1%
1/
15
1:

#120000
0!
0/
0:

#125000
1!
1/
1:

#130000
0!
0/
0:

#135000
1!
b10000000000000001001000110100010101100111100010011010101111001101111011110000000000000000000000000000000000000000000000000001 #
1$
0%
b1 &
1'
1/
b10000000000000001001000110100010101100111100010011010101111001101111011110000000000000000000000000000000000000000000000000001 1
12
16
b10000000000000001001000110100010101100111100010011010101111001101111011110000000000000000000000000000000000000000000000000001 7
1:
b1 =
1>
b10000000000000001001000110100010101100111100010011010101111001101111011110000000000000000000000000000000000000000000000000001 K

#140000
0!
0/
0:

#145000
1!
1/
19
1:
1?
b1 A

#150000
0!
0/
0:

#155000
1!
b0 &
1/
b10010001101000101011001111000100110101011110011011110111100000000000000000000000000000000000000000000000000010000 7
b1 8
09
1:
b0 =
1@
b1 B
1D

#160000
0!
0/
0:

#165000
1!
0(
1/
03
19
1:
b0 A
1C
0D
1E

#170000
0!
0/
0:

#175000
1!
1/
04
b100100011010001010110011110001001101010111100110111101111000000000000000000000000000000000000000000000000000100000000 7
b10 8
09
1:
b0 B
b1 F
b1 G
1H
b1 I

#180000
0!
0/
0:

#185000
1!
1/
05
19
1:
0H

#190000
0!
0/
0:

#195000
1!
1/
b1001000110100010101100111100010011010101111001101111011110000000000000000000000000000000000000000000000000001000000000000 7
b11 8
09
1:
b10000 F
b10 G
1H
b10000 I

#200000
0!
0/
0:

#205000
1!
1/
19
1:
0H

#210000
0!
0/
0:

#215000
1!
b1 &
1/
b10010001101000101011001111000100110101011110011011110111100000000000000000000000000000000000000000000000000010000000000000000 7
b100 8
09
1:
b1 =
b100000000 F
b11 G
1H
b100000000 I

#220000
0!
0/
0:

#225000
1!
1/
19
1:
b1 A
0H

#230000
0!
0/
0:

#235000
1!
b10 &
1/
b100011010001010110011110001001101010111100110111101111000000000000000000000000000000000000000000000000000100000000000000000000 7
b101 8
09
1:
b10 =
b1 B
b1000000000000 F
b100 G
1H
b1000000000000 I

#240000
0!
0/
0:

#245000
1!
1/
19
1:
b10 A
0H

#250000
0!
0/
0:

#255000
1!
b11 &
1/
b110100010101100111100010011010101111001101111011110000000000000000000000000000000000000000000000000001000000000000000000000000 7
b110 8
09
1:
b11 =
b10 B
b10000000000000001 F
b101 G
1H
b10000000000000001 I

#260000
0!
0/
0:

#265000
1!
1/
19
1:
b11 A
0H

#270000
0!
0/
0:

#275000
1!
b100 &
1/
b1000101011001111000100110101011110011011110111100000000000000000000000000000000000000000000000000010000000000000000000000000000 7
b111 8
09
1:
b100 =
b11 B
b100000000000000010010 F
b110 G
1H
b100000000000000010010 I

#280000
0!
0/
0:

#285000
1!
1/
19
1:
b100 A
0H

#290000
0!
0/
0:

#295000
1!
b101 &
1/
b1010110011110001001101010111100110111101111000000000000000000000000000000000000000000000000000100000000000000000000000000000000 7
b1000 8
09
1:
b101 =
b100 B
b1000000000000000100100011 F
b111 G
1H
b1000000000000000100100011 I

#300000
0!
0/
0:

#305000
1!
1/
19
1:
b101 A
0H

#310000
0!
0/
0:

#315000
1!
b110 &
1/
b1100111100010011010101111001101111011110000000000000000000000000000000000000000000000000001000000000000000000000000000000000000 7
b1001 8
09
1:
b110 =
b101 B
b10000000000000001001000110100 F
b1000 G
1H
b10000000000000001001000110100 I

#320000
0!
0/
0:

#325000
1!
1/
19
1:
b110 A
0H

#330000
0!
0/
0:

#335000
1!
b111 &
1/
b1111000100110101011110011011110111100000000000000000000000000000000000000000000000000010000000000000000000000000000000000000000 7
b1010 8
09
1:
b111 =
b110 B
b100000000000000010010001101000101 F
b1001 G
1H
b100000000000000010010001101000101 I

#340000
0!
0/
0:

#345000
1!
1/
19
1:
b111 A
0H

#350000
0!
0/
0:

#355000
1!
b1000 &
1/
b10001001101010111100110111101111000000000000000000000000000000000000000000000000000100000000000000000000000000000000000000000000 7
b1011 8
09
1:
b1000 =
b111 B
b1000000000000000100100011010001010110 F
b1010 G
1H
b1000000000000000100100011010001010110 I

#360000
0!
0/
0:

#365000
1!
1/
19
1:
b1000 A
0H

#370000
0!
0/
0:

#375000
1!
b1001 &
1/
b10011010101111001101111011110000000000000000000000000000000000000000000000000001000000000000000000000000000000000000000000000000 7
b1100 8
09
1:
b1001 =
b1000 B
b10000000000000001001000110100010101100111 F
b1011 G
1H
b10000000000000001001000110100010101100111 I

#380000
0!
0/
0:

#385000
1!
1/
19
1:
b1001 A
0H

#390000
0!
0/
0:

#395000
1!
b1010 &
1/
b10101011110011011110111100000000000000000000000000000000000000000000000000010000000000000000000000000000000000000000000000000000 7
b1101 8
09
1:
b1010 =
b1001 B
b100000000000000010010001101000101011001111000 F
b1100 G
1H
b100000000000000010010001101000101011001111000 I

#400000
0!
0/
0:

#405000
1!
1/
19
1:
b1010 A
0H

#410000
0!
0/
0:

#415000
1!
b1011 &
1/
b10111100110111101111000000000000000000000000000000000000000000000000000100000000000000000000000000000000000000000000000000000000 7
b1110 8
09
1:
b1011 =
b1010 B
b1000000000000000100100011010001010110011110001001 F
b1101 G
1H
b1000000000000000100100011010001010110011110001001 I

#420000
0!
0/
0:

#425000
1!
1/
19
1:
b1011 A
0H

#430000
0!
0/
0:

#435000
1!
b1100 &
1/
b11001101111011110000000000000000000000000000000000000000000000000001000000000000000000000000000000000000000000000000000000000000 7
b1111 8
09
1:
b1100 =
b1011 B
b10000000000000001001000110100010101100111100010011010 F
b1110 G
1H
b10000000000000001001000110100010101100111100010011010 I

#440000
0!
0/
0:

#445000
1!
1/
19
1:
b1100 A
0H

#450000
0!
0/
0:

#455000
1!
b1101 &
1/
b11011110111100000000000000000000000000000000000000000000000000010000000000000000000000000000000000000000000000000000000000000000 7
b10000 8
09
1:
b1101 =
b1100 B
b100000000000000010010001101000101011001111000100110101011 F
b1111 G
1H
b100000000000000010010001101000101011001111000100110101011 I

#460000
0!
0/
0:

#465000
1!
1/
19
1:
b1101 A
0H

#470000
0!
0/
0:

#475000
1!
b1110 &
1/
b11101111000000000000000000000000000000000000000000000000000100000000000000000000000000000000000000000000000000000000000000000000 7
b10001 8
09
1:
b1110 =
b1101 B
b1000000000000000100100011010001010110011110001001101010111100 F
b10000 G
1H
b1000000000000000100100011010001010110011110001001101010111100 I

#480000
0!
0/
0:

#485000
1!
1/
19
1:
b1110 A
0H

#490000
0!
0/
0:

#495000
1!
b1111 &
1/
b11110000000000000000000000000000000000000000000000000001000000000000000000000000000000000000000000000000000000000000000000000000 7
b10010 8
09
1:
b1111 =
b1110 B
b10000000000000001001000110100010101100111100010011010101111001101 F
b10001 G
1H
b10000000000000001001000110100010101100111100010011010101111001101 I

#500000
0!
0/
0:

#505000
1!
1/
19
1:
b1111 A
0H

#510000
0!
0/
0:

#515000
1!
b0 &
1/
b10000000000000000000000000000000000000000000000000000000000000000000000000000 7
b10011 8
09
1:
b0 =
b1111 B
b100000000000000010010001101000101011001111000100110101011110011011110 F
b10010 G
1H
b100000000000000010010001101000101011001111000100110101011110011011110 I

#520000
0!
0/
0:

#525000
1!
1/
19
1:
b0 A
0H

#530000
0!
0/
0:

#535000
1!
1/
b100000000000000000000000000000000000000000000000000000000000000000000000000000000 7
b10100 8
09
1:
b0 B
b1000000000000000100100011010001010110011110001001101010111100110111101111 F
b10011 G
1H
b1000000000000000100100011010001010110011110001001101010111100110111101111 I

#540000
0!
0/
0:

#545000
1!
1/
19
1:
0H

#550000
0!
0/
0:

#555000
1!
1/
b1000000000000000000000000000000000000000000000000000000000000000000000000000000000000 7
b10101 8
09
1:
b10000000000000001001000110100010101100111100010011010101111001101111011110000 F
b10100 G
1H
b10000000000000001001000110100010101100111100010011010101111001101111011110000 I

#560000
0!
0/
0:

#565000
1!
1/
19
1:
0H

#570000
0!
0/
0:

#575000
1!
1/
b10000000000000000000000000000000000000000000000000000000000000000000000000000000000000000 7
b10110 8
09
1:
b100000000000000010010001101000101011001111000100110101011110011011110111100000000 F
b10101 G
1H
b100000000000000010010001101000101011001111000100110101011110011011110111100000000 I

#580000
0!
0/
0:

#585000
1!
1/
19
1:
0H

#590000
0!
0/
0:

#595000
1!
1/
b100000000000000000000000000000000000000000000000000000000000000000000000000000000000000000000 7
b10111 8
09
1:
b1000000000000000100100011010001010110011110001001101010111100110111101111000000000000 F
b10110 G
1H
b1000000000000000100100011010001010110011110001001101010111100110111101111000000000000 I

#600000
0!
0/
0:

#605000
1!
1/
19
1:
0H

#610000
0!
0/
0:

#615000
1!
1/
b1000000000000000000000000000000000000000000000000000000000000000000000000000000000000000000000000 7
b11000 8
09
1:
b10000000000000001001000110100010101100111100010011010101111001101111011110000000000000000 F
b10111 G
1H
b10000000000000001001000110100010101100111100010011010101111001101111011110000000000000000 I

#620000
0!
0/
0:

#625000
1!
1/
19
1:
0H

#630000
0!
0/
0:

#635000
1!
1/
b10000000000000000000000000000000000000000000000000000000000000000000000000000000000000000000000000000 7
b11001 8
09
1:
b100000000000000010010001101000101011001111000100110101011110011011110111100000000000000000000 F
b11000 G
1H
b100000000000000010010001101000101011001111000100110101011110011011110111100000000000000000000 I

#640000
0!
0/
0:

#645000
1!
1/
19
1:
0H

#650000
0!
0/
0:

#655000
1!
1/
b100000000000000000000000000000000000000000000000000000000000000000000000000000000000000000000000000000000 7
b11010 8
09
1:
b1000000000000000100100011010001010110011110001001101010111100110111101111000000000000000000000000 F
b11001 G
1H
b1000000000000000100100011010001010110011110001001101010111100110111101111000000000000000000000000 I

#660000
0!
0/
0:

#665000
1!
1/
19
1:
0H

#670000
0!
0/
0:

#675000
1!
1/
b1000000000000000000000000000000000000000000000000000000000000000000000000000000000000000000000000000000000000 7
b11011 8
09
1:
b10000000000000001001000110100010101100111100010011010101111001101111011110000000000000000000000000000 F
b11010 G
1H
b10000000000000001001000110100010101100111100010011010101111001101111011110000000000000000000000000000 I

#680000
0!
0/
0:

#685000
1!
1/
19
1:
0H

#690000
0!
0/
0:

#695000
1!
1/
b10000000000000000000000000000000000000000000000000000000000000000000000000000000000000000000000000000000000000000 7
b11100 8
09
1:
b100000000000000010010001101000101011001111000100110101011110011011110111100000000000000000000000000000000 F
b11011 G
1H
b100000000000000010010001101000101011001111000100110101011110011011110111100000000000000000000000000000000 I

#700000
0!
0/
0:

#705000
1!
1/
19
1:
0H

#710000
0!
0/
0:

#715000
1!
1/
b100000000000000000000000000000000000000000000000000000000000000000000000000000000000000000000000000000000000000000000 7
b11101 8
09
1:
b1000000000000000100100011010001010110011110001001101010111100110111101111000000000000000000000000000000000000 F
b11100 G
1H
b1000000000000000100100011010001010110011110001001101010111100110111101111000000000000000000000000000000000000 I

#720000
0!
0/
0:

#725000
1!
1/
19
1:
0H

#730000
0!
0/
0:

#735000
1!
1/
b1000000000000000000000000000000000000000000000000000000000000000000000000000000000000000000000000000000000000000000000000 7
b11110 8
09
1:
b10000000000000001001000110100010101100111100010011010101111001101111011110000000000000000000000000000000000000000 F
b11101 G
1H
b10000000000000001001000110100010101100111100010011010101111001101111011110000000000000000000000000000000000000000 I

#740000
0!
0/
0:

#745000
1!
1/
19
1:
0H

#750000
0!
0/
0:

#755000
1!
b1 &
1/
b10000000000000000000000000000000000000000000000000000000000000000000000000000000000000000000000000000000000000000000000000000 7
b11111 8
09
1:
b1 =
b100000000000000010010001101000101011001111000100110101011110011011110111100000000000000000000000000000000000000000000 F
b11110 G
1H
b100000000000000010010001101000101011001111000100110101011110011011110111100000000000000000000000000000000000000000000 I

#760000
0!
0/
0:

#765000
1!
1/
19
1:
b1 A
0H

#770000
0!
0/
0:

#775000
1!
0'
1/
06
09
1:
0>
b1 B
b1000000000000000100100011010001010110011110001001101010111100110111101111000000000000000000000000000000000000000000000000 F
b11111 G
1H
b1000000000000000100100011010001010110011110001001101010111100110111101111000000000000000000000000000000000000000000000000 I

#780000
0!
0/
0:

#785000
1!
1/
1:
0?
0H

#790000
0!
0/
0:

#795000
1!
1(
b10000000000000001001000110100010101100111100010011010101111001101111011110000000000000000000000000000000000000000000000000001 )
1*
1+
1/
13
1:
0@
0E
b0 F
b0 G
1H
b10000000000000001001000110100010101100111100010011010101111001101111011110000000000000000000000000000000000000000000000000001 I

#800000
0!
0/
0:

#805000
1!
0*
1/
14
1:
0C

#810000
0!
0/
0:

#815000
1!
1%
1/
15
1:

#820000
0!
0/
0:

#825000
1!
0%
1'
1/
16
b10000000000000001001000110100010101100111100010011010101111001101111011110000000000000000000000000000000000000000000000000001 7
b0 8
1:
1>

#830000
0!
0/
0:

#835000
1!
0$
1/
02
19
1:
1?

#840000
0!
0/
0:

#845000
1!
b0 &
1/
b10010001101000101011001111000100110101011110011011110111100000000000000000000000000000000000000000000000000010000 7
b1 8
09
1:
b0 =
1@
1D

#850000
0!
0/
0:

#855000
1!
0(
1/
03
19
1:
b0 A
1C
0D
1E
0H

#860000
0!
0/
0:

#865000
1!
1/
04
b100100011010001010110011110001001101010111100110111101111000000000000000000000000000000000000000000000000000100000000 7
b10 8
09
1:
b0 B
b1 F
b1 G
1H
b1 I

#870000
0!
0/
0:

#875000
1!
1/
05
19
1:
0H

#880000
0!
0/
0:

#885000
1!
1/
b1001000110100010101100111100010011010101111001101111011110000000000000000000000000000000000000000000000000001000000000000 7
b11 8
09
1:
b10000 F
b10 G
1H
b10000 I

#890000
0!
0/
0:

#895000
1!
1/
19
1:
0H

#900000
0!
0/
0:

#905000
1!
b1 &
1/
b10010001101000101011001111000100110101011110011011110111100000000000000000000000000000000000000000000000000010000000000000000 7
b100 8
09
1:
b1 =
b100000000 F
b11 G
1H
b100000000 I

#910000
0!
0/
0:

#915000
1!
1/
19
1:
b1 A
0H

#920000
0!
0/
0:

#925000
1!
b10 &
1/
b100011010001010110011110001001101010111100110111101111000000000000000000000000000000000000000000000000000100000000000000000000 7
b101 8
09
1:
b10 =
b1 B
b1000000000000 F
b100 G
1H
b1000000000000 I

#930000
0!
0/
0:

#935000
1!
1/
19
1:
b10 A
0H

#940000
0!
0/
0:

#945000
1!
b11 &
1/
b110100010101100111100010011010101111001101111011110000000000000000000000000000000000000000000000000001000000000000000000000000 7
b110 8
09
1:
b11 =
b10 B
b10000000000000001 F
b101 G
1H
b10000000000000001 I

#950000
0!
0/
0:

#955000
1!
1/
19
1:
b11 A
0H

#960000
0!
0/
0:

#965000
1!
b100 &
1/
b1000101011001111000100110101011110011011110111100000000000000000000000000000000000000000000000000010000000000000000000000000000 7
b111 8
09
1:
b100 =
b11 B
b100000000000000010010 F
b110 G
1H
b100000000000000010010 I

#970000
0!
0/
0:

#975000
1!
1/
19
1:
b100 A
0H

#980000
0!
0/
0:

#985000
1!
b101 &
1/
b1010110011110001001101010111100110111101111000000000000000000000000000000000000000000000000000100000000000000000000000000000000 7
b1000 8
09
1:
b101 =
b100 B
b1000000000000000100100011 F
b111 G
1H
b1000000000000000100100011 I

#990000
0!
0/
0:

#995000
1!
1/
19
1:
b101 A
0H

#1000000
0!
0/
0:

#1005000
1!
b110 &
1/
b1100111100010011010101111001101111011110000000000000000000000000000000000000000000000000001000000000000000000000000000000000000 7
b1001 8
09
1:
b110 =
b101 B
b10000000000000001001000110100 F
b1000 G
1H
b10000000000000001001000110100 I

#1010000
0!
0/
0:

#1015000
1!
1/
19
1:
b110 A
0H

#1020000
0!
0/
0:

#1025000
1!
b111 &
1/
b1111000100110101011110011011110111100000000000000000000000000000000000000000000000000010000000000000000000000000000000000000000 7
b1010 8
09
1:
b111 =
b110 B
b100000000000000010010001101000101 F
b1001 G
1H
b100000000000000010010001101000101 I

#1030000
0!
0/
0:

#1035000
1!
1/
19
1:
b111 A
0H

#1040000
0!
0/
0:

#1045000
1!
b1000 &
1/
b10001001101010111100110111101111000000000000000000000000000000000000000000000000000100000000000000000000000000000000000000000000 7
b1011 8
09
1:
b1000 =
b111 B
b1000000000000000100100011010001010110 F
b1010 G
1H
b1000000000000000100100011010001010110 I

#1050000
0!
0/
0:

#1055000
1!
1/
19
1:
b1000 A
0H

#1060000
0!
0/
0:

#1065000
1!
b1001 &
1/
b10011010101111001101111011110000000000000000000000000000000000000000000000000001000000000000000000000000000000000000000000000000 7
b1100 8
09
1:
b1001 =
b1000 B
b10000000000000001001000110100010101100111 F
b1011 G
1H
b10000000000000001001000110100010101100111 I

#1070000
0!
0/
0:

#1075000
1!
1/
19
1:
b1001 A
0H

#1080000
0!
0/
0:

#1085000
1!
b1010 &
1/
b10101011110011011110111100000000000000000000000000000000000000000000000000010000000000000000000000000000000000000000000000000000 7
b1101 8
09
1:
b1010 =
b1001 B
b100000000000000010010001101000101011001111000 F
b1100 G
1H
b100000000000000010010001101000101011001111000 I

#1090000
0!
0/
0:

#1095000
1!
1/
19
1:
b1010 A
0H

#1100000
0!
0/
0:

#1105000
1!
b1011 &
1/
b10111100110111101111000000000000000000000000000000000000000000000000000100000000000000000000000000000000000000000000000000000000 7
b1110 8
09
1:
b1011 =
b1010 B
b1000000000000000100100011010001010110011110001001 F
b1101 G
1H
b1000000000000000100100011010001010110011110001001 I

#1110000
0!
0/
0:

#1115000
1!
1/
19
1:
b1011 A
0H

#1120000
0!
0/
0:

#1125000
1!
b1100 &
1/
b11001101111011110000000000000000000000000000000000000000000000000001000000000000000000000000000000000000000000000000000000000000 7
b1111 8
09
1:
b1100 =
b1011 B
b10000000000000001001000110100010101100111100010011010 F
b1110 G
1H
b10000000000000001001000110100010101100111100010011010 I

#1130000
0!
0/
0:

#1135000
1!
1/
19
1:
b1100 A
0H

#1140000
0!
0/
0:

#1145000
1!
b1101 &
1/
b11011110111100000000000000000000000000000000000000000000000000010000000000000000000000000000000000000000000000000000000000000000 7
b10000 8
09
1:
b1101 =
b1100 B
b100000000000000010010001101000101011001111000100110101011 F
b1111 G
1H
b100000000000000010010001101000101011001111000100110101011 I

#1150000
0!
0/
0:

#1155000
1!
1/
19
1:
b1101 A
0H

#1160000
0!
0/
0:

#1165000
1!
b1110 &
1/
b11101111000000000000000000000000000000000000000000000000000100000000000000000000000000000000000000000000000000000000000000000000 7
b10001 8
09
1:
b1110 =
b1101 B
b1000000000000000100100011010001010110011110001001101010111100 F
b10000 G
1H
b1000000000000000100100011010001010110011110001001101010111100 I

#1170000
0!
0/
0:

#1175000
1!
1/
19
1:
b1110 A
0H

#1180000
0!
0/
0:

#1185000
1!
b1111 &
1/
b11110000000000000000000000000000000000000000000000000001000000000000000000000000000000000000000000000000000000000000000000000000 7
b10010 8
09
1:
b1111 =
b1110 B
b10000000000000001001000110100010101100111100010011010101111001101 F
b10001 G
1H
b10000000000000001001000110100010101100111100010011010101111001101 I

#1190000
0!
0/
0:

#1195000
1!
1/
19
1:
b1111 A
0H

#1200000
0!
0/
0:

#1205000
1!
b0 &
1/
b10000000000000000000000000000000000000000000000000000000000000000000000000000 7
b10011 8
09
1:
b0 =
b1111 B
b100000000000000010010001101000101011001111000100110101011110011011110 F
b10010 G
1H
b100000000000000010010001101000101011001111000100110101011110011011110 I

#1210000
0!
0/
0:

#1215000
1!
1/
19
1:
b0 A
0H

#1220000
0!
0/
0:

#1225000
1!
1/
b100000000000000000000000000000000000000000000000000000000000000000000000000000000 7
b10100 8
09
1:
b0 B
b1000000000000000100100011010001010110011110001001101010111100110111101111 F
b10011 G
1H
b1000000000000000100100011010001010110011110001001101010111100110111101111 I

#1230000
0!
0/
0:

#1235000
1!
1/
19
1:
0H

#1240000
0!
0/
0:

#1245000
1!
1/
b1000000000000000000000000000000000000000000000000000000000000000000000000000000000000 7
b10101 8
09
1:
b10000000000000001001000110100010101100111100010011010101111001101111011110000 F
b10100 G
1H
b10000000000000001001000110100010101100111100010011010101111001101111011110000 I

#1250000
0!
0/
0:

#1255000
1!
1/
19
1:
0H

#1260000
0!
0/
0:

#1265000
1!
1/
b10000000000000000000000000000000000000000000000000000000000000000000000000000000000000000 7
b10110 8
09
1:
b100000000000000010010001101000101011001111000100110101011110011011110111100000000 F
b10101 G
1H
b100000000000000010010001101000101011001111000100110101011110011011110111100000000 I

#1270000
0!
0/
0:

#1275000
1!
1/
19
1:
0H

#1280000
0!
0/
0:

#1285000
1!
1/
b100000000000000000000000000000000000000000000000000000000000000000000000000000000000000000000 7
b10111 8
09
1:
b1000000000000000100100011010001010110011110001001101010111100110111101111000000000000 F
b10110 G
1H
b1000000000000000100100011010001010110011110001001101010111100110111101111000000000000 I

#1290000
0!
0/
0:

#1295000
1!
1/
19
1:
0H

#1300000
0!
0/
0:

#1305000
1!
1/
b1000000000000000000000000000000000000000000000000000000000000000000000000000000000000000000000000 7
b11000 8
09
1:
b10000000000000001001000110100010101100111100010011010101111001101111011110000000000000000 F
b10111 G
1H
b10000000000000001001000110100010101100111100010011010101111001101111011110000000000000000 I

#1310000
0!
0/
0:

#1315000
1!
1/
19
1:
0H

#1320000
0!
0/
0:

#1325000
1!
1/
b10000000000000000000000000000000000000000000000000000000000000000000000000000000000000000000000000000 7
b11001 8
09
1:
b100000000000000010010001101000101011001111000100110101011110011011110111100000000000000000000 F
b11000 G
1H
b100000000000000010010001101000101011001111000100110101011110011011110111100000000000000000000 I

#1330000
0!
0/
0:

#1335000
1!
1/
19
1:
0H

#1340000
0!
0/
0:

#1345000
1!
1/
b100000000000000000000000000000000000000000000000000000000000000000000000000000000000000000000000000000000 7
b11010 8
09
1:
b1000000000000000100100011010001010110011110001001101010111100110111101111000000000000000000000000 F
b11001 G
1H
b1000000000000000100100011010001010110011110001001101010111100110111101111000000000000000000000000 I

#1350000
0!
0/
0:

#1355000
1!
1/
19
1:
0H

#1360000
0!
0/
0:

#1365000
1!
1/
b1000000000000000000000000000000000000000000000000000000000000000000000000000000000000000000000000000000000000 7
b11011 8
09
1:
b10000000000000001001000110100010101100111100010011010101111001101111011110000000000000000000000000000 F
b11010 G
1H
b10000000000000001001000110100010101100111100010011010101111001101111011110000000000000000000000000000 I

#1370000
0!
0/
0:

#1375000
1!
1/
19
1:
0H

#1380000
0!
0/
0:

#1385000
1!
1/
b10000000000000000000000000000000000000000000000000000000000000000000000000000000000000000000000000000000000000000 7
b11100 8
09
1:
b100000000000000010010001101000101011001111000100110101011110011011110111100000000000000000000000000000000 F
b11011 G
1H
b100000000000000010010001101000101011001111000100110101011110011011110111100000000000000000000000000000000 I

#1390000
0!
0/
0:

#1395000
1!
1/
19
1:
0H

#1400000
0!
0/
0:

#1405000
1!
1/
b100000000000000000000000000000000000000000000000000000000000000000000000000000000000000000000000000000000000000000000 7
b11101 8
09
1:
b1000000000000000100100011010001010110011110001001101010111100110111101111000000000000000000000000000000000000 F
b11100 G
1H
b1000000000000000100100011010001010110011110001001101010111100110111101111000000000000000000000000000000000000 I

#1410000
0!
0/
0:

#1415000
1!
1/
19
1:
0H

#1420000
0!
0/
0:

#1425000
1!
1/
b1000000000000000000000000000000000000000000000000000000000000000000000000000000000000000000000000000000000000000000000000 7
b11110 8
09
1:
b10000000000000001001000110100010101100111100010011010101111001101111011110000000000000000000000000000000000000000 F
b11101 G
1H
b10000000000000001001000110100010101100111100010011010101111001101111011110000000000000000000000000000000000000000 I

#1430000
0!
0/
0:

#1435000
1!
1/
19
1:
0H

#1440000
0!
0/
0:

#1445000
1!
b1 &
1/
b10000000000000000000000000000000000000000000000000000000000000000000000000000000000000000000000000000000000000000000000000000 7
b11111 8
09
1:
b1 =
b100000000000000010010001101000101011001111000100110101011110011011110111100000000000000000000000000000000000000000000 F
b11110 G
1H
b100000000000000010010001101000101011001111000100110101011110011011110111100000000000000000000000000000000000000000000 I

#1450000
0!
0/
0:

#1455000
1!
1/
19
1:
b1 A
0H

#1460000
0!
0/
0:

#1465000
1!
0'
1/
06
09
1:
0>
b1 B
b1000000000000000100100011010001010110011110001001101010111100110111101111000000000000000000000000000000000000000000000000 F
b11111 G
1H
b1000000000000000100100011010001010110011110001001101010111100110111101111000000000000000000000000000000000000000000000000 I

#1470000
0!
0/
0:

#1475000
1!
1/
1:
0?
0H

#1480000
0!
0/
0:

#1485000
1!
1(
1*
1/
13
1:
0@
0E
b0 F
b0 G
1H
b10000000000000001001000110100010101100111100010011010101111001101111011110000000000000000000000000000000000000000000000000001 I

#1490000
0!
0/
0:

#1495000
1!
b100000001100000000000001100100000000000000000000000000011001000000000000000001101010111100110100000000000000000000000000000000 #
1$
0*
b11 -
1/
b100000001100000000000001100100000000000000000000000000011001000000000000000001101010111100110100000000000000000000000000000000 1
12
14
1:
0C
b10000000000000001001000110100010101100111100010011010101111001101111011110000000000000000000000000000000000000000000000000001 J
b100000001100000000000001100100000000000000000000000000011001000000000000000001101010111100110100000000000000000000000000000000 L
b110000001100000000000001100100000000000000000000000000011001000000000000000001101010111100110100000000000000000000000000000000 M

#1500000
0!
0/
0:

#1505000
1!
1%
1/
15
1:

#1510000
0!
0/
0:

#1515000
1!
0%
b10 &
1'
1/
16
b100000001100000000000001100100000000000000000000000000011001000000000000000001101010111100110100000000000000000000000000000000 7
b0 8
1:
b10 =
1>

#1520000
0!
0/
0:

#1525000
1!
0$
1/
02
19
1:
1?
b10 A

#1530000
0!
0/
0:

#1535000
1!
b0 &
1/
b11000000000000011001000000000000000000000000000110010000000000000000011010101111001101000000000000000000000000000000000000 7
b1 8
09
1:
b0 =
1@
b10 B
1D

#1540000
0!
0/
0:

#1545000
1!
0(
1/
03
19
1:
b0 A
1C
0D
1E
0H

#1550000
0!
0/
0:

#1555000
1!
b11 &
1/
04
b110000000000000110010000000000000000000000000001100100000000000000000110101011110011010000000000000000000000000000000000000000 7
b10 8
09
1:
b11 =
b0 B
b10 F
b1 G
1H
b10 I

#1560000
0!
0/
0:

#1565000
1!
1/
05
19
1:
b11 A
0H

#1570000
0!
0/
0:

#1575000
1!
b0 &
1/
b1100100000000000000000000000000011001000000000000000001101010111100110100000000000000000000000000000000000000000000 7
b11 8
09
1:
b0 =
b11 B
b100000 F
b10 G
1H
b100000 I

#1580000
0!
0/
0:

#1585000
1!
1/
19
1:
b0 A
0H

#1590000
0!
0/
0:

#1595000
1!
1/
b11001000000000000000000000000000110010000000000000000011010101111001101000000000000000000000000000000000000000000000000 7
b100 8
09
1:
b0 B
b1000000011 F
b11 G
1H
b1000000011 I

#1600000
0!
0/
0:

#1605000
1!
1/
19
1:
0H

#1610000
0!
0/
0:

#1615000
1!
1/
b110010000000000000000000000000001100100000000000000000110101011110011010000000000000000000000000000000000000000000000000000 7
b101 8
09
1:
b10000000110000 F
b100 G
1H
b10000000110000 I

#1620000
0!
0/
0:

#1625000
1!
1/
19
1:
0H

#1630000
0!
0/
0:

#1635000
1!
b110 &
1/
b1100100000000000000000000000000011001000000000000000001101010111100110100000000000000000000000000000000000000000000000000000000 7
b110 8
09
1:
b110 =
b100000001100000000 F
b101 G
1H
b100000001100000000 I

#1640000
0!
0/
0:

#1645000
1!
1/
19
1:
b110 A
0H

#1650000
0!
0/
0:

#1655000
1!
b100 &
1/
b1000000000000000000000000000110010000000000000000011010101111001101000000000000000000000000000000000000000000000000000000000000 7
b111 8
09
1:
b100 =
b110 B
b1000000011000000000000 F
b110 G
1H
b1000000011000000000000 I

#1660000
0!
0/
0:

#1665000
1!
1/
19
1:
b100 A
0H

#1670000
0!
0/
0:

#1675000
1!
b0 &
1/
b1100100000000000000000110101011110011010000000000000000000000000000000000000000000000000000000000000000 7
b1000 8
09
1:
b0 =
b100 B
b10000000110000000000000110 F
b111 G
1H
b10000000110000000000000110 I

#1680000
0!
0/
0:

#1685000
1!
1/
19
1:
b0 A
0H

#1690000
0!
0/
0:

#1695000
1!
1/
b11001000000000000000001101010111100110100000000000000000000000000000000000000000000000000000000000000000000 7
b1001 8
09
1:
b0 B
b100000001100000000000001100100 F
b1000 G
1H
b100000001100000000000001100100 I

#1700000
0!
0/
0:

#1705000
1!
1/
19
1:
0H

#1710000
0!
0/
0:

#1715000
1!
1/
b110010000000000000000011010101111001101000000000000000000000000000000000000000000000000000000000000000000000000 7
b1010 8
09
1:
b1000000011000000000000011001000000 F
b1001 G
1H
b1000000011000000000000011001000000 I

#1720000
0!
0/
0:

#1725000
1!
1/
19
1:
0H

#1730000
0!
0/
0:

#1735000
1!
1/
b1100100000000000000000110101011110011010000000000000000000000000000000000000000000000000000000000000000000000000000 7
b1011 8
09
1:
b10000000110000000000000110010000000000 F
b1010 G
1H
b10000000110000000000000110010000000000 I

#1740000
0!
0/
0:

#1745000
1!
1/
19
1:
0H

#1750000
0!
0/
0:

#1755000
1!
1/
b11001000000000000000001101010111100110100000000000000000000000000000000000000000000000000000000000000000000000000000000 7
b1100 8
09
1:
b100000001100000000000001100100000000000000 F
b1011 G
1H
b100000001100000000000001100100000000000000 I

#1760000
0!
0/
0:

#1765000
1!
1/
19
1:
0H

#1770000
0!
0/
0:

#1775000
1!
1/
b110010000000000000000011010101111001101000000000000000000000000000000000000000000000000000000000000000000000000000000000000 7
b1101 8
09
1:
b1000000011000000000000011001000000000000000000 F
b1100 G
1H
b1000000011000000000000011001000000000000000000 I

#1780000
0!
0/
0:

#1785000
1!
1/
19
1:
0H

#1790000
0!
0/
0:

#1795000
1!
b110 &
1/
b1100100000000000000000110101011110011010000000000000000000000000000000000000000000000000000000000000000000000000000000000000000 7
b1110 8
09
1:
b110 =
b10000000110000000000000110010000000000000000000000 F
b1101 G
1H
b10000000110000000000000110010000000000000000000000 I

#1800000
0!
0/
0:

#1805000
1!
1/
19
1:
b110 A
0H

#1810000
0!
0/
0:

#1815000
1!
b100 &
1/
b1000000000000000001101010111100110100000000000000000000000000000000000000000000000000000000000000000000000000000000000000000000 7
b1111 8
09
1:
b100 =
b110 B
b100000001100000000000001100100000000000000000000000000 F
b1110 G
1H
b100000001100000000000001100100000000000000000000000000 I

#1820000
0!
0/
0:

#1825000
1!
1/
19
1:
b100 A
0H

#1830000
0!
0/
0:

#1835000
1!
b0 &
1/
b11010101111001101000000000000000000000000000000000000000000000000000000000000000000000000000000000000000000000000 7
b10000 8
09
1:
b0 =
b100 B
b1000000011000000000000011001000000000000000000000000000110 F
b1111 G
1H
b1000000011000000000000011001000000000000000000000000000110 I

#1840000
0!
0/
0:

#1845000
1!
1/
19
1:
b0 A
0H

#1850000
0!
0/
0:

#1855000
1!
1/
b110101011110011010000000000000000000000000000000000000000000000000000000000000000000000000000000000000000000000000000 7
b10001 8
09
1:
b0 B
b10000000110000000000000110010000000000000000000000000001100100 F
b10000 G
1H
b10000000110000000000000110010000000000000000000000000001100100 I

#1860000
0!
0/
0:

#1865000
1!
1/
19
1:
0H

#1870000
0!
0/
0:

#1875000
1!
1/
b1101010111100110100000000000000000000000000000000000000000000000000000000000000000000000000000000000000000000000000000000 7
b10010 8
09
1:
b100000001100000000000001100100000000000000000000000000011001000000 F
b10001 G
1H
b100000001100000000000001100100000000000000000000000000011001000000 I

#1880000
0!
0/
0:

#1885000
1!
1/
19
1:
0H

#1890000
0!
0/
0:

#1895000
1!
b1 &
1/
b11010101111001101000000000000000000000000000000000000000000000000000000000000000000000000000000000000000000000000000000000000 7
b10011 8
09
1:
b1 =
b1000000011000000000000011001000000000000000000000000000110010000000000 F
b10010 G
1H
b1000000011000000000000011001000000000000000000000000000110010000000000 I

#1900000
0!
0/
0:

#1905000
1!
1/
19
1:
b1 A
0H

#1910000
0!
0/
0:

#1915000
1!
b1010 &
1/
b10101011110011010000000000000000000000000000000000000000000000000000000000000000000000000000000000000000000000000000000000000000 7
b10100 8
09
1:
b1010 =
b1 B
b10000000110000000000000110010000000000000000000000000001100100000000000000 F
b10011 G
1H
b10000000110000000000000110010000000000000000000000000001100100000000000000 I

#1920000
0!
0/
0:

#1925000
1!
1/
19
1:
b1010 A
0H

#1930000
0!
0/
0:

#1935000
1!
b1011 &
1/
b10111100110100000000000000000000000000000000000000000000000000000000000000000000000000000000000000000000000000000000000000000000 7
b10101 8
09
1:
b1011 =
b1010 B
b100000001100000000000001100100000000000000000000000000011001000000000000000001 F
b10100 G
1H
b100000001100000000000001100100000000000000000000000000011001000000000000000001 I

#1940000
0!
0/
0:

#1945000
1!
1/
19
1:
b1011 A
0H

#1950000
0!
0/
0:

#1955000
1!
b1100 &
1/
b11001101000000000000000000000000000000000000000000000000000000000000000000000000000000000000000000000000000000000000000000000000 7
b10110 8
09
1:
b1100 =
b1011 B
b1000000011000000000000011001000000000000000000000000000110010000000000000000011010 F
b10101 G
1H
b1000000011000000000000011001000000000000000000000000000110010000000000000000011010 I

#1960000
0!
0/
0:

#1965000
1!
1/
19
1:
b1100 A
0H

#1970000
0!
0/
0:

#1975000
1!
b1101 &
1/
b11010000000000000000000000000000000000000000000000000000000000000000000000000000000000000000000000000000000000000000000000000000 7
b10111 8
09
1:
b1101 =
b1100 B
b10000000110000000000000110010000000000000000000000000001100100000000000000000110101011 F
b10110 G
1H
b10000000110000000000000110010000000000000000000000000001100100000000000000000110101011 I

#1980000
0!
0/
0:

#1985000
1!
1/
19
1:
b1101 A
0H

#1990000
0!
0/
0:

#1995000
1!
b0 &
1/
b0 7
b11000 8
09
1:
b0 =
b1101 B
b100000001100000000000001100100000000000000000000000000011001000000000000000001101010111100 F
b10111 G
1H
b100000001100000000000001100100000000000000000000000000011001000000000000000001101010111100 I

#2000000
0!
0/
0:

#2005000
1!
1/
19
1:
b0 A
0H

#2010000
0!
0/
0:

#2015000
1!
1/
b11001 8
09
1:
b0 B
b1000000011000000000000011001000000000000000000000000000110010000000000000000011010101111001101 F
b11000 G
1H
b1000000011000000000000011001000000000000000000000000000110010000000000000000011010101111001101 I

#2020000
0!
0/
0:

#2025000
1!
1/
19
1:
0H

#2030000
0!
0/
0:

#2035000
1!
1/
b11010 8
09
1:
b10000000110000000000000110010000000000000000000000000001100100000000000000000110101011110011010000 F
b11001 G
1H
b10000000110000000000000110010000000000000000000000000001100100000000000000000110101011110011010000 I

#2040000
0!
0/
0:

#2045000
1!
1/
19
1:
0H

#2050000
0!
0/
0:

#2055000
1!
1/
b11011 8
09
1:
b100000001100000000000001100100000000000000000000000000011001000000000000000001101010111100110100000000 F
b11010 G
1H
b100000001100000000000001100100000000000000000000000000011001000000000000000001101010111100110100000000 I

#2060000
0!
0/
0:

#2065000
1!
1/
19
1:
0H

#2070000
0!
0/
0:

#2075000
1!
1/
b11100 8
09
1:
b1000000011000000000000011001000000000000000000000000000110010000000000000000011010101111001101000000000000 F
b11011 G
1H
b1000000011000000000000011001000000000000000000000000000110010000000000000000011010101111001101000000000000 I

#2080000
0!
0/
0:

#2085000
1!
1/
19
1:
0H

#2090000
0!
0/
0:

#2095000
1!
1/
b11101 8
09
1:
b10000000110000000000000110010000000000000000000000000001100100000000000000000110101011110011010000000000000000 F
b11100 G
1H
b10000000110000000000000110010000000000000000000000000001100100000000000000000110101011110011010000000000000000 I

#2100000
0!
0/
0:

#2105000
1!
1/
19
1:
0H

#2110000
0!
0/
0:

#2115000
1!
1/
b11110 8
09
1:
b100000001100000000000001100100000000000000000000000000011001000000000000000001101010111100110100000000000000000000 F
b11101 G
1H
b100000001100000000000001100100000000000000000000000000011001000000000000000001101010111100110100000000000000000000 I

#2120000
0!
0/
0:

#2125000
1!
1/
19
1:
0H

#2130000
0!
0/
0:

#2135000
1!
1/
b11111 8
09
1:
b1000000011000000000000011001000000000000000000000000000110010000000000000000011010101111001101000000000000000000000000 F
b11110 G
1H
b1000000011000000000000011001000000000000000000000000000110010000000000000000011010101111001101000000000000000000000000 I

#2140000
0!
0/
0:

#2145000
1!
1/
19
1:
0H

#2150000
0!
0/
0:

#2155000
1!
0'
1/
06
09
1:
0>
b10000000110000000000000110010000000000000000000000000001100100000000000000000110101011110011010000000000000000000000000000 F
b11111 G
1H
b10000000110000000000000110010000000000000000000000000001100100000000000000000110101011110011010000000000000000000000000000 I

#2160000
0!
0/
0:

#2165000
1!
1/
1:
0?
0H

#2170000
0!
0/
0:

#2175000
1!
1(
b100000001100000000000001100100000000000000000000000000011001000000000000000001101010111100110100000000000000000000000000000000 )
1*
1/
13
1:
0@
0E
b0 F
b0 G
1H
b100000001100000000000001100100000000000000000000000000011001000000000000000001101010111100110100000000000000000000000000000000 I

#2180000
0!
0/
0:

#2185000
1!
b110000001100000000000001100100000000000000000000000000011001000000000000000001101010111100110100000000000000000000000000000000 #
1$
0*
b100 -
1/
b110000001100000000000001100100000000000000000000000000011001000000000000000001101010111100110100000000000000000000000000000000 1
12
14
1:
0C
b100000001100000000000001100100000000000000000000000000011001000000000000000001101010111100110100000000000000000000000000000000 J

#2190000
0!
0/
0:

#2195000
1!
1%
1/
15
1:

#2200000
0!
0/
0:

#2205000
1!
0%
b11 &
1'
1/
16
b110000001100000000000001100100000000000000000000000000011001000000000000000001101010111100110100000000000000000000000000000000 7
b0 8
1:
b11 =
1>

#2210000
0!
0/
0:

#2215000
1!
0$
1/
02
19
1:
1?
b11 A

#2220000
0!
0/
0:

#2225000
1!
b0 &
1/
b11000000000000011001000000000000000000000000000110010000000000000000011010101111001101000000000000000000000000000000000000 7
b1 8
09
1:
b0 =
1@
b11 B
1D

#2230000
0!
0/
0:

#2235000
1!
0(
1/
03
19
1:
b0 A
1C
0D
1E
0H

#2240000
0!
0/
0:

#2245000
1!
b11 &
1/
04
b110000000000000110010000000000000000000000000001100100000000000000000110101011110011010000000000000000000000000000000000000000 7
b10 8
09
1:
b11 =
b0 B
b11 F
b1 G
1H
b11 I

#2250000
0!
0/
0:

#2255000
1!
1/
05
19
1:
b11 A
0H

#2260000
0!
0/
0:

#2265000
1!
b0 &
1/
b1100100000000000000000000000000011001000000000000000001101010111100110100000000000000000000000000000000000000000000 7
b11 8
09
1:
b0 =
b11 B
b110000 F
b10 G
1H
b110000 I

#2270000
0!
0/
0:

#2275000
1!
1/
19
1:
b0 A
0H

#2280000
0!
0/
0:

#2285000
1!
1/
b11001000000000000000000000000000110010000000000000000011010101111001101000000000000000000000000000000000000000000000000 7
b100 8
09
1:
b0 B
b1100000011 F
b11 G
1H
b1100000011 I

#2290000
0!
0/
0:

#2295000
1!
1/
19
1:
0H

#2300000
0!
0/
0:

#2305000
1!
1/
b110010000000000000000000000000001100100000000000000000110101011110011010000000000000000000000000000000000000000000000000000 7
b101 8
09
1:
b11000000110000 F
b100 G
1H
b11000000110000 I

#2310000
0!
0/
0:

#2315000
1!
1/
19
1:
0H

#2320000
0!
0/
0:

#2325000
1!
b110 &
1/
b1100100000000000000000000000000011001000000000000000001101010111100110100000000000000000000000000000000000000000000000000000000 7
b110 8
09
1:
b110 =
b110000001100000000 F
b101 G
1H
b110000001100000000 I

#2330000
0!
0/
0:

#2335000
1!
1/
19
1:
b110 A
0H

#2340000
0!
0/
0:

#2345000
1!
b100 &
1/
b1000000000000000000000000000110010000000000000000011010101111001101000000000000000000000000000000000000000000000000000000000000 7
b111 8
09
1:
b100 =
b110 B
b1100000011000000000000 F
b110 G
1H
b1100000011000000000000 I

#2350000
0!
0/
0:

#2355000
1!
1/
19
1:
b100 A
0H

#2360000
0!
0/
0:

#2365000
1!
b0 &
1/
b1100100000000000000000110101011110011010000000000000000000000000000000000000000000000000000000000000000 7
b1000 8
09
1:
b0 =
b100 B
b11000000110000000000000110 F
b111 G
1H
b11000000110000000000000110 I

#2370000
0!
0/
0:

#2375000
1!
1/
19
1:
b0 A
0H

#2380000
0!
0/
0:

#2385000
1!
1/
b11001000000000000000001101010111100110100000000000000000000000000000000000000000000000000000000000000000000 7
b1001 8
09
1:
b0 B
b110000001100000000000001100100 F
b1000 G
1H
b110000001100000000000001100100 I

#2390000
0!
0/
0:

#2395000
1!
1/
19
1:
0H

#2400000
0!
0/
0:

#2405000
1!
1/
b110010000000000000000011010101111001101000000000000000000000000000000000000000000000000000000000000000000000000 7
b1010 8
09
1:
b1100000011000000000000011001000000 F
b1001 G
1H
b1100000011000000000000011001000000 I

#2410000
0!
0/
0:

#2415000
1!
1/
19
1:
0H

#2420000
0!
0/
0:

#2425000
1!
1/
b1100100000000000000000110101011110011010000000000000000000000000000000000000000000000000000000000000000000000000000 7
b1011 8
09
1:
b11000000110000000000000110010000000000 F
b1010 G
1H
b11000000110000000000000110010000000000 I

#2430000
0!
0/
0:

#2435000
1!
1/
19
1:
0H

#2440000
0!
0/
0:

#2445000
1!
1/
b11001000000000000000001101010111100110100000000000000000000000000000000000000000000000000000000000000000000000000000000 7
b1100 8
09
1:
b110000001100000000000001100100000000000000 F
b1011 G
1H
b110000001100000000000001100100000000000000 I

#2450000
0!
0/
0:

#2455000
1!
1/
19
1:
0H

#2460000
0!
0/
0:

#2465000
1!
1/
b110010000000000000000011010101111001101000000000000000000000000000000000000000000000000000000000000000000000000000000000000 7
b1101 8
09
1:
b1100000011000000000000011001000000000000000000 F
b1100 G
1H
b1100000011000000000000011001000000000000000000 I

#2470000
0!
0/
0:

#2475000
1!
1/
19
1:
0H

#2480000
0!
0/
0:

#2485000
1!
b110 &
1/
b1100100000000000000000110101011110011010000000000000000000000000000000000000000000000000000000000000000000000000000000000000000 7
b1110 8
09
1:
b110 =
b11000000110000000000000110010000000000000000000000 F
b1101 G
1H
b11000000110000000000000110010000000000000000000000 I

#2490000
0!
0/
0:

#2495000
1!
1/
19
1:
b110 A
0H

#2500000
0!
0/
0:

#2505000
1!
b100 &
1/
b1000000000000000001101010111100110100000000000000000000000000000000000000000000000000000000000000000000000000000000000000000000 7
b1111 8
09
1:
b100 =
b110 B
b110000001100000000000001100100000000000000000000000000 F
b1110 G
1H
b110000001100000000000001100100000000000000000000000000 I

#2510000
0!
0/
0:

#2515000
1!
1/
19
1:
b100 A
0H

#2520000
0!
0/
0:

#2525000
1!
b0 &
1/
b11010101111001101000000000000000000000000000000000000000000000000000000000000000000000000000000000000000000000000 7
b10000 8
09
1:
b0 =
b100 B
b1100000011000000000000011001000000000000000000000000000110 F
b1111 G
1H
b1100000011000000000000011001000000000000000000000000000110 I

#2530000
0!
0/
0:

#2535000
1!
1/
19
1:
b0 A
0H

#2540000
0!
0/
0:

#2545000
1!
1/
b110101011110011010000000000000000000000000000000000000000000000000000000000000000000000000000000000000000000000000000 7
b10001 8
09
1:
b0 B
b11000000110000000000000110010000000000000000000000000001100100 F
b10000 G
1H
b11000000110000000000000110010000000000000000000000000001100100 I

#2550000
0!
0/
0:

#2555000
1!
1/
19
1:
0H

#2560000
0!
0/
0:

#2565000
1!
1/
b1101010111100110100000000000000000000000000000000000000000000000000000000000000000000000000000000000000000000000000000000 7
b10010 8
09
1:
b110000001100000000000001100100000000000000000000000000011001000000 F
b10001 G
1H
b110000001100000000000001100100000000000000000000000000011001000000 I

#2570000
0!
0/
0:

#2575000
1!
1/
19
1:
0H

#2580000
0!
0/
0:

#2585000
1!
b1 &
1/
b11010101111001101000000000000000000000000000000000000000000000000000000000000000000000000000000000000000000000000000000000000 7
b10011 8
09
1:
b1 =
b1100000011000000000000011001000000000000000000000000000110010000000000 F
b10010 G
1H
b1100000011000000000000011001000000000000000000000000000110010000000000 I

#2590000
0!
0/
0:

#2595000
1!
1/
19
1:
b1 A
0H

#2600000
0!
0/
0:

#2605000
1!
b1010 &
1/
b10101011110011010000000000000000000000000000000000000000000000000000000000000000000000000000000000000000000000000000000000000000 7
b10100 8
09
1:
b1010 =
b1 B
b11000000110000000000000110010000000000000000000000000001100100000000000000 F
b10011 G
1H
b11000000110000000000000110010000000000000000000000000001100100000000000000 I

#2610000
0!
0/
0:

#2615000
1!
1/
19
1:
b1010 A
0H

#2620000
0!
0/
0:

#2625000
1!
b1011 &
1/
b10111100110100000000000000000000000000000000000000000000000000000000000000000000000000000000000000000000000000000000000000000000 7
b10101 8
09
1:
b1011 =
b1010 B
b110000001100000000000001100100000000000000000000000000011001000000000000000001 F
b10100 G
1H
b110000001100000000000001100100000000000000000000000000011001000000000000000001 I

#2630000
0!
0/
0:

#2635000
1!
1/
19
1:
b1011 A
0H

#2640000
0!
0/
0:

#2645000
1!
b1100 &
1/
b11001101000000000000000000000000000000000000000000000000000000000000000000000000000000000000000000000000000000000000000000000000 7
b10110 8
09
1:
b1100 =
b1011 B
b1100000011000000000000011001000000000000000000000000000110010000000000000000011010 F
b10101 G
1H
b1100000011000000000000011001000000000000000000000000000110010000000000000000011010 I

#2650000
0!
0/
0:

#2655000
1!
1/
19
1:
b1100 A
0H

#2660000
0!
0/
0:

#2665000
1!
b1101 &
1/
b11010000000000000000000000000000000000000000000000000000000000000000000000000000000000000000000000000000000000000000000000000000 7
b10111 8
09
1:
b1101 =
b1100 B
b11000000110000000000000110010000000000000000000000000001100100000000000000000110101011 F
b10110 G
1H
b11000000110000000000000110010000000000000000000000000001100100000000000000000110101011 I

#2670000
0!
0/
0:

#2675000
1!
1/
19
1:
b1101 A
0H

#2680000
0!
0/
0:

#2685000
1!
b0 &
1/
b0 7
b11000 8
09
1:
b0 =
b1101 B
b110000001100000000000001100100000000000000000000000000011001000000000000000001101010111100 F
b10111 G
1H
b110000001100000000000001100100000000000000000000000000011001000000000000000001101010111100 I

#2690000
0!
0/
0:

#2695000
1!
1/
19
1:
b0 A
0H

#2700000
0!
0/
0:

#2705000
1!
1/
b11001 8
09
1:
b0 B
b1100000011000000000000011001000000000000000000000000000110010000000000000000011010101111001101 F
b11000 G
1H
b1100000011000000000000011001000000000000000000000000000110010000000000000000011010101111001101 I

#2710000
0!
0/
0:

#2715000
1!
1/
19
1:
0H

#2720000
0!
0/
0:

#2725000
1!
1/
b11010 8
09
1:
b11000000110000000000000110010000000000000000000000000001100100000000000000000110101011110011010000 F
b11001 G
1H
b11000000110000000000000110010000000000000000000000000001100100000000000000000110101011110011010000 I

#2730000
0!
0/
0:

#2735000
1!
1/
19
1:
0H

#2740000
0!
0/
0:

#2745000
1!
1/
b11011 8
09
1:
b110000001100000000000001100100000000000000000000000000011001000000000000000001101010111100110100000000 F
b11010 G
1H
b110000001100000000000001100100000000000000000000000000011001000000000000000001101010111100110100000000 I

#2750000
0!
0/
0:

#2755000
1!
1/
19
1:
0H

#2760000
0!
0/
0:

#2765000
1!
1/
b11100 8
09
1:
b1100000011000000000000011001000000000000000000000000000110010000000000000000011010101111001101000000000000 F
b11011 G
1H
b1100000011000000000000011001000000000000000000000000000110010000000000000000011010101111001101000000000000 I

#2770000
0!
0/
0:

#2775000
1!
1/
19
1:
0H

#2780000
0!
0/
0:

#2785000
1!
1/
b11101 8
09
1:
b11000000110000000000000110010000000000000000000000000001100100000000000000000110101011110011010000000000000000 F
b11100 G
1H
b11000000110000000000000110010000000000000000000000000001100100000000000000000110101011110011010000000000000000 I

#2790000
0!
0/
0:

#2795000
1!
1/
19
1:
0H

#2800000
0!
0/
0:

#2805000
1!
1/
b11110 8
09
1:
b110000001100000000000001100100000000000000000000000000011001000000000000000001101010111100110100000000000000000000 F
b11101 G
1H
b110000001100000000000001100100000000000000000000000000011001000000000000000001101010111100110100000000000000000000 I

#2810000
0!
0/
0:

#2815000
1!
1/
19
1:
0H

#2820000
0!
0/
0:

#2825000
1!
1/
b11111 8
09
1:
b1100000011000000000000011001000000000000000000000000000110010000000000000000011010101111001101000000000000000000000000 F
b11110 G
1H
b1100000011000000000000011001000000000000000000000000000110010000000000000000011010101111001101000000000000000000000000 I

#2830000
0!
0/
0:

#2835000
1!
1/
19
1:
0H

#2840000
0!
0/
0:

#2845000
1!
0'
1/
06
09
1:
0>
b11000000110000000000000110010000000000000000000000000001100100000000000000000110101011110011010000000000000000000000000000 F
b11111 G
1H
b11000000110000000000000110010000000000000000000000000001100100000000000000000110101011110011010000000000000000000000000000 I

#2850000
0!
0/
0:

#2855000
1!
1/
1:
0?
0H

#2860000
0!
0/
0:

#2865000
1!
1(
b110000001100000000000001100100000000000000000000000000011001000000000000000001101010111100110100000000000000000000000000000000 )
1*
1/
13
1:
0@
0E
b0 F
b0 G
1H
b110000001100000000000001100100000000000000000000000000011001000000000000000001101010111100110100000000000000000000000000000000 I

#2870000
0!
0/
0:

#2875000
1!
b10000000000000000000000000000000000000000000000000000000000000000000000000000000000000000000000000000000000000000000000000000 #
1$
0*
b101 -
1/
b10000000000000000000000000000000000000000000000000000000000000000000000000000000000000000000000000000000000000000000000000000 1
12
14
1:
0C
b110000001100000000000001100100000000000000000000000000011001000000000000000001101010111100110100000000000000000000000000000000 J
b10000000000000000000000000000000000000000000000000000000000000000000000000000000000000000000000000000000000000000000000000000 P

#2880000
0!
0/
0:

#2885000
1!
1%
1/
15
1:

#2890000
0!
0/
0:

#2895000
1!
0%
b1 &
1'
1/
16
b10000000000000000000000000000000000000000000000000000000000000000000000000000000000000000000000000000000000000000000000000000 7
b0 8
1:
b1 =
1>

#2900000
0!
0/
0:

#2905000
1!
0$
1/
02
19
1:
1?
b1 A

#2910000
0!
0/
0:

#2915000
1!
b0 &
1/
b0 7
b1 8
09
1:
b0 =
1@
b1 B
1D

#2920000
0!
0/
0:

#2925000
1!
0(
1/
03
19
1:
b0 A
1C
0D
1E
0H

#2930000
0!
0/
0:

#2935000
1!
1/
04
b10 8
09
1:
b0 B
b1 F
b1 G
1H
b1 I

#2940000
0!
0/
0:

#2945000
1!
1/
05
19
1:
0H

#2950000
0!
0/
0:

#2955000
1!
1/
b11 8
09
1:
b10000 F
b10 G
1H
b10000 I

#2960000
0!
0/
0:

#2965000
1!
1/
19
1:
0H

#2970000
0!
0/
0:

#2975000
1!
1/
b100 8
09
1:
b100000000 F
b11 G
1H
b100000000 I

#2980000
0!
0/
0:

#2985000
1!
1/
19
1:
0H

#2990000
0!
0/
0:

#2995000
1!
1/
b101 8
09
1:
b1000000000000 F
b100 G
1H
b1000000000000 I

#3000000
0!
0/
0:

#3005000
1!
1/
19
1:
0H

#3010000
0!
0/
0:

#3015000
1!
1/
b110 8
09
1:
b10000000000000000 F
b101 G
1H
b10000000000000000 I

#3020000
0!
0/
0:

#3025000
1!
1/
19
1:
0H

#3030000
0!
0/
0:

#3035000
1!
1/
b111 8
09
1:
b100000000000000000000 F
b110 G
1H
b100000000000000000000 I

#3040000
0!
0/
0:

#3045000
1!
1/
19
1:
0H

#3050000
0!
0/
0:

#3055000
1!
1/
b1000 8
09
1:
b1000000000000000000000000 F
b111 G
1H
b1000000000000000000000000 I

#3060000
0!
0/
0:

#3065000
1!
1/
19
1:
0H

#3070000
0!
0/
0:

#3075000
1!
1/
b1001 8
09
1:
b10000000000000000000000000000 F
b1000 G
1H
b10000000000000000000000000000 I

#3080000
0!
0/
0:

#3085000
1!
1/
19
1:
0H

#3090000
0!
0/
0:

#3095000
1!
1/
b1010 8
09
1:
b100000000000000000000000000000000 F
b1001 G
1H
b100000000000000000000000000000000 I

#3100000
0!
0/
0:

#3105000
1!
1/
19
1:
0H

#3110000
0!
0/
0:

#3115000
1!
1/
b1011 8
09
1:
b1000000000000000000000000000000000000 F
b1010 G
1H
b1000000000000000000000000000000000000 I

#3120000
0!
0/
0:

#3125000
1!
1/
19
1:
0H

#3130000
0!
0/
0:

#3135000
1!
1/
b1100 8
09
1:
b10000000000000000000000000000000000000000 F
b1011 G
1H
b10000000000000000000000000000000000000000 I

#3140000
0!
0/
0:

#3145000
1!
1/
19
1:
0H

#3150000
0!
0/
0:

#3155000
1!
1/
b1101 8
09
1:
b100000000000000000000000000000000000000000000 F
b1100 G
1H
b100000000000000000000000000000000000000000000 I

#3160000
0!
0/
0:

#3165000
1!
1/
19
1:
0H

#3170000
0!
0/
0:

#3175000
1!
1/
b1110 8
09
1:
b1000000000000000000000000000000000000000000000000 F
b1101 G
1H
b1000000000000000000000000000000000000000000000000 I

#3180000
0!
0/
0:

#3185000
1!
1/
19
1:
0H

#3190000
0!
0/
0:

#3195000
1!
1/
b1111 8
09
1:
b10000000000000000000000000000000000000000000000000000 F
b1110 G
1H
b10000000000000000000000000000000000000000000000000000 I

#3200000
0!
0/
0:

#3205000
1!
1/
19
1:
0H

#3210000
0!
0/
0:

#3215000
1!
1/
b10000 8
09
1:
b100000000000000000000000000000000000000000000000000000000 F
b1111 G
1H
b100000000000000000000000000000000000000000000000000000000 I

#3220000
0!
0/
0:

#3225000
1!
1/
19
1:
0H

#3230000
0!
0/
0:

#3235000
1!
1/
b10001 8
09
1:
b1000000000000000000000000000000000000000000000000000000000000 F
b10000 G
1H
b1000000000000000000000000000000000000000000000000000000000000 I

#3240000
0!
0/
0:

#3245000
1!
1/
19
1:
0H

#3250000
0!
0/
0:

#3255000
1!
1/
b10010 8
09
1:
b10000000000000000000000000000000000000000000000000000000000000000 F
b10001 G
1H
b10000000000000000000000000000000000000000000000000000000000000000 I

#3260000
0!
0/
0:

#3265000
1!
1/
19
1:
0H

#3270000
0!
0/
0:

#3275000
1!
1/
b10011 8
09
1:
b100000000000000000000000000000000000000000000000000000000000000000000 F
b10010 G
1H
b100000000000000000000000000000000000000000000000000000000000000000000 I

#3280000
0!
0/
0:

#3285000
1!
1/
19
1:
0H

#3290000
0!
0/
0:

#3295000
1!
1/
b10100 8
09
1:
b1000000000000000000000000000000000000000000000000000000000000000000000000 F
b10011 G
1H
b1000000000000000000000000000000000000000000000000000000000000000000000000 I

#3300000
0!
0/
0:

#3305000
1!
1/
19
1:
0H

#3310000
0!
0/
0:

#3315000
1!
1/
b10101 8
09
1:
b10000000000000000000000000000000000000000000000000000000000000000000000000000 F
b10100 G
1H
b10000000000000000000000000000000000000000000000000000000000000000000000000000 I

#3320000
0!
0/
0:

#3325000
1!
1/
19
1:
0H

#3330000
0!
0/
0:

#3335000
1!
1/
b10110 8
09
1:
b100000000000000000000000000000000000000000000000000000000000000000000000000000000 F
b10101 G
1H
b100000000000000000000000000000000000000000000000000000000000000000000000000000000 I

#3340000
0!
0/
0:

#3345000
1!
1/
19
1:
0H

#3350000
0!
0/
0:

#3355000
1!
1/
b10111 8
09
1:
b1000000000000000000000000000000000000000000000000000000000000000000000000000000000000 F
b10110 G
1H
b1000000000000000000000000000000000000000000000000000000000000000000000000000000000000 I

#3360000
0!
0/
0:

#3365000
1!
1/
19
1:
0H

#3370000
0!
0/
0:

#3375000
1!
1/
b11000 8
09
1:
b10000000000000000000000000000000000000000000000000000000000000000000000000000000000000000 F
b10111 G
1H
b10000000000000000000000000000000000000000000000000000000000000000000000000000000000000000 I

#3380000
0!
0/
0:

#3385000
1!
1/
19
1:
0H

#3390000
0!
0/
0:

#3395000
1!
1/
b11001 8
09
1:
b100000000000000000000000000000000000000000000000000000000000000000000000000000000000000000000 F
b11000 G
1H
b100000000000000000000000000000000000000000000000000000000000000000000000000000000000000000000 I

#3400000
0!
0/
0:

#3405000
1!
1/
19
1:
0H

#3410000
0!
0/
0:

#3415000
1!
1/
b11010 8
09
1:
b1000000000000000000000000000000000000000000000000000000000000000000000000000000000000000000000000 F
b11001 G
1H
b1000000000000000000000000000000000000000000000000000000000000000000000000000000000000000000000000 I

#3420000
0!
0/
0:

#3425000
1!
1/
19
1:
0H

#3430000
0!
0/
0:

#3435000
1!
1/
b11011 8
09
1:
b10000000000000000000000000000000000000000000000000000000000000000000000000000000000000000000000000000 F
b11010 G
1H
b10000000000000000000000000000000000000000000000000000000000000000000000000000000000000000000000000000 I

#3440000
0!
0/
0:

#3445000
1!
1/
19
1:
0H

#3450000
0!
0/
0:

#3455000
1!
1/
b11100 8
09
1:
b100000000000000000000000000000000000000000000000000000000000000000000000000000000000000000000000000000000 F
b11011 G
1H
b100000000000000000000000000000000000000000000000000000000000000000000000000000000000000000000000000000000 I

#3460000
0!
0/
0:

#3465000
1!
1/
19
1:
0H

#3470000
0!
0/
0:

#3475000
1!
1/
b11101 8
09
1:
b1000000000000000000000000000000000000000000000000000000000000000000000000000000000000000000000000000000000000 F
b11100 G
1H
b1000000000000000000000000000000000000000000000000000000000000000000000000000000000000000000000000000000000000 I

#3480000
0!
0/
0:

#3485000
1!
1/
19
1:
0H

#3490000
0!
0/
0:

#3495000
1!
1/
b11110 8
09
1:
b10000000000000000000000000000000000000000000000000000000000000000000000000000000000000000000000000000000000000000 F
b11101 G
1H
b10000000000000000000000000000000000000000000000000000000000000000000000000000000000000000000000000000000000000000 I

#3500000
0!
0/
0:

#3505000
1!
1/
19
1:
0H

#3510000
0!
0/
0:

#3515000
1!
1/
b11111 8
09
1:
b100000000000000000000000000000000000000000000000000000000000000000000000000000000000000000000000000000000000000000000 F
b11110 G
1H
b100000000000000000000000000000000000000000000000000000000000000000000000000000000000000000000000000000000000000000000 I

#3520000
0!
0/
0:

#3525000
1!
1/
19
1:
0H

#3530000
0!
0/
0:

#3535000
1!
0'
1/
06
09
1:
0>
b1000000000000000000000000000000000000000000000000000000000000000000000000000000000000000000000000000000000000000000000000 F
b11111 G
1H
b1000000000000000000000000000000000000000000000000000000000000000000000000000000000000000000000000000000000000000000000000 I

#3540000
0!
0/
0:

#3545000
1!
1/
1:
0?
0H

#3550000
0!
0/
0:

#3555000
1!
1(
b10000000000000000000000000000000000000000000000000000000000000000000000000000000000000000000000000000000000000000000000000000 )
1*
1/
13
1:
0@
0E
b0 F
b0 G
1H
b10000000000000000000000000000000000000000000000000000000000000000000000000000000000000000000000000000000000000000000000000000 I

#3560000
0!
0/
0:

#3565000
1!
b10001000100010001000100010001000100010001000100010001000100010001000100010001000100010001000100010001000100010001000100010001 #
1$
0*
b110 -
1/
b10001000100010001000100010001000100010001000100010001000100010001000100010001000100010001000100010001000100010001000100010001 1
12
14
1:
0C
b10000000000000000000000000000000000000000000000000000000000000000000000000000000000000000000000000000000000000000000000000000 J
b1 O
b10001000100010001000100010001000100010001000100010001000100010001000100010001000100010001000100010001000100010001000100010001 P

#3570000
0!
0/
0:

#3575000
1!
1%
1/
15
1:

#3580000
0!
0/
0:

#3585000
1!
0%
b1 &
1'
1/
16
b10001000100010001000100010001000100010001000100010001000100010001000100010001000100010001000100010001000100010001000100010001 7
b0 8
1:
b1 =
1>

#3590000
0!
0/
0:

#3595000
1!
0$
1/
02
19
1:
1?
b1 A

#3600000
0!
0/
0:

#3605000
1!
1/
b10001000100010001000100010001000100010001000100010001000100010001000100010001000100010001000100010001000100010001000100010000 7
b1 8
09
1:
1@
b1 B
1D

#3610000
0!
0/
0:

#3615000
1!
0(
1/
03
19
1:
1C
0D
1E
0H

#3620000
0!
0/
0:

#3625000
1!
1/
04
b10001000100010001000100010001000100010001000100010001000100010001000100010001000100010001000100010001000100010001000100000000 7
b10 8
09
1:
b1 F
b1 G
1H
b1 I

#3630000
0!
0/
0:

#3635000
1!
1/
05
19
1:
0H

#3640000
0!
0/
0:

#3645000
1!
1/
b10001000100010001000100010001000100010001000100010001000100010001000100010001000100010001000100010001000100010001000000000000 7
b11 8
09
1:
b10001 F
b10 G
1H
b10001 I

#3650000
0!
0/
0:

#3655000
1!
1/
19
1:
0H

#3660000
0!
0/
0:

#3665000
1!
1/
b10001000100010001000100010001000100010001000100010001000100010001000100010001000100010001000100010001000100010000000000000000 7
b100 8
09
1:
b100010001 F
b11 G
1H
b100010001 I

#3670000
0!
0/
0:

#3675000
1!
1/
19
1:
0H

#3680000
0!
0/
0:

#3685000
1!
1/
b10001000100010001000100010001000100010001000100010001000100010001000100010001000100010001000100010001000100000000000000000000 7
b101 8
09
1:
b1000100010001 F
b100 G
1H
b1000100010001 I

#3690000
0!
0/
0:

#3695000
1!
1/
19
1:
0H

#3700000
0!
0/
0:

#3705000
1!
1/
b10001000100010001000100010001000100010001000100010001000100010001000100010001000100010001000100010001000000000000000000000000 7
b110 8
09
1:
b10001000100010001 F
b101 G
1H
b10001000100010001 I

#3710000
0!
0/
0:

#3715000
1!
1/
19
1:
0H

#3720000
0!
0/
0:

#3725000
1!
1/
b10001000100010001000100010001000100010001000100010001000100010001000100010001000100010001000100010000000000000000000000000000 7
b111 8
09
1:
b100010001000100010001 F
b110 G
1H
b100010001000100010001 I

#3730000
0!
0/
0:

#3735000
1!
1/
19
1:
0H

#3740000
0!
0/
0:

#3745000
1!
1/
b10001000100010001000100010001000100010001000100010001000100010001000100010001000100010001000100000000000000000000000000000000 7
b1000 8
09
1:
b1000100010001000100010001 F
b111 G
1H
b1000100010001000100010001 I

#3750000
0!
0/
0:

#3755000
1!
1/
19
1:
0H

#3760000
0!
0/
0:

#3765000
1!
1/
b10001000100010001000100010001000100010001000100010001000100010001000100010001000100010001000000000000000000000000000000000000 7
b1001 8
09
1:
b10001000100010001000100010001 F
b1000 G
1H
b10001000100010001000100010001 I

#3770000
0!
0/
0:

#3775000
1!
1/
19
1:
0H

#3780000
0!
0/
0:

#3785000
1!
1/
b10001000100010001000100010001000100010001000100010001000100010001000100010001000100010000000000000000000000000000000000000000 7
b1010 8
09
1:
b100010001000100010001000100010001 F
b1001 G
1H
b100010001000100010001000100010001 I

#3790000
0!
0/
0:

#3795000
1!
1/
19
1:
0H

#3800000
0!
0/
0:

#3805000
1!
1/
b10001000100010001000100010001000100010001000100010001000100010001000100010001000100000000000000000000000000000000000000000000 7
b1011 8
09
1:
b1000100010001000100010001000100010001 F
b1010 G
1H
b1000100010001000100010001000100010001 I

#3810000
0!
0/
0:

#3815000
1!
1/
19
1:
0H

#3820000
0!
0/
0:

#3825000
1!
1/
b10001000100010001000100010001000100010001000100010001000100010001000100010001000000000000000000000000000000000000000000000000 7
b1100 8
09
1:
b10001000100010001000100010001000100010001 F
b1011 G
1H
b10001000100010001000100010001000100010001 I

#3830000
0!
0/
0:

#3835000
1!
1/
19
1:
0H

#3840000
0!
0/
0:

#3845000
1!
1/
b10001000100010001000100010001000100010001000100010001000100010001000100010000000000000000000000000000000000000000000000000000 7
b1101 8
09
1:
b100010001000100010001000100010001000100010001 F
b1100 G
1H
b100010001000100010001000100010001000100010001 I

#3850000
0!
0/
0:

#3855000
1!
1/
19
1:
0H

#3860000
0!
0/
0:

#3865000
1!
1/
b10001000100010001000100010001000100010001000100010001000100010001000100000000000000000000000000000000000000000000000000000000 7
b1110 8
09
1:
b1000100010001000100010001000100010001000100010001 F
b1101 G
1H
b1000100010001000100010001000100010001000100010001 I

#3870000
0!
0/
0:

#3875000
1!
1/
19
1:
0H

#3880000
0!
0/
0:

#3885000
1!
1/
b10001000100010001000100010001000100010001000100010001000100010001000000000000000000000000000000000000000000000000000000000000 7
b1111 8
09
1:
b10001000100010001000100010001000100010001000100010001 F
b1110 G
1H
b10001000100010001000100010001000100010001000100010001 I

#3890000
0!
0/
0:

#3895000
1!
1/
19
1:
0H

#3900000
0!
0/
0:

#3905000
1!
1/
b10001000100010001000100010001000100010001000100010001000100010000000000000000000000000000000000000000000000000000000000000000 7
b10000 8
09
1:
b100010001000100010001000100010001000100010001000100010001 F
b1111 G
1H
b100010001000100010001000100010001000100010001000100010001 I

#3910000
0!
0/
0:

#3915000
1!
1/
19
1:
0H

#3920000
0!
0/
0:

#3925000
1!
1/
b10001000100010001000100010001000100010001000100010001000100000000000000000000000000000000000000000000000000000000000000000000 7
b10001 8
09
1:
b1000100010001000100010001000100010001000100010001000100010001 F
b10000 G
1H
b1000100010001000100010001000100010001000100010001000100010001 I

#3930000
0!
0/
0:

#3935000
1!
1/
19
1:
0H

#3940000
0!
0/
0:

#3945000
1!
1/
b10001000100010001000100010001000100010001000100010001000000000000000000000000000000000000000000000000000000000000000000000000 7
b10010 8
09
1:
b10001000100010001000100010001000100010001000100010001000100010001 F
b10001 G
1H
b10001000100010001000100010001000100010001000100010001000100010001 I

#3950000
0!
0/
0:

#3955000
1!
1/
19
1:
0H

#3960000
0!
0/
0:

#3965000
1!
1/
b10001000100010001000100010001000100010001000100010000000000000000000000000000000000000000000000000000000000000000000000000000 7
b10011 8
09
1:
b100010001000100010001000100010001000100010001000100010001000100010001 F
b10010 G
1H
b100010001000100010001000100010001000100010001000100010001000100010001 I

#3970000
0!
0/
0:

#3975000
1!
1/
19
1:
0H

#3980000
0!
0/
0:

#3985000
1!
1/
b10001000100010001000100010001000100010001000100000000000000000000000000000000000000000000000000000000000000000000000000000000 7
b10100 8
09
1:
b1000100010001000100010001000100010001000100010001000100010001000100010001 F
b10011 G
1H
b1000100010001000100010001000100010001000100010001000100010001000100010001 I

#3990000
0!
0/
0:

#3995000
1!
1/
19
1:
0H

#4000000
0!
0/
0:

#4005000
1!
1/
b10001000100010001000100010001000100010001000000000000000000000000000000000000000000000000000000000000000000000000000000000000 7
b10101 8
09
1:
b10001000100010001000100010001000100010001000100010001000100010001000100010001 F
b10100 G
1H
b10001000100010001000100010001000100010001000100010001000100010001000100010001 I

#4010000
0!
0/
0:

#4015000
1!
1/
19
1:
0H

#4020000
0!
0/
0:

#4025000
1!
1/
b10001000100010001000100010001000100010000000000000000000000000000000000000000000000000000000000000000000000000000000000000000 7
b10110 8
09
1:
b100010001000100010001000100010001000100010001000100010001000100010001000100010001 F
b10101 G
1H
b100010001000100010001000100010001000100010001000100010001000100010001000100010001 I

#4030000
0!
0/
0:

#4035000
1!
1/
19
1:
0H

#4040000
0!
0/
0:

#4045000
1!
1/
b10001000100010001000100010001000100000000000000000000000000000000000000000000000000000000000000000000000000000000000000000000 7
b10111 8
09
1:
b1000100010001000100010001000100010001000100010001000100010001000100010001000100010001 F
b10110 G
1H
b1000100010001000100010001000100010001000100010001000100010001000100010001000100010001 I

#4050000
0!
0/
0:

#4055000
1!
1/
19
1:
0H

#4060000
0!
0/
0:

#4065000
1!
1/
b10001000100010001000100010001000000000000000000000000000000000000000000000000000000000000000000000000000000000000000000000000 7
b11000 8
09
1:
b10001000100010001000100010001000100010001000100010001000100010001000100010001000100010001 F
b10111 G
1H
b10001000100010001000100010001000100010001000100010001000100010001000100010001000100010001 I

#4070000
0!
0/
0:

#4075000
1!
1/
19
1:
0H

#4080000
0!
0/
0:

#4085000
1!
1/
b10001000100010001000100010000000000000000000000000000000000000000000000000000000000000000000000000000000000000000000000000000 7
b11001 8
09
1:
b100010001000100010001000100010001000100010001000100010001000100010001000100010001000100010001 F
b11000 G
1H
b100010001000100010001000100010001000100010001000100010001000100010001000100010001000100010001 I

#4090000
0!
0/
0:

#4095000
1!
1/
19
1:
0H

#4100000
0!
0/
0:

#4105000
1!
1/
b10001000100010001000100000000000000000000000000000000000000000000000000000000000000000000000000000000000000000000000000000000 7
b11010 8
09
1:
b1000100010001000100010001000100010001000100010001000100010001000100010001000100010001000100010001 F
b11001 G
1H
b1000100010001000100010001000100010001000100010001000100010001000100010001000100010001000100010001 I

#4110000
0!
0/
0:

#4115000
1!
1/
19
1:
0H

#4120000
0!
0/
0:

#4125000
1!
1/
b10001000100010001000000000000000000000000000000000000000000000000000000000000000000000000000000000000000000000000000000000000 7
b11011 8
09
1:
b10001000100010001000100010001000100010001000100010001000100010001000100010001000100010001000100010001 F
b11010 G
1H
b10001000100010001000100010001000100010001000100010001000100010001000100010001000100010001000100010001 I

#4130000
0!
0/
0:

#4135000
1!
1/
19
1:
0H

#4140000
0!
0/
0:

#4145000
1!
1/
b10001000100010000000000000000000000000000000000000000000000000000000000000000000000000000000000000000000000000000000000000000 7
b11100 8
09
1:
b100010001000100010001000100010001000100010001000100010001000100010001000100010001000100010001000100010001 F
b11011 G
1H
b100010001000100010001000100010001000100010001000100010001000100010001000100010001000100010001000100010001 I

#4150000
0!
0/
0:

#4155000
1!
1/
19
1:
0H

#4160000
0!
0/
0:

#4165000
1!
1/
b10001000100000000000000000000000000000000000000000000000000000000000000000000000000000000000000000000000000000000000000000000 7
b11101 8
09
1:
b1000100010001000100010001000100010001000100010001000100010001000100010001000100010001000100010001000100010001 F
b11100 G
1H
b1000100010001000100010001000100010001000100010001000100010001000100010001000100010001000100010001000100010001 I

#4170000
0!
0/
0:

#4175000
1!
1/
19
1:
0H

#4180000
0!
0/
0:

#4185000
1!
1/
b10001000000000000000000000000000000000000000000000000000000000000000000000000000000000000000000000000000000000000000000000000 7
b11110 8
09
1:
b10001000100010001000100010001000100010001000100010001000100010001000100010001000100010001000100010001000100010001 F
b11101 G
1H
b10001000100010001000100010001000100010001000100010001000100010001000100010001000100010001000100010001000100010001 I

#4190000
0!
0/
0:

#4195000
1!
1/
19
1:
0H

#4200000
0!
0/
0:

#4205000
1!
1/
b10000000000000000000000000000000000000000000000000000000000000000000000000000000000000000000000000000000000000000000000000000 7
b11111 8
09
1:
b100010001000100010001000100010001000100010001000100010001000100010001000100010001000100010001000100010001000100010001 F
b11110 G
1H
b100010001000100010001000100010001000100010001000100010001000100010001000100010001000100010001000100010001000100010001 I

#4210000
0!
0/
0:

#4215000
1!
1/
19
1:
0H

#4220000
0!
0/
0:

#4225000
1!
0'
1/
06
09
1:
0>
b1000100010001000100010001000100010001000100010001000100010001000100010001000100010001000100010001000100010001000100010001 F
b11111 G
1H
b1000100010001000100010001000100010001000100010001000100010001000100010001000100010001000100010001000100010001000100010001 I

#4230000
0!
0/
0:

#4235000
1!
1/
1:
0?
0H

#4240000
0!
0/
0:

#4245000
1!
1(
b10001000100010001000100010001000100010001000100010001000100010001000100010001000100010001000100010001000100010001000100010001 )
1*
1/
13
1:
0@
0E
b0 F
b0 G
1H
b10001000100010001000100010001000100010001000100010001000100010001000100010001000100010001000100010001000100010001000100010001 I

#4250000
0!
0/
0:

#4255000
1!
b10010001000100010001000100010001000100010001000100010001000100010001000100010001000100010001000100010001000100010001000100010 #
1$
0*
b111 -
1/
b10010001000100010001000100010001000100010001000100010001000100010001000100010001000100010001000100010001000100010001000100010 1
12
14
1:
0C
b10001000100010001000100010001000100010001000100010001000100010001000100010001000100010001000100010001000100010001000100010001 J
b10 O
b10010001000100010001000100010001000100010001000100010001000100010001000100010001000100010001000100010001000100010001000100010 P

#4260000
0!
0/
0:

#4265000
1!
1%
1/
15
1:

#4270000
0!
0/
0:

#4275000
1!
0%
1'
1/
16
b10010001000100010001000100010001000100010001000100010001000100010001000100010001000100010001000100010001000100010001000100010 7
b0 8
1:
1>

#4280000
0!
0/
0:

#4285000
1!
0$
1/
02
19
1:
1?

#4290000
0!
0/
0:

#4295000
1!
b10 &
1/
b100010001000100010001000100010001000100010001000100010001000100010001000100010001000100010001000100010001000100010001000100000 7
b1 8
09
1:
b10 =
1@
1D

#4300000
0!
0/
0:

#4305000
1!
0(
1/
03
19
1:
b10 A
1C
0D
1E
0H

#4310000
0!
0/
0:

#4315000
1!
1/
04
b100010001000100010001000100010001000100010001000100010001000100010001000100010001000100010001000100010001000100010001000000000 7
b10 8
09
1:
b10 B
b1 F
b1 G
1H
b1 I

#4320000
0!
0/
0:

#4325000
1!
1/
05
19
1:
0H

#4330000
0!
0/
0:

#4335000
1!
1/
b100010001000100010001000100010001000100010001000100010001000100010001000100010001000100010001000100010001000100010000000000000 7
b11 8
09
1:
b10010 F
b10 G
1H
b10010 I

#4340000
0!
0/
0:

#4345000
1!
1/
19
1:
0H

#4350000
0!
0/
0:

#4355000
1!
1/
b100010001000100010001000100010001000100010001000100010001000100010001000100010001000100010001000100010001000100000000000000000 7
b100 8
09
1:
b100100010 F
b11 G
1H
b100100010 I

#4360000
0!
0/
0:

#4365000
1!
1/
19
1:
0H

#4370000
0!
0/
0:

#4375000
1!
1/
b100010001000100010001000100010001000100010001000100010001000100010001000100010001000100010001000100010001000000000000000000000 7
b101 8
09
1:
b1001000100010 F
b100 G
1H
b1001000100010 I

#4380000
0!
0/
0:

#4385000
1!
1/
19
1:
0H

#4390000
0!
0/
0:

#4395000
1!
1/
b100010001000100010001000100010001000100010001000100010001000100010001000100010001000100010001000100010000000000000000000000000 7
b110 8
09
1:
b10010001000100010 F
b101 G
1H
b10010001000100010 I

#4400000
0!
0/
0:

#4405000
1!
1/
19
1:
0H

#4410000
0!
0/
0:

#4415000
1!
1/
b100010001000100010001000100010001000100010001000100010001000100010001000100010001000100010001000100000000000000000000000000000 7
b111 8
09
1:
b100100010001000100010 F
b110 G
1H
b100100010001000100010 I

#4420000
0!
0/
0:

#4425000
1!
1/
19
1:
0H

#4430000
0!
0/
0:

#4435000
1!
1/
b100010001000100010001000100010001000100010001000100010001000100010001000100010001000100010001000000000000000000000000000000000 7
b1000 8
09
1:
b1001000100010001000100010 F
b111 G
1H
b1001000100010001000100010 I

#4440000
0!
0/
0:

#4445000
1!
1/
19
1:
0H

#4450000
0!
0/
0:

#4455000
1!
1/
b100010001000100010001000100010001000100010001000100010001000100010001000100010001000100010000000000000000000000000000000000000 7
b1001 8
09
1:
b10010001000100010001000100010 F
b1000 G
1H
b10010001000100010001000100010 I

#4460000
0!
0/
0:

#4465000
1!
1/
19
1:
0H

#4470000
0!
0/
0:

#4475000
1!
1/
b100010001000100010001000100010001000100010001000100010001000100010001000100010001000100000000000000000000000000000000000000000 7
b1010 8
09
1:
b100100010001000100010001000100010 F
b1001 G
1H
b100100010001000100010001000100010 I

#4480000
0!
0/
0:

#4485000
1!
1/
19
1:
0H

#4490000
0!
0/
0:

#4495000
1!
1/
b100010001000100010001000100010001000100010001000100010001000100010001000100010001000000000000000000000000000000000000000000000 7
b1011 8
09
1:
b1001000100010001000100010001000100010 F
b1010 G
1H
b1001000100010001000100010001000100010 I

#4500000
0!
0/
0:

#4505000
1!
1/
19
1:
0H

#4510000
0!
0/
0:

#4515000
1!
1/
b100010001000100010001000100010001000100010001000100010001000100010001000100010000000000000000000000000000000000000000000000000 7
b1100 8
09
1:
b10010001000100010001000100010001000100010 F
b1011 G
1H
b10010001000100010001000100010001000100010 I

#4520000
0!
0/
0:

#4525000
1!
1/
19
1:
0H

#4530000
0!
0/
0:

#4535000
1!
1/
b100010001000100010001000100010001000100010001000100010001000100010001000100000000000000000000000000000000000000000000000000000 7
b1101 8
09
1:
b100100010001000100010001000100010001000100010 F
b1100 G
1H
b100100010001000100010001000100010001000100010 I

#4540000
0!
0/
0:

#4545000
1!
1/
19
1:
0H

#4550000
0!
0/
0:

#4555000
1!
1/
b100010001000100010001000100010001000100010001000100010001000100010001000000000000000000000000000000000000000000000000000000000 7
b1110 8
09
1:
b1001000100010001000100010001000100010001000100010 F
b1101 G
1H
b1001000100010001000100010001000100010001000100010 I

#4560000
0!
0/
0:

#4565000
1!
1/
19
1:
0H

#4570000
0!
0/
0:

#4575000
1!
1/
b100010001000100010001000100010001000100010001000100010001000100010000000000000000000000000000000000000000000000000000000000000 7
b1111 8
09
1:
b10010001000100010001000100010001000100010001000100010 F
b1110 G
1H
b10010001000100010001000100010001000100010001000100010 I

#4580000
0!
0/
0:

#4585000
1!
1/
19
1:
0H

#4590000
0!
0/
0:

#4595000
1!
1/
b100010001000100010001000100010001000100010001000100010001000100000000000000000000000000000000000000000000000000000000000000000 7
b10000 8
09
1:
b100100010001000100010001000100010001000100010001000100010 F
b1111 G
1H
b100100010001000100010001000100010001000100010001000100010 I

#4600000
0!
0/
0:

#4605000
1!
1/
19
1:
0H

#4610000
0!
0/
0:

#4615000
1!
1/
b100010001000100010001000100010001000100010001000100010001000000000000000000000000000000000000000000000000000000000000000000000 7
b10001 8
09
1:
b1001000100010001000100010001000100010001000100010001000100010 F
b10000 G
1H
b1001000100010001000100010001000100010001000100010001000100010 I

#4620000
0!
0/
0:

#4625000
1!
1/
19
1:
0H

#4630000
0!
0/
0:

#4635000
1!
1/
b100010001000100010001000100010001000100010001000100010000000000000000000000000000000000000000000000000000000000000000000000000 7
b10010 8
09
1:
b10010001000100010001000100010001000100010001000100010001000100010 F
b10001 G
1H
b10010001000100010001000100010001000100010001000100010001000100010 I

#4640000
0!
0/
0:

#4645000
1!
1/
19
1:
0H

#4650000
0!
0/
0:

#4655000
1!
1/
b100010001000100010001000100010001000100010001000100000000000000000000000000000000000000000000000000000000000000000000000000000 7
b10011 8
09
1:
b100100010001000100010001000100010001000100010001000100010001000100010 F
b10010 G
1H
b100100010001000100010001000100010001000100010001000100010001000100010 I

#4660000
0!
0/
0:

#4665000
1!
1/
19
1:
0H

#4670000
0!
0/
0:

#4675000
1!
1/
b100010001000100010001000100010001000100010001000000000000000000000000000000000000000000000000000000000000000000000000000000000 7
b10100 8
09
1:
b1001000100010001000100010001000100010001000100010001000100010001000100010 F
b10011 G
1H
b1001000100010001000100010001000100010001000100010001000100010001000100010 I

#4680000
0!
0/
0:

#4685000
1!
1/
19
1:
0H

#4690000
0!
0/
0:

#4695000
1!
1/
b100010001000100010001000100010001000100010000000000000000000000000000000000000000000000000000000000000000000000000000000000000 7
b10101 8
09
1:
b10010001000100010001000100010001000100010001000100010001000100010001000100010 F
b10100 G
1H
b10010001000100010001000100010001000100010001000100010001000100010001000100010 I

#4700000
0!
0/
0:

#4705000
1!
1/
19
1:
0H

#4710000
0!
0/
0:

#4715000
1!
1/
b100010001000100010001000100010001000100000000000000000000000000000000000000000000000000000000000000000000000000000000000000000 7
b10110 8
09
1:
b100100010001000100010001000100010001000100010001000100010001000100010001000100010 F
b10101 G
1H
b100100010001000100010001000100010001000100010001000100010001000100010001000100010 I

#4720000
0!
0/
0:

#4725000
1!
1/
19
1:
0H

#4730000
0!
0/
0:

#4735000
1!
1/
b100010001000100010001000100010001000000000000000000000000000000000000000000000000000000000000000000000000000000000000000000000 7
b10111 8
09
1:
b1001000100010001000100010001000100010001000100010001000100010001000100010001000100010 F
b10110 G
1H
b1001000100010001000100010001000100010001000100010001000100010001000100010001000100010 I

#4740000
0!
0/
0:

#4745000
1!
1/
19
1:
0H

#4750000
0!
0/
0:

#4755000
1!
1/
b100010001000100010001000100010000000000000000000000000000000000000000000000000000000000000000000000000000000000000000000000000 7
b11000 8
09
1:
b10010001000100010001000100010001000100010001000100010001000100010001000100010001000100010 F
b10111 G
1H
b10010001000100010001000100010001000100010001000100010001000100010001000100010001000100010 I

#4760000
0!
0/
0:

#4765000
1!
1/
19
1:
0H

#4770000
0!
0/
0:

#4775000
1!
1/
b100010001000100010001000100000000000000000000000000000000000000000000000000000000000000000000000000000000000000000000000000000 7
b11001 8
09
1:
b100100010001000100010001000100010001000100010001000100010001000100010001000100010001000100010 F
b11000 G
1H
b100100010001000100010001000100010001000100010001000100010001000100010001000100010001000100010 I

#4780000
0!
0/
0:

#4785000
1!
1/
19
1:
0H

#4790000
0!
0/
0:

#4795000
1!
1/
b100010001000100010001000000000000000000000000000000000000000000000000000000000000000000000000000000000000000000000000000000000 7
b11010 8
09
1:
b1001000100010001000100010001000100010001000100010001000100010001000100010001000100010001000100010 F
b11001 G
1H
b1001000100010001000100010001000100010001000100010001000100010001000100010001000100010001000100010 I

#4800000
0!
0/
0:

#4805000
1!
1/
19
1:
0H

#4810000
0!
0/
0:

#4815000
1!
1/
b100010001000100010000000000000000000000000000000000000000000000000000000000000000000000000000000000000000000000000000000000000 7
b11011 8
09
1:
b10010001000100010001000100010001000100010001000100010001000100010001000100010001000100010001000100010 F
b11010 G
1H
b10010001000100010001000100010001000100010001000100010001000100010001000100010001000100010001000100010 I

#4820000
0!
0/
0:

#4825000
1!
1/
19
1:
0H

#4830000
0!
0/
0:

#4835000
1!
1/
b100010001000100000000000000000000000000000000000000000000000000000000000000000000000000000000000000000000000000000000000000000 7
b11100 8
09
1:
b100100010001000100010001000100010001000100010001000100010001000100010001000100010001000100010001000100010 F
b11011 G
1H
b100100010001000100010001000100010001000100010001000100010001000100010001000100010001000100010001000100010 I

#4840000
0!
0/
0:

#4845000
1!
1/
19
1:
0H

#4850000
0!
0/
0:

#4855000
1!
1/
b100010001000000000000000000000000000000000000000000000000000000000000000000000000000000000000000000000000000000000000000000000 7
b11101 8
09
1:
b1001000100010001000100010001000100010001000100010001000100010001000100010001000100010001000100010001000100010 F
b11100 G
1H
b1001000100010001000100010001000100010001000100010001000100010001000100010001000100010001000100010001000100010 I

#4860000
0!
0/
0:

#4865000
1!
1/
19
1:
0H

#4870000
0!
0/
0:

#4875000
1!
1/
b100010000000000000000000000000000000000000000000000000000000000000000000000000000000000000000000000000000000000000000000000000 7
b11110 8
09
1:
b10010001000100010001000100010001000100010001000100010001000100010001000100010001000100010001000100010001000100010 F
b11101 G
1H
b10010001000100010001000100010001000100010001000100010001000100010001000100010001000100010001000100010001000100010 I

#4880000
0!
0/
0:

#4885000
1!
1/
19
1:
0H

#4890000
0!
0/
0:

#4895000
1!
1/
b100000000000000000000000000000000000000000000000000000000000000000000000000000000000000000000000000000000000000000000000000000 7
b11111 8
09
1:
b100100010001000100010001000100010001000100010001000100010001000100010001000100010001000100010001000100010001000100010 F
b11110 G
1H
b100100010001000100010001000100010001000100010001000100010001000100010001000100010001000100010001000100010001000100010 I

#4900000
0!
0/
0:

#4905000
1!
1/
19
1:
0H

#4910000
0!
0/
0:

#4915000
1!
0'
1/
06
09
1:
0>
b1001000100010001000100010001000100010001000100010001000100010001000100010001000100010001000100010001000100010001000100010 F
b11111 G
1H
b1001000100010001000100010001000100010001000100010001000100010001000100010001000100010001000100010001000100010001000100010 I

#4920000
0!
0/
0:

#4925000
1!
1/
1:
0?
0H

#4930000
0!
0/
0:

#4935000
1!
1(
b10010001000100010001000100010001000100010001000100010001000100010001000100010001000100010001000100010001000100010001000100010 )
1*
1/
13
1:
0@
0E
b0 F
b0 G
1H
b10010001000100010001000100010001000100010001000100010001000100010001000100010001000100010001000100010001000100010001000100010 I

#4940000
0!
0/
0:

#4945000
1!
b10011001100110011001100110011001100110011001100110011001100110011001100110011001100110011001100110011001100110011001100110011 #
1$
0*
b1000 -
1/
b10011001100110011001100110011001100110011001100110011001100110011001100110011001100110011001100110011001100110011001100110011 1
12
14
1:
0C
b10010001000100010001000100010001000100010001000100010001000100010001000100010001000100010001000100010001000100010001000100010 J
b11 O
b10011001100110011001100110011001100110011001100110011001100110011001100110011001100110011001100110011001100110011001100110011 P

#4950000
0!
0/
0:

#4955000
1!
1%
1/
15
1:

#4960000
0!
0/
0:

#4965000
1!
0%
b1 &
1'
1/
16
b10011001100110011001100110011001100110011001100110011001100110011001100110011001100110011001100110011001100110011001100110011 7
b0 8
1:
b1 =
1>

#4970000
0!
0/
0:

#4975000
1!
0$
1/
02
19
1:
1?
b1 A

#4980000
0!
0/
0:

#4985000
1!
b11 &
1/
b110011001100110011001100110011001100110011001100110011001100110011001100110011001100110011001100110011001100110011001100110000 7
b1 8
09
1:
b11 =
1@
b1 B
1D

#4990000
0!
0/
0:

#4995000
1!
0(
1/
03
19
1:
b11 A
1C
0D
1E
0H

#5000000
0!
0/
0:

#5005000
1!
1/
04
b110011001100110011001100110011001100110011001100110011001100110011001100110011001100110011001100110011001100110011001100000000 7
b10 8
09
1:
b11 B
b1 F
b1 G
1H
b1 I

#5010000
0!
0/
0:

#5015000
1!
1/
05
19
1:
0H

#5020000
0!
0/
0:

#5025000
1!
1/
b110011001100110011001100110011001100110011001100110011001100110011001100110011001100110011001100110011001100110011000000000000 7
b11 8
09
1:
b10011 F
b10 G
1H
b10011 I

#5030000
0!
0/
0:

#5035000
1!
1/
19
1:
0H

#5040000
0!
0/
0:

#5045000
1!
1/
b110011001100110011001100110011001100110011001100110011001100110011001100110011001100110011001100110011001100110000000000000000 7
b100 8
09
1:
b100110011 F
b11 G
1H
b100110011 I

#5050000
0!
0/
0:

#5055000
1!
1/
19
1:
0H

#5060000
0!
0/
0:

#5065000
1!
1/
b110011001100110011001100110011001100110011001100110011001100110011001100110011001100110011001100110011001100000000000000000000 7
b101 8
09
1:
b1001100110011 F
b100 G
1H
b1001100110011 I

#5070000
0!
0/
0:

#5075000
1!
1/
19
1:
0H

#5080000
0!
0/
0:

#5085000
1!
1/
b110011001100110011001100110011001100110011001100110011001100110011001100110011001100110011001100110011000000000000000000000000 7
b110 8
09
1:
b10011001100110011 F
b101 G
1H
b10011001100110011 I

#5090000
0!
0/
0:

#5095000
1!
1/
19
1:
0H

#5100000
0!
0/
0:

#5105000
1!
1/
b110011001100110011001100110011001100110011001100110011001100110011001100110011001100110011001100110000000000000000000000000000 7
b111 8
09
1:
b100110011001100110011 F
b110 G
1H
b100110011001100110011 I

#5110000
0!
0/
0:

#5115000
1!
1/
19
1:
0H

#5120000
0!
0/
0:

#5125000
1!
1/
b110011001100110011001100110011001100110011001100110011001100110011001100110011001100110011001100000000000000000000000000000000 7
b1000 8
09
1:
b1001100110011001100110011 F
b111 G
1H
b1001100110011001100110011 I

#5130000
0!
0/
0:

#5135000
1!
1/
19
1:
0H

#5140000
0!
0/
0:

#5145000
1!
1/
b110011001100110011001100110011001100110011001100110011001100110011001100110011001100110011000000000000000000000000000000000000 7
b1001 8
09
1:
b10011001100110011001100110011 F
b1000 G
1H
b10011001100110011001100110011 I

#5150000
0!
0/
0:

#5155000
1!
1/
19
1:
0H

#5160000
0!
0/
0:

#5165000
1!
1/
b110011001100110011001100110011001100110011001100110011001100110011001100110011001100110000000000000000000000000000000000000000 7
b1010 8
09
1:
b100110011001100110011001100110011 F
b1001 G
1H
b100110011001100110011001100110011 I

#5170000
0!
0/
0:

#5175000
1!
1/
19
1:
0H

#5180000
0!
0/
0:

#5185000
1!
1/
b110011001100110011001100110011001100110011001100110011001100110011001100110011001100000000000000000000000000000000000000000000 7
b1011 8
09
1:
b1001100110011001100110011001100110011 F
b1010 G
1H
b1001100110011001100110011001100110011 I

#5190000
0!
0/
0:

#5195000
1!
1/
19
1:
0H

#5200000
0!
0/
0:

#5205000
1!
1/
b110011001100110011001100110011001100110011001100110011001100110011001100110011000000000000000000000000000000000000000000000000 7
b1100 8
09
1:
b10011001100110011001100110011001100110011 F
b1011 G
1H
b10011001100110011001100110011001100110011 I

#5210000
0!
0/
0:

#5215000
1!
1/
19
1:
0H

#5220000
0!
0/
0:

#5225000
1!
1/
b110011001100110011001100110011001100110011001100110011001100110011001100110000000000000000000000000000000000000000000000000000 7
b1101 8
09
1:
b100110011001100110011001100110011001100110011 F
b1100 G
1H
b100110011001100110011001100110011001100110011 I

#5230000
0!
0/
0:

#5235000
1!
1/
19
1:
0H

#5240000
0!
0/
0:

#5245000
1!
1/
b110011001100110011001100110011001100110011001100110011001100110011001100000000000000000000000000000000000000000000000000000000 7
b1110 8
09
1:
b1001100110011001100110011001100110011001100110011 F
b1101 G
1H
b1001100110011001100110011001100110011001100110011 I

#5250000
0!
0/
0:

#5255000
1!
1/
19
1:
0H

#5260000
0!
0/
0:

#5265000
1!
1/
b110011001100110011001100110011001100110011001100110011001100110011000000000000000000000000000000000000000000000000000000000000 7
b1111 8
09
1:
b10011001100110011001100110011001100110011001100110011 F
b1110 G
1H
b10011001100110011001100110011001100110011001100110011 I

#5270000
0!
0/
0:

#5275000
1!
1/
19
1:
0H

#5280000
0!
0/
0:

#5285000
1!
1/
b110011001100110011001100110011001100110011001100110011001100110000000000000000000000000000000000000000000000000000000000000000 7
b10000 8
09
1:
b100110011001100110011001100110011001100110011001100110011 F
b1111 G
1H
b100110011001100110011001100110011001100110011001100110011 I

#5290000
0!
0/
0:

#5295000
1!
1/
19
1:
0H

#5300000
0!
0/
0:

#5305000
1!
1/
b110011001100110011001100110011001100110011001100110011001100000000000000000000000000000000000000000000000000000000000000000000 7
b10001 8
09
1:
b1001100110011001100110011001100110011001100110011001100110011 F
b10000 G
1H
b1001100110011001100110011001100110011001100110011001100110011 I

#5310000
0!
0/
0:

#5315000
1!
1/
19
1:
0H

#5320000
0!
0/
0:

#5325000
1!
1/
b110011001100110011001100110011001100110011001100110011000000000000000000000000000000000000000000000000000000000000000000000000 7
b10010 8
09
1:
b10011001100110011001100110011001100110011001100110011001100110011 F
b10001 G
1H
b10011001100110011001100110011001100110011001100110011001100110011 I

#5330000
0!
0/
0:

#5335000
1!
1/
19
1:
0H

#5340000
0!
0/
0:

#5345000
1!
1/
b110011001100110011001100110011001100110011001100110000000000000000000000000000000000000000000000000000000000000000000000000000 7
b10011 8
09
1:
b100110011001100110011001100110011001100110011001100110011001100110011 F
b10010 G
1H
b100110011001100110011001100110011001100110011001100110011001100110011 I

#5350000
0!
0/
0:

#5355000
1!
1/
19
1:
0H

#5360000
0!
0/
0:

#5365000
1!
1/
b110011001100110011001100110011001100110011001100000000000000000000000000000000000000000000000000000000000000000000000000000000 7
b10100 8
09
1:
b1001100110011001100110011001100110011001100110011001100110011001100110011 F
b10011 G
1H
b1001100110011001100110011001100110011001100110011001100110011001100110011 I

#5370000
0!
0/
0:

#5375000
1!
1/
19
1:
0H

#5380000
0!
0/
0:

#5385000
1!
1/
b110011001100110011001100110011001100110011000000000000000000000000000000000000000000000000000000000000000000000000000000000000 7
b10101 8
09
1:
b10011001100110011001100110011001100110011001100110011001100110011001100110011 F
b10100 G
1H
b10011001100110011001100110011001100110011001100110011001100110011001100110011 I

#5390000
0!
0/
0:

#5395000
1!
1/
19
1:
0H

#5400000
0!
0/
0:

#5405000
1!
1/
b110011001100110011001100110011001100110000000000000000000000000000000000000000000000000000000000000000000000000000000000000000 7
b10110 8
09
1:
b100110011001100110011001100110011001100110011001100110011001100110011001100110011 F
b10101 G
1H
b100110011001100110011001100110011001100110011001100110011001100110011001100110011 I

#5410000
0!
0/
0:

#5415000
1!
1/
19
1:
0H

#5420000
0!
0/
0:

#5425000
1!
1/
b110011001100110011001100110011001100000000000000000000000000000000000000000000000000000000000000000000000000000000000000000000 7
b10111 8
09
1:
b1001100110011001100110011001100110011001100110011001100110011001100110011001100110011 F
b10110 G
1H
b1001100110011001100110011001100110011001100110011001100110011001100110011001100110011 I

#5430000
0!
0/
0:

#5435000
1!
1/
19
1:
0H

#5440000
0!
0/
0:

#5445000
1!
1/
b110011001100110011001100110011000000000000000000000000000000000000000000000000000000000000000000000000000000000000000000000000 7
b11000 8
09
1:
b10011001100110011001100110011001100110011001100110011001100110011001100110011001100110011 F
b10111 G
1H
b10011001100110011001100110011001100110011001100110011001100110011001100110011001100110011 I

#5450000
0!
0/
0:

#5455000
1!
1/
19
1:
0H

#5460000
0!
0/
0:

#5465000
1!
1/
b110011001100110011001100110000000000000000000000000000000000000000000000000000000000000000000000000000000000000000000000000000 7
b11001 8
09
1:
b100110011001100110011001100110011001100110011001100110011001100110011001100110011001100110011 F
b11000 G
1H
b100110011001100110011001100110011001100110011001100110011001100110011001100110011001100110011 I

#5470000
0!
0/
0:

#5475000
1!
1/
19
1:
0H

#5480000
0!
0/
0:

#5485000
1!
1/
b110011001100110011001100000000000000000000000000000000000000000000000000000000000000000000000000000000000000000000000000000000 7
b11010 8
09
1:
b1001100110011001100110011001100110011001100110011001100110011001100110011001100110011001100110011 F
b11001 G
1H
b1001100110011001100110011001100110011001100110011001100110011001100110011001100110011001100110011 I

#5490000
0!
0/
0:

#5495000
1!
1/
19
1:
0H

#5500000
0!
0/
0:

#5505000
1!
1/
b110011001100110011000000000000000000000000000000000000000000000000000000000000000000000000000000000000000000000000000000000000 7
b11011 8
09
1:
b10011001100110011001100110011001100110011001100110011001100110011001100110011001100110011001100110011 F
b11010 G
1H
b10011001100110011001100110011001100110011001100110011001100110011001100110011001100110011001100110011 I

#5510000
0!
0/
0:

#5515000
1!
1/
19
1:
0H

#5520000
0!
0/
0:

#5525000
1!
1/
b110011001100110000000000000000000000000000000000000000000000000000000000000000000000000000000000000000000000000000000000000000 7
b11100 8
09
1:
b100110011001100110011001100110011001100110011001100110011001100110011001100110011001100110011001100110011 F
b11011 G
1H
b100110011001100110011001100110011001100110011001100110011001100110011001100110011001100110011001100110011 I

#5530000
0!
0/
0:

#5535000
1!
1/
19
1:
0H

#5540000
0!
0/
0:

#5545000
1!
1/
b110011001100000000000000000000000000000000000000000000000000000000000000000000000000000000000000000000000000000000000000000000 7
b11101 8
09
1:
b1001100110011001100110011001100110011001100110011001100110011001100110011001100110011001100110011001100110011 F
b11100 G
1H
b1001100110011001100110011001100110011001100110011001100110011001100110011001100110011001100110011001100110011 I

#5550000
0!
0/
0:

#5555000
1!
1/
19
1:
0H

#5560000
0!
0/
0:

#5565000
1!
1/
b110011000000000000000000000000000000000000000000000000000000000000000000000000000000000000000000000000000000000000000000000000 7
b11110 8
09
1:
b10011001100110011001100110011001100110011001100110011001100110011001100110011001100110011001100110011001100110011 F
b11101 G
1H
b10011001100110011001100110011001100110011001100110011001100110011001100110011001100110011001100110011001100110011 I

#5570000
0!
0/
0:

#5575000
1!
1/
19
1:
0H

#5580000
0!
0/
0:

#5585000
1!
1/
b110000000000000000000000000000000000000000000000000000000000000000000000000000000000000000000000000000000000000000000000000000 7
b11111 8
09
1:
b100110011001100110011001100110011001100110011001100110011001100110011001100110011001100110011001100110011001100110011 F
b11110 G
1H
b100110011001100110011001100110011001100110011001100110011001100110011001100110011001100110011001100110011001100110011 I

#5590000
0!
0/
0:

#5595000
1!
1/
19
1:
0H

#5600000
0!
0/
0:

#5605000
1!
0'
1/
06
09
1:
0>
b1001100110011001100110011001100110011001100110011001100110011001100110011001100110011001100110011001100110011001100110011 F
b11111 G
1H
b1001100110011001100110011001100110011001100110011001100110011001100110011001100110011001100110011001100110011001100110011 I

#5610000
0!
0/
0:

#5615000
1!
1/
1:
0?
0H

#5620000
0!
0/
0:

#5625000
1!
1(
b10011001100110011001100110011001100110011001100110011001100110011001100110011001100110011001100110011001100110011001100110011 )
1*
1/
13
1:
0@
0E
b0 F
b0 G
1H
b10011001100110011001100110011001100110011001100110011001100110011001100110011001100110011001100110011001100110011001100110011 I

#5630000
0!
0/
0:

#5635000
1!
b10010001101000101011001111000100110101011110011011110111100001111111011011100101110101001100001110110010101000011001000010000 #
1$
0*
b1010 -
1/
b10010001101000101011001111000100110101011110011011110111100001111111011011100101110101001100001110110010101000011001000010000 1
12
14
1:
0C
b10011001100110011001100110011001100110011001100110011001100110011001100110011001100110011001100110011001100110011001100110011 J
b10010001101000101011001111000100110101011110011011110111100001111111011011100101110101001100001110110010101000011001000010000 K
b100 O

#5640000
0!
0/
0:

#5645000
1!
1%
1/
15
1:

#5650000
0!
0/
0:

#5655000
1!
0%
b1 &
1'
1/
16
b10010001101000101011001111000100110101011110011011110111100001111111011011100101110101001100001110110010101000011001000010000 7
b0 8
1:
b1 =
1>

#5660000
0!
0/
0:

#5665000
1!
0$
1/
02
19
1:
1?
b1 A
b11001000 Q

#5670000
0!
0/
0:

#5675000
1!
b10 &
1/
b100011010001010110011110001001101010111100110111101111000011111110110111001011101010011000011101100101010000110010000100000000 7
b1 8
09
1:
b10 =
1@
b1 B
1D
b1 N

#5680000
0!
0/
0:

#5685000
1!
0(
1/
03
19
1:
b10 A
1C
0D
1E
0H
b11000111 Q

#5690000
0!
0/
0:

#5695000
1!
b11 &
1/
04
b110100010101100111100010011010101111001101111011110000111111101101110010111010100110000111011001010100001100100001000000000000 7
b10 8
09
1:
b11 =
b10 B
b1 F
b1 G
1H
b1 I
b10 N

#5700000
0!
0/
0:

#5705000
1!
1/
05
19
1:
b11 A
0H
b11000110 Q

#5710000
0!
0/
0:

#5715000
1!
b100 &
1/
b1000101011001111000100110101011110011011110111100001111111011011100101110101001100001110110010101000011001000010000000000000000 7
b11 8
09
1:
b100 =
b11 B
b10010 F
b10 G
1H
b10010 I
b11 N

#5720000
0!
0/
0:

#5725000
1!
1/
19
1:
b100 A
0H
b11000101 Q

#5730000
0!
0/
0:

#5735000
1!
b101 &
1/
b1010110011110001001101010111100110111101111000011111110110111001011101010011000011101100101010000110010000100000000000000000000 7
b100 8
09
1:
b101 =
b100 B
b100100011 F
b11 G
1H
b100100011 I
b100 N

#5740000
0!
0/
0:

#5745000
1!
1/
19
1:
b101 A
0H
b11000100 Q

#5750000
0!
0/
0:

#5755000
1!
b110 &
1/
b1100111100010011010101111001101111011110000111111101101110010111010100110000111011001010100001100100001000000000000000000000000 7
b101 8
09
1:
b110 =
b101 B
b1001000110100 F
b100 G
1H
b1001000110100 I
b101 N

#5760000
0!
0/
0:

#5765000
1!
1/
19
1:
b110 A
0H
b11000011 Q

#5770000
0!
0/
0:

#5775000
1!
b111 &
1/
b1111000100110101011110011011110111100001111111011011100101110101001100001110110010101000011001000010000000000000000000000000000 7
b110 8
09
1:
b111 =
b110 B
b10010001101000101 F
b101 G
1H
b10010001101000101 I
b110 N

#5780000
0!
0/
0:

#5785000
1!
1/
19
1:
b111 A
0H
b11000010 Q

#5790000
0!
0/
0:

#5795000
1!
b1000 &
1/
b10001001101010111100110111101111000011111110110111001011101010011000011101100101010000110010000100000000000000000000000000000000 7
b111 8
09
1:
b1000 =
b111 B
b100100011010001010110 F
b110 G
1H
b100100011010001010110 I
b111 N

#5800000
0!
0/
0:

#5805000
1!
1/
19
1:
b1000 A
0H
b11000001 Q

#5810000
0!
0/
0:

#5815000
1!
b1001 &
1/
b10011010101111001101111011110000111111101101110010111010100110000111011001010100001100100001000000000000000000000000000000000000 7
b1000 8
09
1:
b1001 =
b1000 B
b1001000110100010101100111 F
b111 G
1H
b1001000110100010101100111 I
b1000 N

#5820000
0!
0/
0:

#5825000
1!
1/
19
1:
b1001 A
0H
b11000000 Q

#5830000
0!
0/
0:

#5835000
1!
b1010 &
1/
b10101011110011011110111100001111111011011100101110101001100001110110010101000011001000010000000000000000000000000000000000000000 7
b1001 8
09
1:
b1010 =
b1001 B
b10010001101000101011001111000 F
b1000 G
1H
b10010001101000101011001111000 I
b1001 N

#5840000
0!
0/
0:

#5845000
1!
1/
19
1:
b1010 A
0H
b10111111 Q

#5850000
0!
0/
0:

#5855000
1!
b1011 &
1/
b10111100110111101111000011111110110111001011101010011000011101100101010000110010000100000000000000000000000000000000000000000000 7
b1010 8
09
1:
b1011 =
b1010 B
b100100011010001010110011110001001 F
b1001 G
1H
b100100011010001010110011110001001 I
b1010 N

#5860000
0!
0/
0:

#5865000
1!
1/
19
1:
b1011 A
0H
b10111110 Q

#5870000
0!
0/
0:

#5875000
1!
b1100 &
1/
b11001101111011110000111111101101110010111010100110000111011001010100001100100001000000000000000000000000000000000000000000000000 7
b1011 8
09
1:
b1100 =
b1011 B
b1001000110100010101100111100010011010 F
b1010 G
1H
b1001000110100010101100111100010011010 I
b1011 N

#5880000
0!
0/
0:

#5885000
1!
1/
19
1:
b1100 A
0H
b10111101 Q

#5890000
0!
0/
0:

#5895000
1!
b1101 &
1/
b11011110111100001111111011011100101110101001100001110110010101000011001000010000000000000000000000000000000000000000000000000000 7
b1100 8
09
1:
b1101 =
b1100 B
b10010001101000101011001111000100110101011 F
b1011 G
1H
b10010001101000101011001111000100110101011 I
b1100 N

#5900000
0!
0/
0:

#5905000
1!
1/
19
1:
b1101 A
0H
b10111100 Q

#5910000
0!
0/
0:

#5915000
1!
b1110 &
1/
b11101111000011111110110111001011101010011000011101100101010000110010000100000000000000000000000000000000000000000000000000000000 7
b1101 8
09
1:
b1110 =
b1101 B
b100100011010001010110011110001001101010111100 F
b1100 G
1H
b100100011010001010110011110001001101010111100 I
b1101 N

#5920000
0!
0/
0:

#5925000
1!
1/
19
1:
b1110 A
0H
b10111011 Q

#5930000
0!
0/
0:

#5935000
1!
b1111 &
1/
b11110000111111101101110010111010100110000111011001010100001100100001000000000000000000000000000000000000000000000000000000000000 7
b1110 8
09
1:
b1111 =
b1110 B
b1001000110100010101100111100010011010101111001101 F
b1101 G
1H
b1001000110100010101100111100010011010101111001101 I
b1110 N

#5940000
0!
0/
0:

#5945000
1!
1/
19
1:
b1111 A
0H
b10111010 Q

#5950000
0!
0/
0:

#5955000
1!
b0 &
1/
b1111111011011100101110101001100001110110010101000011001000010000000000000000000000000000000000000000000000000000000000000000 7
b1111 8
09
1:
b0 =
b1111 B
b10010001101000101011001111000100110101011110011011110 F
b1110 G
1H
b10010001101000101011001111000100110101011110011011110 I
b1111 N

#5960000
0!
0/
0:

#5965000
1!
1/
19
1:
b0 A
0H
b10111001 Q

#5970000
0!
0/
0:

#5975000
1!
b1111 &
1/
b11111110110111001011101010011000011101100101010000110010000100000000000000000000000000000000000000000000000000000000000000000000 7
b10000 8
09
1:
b1111 =
b0 B
b100100011010001010110011110001001101010111100110111101111 F
b1111 G
1H
b100100011010001010110011110001001101010111100110111101111 I
b10000 N

#5980000
0!
0/
0:

#5985000
1!
1/
19
1:
b1111 A
0H
b10111000 Q

#5990000
0!
0/
0:

#5995000
1!
b1110 &
1/
b11101101110010111010100110000111011001010100001100100001000000000000000000000000000000000000000000000000000000000000000000000000 7
b10001 8
09
1:
b1110 =
b1111 B
b1001000110100010101100111100010011010101111001101111011110000 F
b10000 G
1H
b1001000110100010101100111100010011010101111001101111011110000 I
b10001 N

#6000000
0!
0/
0:

#6005000
1!
1/
19
1:
b1110 A
0H
b10110111 Q

#6010000
0!
0/
0:

#6015000
1!
b1101 &
1/
b11011100101110101001100001110110010101000011001000010000000000000000000000000000000000000000000000000000000000000000000000000000 7
b10010 8
09
1:
b1101 =
b1110 B
b10010001101000101011001111000100110101011110011011110111100001111 F
b10001 G
1H
b10010001101000101011001111000100110101011110011011110111100001111 I
b10010 N

#6020000
0!
0/
0:

#6025000
1!
1/
19
1:
b1101 A
0H
b10110110 Q

#6030000
0!
0/
0:

#6035000
1!
b1100 &
1/
b11001011101010011000011101100101010000110010000100000000000000000000000000000000000000000000000000000000000000000000000000000000 7
b10011 8
09
1:
b1100 =
b1101 B
b100100011010001010110011110001001101010111100110111101111000011111110 F
b10010 G
1H
b100100011010001010110011110001001101010111100110111101111000011111110 I
b10011 N

#6040000
0!
0/
0:

#6045000
1!
1/
19
1:
b1100 A
0H
b10110101 Q

#6050000
0!
0/
0:

#6055000
1!
b1011 &
1/
b10111010100110000111011001010100001100100001000000000000000000000000000000000000000000000000000000000000000000000000000000000000 7
b10100 8
09
1:
b1011 =
b1100 B
b1001000110100010101100111100010011010101111001101111011110000111111101101 F
b10011 G
1H
b1001000110100010101100111100010011010101111001101111011110000111111101101 I
b10100 N

#6060000
0!
0/
0:

#6065000
1!
1/
19
1:
b1011 A
0H
b10110100 Q

#6070000
0!
0/
0:

#6075000
1!
b1010 &
1/
b10101001100001110110010101000011001000010000000000000000000000000000000000000000000000000000000000000000000000000000000000000000 7
b10101 8
09
1:
b1010 =
b1011 B
b10010001101000101011001111000100110101011110011011110111100001111111011011100 F
b10100 G
1H
b10010001101000101011001111000100110101011110011011110111100001111111011011100 I
b10101 N

#6080000
0!
0/
0:

#6085000
1!
1/
19
1:
b1010 A
0H
b10110011 Q

#6090000
0!
0/
0:

#6095000
1!
b1001 &
1/
b10011000011101100101010000110010000100000000000000000000000000000000000000000000000000000000000000000000000000000000000000000000 7
b10110 8
09
1:
b1001 =
b1010 B
b100100011010001010110011110001001101010111100110111101111000011111110110111001011 F
b10101 G
1H
b100100011010001010110011110001001101010111100110111101111000011111110110111001011 I
b10110 N

#6100000
0!
0/
0:

#6105000
1!
1/
19
1:
b1001 A
0H
b10110010 Q

#6110000
0!
0/
0:

#6115000
1!
b1000 &
1/
b10000111011001010100001100100001000000000000000000000000000000000000000000000000000000000000000000000000000000000000000000000000 7
b10111 8
09
1:
b1000 =
b1001 B
b1001000110100010101100111100010011010101111001101111011110000111111101101110010111010 F
b10110 G
1H
b1001000110100010101100111100010011010101111001101111011110000111111101101110010111010 I
b10111 N

#6120000
0!
0/
0:

#6125000
1!
1/
19
1:
b1000 A
0H
b10110001 Q

#6130000
0!
0/
0:

#6135000
1!
b111 &
1/
b1110110010101000011001000010000000000000000000000000000000000000000000000000000000000000000000000000000000000000000000000000000 7
b11000 8
09
1:
b111 =
b1000 B
b10010001101000101011001111000100110101011110011011110111100001111111011011100101110101001 F
b10111 G
1H
b10010001101000101011001111000100110101011110011011110111100001111111011011100101110101001 I
b11000 N

#6140000
0!
0/
0:

#6145000
1!
1/
19
1:
b111 A
0H
b10110000 Q

#6150000
0!
0/
0:

#6155000
1!
b110 &
1/
b1100101010000110010000100000000000000000000000000000000000000000000000000000000000000000000000000000000000000000000000000000000 7
b11001 8
09
1:
b110 =
b111 B
b100100011010001010110011110001001101010111100110111101111000011111110110111001011101010011000 F
b11000 G
1H
b100100011010001010110011110001001101010111100110111101111000011111110110111001011101010011000 I
b11001 N

#6160000
0!
0/
0:

#6165000
1!
1/
19
1:
b110 A
0H
b10101111 Q

#6170000
0!
0/
0:

#6175000
1!
b101 &
1/
b1010100001100100001000000000000000000000000000000000000000000000000000000000000000000000000000000000000000000000000000000000000 7
b11010 8
09
1:
b101 =
b110 B
b1001000110100010101100111100010011010101111001101111011110000111111101101110010111010100110000111 F
b11001 G
1H
b1001000110100010101100111100010011010101111001101111011110000111111101101110010111010100110000111 I
b11010 N

#6180000
0!
0/
0:

#6185000
1!
1/
19
1:
b101 A
0H
b10101110 Q

#6190000
0!
0/
0:

#6195000
1!
b100 &
1/
b1000011001000010000000000000000000000000000000000000000000000000000000000000000000000000000000000000000000000000000000000000000 7
b11011 8
09
1:
b100 =
b101 B
b10010001101000101011001111000100110101011110011011110111100001111111011011100101110101001100001110110 F
b11010 G
1H
b10010001101000101011001111000100110101011110011011110111100001111111011011100101110101001100001110110 I
b11011 N

#6200000
0!
0/
0:

#6205000
1!
1/
19
1:
b100 A
0H
b10101101 Q

#6210000
0!
0/
0:

#6215000
1!
b11 &
1/
b110010000100000000000000000000000000000000000000000000000000000000000000000000000000000000000000000000000000000000000000000000 7
b11100 8
09
1:
b11 =
b100 B
b100100011010001010110011110001001101010111100110111101111000011111110110111001011101010011000011101100101 F
b11011 G
1H
b100100011010001010110011110001001101010111100110111101111000011111110110111001011101010011000011101100101 I
b11100 N

#6220000
0!
0/
0:

#6225000
1!
1/
19
1:
b11 A
0H
b10101100 Q

#6230000
0!
0/
0:

#6235000
1!
b10 &
1/
b100001000000000000000000000000000000000000000000000000000000000000000000000000000000000000000000000000000000000000000000000000 7
b11101 8
09
1:
b10 =
b11 B
b1001000110100010101100111100010011010101111001101111011110000111111101101110010111010100110000111011001010100 F
b11100 G
1H
b1001000110100010101100111100010011010101111001101111011110000111111101101110010111010100110000111011001010100 I
b11101 N

#6240000
0!
0/
0:

#6245000
1!
1/
19
1:
b10 A
0H
b10101011 Q

#6250000
0!
0/
0:

#6255000
1!
b1 &
1/
b10000000000000000000000000000000000000000000000000000000000000000000000000000000000000000000000000000000000000000000000000000 7
b11110 8
09
1:
b1 =
b10 B
b10010001101000101011001111000100110101011110011011110111100001111111011011100101110101001100001110110010101000011 F
b11101 G
1H
b10010001101000101011001111000100110101011110011011110111100001111111011011100101110101001100001110110010101000011 I
b11110 N

#6260000
0!
0/
0:

#6265000
1!
1/
19
1:
b1 A
0H
b10101010 Q

#6270000
0!
0/
0:

#6275000
1!
b0 &
1/
b0 7
b11111 8
09
1:
b0 =
b1 B
b100100011010001010110011110001001101010111100110111101111000011111110110111001011101010011000011101100101010000110010 F
b11110 G
1H
b100100011010001010110011110001001101010111100110111101111000011111110110111001011101010011000011101100101010000110010 I
b11111 N

#6280000
0!
0/
0:

#6285000
1!
1/
19
1:
b0 A
0H
b10101001 Q

#6290000
0!
0/
0:

#6295000
1!
0'
1/
06
09
1:
0>
b0 B
b1001000110100010101100111100010011010101111001101111011110000111111101101110010111010100110000111011001010100001100100001 F
b11111 G
1H
b1001000110100010101100111100010011010101111001101111011110000111111101101110010111010100110000111011001010100001100100001 I
b100000 N

#6300000
0!
0/
0:

#6305000
1!
b1110 -
1/
1:
0?
0H
b10101000 Q

#6310000
0!
0/
0:

#6315000
1!
1(
b10010001101000101011001111000100110101011110011011110111100001111111011011100101110101001100001110110010101000011001000010000 )
1*
1/
13
1:
0@
0E
b0 F
b0 G
1H
b10010001101000101011001111000100110101011110011011110111100001111111011011100101110101001100001110110010101000011001000010000 I

#6320000
0!
0/
0:

#6325000
1!
b11010101010101010101110111011101111001100110011001101110111011101111011101110111011111111111111110000000000000000000000000000 #
1$
0*
b1111 -
1/
b11010101010101010101110111011101111001100110011001101110111011101111011101110111011111111111111110000000000000000000000000000 1
12
14
1:
0C
b10010001101000101011001111000100110101011110011011110111100001111111011011100101110101001100001110110010101000011001000010000 J
b11010101010101010101110111011101111001100110011001101110111011101111011101110111011111111111111110000000000000000000000000000 K

#6330000
0!
0/
0:

#6335000
1!
1%
1/
15
1:

#6340000
0!
0/
0:

#6345000
1!
0%
b1 &
1'
1/
16
b11010101010101010101110111011101111001100110011001101110111011101111011101110111011111111111111110000000000000000000000000000 7
b0 8
1:
b1 =
1>

#6350000
0!
0/
0:

#6355000
1!
0$
1/
02
19
1:
1?
b1 A

#6360000
0!
0/
0:

#6365000
1!
b1010 &
1/
b10101010101010101011101110111011110011001100110011011101110111011110111011101110111111111111111100000000000000000000000000000000 7
b1 8
09
1:
b1010 =
1@
b1 B
1D

#6370000
0!
0/
0:

#6375000
1!
0(
1/
03
19
1:
b1010 A
1C
0D
1E
0H

#6380000
0!
0/
0:

#6385000
1!
1/
04
b10101010101010111011101110111100110011001100110111011101110111101110111011101111111111111111000000000000000000000000000000000000 7
b10 8
09
1:
b1010 B
b1 F
b1 G
1H
b1 I

#6390000
0!
0/
0:

#6395000
1!
1/
05
19
1:
0H

#6400000
0!
0/
0:

#6405000
1!
1/
b10101010101110111011101111001100110011001101110111011101111011101110111011111111111111110000000000000000000000000000000000000000 7
b11 8
09
1:
b11010 F
b10 G
1H
b11010 I

#6410000
0!
0/
0:

#6415000
1!
1/
19
1:
0H

#6420000
0!
0/
0:

#6425000
1!
1/
b10101011101110111011110011001100110011011101110111011110111011101110111111111111111100000000000000000000000000000000000000000000 7
b100 8
09
1:
b110101010 F
b11 G
1H
b110101010 I

#6430000
0!
0/
0:

#6435000
1!
1/
19
1:
0H

#6440000
0!
0/
0:

#6445000
1!
b1011 &
1/
b10111011101110111100110011001100110111011101110111101110111011101111111111111111000000000000000000000000000000000000000000000000 7
b101 8
09
1:
b1011 =
b1101010101010 F
b100 G
1H
b1101010101010 I

#6450000
0!
0/
0:

#6455000
1!
1/
19
1:
b1011 A
0H

#6460000
0!
0/
0:

#6465000
1!
1/
b10111011101111001100110011001101110111011101111011101110111011111111111111110000000000000000000000000000000000000000000000000000 7
b110 8
09
1:
b1011 B
b11010101010101010 F
b101 G
1H
b11010101010101010 I

#6470000
0!
0/
0:

#6475000
1!
1/
19
1:
0H

#6480000
0!
0/
0:

#6485000
1!
1/
b10111011110011001100110011011101110111011110111011101110111111111111111100000000000000000000000000000000000000000000000000000000 7
b111 8
09
1:
b110101010101010101011 F
b110 G
1H
b110101010101010101011 I

#6490000
0!
0/
0:

#6495000
1!
1/
19
1:
0H

#6500000
0!
0/
0:

#6505000
1!
1/
b10111100110011001100110111011101110111101110111011101111111111111111000000000000000000000000000000000000000000000000000000000000 7
b1000 8
09
1:
b1101010101010101010111011 F
b111 G
1H
b1101010101010101010111011 I

#6510000
0!
0/
0:

#6515000
1!
1/
19
1:
0H

#6520000
0!
0/
0:

#6525000
1!
b1100 &
1/
b11001100110011001101110111011101111011101110111011111111111111110000000000000000000000000000000000000000000000000000000000000000 7
b1001 8
09
1:
b1100 =
b11010101010101010101110111011 F
b1000 G
1H
b11010101010101010101110111011 I

#6530000
0!
0/
0:

#6535000
1!
1/
19
1:
b1100 A
0H

#6540000
0!
0/
0:

#6545000
1!
1/
b11001100110011011101110111011110111011101110111111111111111100000000000000000000000000000000000000000000000000000000000000000000 7
b1010 8
09
1:
b1100 B
b110101010101010101011101110111011 F
b1001 G
1H
b110101010101010101011101110111011 I

#6550000
0!
0/
0:

#6555000
1!
1/
19
1:
0H

#6560000
0!
0/
0:

#6565000
1!
1/
b11001100110111011101110111101110111011101111111111111111000000000000000000000000000000000000000000000000000000000000000000000000 7
b1011 8
09
1:
b1101010101010101010111011101110111100 F
b1010 G
1H
b1101010101010101010111011101110111100 I

#6570000
0!
0/
0:

#6575000
1!
1/
19
1:
0H

#6580000
0!
0/
0:

#6585000
1!
1/
b11001101110111011101111011101110111011111111111111110000000000000000000000000000000000000000000000000000000000000000000000000000 7
b1100 8
09
1:
b11010101010101010101110111011101111001100 F
b1011 G
1H
b11010101010101010101110111011101111001100 I

#6590000
0!
0/
0:

#6595000
1!
1/
19
1:
0H

#6600000
0!
0/
0:

#6605000
1!
b1101 &
1/
b11011101110111011110111011101110111111111111111100000000000000000000000000000000000000000000000000000000000000000000000000000000 7
b1101 8
09
1:
b1101 =
b110101010101010101011101110111011110011001100 F
b1100 G
1H
b110101010101010101011101110111011110011001100 I

#6610000
0!
0/
0:

#6615000
1!
1/
19
1:
b1101 A
0H

#6620000
0!
0/
0:

#6625000
1!
1/
b11011101110111101110111011101111111111111111000000000000000000000000000000000000000000000000000000000000000000000000000000000000 7
b1110 8
09
1:
b1101 B
b1101010101010101010111011101110111100110011001100 F
b1101 G
1H
b1101010101010101010111011101110111100110011001100 I

#6630000
0!
0/
0:

#6635000
1!
1/
19
1:
0H

#6640000
0!
0/
0:

#6645000
1!
1/
b11011101111011101110111011111111111111110000000000000000000000000000000000000000000000000000000000000000000000000000000000000000 7
b1111 8
09
1:
b11010101010101010101110111011101111001100110011001101 F
b1110 G
1H
b11010101010101010101110111011101111001100110011001101 I

#6650000
0!
0/
0:

#6655000
1!
1/
19
1:
0H

#6660000
0!
0/
0:

#6665000
1!
1/
b11011110111011101110111111111111111100000000000000000000000000000000000000000000000000000000000000000000000000000000000000000000 7
b10000 8
09
1:
b110101010101010101011101110111011110011001100110011011101 F
b1111 G
1H
b110101010101010101011101110111011110011001100110011011101 I

#6670000
0!
0/
0:

#6675000
1!
1/
19
1:
0H

#6680000
0!
0/
0:

#6685000
1!
b1110 &
1/
b11101110111011101111111111111111000000000000000000000000000000000000000000000000000000000000000000000000000000000000000000000000 7
b10001 8
09
1:
b1110 =
b1101010101010101010111011101110111100110011001100110111011101 F
b10000 G
1H
b1101010101010101010111011101110111100110011001100110111011101 I

#6690000
0!
0/
0:

#6695000
1!
1/
19
1:
b1110 A
0H

#6700000
0!
0/
0:

#6705000
1!
1/
b11101110111011111111111111110000000000000000000000000000000000000000000000000000000000000000000000000000000000000000000000000000 7
b10010 8
09
1:
b1110 B
b11010101010101010101110111011101111001100110011001101110111011101 F
b10001 G
1H
b11010101010101010101110111011101111001100110011001101110111011101 I

#6710000
0!
0/
0:

#6715000
1!
1/
19
1:
0H

#6720000
0!
0/
0:

#6725000
1!
1/
b11101110111111111111111100000000000000000000000000000000000000000000000000000000000000000000000000000000000000000000000000000000 7
b10011 8
09
1:
b110101010101010101011101110111011110011001100110011011101110111011110 F
b10010 G
1H
b110101010101010101011101110111011110011001100110011011101110111011110 I

#6730000
0!
0/
0:

#6735000
1!
1/
19
1:
0H

#6740000
0!
0/
0:

#6745000
1!
1/
b11101111111111111111000000000000000000000000000000000000000000000000000000000000000000000000000000000000000000000000000000000000 7
b10100 8
09
1:
b1101010101010101010111011101110111100110011001100110111011101110111101110 F
b10011 G
1H
b1101010101010101010111011101110111100110011001100110111011101110111101110 I

#6750000
0!
0/
0:

#6755000
1!
1/
19
1:
0H

#6760000
0!
0/
0:

#6765000
1!
b1111 &
1/
b11111111111111110000000000000000000000000000000000000000000000000000000000000000000000000000000000000000000000000000000000000000 7
b10101 8
09
1:
b1111 =
b11010101010101010101110111011101111001100110011001101110111011101111011101110 F
b10100 G
1H
b11010101010101010101110111011101111001100110011001101110111011101111011101110 I

#6770000
0!
0/
0:

#6775000
1!
1/
19
1:
b1111 A
0H

#6780000
0!
0/
0:

#6785000
1!
1/
b11111111111100000000000000000000000000000000000000000000000000000000000000000000000000000000000000000000000000000000000000000000 7
b10110 8
09
1:
b1111 B
b110101010101010101011101110111011110011001100110011011101110111011110111011101110 F
b10101 G
1H
b110101010101010101011101110111011110011001100110011011101110111011110111011101110 I

#6790000
0!
0/
0:

#6795000
1!
1/
19
1:
0H

#6800000
0!
0/
0:

#6805000
1!
1/
b11111111000000000000000000000000000000000000000000000000000000000000000000000000000000000000000000000000000000000000000000000000 7
b10111 8
09
1:
b1101010101010101010111011101110111100110011001100110111011101110111101110111011101111 F
b10110 G
1H
b1101010101010101010111011101110111100110011001100110111011101110111101110111011101111 I

#6810000
0!
0/
0:

#6815000
1!
1/
19
1:
0H

#6820000
0!
0/
0:

#6825000
1!
1/
b11110000000000000000000000000000000000000000000000000000000000000000000000000000000000000000000000000000000000000000000000000000 7
b11000 8
09
1:
b11010101010101010101110111011101111001100110011001101110111011101111011101110111011111111 F
b10111 G
1H
b11010101010101010101110111011101111001100110011001101110111011101111011101110111011111111 I

#6830000
0!
0/
0:

#6835000
1!
1/
19
1:
0H

#6840000
0!
0/
0:

#6845000
1!
b0 &
1/
b0 7
b11001 8
09
1:
b0 =
b110101010101010101011101110111011110011001100110011011101110111011110111011101110111111111111 F
b11000 G
1H
b110101010101010101011101110111011110011001100110011011101110111011110111011101110111111111111 I

#6850000
0!
0/
0:

#6855000
1!
1/
19
1:
b0 A
0H

#6860000
0!
0/
0:

#6865000
1!
1/
b11010 8
09
1:
b0 B
b1101010101010101010111011101110111100110011001100110111011101110111101110111011101111111111111111 F
b11001 G
1H
b1101010101010101010111011101110111100110011001100110111011101110111101110111011101111111111111111 I

#6870000
0!
0/
0:

#6875000
1!
1/
19
1:
0H

#6880000
0!
0/
0:

#6885000
1!
1/
b11011 8
09
1:
b11010101010101010101110111011101111001100110011001101110111011101111011101110111011111111111111110000 F
b11010 G
1H
b11010101010101010101110111011101111001100110011001101110111011101111011101110111011111111111111110000 I

#6890000
0!
0/
0:

#6895000
1!
1/
19
1:
0H

#6900000
0!
0/
0:

#6905000
1!
1/
b11100 8
09
1:
b110101010101010101011101110111011110011001100110011011101110111011110111011101110111111111111111100000000 F
b11011 G
1H
b110101010101010101011101110111011110011001100110011011101110111011110111011101110111111111111111100000000 I

#6910000
0!
0/
0:

#6915000
1!
1/
19
1:
0H

#6920000
0!
0/
0:

#6925000
1!
1/
b11101 8
09
1:
b1101010101010101010111011101110111100110011001100110111011101110111101110111011101111111111111111000000000000 F
b11100 G
1H
b1101010101010101010111011101110111100110011001100110111011101110111101110111011101111111111111111000000000000 I

#6930000
0!
0/
0:

#6935000
1!
1/
19
1:
0H

#6940000
0!
0/
0:

#6945000
1!
1/
b11110 8
09
1:
b11010101010101010101110111011101111001100110011001101110111011101111011101110111011111111111111110000000000000000 F
b11101 G
1H
b11010101010101010101110111011101111001100110011001101110111011101111011101110111011111111111111110000000000000000 I

#6950000
0!
0/
0:

#6955000
1!
1/
19
1:
0H

#6960000
0!
0/
0:

#6965000
1!
1/
b11111 8
09
1:
b110101010101010101011101110111011110011001100110011011101110111011110111011101110111111111111111100000000000000000000 F
b11110 G
1H
b110101010101010101011101110111011110011001100110011011101110111011110111011101110111111111111111100000000000000000000 I

#6970000
0!
0/
0:

#6975000
1!
1/
19
1:
0H

#6980000
0!
0/
0:

#6985000
1!
0'
1/
06
09
1:
0>
b1101010101010101010111011101110111100110011001100110111011101110111101110111011101111111111111111000000000000000000000000 F
b11111 G
1H
b1101010101010101010111011101110111100110011001100110111011101110111101110111011101111111111111111000000000000000000000000 I

#6990000
0!
0/
0:

#6995000
1!
1/
1:
0?
0H

#7000000
0!
0/
0:

#7005000
1!
1(
b11010101010101010101110111011101111001100110011001101110111011101111011101110111011111111111111110000000000000000000000000000 )
1*
1/
13
1:
0@
0E
b0 F
b0 G
1H
b11010101010101010101110111011101111001100110011001101110111011101111011101110111011111111111111110000000000000000000000000000 I

#7010000
0!
0/
0:

#7015000
1!
b10000 -
1/
1:
b11010101010101010101110111011101111001100110011001101110111011101111011101110111011111111111111110000000000000000000000000000 J
